code,ergp_line_item,mda_code,agency,mother_ministry,amount,alignment,confidence,reason,mandate_deviation_score
ERGP1102191,"IT INFRASTRUCTURE AND ASSOCIATED EQUIPMENT
",111007001,BUREAU OF PUBLIC ENTERPRISES (BPE),,98175000.0,YES,HIGH,"IT infrastructure and associated equipment directly supports BPE's core functions of implementing privatisation policies, facilitating transactions, engaging with various professionals and stakeholders, and conducting post-transactional monitoring and evaluation activities.",0
ERGP1102209,"PURCHASE OF OFFICE FURNITURE AND FITTINGS FOR THE BUREAU'S WING B BUILDING
",111007001,BUREAU OF PUBLIC ENTERPRISES (BPE),,14907375.0,YES,HIGH,Office furniture and fittings are necessary administrative expenses that enable BPE to carry out its core mandate of implementing privatisation and commercialisation policies.,0
ERGP1205869,"PURCHASE OF LAP TOP AND DESKTOP COMPUTERS FOR BPE STAFF OFFICIAL USE
",111007001,BUREAU OF PUBLIC ENTERPRISES (BPE),,110726000.0,YES,HIGH,"Purchasing computers for staff official use is a necessary administrative expense that enables BPE to carry out its core mandate of implementing privatisation and commercialisation policies, engaging consultants, and conducting performance monitoring activities.",0
ERGP1205905,"REMODELING OF SECURITY HOUSE AND BPE MAIN ENTRANCE DOOR
",111007001,BUREAU OF PUBLIC ENTERPRISES (BPE),,14000000.0,PARTIAL,MEDIUM,"While the remodeling of BPE's main entrance door directly supports the agency's operational infrastructure, the ""Security House"" component lacks clear connection to BPE's privatisation and commercialisation mandate unless it's part of BPE's own facilities.",50
ERGP16234836,"""ACQUISITION OF BUREAU OF PUBLIC PROCUREMENT HEADQUARTER OFFICE IN ABUJA """,111007001,BUREAU OF PUBLIC ENTERPRISES (BPE),,14000000000.0,NO,HIGH,"The budget item refers to acquiring headquarters for the Bureau of Public Procurement, which is a completely different agency from the Bureau of Public Enterprises and falls outside BPE's mandate of privatisation and commercialisation.",100
ERGP7157033,"PURCHASE OF TOYOTA COASTER 30 SEAT FOR BPE OFFICIAL USE
",111007001,BUREAU OF PUBLIC ENTERPRISES (BPE),,154662453.0,PARTIAL,MEDIUM,"While transportation vehicles could support BPE's operational activities like site visits for privatisation assessments and stakeholder meetings, the purchase of a 30-seat bus appears excessive for the Bureau's core functions of implementing privatisation policy and managing transactions.",50
ERGP15225464,DIRECT PURCHASE OF OPERATIONAL VEHICLES,111010001,BUREAU OF PUBLIC PROCUREMENT (BPP),,336000000.0,NO,HIGH,The Bureau of Public Procurement is a regulatory oversight body that monitors and certifies procurement processes rather than directly purchasing operational assets like vehicles for its own use.,100
ERGP15225544,PROVISION OF OFFICE FURNITURES AND FITTINGS,111010001,BUREAU OF PUBLIC PROCUREMENT (BPP),,38621836.0,YES,HIGH,"Office furniture and fittings are necessary operational resources required for the Bureau to carry out its statutory functions of monitoring, oversight, certification, and administration of public procurement activities.",0
ERGP15225564,PROCUREMENT OF PHOTOCOPIER MACHINE,111010001,BUREAU OF PUBLIC PROCUREMENT (BPP),,31500000.0,NO,HIGH,"The Bureau of Public Procurement regulates and oversees procurement processes but does not procure equipment for its own operations, as its mandate is to monitor and certify other agencies' procurement activities.",100
ERGP15225585,PROCUREMENT OF DESKTOP COMPUTERS AND LAPTOPS,111010001,BUREAU OF PUBLIC PROCUREMENT (BPP),,56000000.0,YES,HIGH,"The procurement of desktop computers and laptops falls directly within BPP's mandate as they are responsible for certifying federal procurement prior to contract award and ensuring transparent, competitive procurement practices for public goods.",0
ERGP15225657,PROCUREMENT AUDIT,111010001,BUREAU OF PUBLIC PROCUREMENT (BPP),,140000000.0,YES,HIGH,"Procurement audit directly aligns with BPP's mandate to monitor and oversee public procurement, ensure accountability of public officers for procurement decisions, and supervise implementation of established procurement policies.",0
ERGP15225678,MONITORING AND SURVEILLANCE,111010001,BUREAU OF PUBLIC PROCUREMENT (BPP),,140000000.0,YES,HIGH,"Monitoring and surveillance directly aligns with BPP's core mandate to supervise implementation of procurement policies, monitor prices of tendered items, and ensure accountability in public procurement decisions.",0
ERGP15225729,POWER INFRASTRUCTURE,111010001,BUREAU OF PUBLIC PROCUREMENT (BPP),,70000000.0,NO,HIGH,"The Bureau of Public Procurement is a regulatory oversight body that monitors and certifies procurement processes, not an implementing agency that directly funds or executes power infrastructure projects.",100
ERGP15225776,ELECTRONIC DOCUMENT STORAGE AND ARCHIVING SYSTEM,111010001,BUREAU OF PUBLIC PROCUREMENT (BPP),,70000000.0,YES,HIGH,The electronic document storage and archiving system directly supports the Bureau's mandated functions of maintaining paper and electronic editions of the procurement journal with archival systems and collating and archiving all federal procurement plans and information as specified in Section 5 of the Public Procurement Act.,0
ERGP15225799,UPGRADE OF BPP WEBSITE,111010001,BUREAU OF PUBLIC PROCUREMENT (BPP),,21000000.0,YES,HIGH,"Upgrading the BPP website directly supports the Bureau's mandate to publicize and explain procurement provisions, maintain electronic databases of procurement information, and ensure transparency in the public procurement system.",0
ERGP15225845,NIGERIA OPEN CONTRACTING PORTAL (NOCOPO) UPGRADE FOR E-PROCUREMENT SYSTEM.,111010001,BUREAU OF PUBLIC PROCUREMENT (BPP),,35000000.0,YES,HIGH,"The NOCOPO upgrade directly supports BPP's mandate to establish transparent, competitive procurement practices and maintain electronic systems for procurement monitoring and oversight as specified in the Public Procurement Act.",0
ERGP15225889,BPP OPERATIONS WORKFLOW UPGRADE,111010001,BUREAU OF PUBLIC PROCUREMENT (BPP),,35000000.0,YES,HIGH,"Upgrading operations workflow directly supports BPP's core functions of supervising procurement policies, maintaining databases, certifying federal procurement, and ensuring efficient oversight of public procurement processes.",0
ERGP15225932,SUPPLIER MARKET PRICE CHECKER PORTAL UPGRADE,111010001,BUREAU OF PUBLIC PROCUREMENT (BPP),,35000000.0,YES,HIGH,"The supplier market price checker portal upgrade directly supports the Bureau's mandate to monitor prices of tendered items, maintain a national database of standard prices, and establish pricing standards and benchmarks as specified in Section 5 of the Public Procurement Act.",0
ERGP15225971,PURCHASE OF MEDIA AUDIO VISUAL EQUIPMENT,111010001,BUREAU OF PUBLIC PROCUREMENT (BPP),,21000000.0,YES,HIGH,"The Bureau of Public Procurement requires media audio visual equipment to fulfill its mandate of publicizing procurement provisions, maintaining electronic procurement journals, organizing training programs, and conducting public awareness activities as specified in Section 5 of the Public Procurement Act.",0
ERGP27225524,CONSTRUCTION OF PORTA CABIN,111010001,BUREAU OF PUBLIC PROCUREMENT (BPP),,70000000.0,NO,HIGH,The Bureau of Public Procurement is a regulatory oversight body that monitors and certifies procurement processes rather than directly constructing physical infrastructure like porta cabins.,100
ERGP23203672,CONSTRUCTION OF OFFICE BUILDING,116004003,"ADMIRALTY UNIVERSITY OF NIGERIA, IBUSA, DELTA STATE",,185500000.0,YES,HIGH,Construction of office buildings is necessary infrastructure to support the university's core educational functions and administrative operations across its campuses.,0
ERGP23203681,CONSTRUCTION/PROVISION OF OFFICE BUILDING,116004003,"ADMIRALTY UNIVERSITY OF NIGERIA, IBUSA, DELTA STATE",,502728229.0,YES,HIGH,Construction of office buildings is essential infrastructure that directly supports the university's core mandate of providing undergraduate and postgraduate education across its faculties and administrative operations.,0
ERGP23203710,REHABILITATION OF EXISTING INFRASTRUCTURES,116004003,"ADMIRALTY UNIVERSITY OF NIGERIA, IBUSA, DELTA STATE",,241356348.0,YES,HIGH,Rehabilitation of existing infrastructures directly supports the university's core educational mandate by maintaining and improving the physical facilities necessary for delivering quality undergraduate and postgraduate programs across its campuses in Ibusa and Sapele.,0
ERGP23203766,PURCHASE OF MOTOR VEHICLES,116004003,"ADMIRALTY UNIVERSITY OF NIGERIA, IBUSA, DELTA STATE",,139045367.0,YES,HIGH,"The purchase of motor vehicles is necessary for the university's operational functions including transportation for academic staff, students, administrative purposes, and campus operations across multiple locations in Ibusa and Sapele.",0
ERGP27203690,CONSTRUCTION/PROVISION OF INFRASTRUCTURES,116004003,"ADMIRALTY UNIVERSITY OF NIGERIA, IBUSA, DELTA STATE",,1933415422.0,YES,HIGH,Construction and provision of infrastructures is essential for the university to fulfill its core educational mandate of providing undergraduate and postgraduate programs across multiple campuses and maintaining quality education standards.,0
ERGP27203730,CONSTRUCTION OF FIRE SERVICE STATION,116004003,"ADMIRALTY UNIVERSITY OF NIGERIA, IBUSA, DELTA STATE",,77000000.0,PARTIAL,MEDIUM,"While fire service station construction supports campus safety infrastructure necessary for university operations, it falls outside the core educational mandate focused on maritime, logistics, forensic, and cyber security specializations.",50
ERGP30203701,PROVISION OF TRAINING AND RESEARCH INFRASTRUCTURES AND FACILITIES,116004003,"ADMIRALTY UNIVERSITY OF NIGERIA, IBUSA, DELTA STATE",,98000000.0,YES,HIGH,The provision of training and research infrastructures and facilities directly supports the university's core mandate of providing undergraduate and postgraduate education and conducting research and innovation across its specialized programs.,0
ERGP23226146,CONSTRUCTION OF FACULTY OF SCIENCES,116005002,"AIRFORCE INSTITUTE OF TECHNOLOGY, KADUNA",,347919853.0,YES,HIGH,Construction of a Faculty of Sciences directly supports the institute's mandate to provide undergraduate and postgraduate degree programs in technical fields including B.Sc degrees and maintain facilities for aerospace and engineering education.,0
ERGP23226576,CONSTRUCTION OF FACULTY OF GROUND & COMMUNICATION ENGINEERING,116005002,"AIRFORCE INSTITUTE OF TECHNOLOGY, KADUNA",,347919853.0,YES,HIGH,"The construction of a Faculty of Ground & Communication Engineering directly supports the institute's mandate to provide technical education in electrical/electronics engineering, communications systems, and ground support equipment training for Air Force personnel.",0
ERGP23226592,CONSTRUCTION OF PHYSICS DEPARTMENT BY DIRECT LABOUR,116005002,"AIRFORCE INSTITUTE OF TECHNOLOGY, KADUNA",,303067492.0,YES,HIGH,"Construction of a Physics Department directly supports the institute's mandate to provide undergraduate and postgraduate degree programs in engineering and applied sciences, as physics is fundamental to aerospace technology, aeronautical engineering, and defense-related technical education.",0
ERGP23226619,CONSTRUCTION OF CHEMISTRY & BIOTECH DEPARTMENT BY DIRECT LABOUR,116005002,"AIRFORCE INSTITUTE OF TECHNOLOGY, KADUNA",,303067492.0,PARTIAL,MEDIUM,"While the agency's mandate includes providing technical education and maintaining specialized facilities, chemistry and biotechnology departments are not explicitly mentioned among the core engineering disciplines (aeronautical, aircraft, electrical/electronics, mechanical, computer engineering) that directly support aerospace operations and defense technology.",50
ERGP23226676,CONSTRUCTION OF AUTOMOTIVE ENGINEERING DEPARTMENT BY DIRECT LABOUR,116005002,"AIRFORCE INSTITUTE OF TECHNOLOGY, KADUNA",,303067492.0,YES,HIGH,Construction of an Automotive Engineering Department aligns with the institute's mandate to provide technical education in engineering disciplines including mechanical engineering and related technical fields that support aerospace operations and defense technology.,0
ERGP23226765,EQUIPPING OF MULTI-USER LABORATORY BY DIRECT LABOUR,116005002,"AIRFORCE INSTITUTE OF TECHNOLOGY, KADUNA",,168469782.0,YES,HIGH,Equipping multi-user laboratories directly supports the agency's mandate to maintain laboratories and training facilities equipped with modern technological equipment for aerospace and engineering education.,0
ERGP29226720,EQUIPPING OF ICT HUB BY DIRECT LABOUR,116005002,"AIRFORCE INSTITUTE OF TECHNOLOGY, KADUNA",,195883680.0,YES,HIGH,"Equipping an ICT hub directly supports the institute's mandate to maintain laboratories and facilities with modern technological equipment for engineering education, computer engineering programs, and technical training of Air Force personnel.",0
ERGP1247595,ACQUISITION OF TRAINING AND VISUAL EQUIPMENT/SOFTWARE,116005003,AIR POWER CENTRE OF EXCELLENCE,,425000000.0,YES,HIGH,"The acquisition of training and visual equipment/software directly supports the agency's core mandate of providing specialized training, professional military education programs, and advanced research capabilities for Nigerian Air Force officers.",0
ERGP4247593,DEVELOPMENT MULTI-PURPOSE HALL ABUJA,116005003,AIR POWER CENTRE OF EXCELLENCE,,650000000.0,PARTIAL,MEDIUM,"While a multi-purpose hall could support the center's training, education, and conference activities that are core to its mandate, the item lacks specificity about how it would directly serve air power research, doctrine development, or specialized military education functions.",50
ERGP4247596,PURCHASE OF VEHICLES,116005003,AIR POWER CENTRE OF EXCELLENCE,,305000000.0,PARTIAL,MEDIUM,"While vehicle purchases are not explicitly mentioned in the mandate, they could be necessary for supporting the center's research, training, and collaboration activities, though they are not core to the educational and analytical functions.",50
ERGP4247597,PURCHASE OF OFFICE EQUIPMENTS,116005003,AIR POWER CENTRE OF EXCELLENCE,,435000000.0,YES,HIGH,"Office equipment is necessary for the center's core functions of conducting research, training, analysis, and educational programs as outlined in their mandate.",0
ERGP4247598,CONSTRUCTION OF ARMOURY,116005003,AIR POWER CENTRE OF EXCELLENCE,,185000000.0,PARTIAL,MEDIUM,"While constructing an armory is not explicitly within the center's research and training mandate, it could be justified as necessary infrastructure to support the secure storage of equipment and materials required for their educational and operational activities.",50
ERGP10225182,"SOLAR ELECTRIFICATION OF HQ BUILDING AND ACADEMIC DEPARTMENTS
",116008001,"COMMAND AND STAFF COLLEGE, JAJI",,298200000.0,YES,HIGH,Solar electrification of HQ building and academic departments directly supports the College's core mandate of providing advanced military education by ensuring reliable power infrastructure for educational facilities and administrative operations.,0
ERGP10225206,"SOLAR STREET LIGHT SYSTEM FOR ACADEMIC AREAS AND STAFF QUARTERS
",116008001,"COMMAND AND STAFF COLLEGE, JAJI",,101563700.0,YES,HIGH,Solar street lighting for academic areas and staff quarters directly supports the College's core educational mission by providing essential infrastructure for the military training facility and residential accommodations needed for comprehensive officer education programs.,0
ERGP10233176,"SOLAR ELECTRIFICATION OF STAFF ACCOMMODATION
",116008001,"COMMAND AND STAFF COLLEGE, JAJI",,340200000.0,YES,HIGH,Solar electrification of staff accommodation directly supports the College's operational mandate by providing essential infrastructure for housing military personnel undergoing advanced training at the institution.,0
ERGP12225175,"REHABILITATING/RESURFACING OF COLLEGE ROAD NETWORK BY DIRECT LABOUR
",116008001,"COMMAND AND STAFF COLLEGE, JAJI",,343035000.0,YES,HIGH,Rehabilitating and resurfacing the college road network is essential infrastructure maintenance that directly supports the institution's ability to provide military education and training services to officers.,0
ERGP23225162,REMODELLING AND FURNISHING OF LS ALAO BUILDING TO COLLEGE LIBRARY BY DIRECT LABOUR,116008001,"COMMAND AND STAFF COLLEGE, JAJI",,150537839.0,YES,HIGH,Remodelling and furnishing a building to serve as a college library directly supports the institution's mandate to provide advanced military education through improved educational infrastructure and learning resources.,0
ERGP23225198,PROCUREMENT OF OFFICE EQUIPMENT AND FURNITURE FOR HEADQUATERS STAFF BRANCHES,116008001,"COMMAND AND STAFF COLLEGE, JAJI",,108017084.0,YES,HIGH,Office equipment and furniture for headquarters staff branches is essential infrastructure needed to support the College's core mandate of providing advanced military education and training to mid-career officers.,0
ERGP23225236,"REHABILITATION OF SA DAMBO STUDENTS CAR PARK
",116008001,"COMMAND AND STAFF COLLEGE, JAJI",,89838700.0,YES,HIGH,Rehabilitating a students car park directly supports the College's mandate to provide advanced military education by maintaining essential infrastructure for the mid-career officers who attend training programs at the institution.,0
ERGP23225321,"REMODELLING AND FURNISHING OF ADELANWA HALL BY DIRECT LABOUR
",116008001,"COMMAND AND STAFF COLLEGE, JAJI",,168455000.0,YES,HIGH,Remodelling and furnishing of Adelanwa Hall directly supports the College's mandate to provide advanced military education by maintaining and improving essential infrastructure facilities required for training mid-career officers.,0
ERGP23225354,"RENOVATION AND FURNISHING OF ISAAC ALFA LECTURE HALL BY DIRECT LABOUR
",116008001,"COMMAND AND STAFF COLLEGE, JAJI",,127750000.0,YES,HIGH,Renovating and furnishing a lecture hall directly supports the College's core mandate of providing advanced military education through classroom instruction and training facilities for officers.,0
ERGP23225364,"RENOVATION AND FURNISHING OF BOAM LECTURE HALL BY DIRECT LABOUR
",116008001,"COMMAND AND STAFF COLLEGE, JAJI",,127750000.0,YES,HIGH,Renovating and furnishing a lecture hall directly supports the College's core mandate of providing advanced military education through classroom instruction and training facilities.,0
ERGP23233164,"EQUIPPING OF COLLEGE LIBRARY/PROVISION OF E-LIBRARY FACILITIES
",116008001,"COMMAND AND STAFF COLLEGE, JAJI",,79800000.0,YES,HIGH,"Equipping the college library and providing e-library facilities directly supports the institution's core mandate of providing advanced military education through classroom instruction, research projects, and comprehensive professional military education to mid-career officers.",0
ERGP23233173,"PURCHASE OF NEW 5000L CAPACITY FIRE TRUCK AND EQUIPMENT
",116008001,"COMMAND AND STAFF COLLEGE, JAJI",,349300000.0,YES,HIGH,"A fire truck and equipment is essential safety infrastructure required for any educational institution, particularly a military training facility that must maintain operational readiness and protect personnel, facilities, and equipment.",0
ERGP23233175,"REMODELLING AND FURNISHING OF ABACHA HALL BY DIRECT LABOUR
",116008001,"COMMAND AND STAFF COLLEGE, JAJI",,180285000.0,YES,HIGH,Remodelling and furnishing of Abacha Hall directly supports the College's mandate to provide advanced military education by maintaining and improving essential infrastructure facilities needed for training mid-career officers.,0
ERGP23233182,"PROCUREMENT OF OPERATIONAL VEHICLES FOR THE COLLEGE
",116008001,"COMMAND AND STAFF COLLEGE, JAJI",,897406060.0,YES,HIGH,"Operational vehicles are essential infrastructure required for the College to effectively conduct its military education and training programs, including practical exercises, field training, and administrative operations necessary to fulfill its mandate of preparing officers for command and staff duties.",0
ERGP23233183,"PROCUREMENT OF STAFF CARS FOR DIRECTORS
",116008001,"COMMAND AND STAFF COLLEGE, JAJI",,840630000.0,YES,HIGH,"Procurement of staff cars for directors is necessary for the administrative operations and leadership functions of the college, which supports its core mandate of providing advanced military education and training.",0
ERGP26225213,"REHABILITATION OF SA DAMBO COLLEGE SPORT COMPLEX
",116008001,"COMMAND AND STAFF COLLEGE, JAJI",,126350000.0,YES,HIGH,"Rehabilitating a sports complex at the college directly supports the physical fitness and training infrastructure necessary for military education and officer development, which is core to the institution's mandate of preparing officers for command positions.",0
ERGP27201885,REMODELLING AND FURNISHING OF 9 BLOCKS OF 4 - BEDROOM BUNGALOWS IN CHIEF INSTRUCTORS' QUARTERS,116008001,"COMMAND AND STAFF COLLEGE, JAJI",,549193120.0,YES,HIGH,Providing adequate housing for chief instructors is essential infrastructure that directly supports the College's mandate to deliver advanced military education by ensuring the institution can attract and retain qualified faculty.,0
ERGP27201887,REMODELLING AND FURNISHING OF 11 BLOCKS OF 4 - BEDROOM BUNGALOWS IN MAJORS' QUARTERS,116008001,"COMMAND AND STAFF COLLEGE, JAJI",,659048544.0,YES,HIGH,Providing adequate housing facilities for military officers undergoing advanced training at the institution is essential infrastructure that directly supports the College's mandate to deliver comprehensive professional military education to mid-career officers.,0
ERGP27225155,REMODELLING OF COLLEGE LIBRARY TO OFFICES AND RENOVATION OF THE COLLEGE HEADQUATERS BUILDING BY DIRECT LABOUR,116008001,"COMMAND AND STAFF COLLEGE, JAJI",,154672000.0,YES,HIGH,Renovating the college headquarters building and remodelling the library to offices directly supports the institution's core mandate of providing advanced military education by maintaining and improving essential infrastructure needed for training operations and administrative functions.,0
ERGP27225304,"REMODELLING AND RE-EQUIPPING OF SENIOR COURSE KITCHEN AND DINNING HALL
",116008001,"COMMAND AND STAFF COLLEGE, JAJI",,252560000.0,YES,HIGH,Remodelling and re-equipping kitchen and dining facilities directly supports the College's mandate to provide comprehensive residential training programs for mid-career military officers attending advanced courses.,0
ERGP27225312,"REMODELING AND RE-EQUIPPING OF JUNIOR COURSE KITCHEN AND DINNING HALL
",116008001,"COMMAND AND STAFF COLLEGE, JAJI",,267750000.0,YES,HIGH,Remodeling and re-equipping the junior course kitchen and dining hall directly supports the College's mandate to provide comprehensive residential training facilities for mid-career officers undergoing advanced military education.,0
ERGP27225385,"RENOVATION OF 10 BLOCKS OF SOLDIERS' ACCOMMODATION BY DIRECT LABOUR
",116008001,"COMMAND AND STAFF COLLEGE, JAJI",,509600000.0,YES,HIGH,Renovating accommodation blocks for military personnel directly supports the College's core mandate of providing advanced military education by ensuring proper housing infrastructure for officers undergoing training at the institution.,0
ERGP27233163,REMODELLING AND FURNISHING OF 9 BLOCKS OF 3 BEDROOM BUNGALOWS IN CAPTAINS' QUARTERS,116008001,"COMMAND AND STAFF COLLEGE, JAJI",,480042780.0,YES,HIGH,Providing adequate housing facilities for military officers attending the Command and Staff College is essential infrastructure that directly supports the institution's mandate to deliver advanced military education and training to mid-career officers.,0
ERGP27233165,CONSTRUCTION AND FURNISHING OF QTY 2 BLOCKS OF SYNDICATE ROOMS AND DIRECTING STAFF OFFICES BY DIRECT LABOUR,116008001,"COMMAND AND STAFF COLLEGE, JAJI",,1295467950.0,YES,HIGH,The construction of syndicate rooms and directing staff offices directly supports the College's mandate to provide advanced military education through classroom instruction and syndicate discussions as specified in their curriculum.,0
ERGP27233167,CONSTRUCTION AND FURNISHING OF QTY 2 BLOCKS OF 75 X 1 BEDROOM SELF CONTAINED STORY BUILDING FOR SENIOR COURSE STUDENTS BY DIRECT LABOUR,116008001,"COMMAND AND STAFF COLLEGE, JAJI",,1295021700.0,YES,HIGH,Constructing accommodation facilities for Senior Course students directly supports the College's mandate to provide advanced military education by ensuring proper housing infrastructure for mid-career officers undergoing training.,0
ERGP27233169,CONSTRUCTION AND FURNISHING OF QTY 2 BLOCKS OF 90 X SINGLE ROOM FOR JUNIOR COURSE STUDENTS BY DIRECT LABOUR,116008001,"COMMAND AND STAFF COLLEGE, JAJI",,1178320990.0,YES,HIGH,Construction of accommodation blocks for junior course students directly supports the College's mandate to provide advanced military education and training to mid-career officers by ensuring adequate housing facilities for students attending courses.,0
ERGP27233171,RENOVATION AND FURNISHING OF DEPUTY COMMANDANT HOUSE/PROVISION OF SOLAR INVERTER SYSTEM,116008001,"COMMAND AND STAFF COLLEGE, JAJI",,126000000.0,YES,HIGH,Renovating and furnishing the Deputy Commandant's house with solar power systems directly supports the College's operational infrastructure needed to maintain its military educational institution and ensure proper accommodation for senior leadership essential to fulfilling its training mandate.,0
ERGP27233172,"REMODELLING AND EQUIPPING OF THE FIRE SERVICE STATION
",116008001,"COMMAND AND STAFF COLLEGE, JAJI",,80500000.0,PARTIAL,MEDIUM,"While fire service facilities are not explicitly mentioned in the mandate, remodelling and equipping a fire station could reasonably fall under the college's responsibility to maintain safe operational infrastructure for its military training activities and campus facilities.",50
ERGP27233179,RENOVATION AND FURNISHING OF THE DEPARTMENT OF AIRWARFARE LECTURE HALLS (YISA DOKO AND BELLO HALLS) BY DIRECT LABOUR,116008001,"COMMAND AND STAFF COLLEGE, JAJI",,130200000.0,YES,HIGH,Renovating and furnishing airwarfare lecture halls directly supports the College's mandate to provide advanced military education and training facilities for mid-career officers across all three services including the Air Force.,0
ERGP27233185,"RENOVATION AND FURNISHING OF ACADEMIC DEPARTMENTS BY DIRECT LABOUR
",116008001,"COMMAND AND STAFF COLLEGE, JAJI",,336699300.0,YES,HIGH,Renovating and furnishing academic departments directly supports the College's core mandate of providing advanced military education through proper educational infrastructure and facilities.,0
ERGP27233187,"REMODELLING AND FURNISHING OF SOLDIERS' MESS
",116008001,"COMMAND AND STAFF COLLEGE, JAJI",,94150315.0,YES,HIGH,Remodelling and furnishing of soldiers' mess directly supports the College's mandate to provide comprehensive military education and training by ensuring adequate facilities for the welfare and accommodation of officers undergoing advanced military education at the institution.,0
ERGP27233188,"REMODELLING AND FURNISHING OF WARRANT OFFICERS' MESS
",116008001,"COMMAND AND STAFF COLLEGE, JAJI",,80220385.0,YES,HIGH,Remodelling and furnishing of warrant officers' mess facilities directly supports the College's mandate to provide comprehensive military education and training by ensuring appropriate accommodation and welfare facilities for military personnel at the institution.,0
ERGP29233180,"PROCUREMENT OF ICT, AUDIO VISUAL AND OFFICE EQUIPMENTS FOR ACADEMIC DEPARTMENTS",116008001,"COMMAND AND STAFF COLLEGE, JAJI",,199430000.0,YES,HIGH,"ICT, audio visual and office equipment for academic departments directly supports the College's core mandate of providing advanced military education through classroom instruction, research projects, and comprehensive professional military training to mid-career officers.",0
ERGP29233184,PROCUREMENT AND INSTALLATION OF CENTRALIZED SECURITY SURVEILLANCE SYSTEM FOR THE COLLEGE,116008001,"COMMAND AND STAFF COLLEGE, JAJI",,164500000.0,YES,HIGH,Installing a centralized security surveillance system directly supports the College's core function of providing secure advanced military education and training facilities for officers of the Nigerian Armed Forces and allied nations.,0
ERGP30225378,"PROCUREMENT OF TRAINING AIDS/EQUIPMENT FOR ACADEMIC DEPARTMENTS
",116008001,"COMMAND AND STAFF COLLEGE, JAJI",,266000000.0,YES,HIGH,"Procurement of training aids and equipment for academic departments directly supports the College's core mandate of providing advanced military education and training to mid-career officers through classroom instruction, practical exercises, and comprehensive curriculum delivery.",0
ERGP30233469,PURCHASE OF 2 NOS. OF MONITORING TRUCKS FOR MONITORING AND REPORTING UNAPPROVED ADVERTISING AND MARKETING COMMUNICATIONS FOR LAGOS AND,123011001,ADVERTISING REGULATORY COUNCIL OF NIGERIA (ARCON),,98871850.0,YES,HIGH,The purchase of monitoring trucks directly supports ARCON's core mandate to regulate and control all forms of advertising by enabling field monitoring and enforcement of unapproved advertising and marketing communications.,0
ERGP30233471,"PURCHASE OF 2 NOS. OF ENFORCEMENT VAN FOR LAGOS AND ABUJA AT THE RATE OF N59,096,577.00 EACH",123011001,ADVERTISING REGULATORY COUNCIL OF NIGERIA (ARCON),,82735208.0,YES,HIGH,"Enforcement vehicles are necessary operational tools for ARCON to carry out its regulatory mandate of monitoring, investigating, and enforcing advertising compliance across different locations, particularly in major commercial centers like Lagos and Abuja.",0
ERGP30242681,"SUPPLY AND DISTRIBUTION OF FERTILIZERS TO FARMERS OF EBONYI CENTRAL SENATORIAL DISTRICT, EBONYI STATE.",123011001,ADVERTISING REGULATORY COUNCIL OF NIGERIA (ARCON),,35000000.0,NO,HIGH,Supply and distribution of fertilizers to farmers is an agricultural activity that falls completely outside ARCON's mandate as the regulatory body for advertising and marketing communications.,100
ERGP30242687,"TRAINING OF YOUTHS AND WOMEN IN MODERN AGRO-BUSINESS VENTURES, EBONYI CENTRAL SENATORIAL DISTRICT.",123011001,ADVERTISING REGULATORY COUNCIL OF NIGERIA (ARCON),,35000000.0,NO,HIGH,"Training youths and women in agro-business ventures has no connection to ARCON's mandate of regulating advertising, advertisements, and marketing communications in Nigeria.",100
ERGP30242696,"PROVISION OF ESSENTIAL TOOLS TO SUPPORT ARTISANS IN EDE NORTH/SOUTH/EGBEDORE/EJIGBO FEDERAL CONSTITUENCY, OSUN STATE",123011001,ADVERTISING REGULATORY COUNCIL OF NIGERIA (ARCON),,70000000.0,NO,HIGH,"Providing essential tools to support artisans in a specific federal constituency falls outside ARCON's mandate which is exclusively focused on regulating advertising, advertisements, and marketing communications in Nigeria.",100
ERGP30242711,"CONSTRUCTION AND RENOVATION OF SOME CLASSROOM BLOCKS IN SOME SELECTED SCHOOLS ACROSS EBONYI CENTRAL, EBONYI STATE.",123011001,ADVERTISING REGULATORY COUNCIL OF NIGERIA (ARCON),,350000000.0,NO,HIGH,Construction and renovation of classroom blocks in schools is completely outside ARCON's mandate as the apex regulatory body for advertising and marketing communications in Nigeria.,100
ERGP30242718,"""SUBSTANCE ABUSE PREVENTION AND MANAGEMENT TRAINING FOR YOUTHS ACROSS FUFORE/SONG FEDERAL CONSTITUENCY """,123011001,ADVERTISING REGULATORY COUNCIL OF NIGERIA (ARCON),,17500000.0,NO,HIGH,"This budget item focuses on substance abuse prevention training for youths in a specific constituency, which falls completely outside ARCON's mandate to regulate advertising and marketing communications.",100
ERGP27231465,REHABILITATION OF OFFICE BUILDING,124005001,"CIVIL DEFENCE, IMMIGRATION AND PRISON SERVICE BOARD (CIPB)",,49000000.0,YES,HIGH,"Rehabilitating office buildings is necessary for the Board to effectively carry out its administrative functions of recruitment, promotion, disciplinary matters, and policy formulation for the four paramilitary services under its governance.",0
ERGP29231467,PROVISION OF ICT INFRASTRUCTURE,124005001,"CIVIL DEFENCE, IMMIGRATION AND PRISON SERVICE BOARD (CIPB)",,111958389.0,PARTIAL,MEDIUM,"While ICT infrastructure could support the Board's administrative functions like recruitment, training coordination, and policy formulation across the four paramilitary services, it is not explicitly mentioned as a core responsibility in the agency's mandate which focuses primarily on human resource management functions.",50
ERGP29231490,DIGITALIZATION OF PARA-MILITARY REGISTRY,124005001,"CIVIL DEFENCE, IMMIGRATION AND PRISON SERVICE BOARD (CIPB)",,127108739.0,YES,HIGH,"Digitalization of para-military registry directly supports the Board's core mandate of recruitment, appointments, promotions, disciplinary matters, and manpower planning across the four paramilitary services under its jurisdiction.",0
ERGP29231493,EXPANSION OF ELECTRONIC DATABASE MANAGEMENT CENTRE (EDMC),124005001,"CIVIL DEFENCE, IMMIGRATION AND PRISON SERVICE BOARD (CIPB)",,114800000.0,YES,HIGH,"The expansion of an Electronic Database Management Centre directly supports the Board's core responsibilities of recruitment, appointments, promotions, disciplinary matters, and manpower planning across four paramilitary services, requiring robust digital infrastructure for managing personnel records and operations.",0
ERGP30231486,PURCHASE OF OFFICE FUNITURE AND EQUIPMENT,124005001,"CIVIL DEFENCE, IMMIGRATION AND PRISON SERVICE BOARD (CIPB)",,175971583.0,YES,HIGH,"Office furniture and equipment are necessary operational resources for the Board to effectively carry out its administrative functions including recruitment, promotions, disciplinary matters, and policy formulation for the four paramilitary services under its governance.",0
ERGP16124095,PURCHASE OFFICE FURNITURE AND FITTINGS INCLUDING CLASS ROOM CHAIRS AND TABLES FOR LAGOS OFFICE,125003001,ADMINISTRATIVE STAFF COLLEGE OF NIGERIA,,37328501.0,YES,HIGH,"Office furniture and classroom chairs/tables are essential infrastructure needed to support ASCON's core mandate of providing management training services, conducting study courses, conferences, and seminars at their Lagos operations.",0
ERGP16124099,"PURCHASE OF TEACHING /LEARNING AID EQUIPMENTS - DESK TOPS AND LAPTOPS COMPUTERS, PRINTERS AND SCANNERS.",125003001,ADMINISTRATIVE STAFF COLLEGE OF NIGERIA,,34291355.0,YES,HIGH,"Desktop and laptop computers, printers, and scanners are essential teaching and learning equipment directly supporting ASCON's core mandate to provide management training services and educational programs to public and private sector executives.",0
ERGP16150642,REHABILITATION/REPAIR OF PERIMETER FENCE AT ASCON PHASE I COMPLEX,125003001,ADMINISTRATIVE STAFF COLLEGE OF NIGERIA,,14105455.0,YES,HIGH,Rehabilitating the perimeter fence is essential infrastructure maintenance that directly supports ASCON's mandate to develop and maintain appropriate facilities for management development at its main campus.,0
ERGP23114559,REHABILITATION / REPAIRS OF HOSTEL BLOCK 16A,125003001,ADMINISTRATIVE STAFF COLLEGE OF NIGERIA,,16198378.0,YES,HIGH,Rehabilitating hostel facilities directly supports ASCON's mandate to provide management training services by maintaining necessary accommodation infrastructure for trainees attending residential programs at their main campus.,0
ERGP23114560,RENOVATION OF HOSTEL BLOCK 16BREHABILITATION / REPAIRS OF HOSTEL BLOCK 16B,125003001,ADMINISTRATIVE STAFF COLLEGE OF NIGERIA,,16478623.0,YES,HIGH,Renovating and rehabilitating hostel facilities directly supports ASCON's mandate to provide management training services by ensuring adequate accommodation infrastructure for participants in their residential training programs.,0
ERGP23114562,REHABILITATION / REPAIRS OF HOSTEL BLOCK 17A,125003001,ADMINISTRATIVE STAFF COLLEGE OF NIGERIA,,17409686.0,YES,HIGH,Rehabilitating hostel facilities directly supports ASCON's mandate to provide management training services by ensuring adequate accommodation infrastructure for trainees attending residential programs at their main campus.,0
ERGP23225268,PURCHASE OFFICE FURNITURE AND FITTINGS INCLUDING CLASS ROOM CHAIRS AND TABLES FOR ABUJA LIASON OFFICE,125003001,ADMINISTRATIVE STAFF COLLEGE OF NIGERIA,,22008301.0,YES,HIGH,"The purchase of office furniture and classroom chairs/tables for the Abuja liaison office directly supports ASCON's mandate to provide management training services and organize study courses, conferences, and seminars through its established liaison offices.",0
ERGP23225271,PURCHASE OFFICE FURNITURE AND FITTINGS INCLUDING CLASS ROOM CHAIRS AND TABLES FOR KANO NEW ZONAL OFFICE,125003001,ADMINISTRATIVE STAFF COLLEGE OF NIGERIA,,14319746.0,YES,HIGH,"The purchase of office furniture and classroom equipment for the Kano zonal office directly supports ASCON's mandate to provide management training services through its liaison offices across Nigeria, including the specifically mentioned Kano office.",0
ERGP27225239,REHABILITATION / REPAIRS OF ASCON ABUJA LIAISON OFFICE,125003001,ADMINISTRATIVE STAFF COLLEGE OF NIGERIA,,7538909.0,YES,HIGH,"The rehabilitation/repairs of ASCON Abuja liaison office directly supports the agency's operational infrastructure, as ASCON explicitly maintains liaison offices in multiple cities including Abuja to deliver its mandated training, research, and consultancy services.",0
ERGP27225281,REHABILITATION/REPAIR OF PERIMETER FENCE AT ASCON PHASE II COMPLEX,125003001,ADMINISTRATIVE STAFF COLLEGE OF NIGERIA,,12370701.0,YES,HIGH,"Rehabilitating the perimeter fence is necessary infrastructure maintenance to secure ASCON's facilities where it conducts its mandated management training, research, and consultancy activities.",0
ERGP28124116,REHABILITATION / REPAIRS - WATER WORKS FACILITIES AND EQUIPMENTS,125003001,ADMINISTRATIVE STAFF COLLEGE OF NIGERIA,,15055991.0,YES,HIGH,"Water works facilities and equipment are essential infrastructure components that ASCON requires to maintain and operate its campus facilities for delivering its core mandate of management training, research, and consultancy services.",0
ERGP10205428,"PROVISION OF SOLAR POWER AND INVERTER INSTALLATION
",140001001,AUDITOR GENERAL FOR THE FEDERATION,,225724200.0,NO,HIGH,"The Auditor General for the Federation's mandate is exclusively focused on auditing, examining, and reporting on government finances rather than procuring or installing physical infrastructure like solar power systems.",100
ERGP15152910,"PURCHASE OF 30NOS. XEROX VERSALINK C405 MUILTIFUNCTION PRINTER (SCANNERS, PHOTOCOPIER & PRINTER)",140001001,AUDITOR GENERAL FOR THE FEDERATION,,47068670.0,YES,HIGH,"Multifunction printers are essential office equipment necessary for the Auditor General's core functions of examining, auditing, and reporting on federal government accounts to the National Assembly.",0
ERGP15152919,"REHABILITATION AND REPAIRS OF CENTRAL STORE
",140001001,AUDITOR GENERAL FOR THE FEDERATION,,19098959.0,YES,HIGH,"The rehabilitation and repairs of central store facilities directly supports the Auditor General's operational capacity to examine and audit government assets, maintain records, and conduct its core constitutional functions of auditing federal government accounts.",0
ERGP15152946,"INSTALLATION OF INTERCOM COMMUNICATION SYSTEM
",140001001,AUDITOR GENERAL FOR THE FEDERATION,,28879255.0,YES,HIGH,"Installing an intercom communication system is necessary operational infrastructure that supports the Auditor General's core mandate of conducting audits, coordinating with staff, and maintaining secure internal communications essential for independent oversight functions.",0
ERGP15174248,"DEVELOPMENT OF E-LIBRARY & ACQUISITION OF FURNITURE
",140001001,AUDITOR GENERAL FOR THE FEDERATION,,31866349.0,PARTIAL,MEDIUM,"While furniture acquisition for office operations could be justified as necessary infrastructure for the auditing function, developing an e-library appears to extend beyond the core auditing and financial oversight mandate unless specifically designed to support audit research and capacity building.",50
ERGP15205366,PURCHASE OF ERGONOMICALLY ORTHOPEDIC CHAIRS AND OFFICE TABLES FOR DIRECTORS AND AND DIRECTORS OFFICERS,140001001,AUDITOR GENERAL FOR THE FEDERATION,,78754409.0,YES,HIGH,Purchasing ergonomic office furniture for directors and officers is necessary operational expenditure that supports the agency's ability to effectively carry out its auditing functions and maintain professional standards.,0
ERGP15205369,"PURCHASE OF LABTOPS AND 25NOS. DESKTPOP COMPUTERS
",140001001,AUDITOR GENERAL FOR THE FEDERATION,,448327558.0,YES,HIGH,"Laptops and desktop computers are essential equipment for auditors to conduct examinations, prepare reports, and manage audit documentation as part of their core auditing functions.",0
ERGP15205378,PURCHASE OF 240NOS. COMPUTER PRINTERS FOR USE AT THE HEADQUATERS AND IN THE 36 STATES,140001001,AUDITOR GENERAL FOR THE FEDERATION,,28861022.0,YES,HIGH,"Computer printers are essential office equipment needed for the Auditor General's core mandate of examining, auditing, and reporting on federal government accounts across headquarters and all 36 states.",0
ERGP15205384,PURCHASE OF 160NOS. SHREDDING MACHINES FOR HEAD OFFICE AND 36 STATES OF THE FEDERATION,140001001,AUDITOR GENERAL FOR THE FEDERATION,,3755406.0,YES,HIGH,Shredding machines are essential office equipment for the Auditor General's operations across all states to securely dispose of confidential audit documents and maintain document security standards required for their auditing and reporting functions.,0
ERGP15205412,"REVIEW OF THE OAuGF 5-YEAR DEVELOPMENT PLAN 2024-2028
",140001001,AUDITOR GENERAL FOR THE FEDERATION,,32599047.0,YES,HIGH,Reviewing the Office of the Auditor General for the Federation's 5-year development plan falls directly within the agency's mandate to assess and improve its own operational effectiveness and strategic planning capabilities.,0
ERGP15205416,"GOVERNANCE/INSTITUTIONAL REFORMS SPECIALIZED AUDIT ENVIRONMENTS
",140001001,AUDITOR GENERAL FOR THE FEDERATION,,180391750.0,YES,HIGH,"Specialized audit environments directly support the agency's core mandate to conduct various types of audits (regularity, performance, forensic) and examine government financial operations across all federal MDAs.",0
ERGP15205420,"SAI-WGEA SECRETARIAT CAPCITY BUILDING
",140001001,AUDITOR GENERAL FOR THE FEDERATION,,145658727.0,YES,HIGH,"Building capacity for the SAI-WGEA (Supreme Audit Institution - Working Group on Environmental Auditing) Secretariat directly supports the agency's mandate to conduct performance audits and promote accountability in public financial management, particularly in environmental governance areas.",0
ERGP15205425,"COMPUTER SOFTWARE ACQUISITION: AUDIT FIRM REGISTRATION, RENEWAL PORTAL AND REGISTRY MANAGEMENT",140001001,AUDITOR GENERAL FOR THE FEDERATION,,59379166.0,YES,HIGH,"This software acquisition directly supports the Auditor General's mandate to collaborate with and oversee audit firms, which is essential for maintaining professional standards and accountability in the auditing ecosystem that supports federal government financial oversight.",0
ERGP15205432,"ELECTRONIC DOCUMENT MANAGEMENT SYSTEM (EDMS) IN OAUGF
",140001001,AUDITOR GENERAL FOR THE FEDERATION,,81564860.0,YES,HIGH,"An Electronic Document Management System directly supports the Auditor General's core mandate of examining, auditing, and reporting on federal government accounts by providing essential digital infrastructure for managing audit documentation, records, and reporting processes.",0
ERGP15205437,"FORENSIC LABORATORY TO CONDUCT FORENSIC AND INVESTIGATIVE AUDIT
",140001001,AUDITOR GENERAL FOR THE FEDERATION,,126049653.0,YES,HIGH,"The budget item directly supports the agency's statutory mandate to conduct forensic audits investigating suspected fraud, corruption, or financial irregularities in government operations.",0
ERGP15205445,"CAPACITY BUILDING FOR AUDITORS ON ICT SYSTEM AUDIT, FINANCIAL AUDIT AND N- SEAT",140001001,AUDITOR GENERAL FOR THE FEDERATION,,99149753.0,YES,HIGH,"This budget item directly supports the agency's core mandate by building auditor capacity in essential audit areas including ICT systems, financial auditing, and specialized audit tools, which are necessary for effectively examining and auditing federal government accounts and operations.",0
ERGP15205448,"PURCHASE OF SAFES/FILE CABINET/ CUPBOARDS
",140001001,AUDITOR GENERAL FOR THE FEDERATION,,16625518.0,YES,HIGH,"Purchase of safes, file cabinets, and cupboards is necessary office equipment for the Auditor General to securely store audit documents, financial records, and sensitive reports required for their mandate of examining and reporting on federal government accounts.",0
ERGP15205457,"PURCHASE OF 20 UNITS 1.5HP REFRIGIRATORS
",140001001,AUDITOR GENERAL FOR THE FEDERATION,,7106593.0,YES,HIGH,"The purchase of refrigerators constitutes standard office equipment necessary for the Auditor General's operations, including preserving documents and providing basic workplace facilities for auditing staff across federal locations.",0
ERGP15205482,"PURCHASE OF 300 UNITS OF 2HP AIR-CONDITIONERS
",140001001,AUDITOR GENERAL FOR THE FEDERATION,,141262538.0,YES,HIGH,Air-conditioners are necessary office equipment to maintain a suitable working environment for auditors and staff to effectively carry out their constitutional mandate of auditing federal government accounts.,0
ERGP15205491,CREATION OF TRAINING ROOM & PURCHASE OF ONE PROJECTOR FOR THE AUDIT OFFICE,140001001,AUDITOR GENERAL FOR THE FEDERATION,,65198095.0,YES,HIGH,Creating training facilities and purchasing projectors directly supports the agency's mandate to maintain professional auditor staff and provide technical assistance on accounting standards and financial management best practices.,0
ERGP22144670,"PURCHASE OF FIRE FIGHTING EQUIPMENT
",140001001,AUDITOR GENERAL FOR THE FEDERATION,,19098959.0,NO,HIGH,"The Auditor General for the Federation's mandate is focused on auditing, examining, and reporting on government financial activities rather than purchasing operational equipment like fire fighting equipment.",100
ERGP27144675,"REHABILITATION AND REPAIRS OF AUDIT HOUSE, ABUJA AND SITE OFFICES
",140001001,AUDITOR GENERAL FOR THE FEDERATION,,543949535.0,YES,HIGH,The rehabilitation and repairs of Audit House and site offices directly supports the agency's operational capacity to carry out its constitutional mandate of auditing federal government accounts and reporting to the National Assembly.,0
ERGP27144686,"FURNISHING OF HEAD OFFICE AND 36 STATE OFFICES
",140001001,AUDITOR GENERAL FOR THE FEDERATION,,145732006.0,YES,HIGH,Furnishing head office and 36 state offices is necessary infrastructure to enable the Auditor General's nationwide mandate of auditing all federal government accounts and MDAs across the country.,0
ERGP29144688,"CREATION OF WORK STATION
",140001001,AUDITOR GENERAL FOR THE FEDERATION,,744712693.0,YES,HIGH,Creating work stations is necessary infrastructure to support the Auditor General's core mandate of auditing federal government accounts and maintaining professional auditing staff operations.,0
ERGP30239530,"TRAINING AND CAPACITY BUILDING FOR HOUSE PUBLIC ACCOUNTS COMMITTEE (NEW)
",140001001,AUDITOR GENERAL FOR THE FEDERATION,,91787112.0,YES,HIGH,Training the House Public Accounts Committee directly supports the Auditor-General's mandate to report audit findings to the National Assembly and promote effective parliamentary oversight of government finances.,0
ERGP30239545,TRAINING AND CAPACITY BUILDING FOR SENATE PUBLIC ACCOUNTS COMMITTEE (NEW),140001001,AUDITOR GENERAL FOR THE FEDERATION,,91787112.0,PARTIAL,MEDIUM,"While the agency collaborates with the National Assembly through reporting and has a mandate to promote accountability, directly funding training for a specific Senate committee appears to be outside their core auditing functions and may represent a role boundary issue.",50
ERGP3144677,"MONITORING AND EVALUATION OF ALL CAPITAL PROJECTS NATIONWIDE
",140001001,AUDITOR GENERAL FOR THE FEDERATION,,134655309.0,YES,HIGH,"Monitoring and evaluation of capital projects nationwide directly aligns with the agency's mandate to conduct performance audits assessing economy, efficiency, and effectiveness of government programs and projects, and to audit government expenditure for compliance with budgetary provisions.",0
ERGP7144672,"PURCHASE OF 25 AUDIT OPERATIONAL VEHICLES AND 5 BUSES
",140001001,AUDITOR GENERAL FOR THE FEDERATION,,1215944426.0,YES,HIGH,"Operational vehicles and buses are essential transportation infrastructure required for the Auditor General's staff to conduct field audits, inspections, and examinations of federal government accounts across various locations and MDAs.",0
ERGP15170993,"ESTABLISHMENT OF LAW LIBRARY AND INTERNET FACILTY IN FIVE (5) ZONAL OFFICES
",158001001,CODE OF CONDUCT TRIBUNAL,,15629460.0,YES,HIGH,Establishing law libraries and internet facilities in zonal offices directly supports the Tribunal's constitutional mandate as a judicial body that requires legal resources and research capabilities to effectively adjudicate Code of Conduct cases across different zones.,0
ERGP15189281,"PURCHASE OF OPERATIONAL /UTILITIY VEHICLES
",158001001,CODE OF CONDUCT TRIBUNAL,,185719582.0,YES,HIGH,"The purchase of operational/utility vehicles is necessary for the Code of Conduct Tribunal to effectively carry out its constitutional mandate of adjudicating cases involving breaches of the Code of Conduct by public officers, as the Tribunal requires transportation for its administrative and judicial operations.",0
ERGP10235891,"ELECTRIFICATION OF ZARO VIILAGE AND HADEJIA COMMUNITY IN MALAN MADORI LGA AND KANTIWAGE LGA, JIGAWA",161022001,BORDER COMMUNITIES DEVELOPMENT AGENCY (BCDA) HQTRS,,175000000.0,YES,HIGH,"The electrification project directly falls under BCDA's mandate to provide clean energy and infrastructural development to border communities, as these are located in Jigawa state which shares international boundaries.",0
ERGP10236498,"THREE-IN-ONE SOLAR STREET LIGHT IN OGBARU FEDERAL CONSTITUENCY, ANAMBRA STATE",161022001,BORDER COMMUNITIES DEVELOPMENT AGENCY (BCDA) HQTRS,,21000000.0,NO,HIGH,"Ogbaru Federal Constituency in Anambra State is not located along Nigeria's international boundaries, therefore it falls outside BCDA's mandate which specifically targets border communities situated along international borders.",100
ERGP10236499,"PROVISION OF SOLAR STREET LIGHT IN ALIERO/GWANDU/JEGA FEDERAL CONSTITUENCY, KEBBI STATE",161022001,BORDER COMMUNITIES DEVELOPMENT AGENCY (BCDA) HQTRS,,14000000.0,YES,HIGH,"This budget item aligns with BCDA's mandate to provide clean energy infrastructure and execute development projects in border communities, as Kebbi State shares international boundaries and the agency is specifically tasked with infrastructural development including energy provision in such areas.",0
ERGP10236500,"PROVISION OF SOLAR STREET LIGHT IN GORONYO/GADA FEDERAL CONSTITUENCY, SOKOTO STATE",161022001,BORDER COMMUNITIES DEVELOPMENT AGENCY (BCDA) HQTRS,,14000000.0,YES,HIGH,Providing solar street lights in border constituencies falls directly within BCDA's mandate to provide clean energy and infrastructure development for border communities.,0
ERGP10236525,"PROVISION OF SOLAR LIGHTS MADE WITH MONOCRYSTALLINE SOLAR MODULES, 60W LED OUTPUT WITH LITHIUM BATTERIES TO ENHANCE SECURITY IN EKIRIN AADE",161022001,BORDER COMMUNITIES DEVELOPMENT AGENCY (BCDA) HQTRS,,210000000.0,YES,HIGH,The provision of solar lights with LED output and lithium batteries directly aligns with BCDA's mandate to provide clean energy infrastructure and enhance security in border communities like Ekirin Aade.,0
ERGP10236527,PROVISION AND INSTALATION OF STREETLIGHTS IN KAURU CHAWAI FEDERAL CONSTITUENCY KADUNA STATE.,161022001,BORDER COMMUNITIES DEVELOPMENT AGENCY (BCDA) HQTRS,,35000000.0,NO,HIGH,"The budget item targets a federal constituency rather than border communities along Nigeria's international boundaries, which is outside BCDA's specific mandate to develop communities situated along international borders.",100
ERGP10236528,PROVISION AND INSTALLATION OF SOLAR STREET LIGHT IN ZANGO KATAF /JABA FEDERAL CONSTITUENCY.,161022001,BORDER COMMUNITIES DEVELOPMENT AGENCY (BCDA) HQTRS,,35000000.0,PARTIAL,MEDIUM,"While BCDA's mandate includes providing clean energy to border communities, this budget item targets a specific federal constituency rather than explicitly identified border communities, making the alignment dependent on whether Zango Kataf/Jaba areas contain qualifying border communities.",50
ERGP10236530,"SUPPLY AND INSTALLATION OF SOLAR STREET LIGHTS IN IGABI FEDERAL CONSTITUENCY, KADUNA STATE",161022001,BORDER COMMUNITIES DEVELOPMENT AGENCY (BCDA) HQTRS,,140000000.0,NO,HIGH,"Igabi Federal Constituency in Kaduna State is not a border community as BCDA's mandate specifically covers communities along Nigeria's international boundaries, and Kaduna State does not share international borders.",100
ERGP10236558,"SUPPLY AND INSTALLATION OF SOLAR STREET LIGHTS IN IKARA/KUBAU FEDERAL CONSTITUENCY, KADUNA STATE",161022001,BORDER COMMUNITIES DEVELOPMENT AGENCY (BCDA) HQTRS,,210000000.0,NO,HIGH,"Ikara/Kubau Federal Constituency in Kaduna State is not located along Nigeria's international boundaries, therefore it falls outside BCDA's mandate which specifically focuses on border communities situated along international borders.",100
ERGP10236629,"PROVISION AND INSTALLATION OF SOLAR STREET LIGHTS IN NINGI TOWN, NINGI LOCAL GOVERNMENT, BAUCHI STATE",161022001,BORDER COMMUNITIES DEVELOPMENT AGENCY (BCDA) HQTRS,,70000000.0,NO,HIGH,"Ningi Local Government Area in Bauchi State is not a border community as BCDA's mandate specifically covers border communities along Nigeria's international boundaries, while Bauchi State does not share international borders.",100
ERGP10236639,"PROVISION AND INSTALLATION OF SOLAR STREET LIGHT IN BURRA TOWN, NINGI LOCAL GOVERNMENT BAUCHI STATE",161022001,BORDER COMMUNITIES DEVELOPMENT AGENCY (BCDA) HQTRS,,70000000.0,YES,HIGH,Installing solar street lights in a border community falls directly within BCDA's mandate to provide clean energy infrastructure and execute development projects for border communities' social and economic advancement.,0
ERGP10236646,"ELECTRIFICATION OF CAMPO, APA LGA IN BENUE SOUTH SENATORIAL DISTRICT
",161022001,BORDER COMMUNITIES DEVELOPMENT AGENCY (BCDA) HQTRS,,70000000.0,YES,HIGH,"The electrification project in Campo, Apa LGA falls within BCDA's mandate as Apa LGA is a border local government area in Benue State sharing international boundaries, and providing clean energy/electricity infrastructure is specifically listed among the Agency's social sector intervention areas for border communities development.",0
ERGP10236718,"PROVISION OF SOLAR STREET LIGHT IN LAFIA/OBI FEDERAL CONSTITUENCY, NASARAWA STATE.",161022001,BORDER COMMUNITIES DEVELOPMENT AGENCY (BCDA) HQTRS,,140000000.0,NO,HIGH,"Lafia/Obi Federal Constituency in Nasarawa State is not located along Nigeria's international borders, as BCDA's mandate specifically covers only border communities situated along international boundaries.",100
ERGP10236721,"PROVISION AND INSTALLATION OF SOLAR STREET LIGHTS IN DUKKU L.G.A DUKU/NAFADA FEDERAL CONSTITUENCY, GOMBE STATE",161022001,BORDER COMMUNITIES DEVELOPMENT AGENCY (BCDA) HQTRS,,70000000.0,YES,HIGH,"Installing solar street lights in Dukku L.G.A falls directly within BCDA's mandate to provide clean energy infrastructure and execute development projects in border communities, as Gombe State shares international boundaries and such infrastructure development is explicitly covered under the agency's social sector interventions.",0
ERGP10236729,"PROVISION AND INSTALLATION OF SOLAR STREET LIGHTS IN NAFADA L.G.A DUKU/NAFADA FEDERAL CONSTITUENCY, GOMBE STATE",161022001,BORDER COMMUNITIES DEVELOPMENT AGENCY (BCDA) HQTRS,,56000000.0,YES,HIGH,"The provision and installation of solar street lights in Nafada L.G.A falls within BCDA's mandate to provide clean energy and execute infrastructural development projects in border communities, as Gombe State shares international boundaries and is covered by the agency's operations.",0
ERGP10236745,"ELECTRIFICATION IN RIKO AND DAGA COMMUNITIES IN JIBIA LGA OF KATSINA STATE
",161022001,BORDER COMMUNITIES DEVELOPMENT AGENCY (BCDA) HQTRS,,70000000.0,YES,HIGH,"Electrification projects in border communities fall directly within BCDA's mandate to provide clean energy and infrastructural development to border communities, as Jibia LGA in Katsina State is located along Nigeria's international boundary with Niger Republic.",0
ERGP10236747,"PROVISION OF TRANSFORMERS AND REPAIR OF EXISTING ONES IN GOMBE NORTH SENATORIAL DISTRICT, GOMBE STATE",161022001,BORDER COMMUNITIES DEVELOPMENT AGENCY (BCDA) HQTRS,,140000000.0,PARTIAL,MEDIUM,"While BCDA's mandate includes providing clean energy to border communities, this item specifically targets Gombe North Senatorial District without confirming these are designated border communities within BCDA's coverage area.",50
ERGP10236751,SUPPLY AND INSTALLATION OF SOLAR STREET LIGHTS IN NGURU/YUSUFARI/MACHINA/KARASUWA FEDERAL CONSTITUENCY OF YOBE STATE,161022001,BORDER COMMUNITIES DEVELOPMENT AGENCY (BCDA) HQTRS,,140000000.0,YES,HIGH,The supply and installation of solar street lights in border constituencies directly aligns with BCDA's mandate to provide clean energy infrastructure and execute development projects in border communities.,0
ERGP10236755,"PURCHASE AND INSTALLATION OF 10 UNITS OF 300KVA TRANSFORMERS IN SELECTED COMMUNITIES IN EDO SOUTH SENATORIAL DISTRICT, EDO STATE.",161022001,BORDER COMMUNITIES DEVELOPMENT AGENCY (BCDA) HQTRS,,140000000.0,PARTIAL,MEDIUM,"While BCDA's mandate includes providing clean energy to border communities, this item specifically targets Edo South Senatorial District without confirming these are designated border communities within BCDA's scope of over 2,000 border communities across 155 LGAs.",50
ERGP10236764,"REPLACEMENT OF OVERLOADED 500KVA TRANSFORMERS IN SELECTED COMMUNITIES OF DELTA CENTRAL SENATORIAL DISTRICT, DELTA STATE",161022001,BORDER COMMUNITIES DEVELOPMENT AGENCY (BCDA) HQTRS,,175000000.0,PARTIAL,MEDIUM,"While BCDA's mandate includes providing clean energy to border communities, this budget item targets Delta Central Senatorial District communities without specifying they are border communities along Nigeria's international boundaries.",50
ERGP10236774,"INSTALLATION OF SOLAR POWERED STREET LIGHTS IN ALBASU/GAYA/AJINJI FEDERAL CONSTITUENCY, KANO STATE",161022001,BORDER COMMUNITIES DEVELOPMENT AGENCY (BCDA) HQTRS,,140000000.0,NO,HIGH,"The specified constituencies in Kano State are not border communities as BCDA's mandate is limited to communities along Nigeria's international boundaries, and Kano State does not share an international border.",100
ERGP10236789,"PROVISION OF TRANSFORMER AT SOGBON STREET, IGBOTON, OKITIPUPA LGA, ONDO STATE",161022001,BORDER COMMUNITIES DEVELOPMENT AGENCY (BCDA) HQTRS,,14000000.0,NO,HIGH,"The budget item targets Okitipupa LGA in Ondo State, which is not a border community as Ondo State does not share international boundaries with any country.",100
ERGP10236791,"PROVISION OF SOLAR STREET LIGHTS IN ZURU/FAKAI/ DANKOP-WASAGU AND SAKABA FEDERAL CONSTITUENCY,KEBBI STATE",161022001,BORDER COMMUNITIES DEVELOPMENT AGENCY (BCDA) HQTRS,,105000000.0,YES,HIGH,"Providing solar street lights in border communities falls directly within BCDA's mandate to provide clean energy infrastructure and execute development projects for border communities, as Kebbi State shares international boundaries and these constituencies likely contain border communities.",0
ERGP10236866,ELECTRIFICATION OF RURAL ROADS IN VARIOUS COMMUNITIES IN ENUGU WEST SENATORIAL DISTRICT,161022001,BORDER COMMUNITIES DEVELOPMENT AGENCY (BCDA) HQTRS,,210000000.0,NO,HIGH,"The budget item targets Enugu West Senatorial District which is not a border community, while BCDA's mandate specifically focuses on developing communities along Nigeria's international boundaries.",100
ERGP10236937,PROVISION OF ELECTRICITY TO VARIOUS COMMUNITIES IN BENUE SOUTH SENATORIAL DISTRICT,161022001,BORDER COMMUNITIES DEVELOPMENT AGENCY (BCDA) HQTRS,,280000000.0,YES,HIGH,The provision of electricity to communities in Benue South Senatorial District (which borders Cameroon) falls directly under BCDA's mandate to provide clean energy and infrastructural development to border communities.,0
ERGP10236941,"PROVISION AND DISTRIBUTIONS OF IRSS SOLAR INVERTER BAGS IN SELECTED SCHOOLS, IN ABI/YAKURR FEDERAL CONSTITUENCY, CROSS RIVER STATE",161022001,BORDER COMMUNITIES DEVELOPMENT AGENCY (BCDA) HQTRS,,70000000.0,YES,HIGH,"Providing solar inverter bags to schools in Abi/Yakurr Federal Constituency aligns with BCDA's mandate to provide clean energy and education infrastructure to border communities, as Cross River State is a border state within the Agency's coverage area.",0
ERGP10236960,"SOLAR POWER STREET LIGHT IN IGABI FEDERAL CONSTITUENCY, KADUNA STATE
",161022001,BORDER COMMUNITIES DEVELOPMENT AGENCY (BCDA) HQTRS,,105000000.0,NO,HIGH,"Igabi Federal Constituency in Kaduna State is not a border community as BCDA's mandate specifically covers communities along Nigeria's international boundaries, and Kaduna State does not share international borders.",100
ERGP10236984,PROVISION OF TRANSFORMERS AND RECTICULATIONS IN KATSINA NORTH SENATORIAL DISTRICT OF KATSINA STATE.,161022001,BORDER COMMUNITIES DEVELOPMENT AGENCY (BCDA) HQTRS,,70000000.0,PARTIAL,MEDIUM,"The provision of electrical infrastructure could align with BCDA's mandate to provide clean energy and infrastructure to border communities, but only if Katsina North Senatorial District contains border communities along Nigeria's international boundaries, which is not specified in the budget item.",50
ERGP10236990,"INSTALLATIONS OF SOLAR STREET LIGHTS IN JALINGO AND ZING, TARABA STATE
",161022001,BORDER COMMUNITIES DEVELOPMENT AGENCY (BCDA) HQTRS,,42000000.0,YES,HIGH,"Installing solar street lights in border communities falls directly within BCDA's mandate to provide clean energy and infrastructural development to border communities, as Jalingo and Zing are located in Taraba State which shares international boundaries.",0
ERGP10237000,ELECTRIFICATION AND PROVISION OF TRANSFOMERS IN VANDALIZED WUKARI-KENTE TRANSMISSION --- IN TARABA STATE,161022001,BORDER COMMUNITIES DEVELOPMENT AGENCY (BCDA) HQTRS,,455000000.0,YES,HIGH,"This budget item directly aligns with BCDA's mandate to provide clean energy and identify infrastructural projects required for border community development, as Wukari-Kente in Taraba State is located in a border area within the agency's coverage.",0
ERGP10237020,"PROVISION AND INSTALLATION OF SOLAR LIGHTS IN LAFIA TOWN
",161022001,BORDER COMMUNITIES DEVELOPMENT AGENCY (BCDA) HQTRS,,21000000.0,NO,HIGH,"Lafia Town, being the capital of Nasarawa State, is not a border community along Nigeria's international boundaries, which is the specific mandate of BCDA to serve over 2,000 border communities across 155 local government areas within 21 border states.",100
ERGP10237056,"SUPPLY AND INSTALLATION OF SOLAR STREET LIGHTS IN ABI/YAKURR FEDERAL CONSTITUENCY, CROSS RIVER STATE.",161022001,BORDER COMMUNITIES DEVELOPMENT AGENCY (BCDA) HQTRS,,210000000.0,YES,HIGH,"The installation of solar street lights in border communities falls directly within BCDA's mandate to provide clean energy and infrastructure development in border areas, as Abi/Yakurr constituency in Cross River State contains border communities along Nigeria's international boundary with Cameroon.",0
ERGP10237075,"PROVISION OF SOLAR LIGHTS IN KOSOFE AND OSHODI ISOLO II FEDERAL CONSTITUENCY, LAGOS STATE",161022001,BORDER COMMUNITIES DEVELOPMENT AGENCY (BCDA) HQTRS,,42000000.0,NO,HIGH,"BCDA's mandate specifically focuses on border communities along Nigeria's international boundaries, while Kosofe and Oshodi Isolo II are internal Lagos State constituencies that do not qualify as border communities.",100
ERGP10237083,"INSTALLATION OF SOLAR STREET LIGHTS IN GUMMI/BUKKUYUM FEDERAL CONSTITUENCY, ZAMFARA STATE",161022001,BORDER COMMUNITIES DEVELOPMENT AGENCY (BCDA) HQTRS,,17500000.0,YES,HIGH,"Installing solar street lights in Gummi/Bukkuyum Federal Constituency aligns with BCDA's mandate to provide clean energy and infrastructural development in border communities, as Zamfara State shares international boundaries and falls within the Agency's coverage area.",0
ERGP10237086,"SUPPLY AND INSTALLATION OF SOLAR STREET LIGHTS IN KALTUNGO LOCAL GOVERNMENT, GOMBE STATE",161022001,BORDER COMMUNITIES DEVELOPMENT AGENCY (BCDA) HQTRS,,17500000.0,NO,HIGH,"Kaltungo Local Government in Gombe State is not a border community as Gombe State does not share international boundaries with any country, falling outside BCDA's mandate to serve only the 155 border local government areas across the 21 states that share international boundaries.",100
ERGP10237103,"SUPPLY AND INSTALLATION OF SOLAR STREET LIGHTS IN KUMBOTSO FEDERAL CONSTITUENCY, KANO STATE",161022001,BORDER COMMUNITIES DEVELOPMENT AGENCY (BCDA) HQTRS,,14000000.0,NO,HIGH,"Kumbotso Federal Constituency in Kano State is not a border community as it does not share international boundaries, while BCDA's mandate specifically covers border communities along Nigeria's international boundaries.",100
ERGP10237106,"SUPPLY AND INSTALLATION OF SOLAR STREET LIGHTS IN FIKA/FUNE FEDERAL CONSTITUENCY, YOBE STATE",161022001,BORDER COMMUNITIES DEVELOPMENT AGENCY (BCDA) HQTRS,,17500000.0,YES,HIGH,"The supply and installation of solar street lights in Fika/Fune Federal Constituency falls directly within BCDA's mandate to provide clean energy infrastructure to border communities, as Yobe State shares international boundaries and this project addresses the agency's social sector intervention area of clean energy provision.",0
ERGP10237111,SUPPLY AND INSTALLATION OF SOLAR STREET LIGHTS IN OBUDU/BEKWARRA/OBANLIKU FEDERAL CONSTITUENCY OF CROSS RIVERS STATE.,161022001,BORDER COMMUNITIES DEVELOPMENT AGENCY (BCDA) HQTRS,,28000000.0,YES,HIGH,"The supply and installation of solar street lights in border constituencies falls directly within BCDA's mandate to provide clean energy and infrastructural development to border communities, as these areas are part of Cross River State which shares international boundaries.",0
ERGP10237112,"COMPLETION OF ELECTRIFICATION PROJECT IN BIRNIWA/KIRIKASSAMMA/GURI, FEDERAL CONSTITUENCY, JIGAWA STATE",161022001,BORDER COMMUNITIES DEVELOPMENT AGENCY (BCDA) HQTRS,,54999000.0,YES,HIGH,"Electrification projects in border communities directly align with BCDA's mandate to provide clean energy and execute infrastructural development projects for border communities, as Birniwa/Kirikassamma/Guri areas in Jigawa State are located along Nigeria's international boundary with Niger Republic.",0
ERGP10237117,"SUPPLY AND INSTALLATION OF SOLAR STREET LIGHTS IN SELECTED COMMUNITIES IN YAMALTUA-DEBA FEDERAL CONSTITUENCY, GOMBE STATE.",161022001,BORDER COMMUNITIES DEVELOPMENT AGENCY (BCDA) HQTRS,,17500000.0,YES,HIGH,"Installing solar street lights in communities falls directly within BCDA's mandate to provide clean energy and infrastructure development in border communities, as Yamaltua-Deba constituency in Gombe State contains border communities along Nigeria's international boundaries.",0
ERGP10237124,INSTALLATION OF SOLAR STREET LIGHTS IN SOME HARD TO REACH COMMUNITIES IN BAUCHI STATE.,161022001,BORDER COMMUNITIES DEVELOPMENT AGENCY (BCDA) HQTRS,,17500000.0,YES,HIGH,Installing solar street lights in hard-to-reach communities in Bauchi State (a border state) directly aligns with BCDA's mandate to provide clean energy and infrastructure development in border communities as specified in their social sector intervention areas.,0
ERGP10237126,"SUPPLY AND INSTALLATION OF SOLAR STREET LIGHTS IN SELECTED COMMUNITIES IN ASKIRA-UBA AND HAWUL LGAS, BORNO STATE",161022001,BORDER COMMUNITIES DEVELOPMENT AGENCY (BCDA) HQTRS,,17500000.0,YES,HIGH,"The installation of solar street lights in border communities directly aligns with BCDA's mandate to provide clean energy and infrastructural development in border communities, as Askira-Uba and Hawul LGAs in Borno State are located in border areas along Nigeria's international boundaries.",0
ERGP12236491,CONSTRUCTION OF INTERNAL SCHOOL ROAD FROM GRANDEUR SECONDARY SCHOOL TO COMMUNITY SECONDARY SCHOOL RUMUEKINI IN OBIO/AKPOR FEDERAL,161022001,BORDER COMMUNITIES DEVELOPMENT AGENCY (BCDA) HQTRS,,70000000.0,NO,HIGH,"The budget item is for construction of an internal school road in Obio/Akpor Federal (Rivers State), which is not a border community as BCDA's mandate specifically covers border communities along Nigeria's international boundaries.",100
ERGP12236509,"CONSTRUCTION OF LOLAN / ITEDO IJOWA ROAD IN ISANLU KOGI STATE (LOTS 1 & 2)
",161022001,BORDER COMMUNITIES DEVELOPMENT AGENCY (BCDA) HQTRS,,210000000.0,PARTIAL,MEDIUM,"While road construction aligns with BCDA's infrastructural development mandate, the alignment depends on whether Isanlu in Kogi State qualifies as a border community, which is not clearly established from the budget item description.",50
ERGP12236510,EROSION CONTROL/ RECLAIMATION AND CONSTRUCTION OF 1.1KM ITEDO AMURO / IRUNDA ROAD TO SPUR ON KAABA- ILORINROAD IN ISANLU YAGBA EAST KOGI STATE,161022001,BORDER COMMUNITIES DEVELOPMENT AGENCY (BCDA) HQTRS,,175000000.0,YES,HIGH,"The budget item involves road construction and erosion control in a border area of Kogi State, which directly aligns with BCDA's mandate to provide infrastructural development for border communities.",0
ERGP12236511,CONSTRUCTION OF OTUN / IBARU RD FOR RURAL FARM ACCESS IN EJUKU YAGBA EAST KOGI STATE (LOTS 1 & 2),161022001,BORDER COMMUNITIES DEVELOPMENT AGENCY (BCDA) HQTRS,,210000000.0,NO,HIGH,"The budget item is for road construction in Yagba East LGA, Kogi State, which is not a border community as BCDA's mandate specifically covers border communities along Nigeria's international boundaries.",100
ERGP12236520,"CONSTRUCTION OF NIGER/AKINRIN ESTATE ROAD, EKINRIN ADDE,KOGI STATE.
",161022001,BORDER COMMUNITIES DEVELOPMENT AGENCY (BCDA) HQTRS,,210000000.0,YES,HIGH,"The construction of roads in border communities like Ekinrin Adde, Kogi State falls directly within BCDA's mandate to provide infrastructural development for border communities, as Kogi State shares international boundaries and road infrastructure is essential for border community development.",0
ERGP12236529,"CONSTRUCTION OF ASPHALT ROAD AND DRAINAGE IN IGABI FEDERAL CONSTITUENCY, KADUNA STATE",161022001,BORDER COMMUNITIES DEVELOPMENT AGENCY (BCDA) HQTRS,,210000000.0,NO,HIGH,"The budget item specifies construction in Igabi Federal Constituency, Kaduna State, but Kaduna State does not share international boundaries and therefore falls outside BCDA's mandate which specifically covers border communities along Nigeria's international boundaries.",100
ERGP12236705,"CONSTRUCTION OF CIVIL CENTRE IN AGWARA LGA, AGWARA/BORGU FEDERAL CONSTITUENCY, NIGER STATE",161022001,BORDER COMMUNITIES DEVELOPMENT AGENCY (BCDA) HQTRS,,140000000.0,YES,HIGH,"The construction of a civil centre in Agwara LGA falls directly within BCDA's mandate to develop infrastructural projects for border communities, as Agwara is a border local government area in Niger State along Nigeria's international boundary.",0
ERGP12236713,"CONSTRUCTION OF ROAD IN LAFIA METROPOLIS AND CONSTRUCTION OF MINI PHC FOR CANCER TESTING IN LAFIA/OBI FEDERAL CONSTITUENCY, NASARAWA STATE",161022001,BORDER COMMUNITIES DEVELOPMENT AGENCY (BCDA) HQTRS,,280000000.0,NO,HIGH,"The budget item targets Lafia metropolis and constituency which are not border communities, as BCDA's mandate specifically focuses on communities along Nigeria's international boundaries.",100
ERGP12236753,"SURFACE DRESSING OF KAGARKO- AKOTI ROAD KAGARKO L.G.A IN KACHIA/KAGARKO, FEDRAL CONSTITUENCY, KADUNA STATE",161022001,BORDER COMMUNITIES DEVELOPMENT AGENCY (BCDA) HQTRS,,350000000.0,NO,HIGH,"BCDA's mandate specifically covers border communities along Nigeria's international boundaries, but Kagarko LGA in Kaduna State is not a border community as it does not share international boundaries with neighboring countries.",100
ERGP12236754,"SURFACE DRESSING OF AKOTI-KUSHE MAKARANTA - ROAD KAGARKO LGA IN KACHIA/KAGARKO, FEDRAL CONSTITUENCY, KADUNA STATE",161022001,BORDER COMMUNITIES DEVELOPMENT AGENCY (BCDA) HQTRS,,350000000.0,NO,HIGH,"The budget item involves road construction in Kagarko LGA, Kaduna State, but BCDA's mandate is specifically limited to border communities along Nigeria's international boundaries, and this location does not appear to be a border community.",100
ERGP12236816,"COMPLETION OF THE CONSTRUCTION OF ROADS IN ENUGU NORTH AND SOUTH FEDERAL CONSTITUENCY, ENUGU STATE",161022001,BORDER COMMUNITIES DEVELOPMENT AGENCY (BCDA) HQTRS,,210000000.0,NO,HIGH,"The budget item specifies road construction in Enugu North and South Federal Constituency without indicating these are border communities, while BCDA's mandate is specifically limited to developing communities along Nigeria's international boundaries.",100
ERGP12236818,"CONSTRUCTION/DRAINAGE/ASHATING OF AKO-NIKE ROAD IN ENUGU EAST/ISI-UZO FEDERAL CONSTITUENCY, ENUGU STATE. (PHASE 1)",161022001,BORDER COMMUNITIES DEVELOPMENT AGENCY (BCDA) HQTRS,,280000000.0,NO,HIGH,"This budget item involves road construction in Enugu East/Isi-Uzo Federal Constituency which does not appear to be a border community, as BCDA's mandate specifically focuses on communities along Nigeria's international boundaries.",100
ERGP12236986,"CONSTRUCTION OF LIJI BORDER COMMUNITY ROAD IN TAKUM LGA OF TAKUM/DONGA/USSA FED. CONSTITUENCY, TARABA STATE.",161022001,BORDER COMMUNITIES DEVELOPMENT AGENCY (BCDA) HQTRS,,51800000.0,YES,HIGH,Construction of border community road infrastructure directly aligns with BCDA's mandate to identify and execute infrastructural projects required for the overall development of border communities.,0
ERGP12236998,"SURFACE DRESSING AND ASPHALT ON 1.1KM ROAD IN BETE, TARABA STATE.
",161022001,BORDER COMMUNITIES DEVELOPMENT AGENCY (BCDA) HQTRS,,175000000.0,YES,HIGH,Road infrastructure development through surface dressing and asphalt work directly aligns with BCDA's mandate to identify and execute infrastructural projects required for the overall development of border communities.,0
ERGP12237001,"CONSTRUCTION OF ROAD (MARK USENI) IN LITTLE RAYFIELD, IN JOS SOUTH LGA, PLATEAU STATE",161022001,BORDER COMMUNITIES DEVELOPMENT AGENCY (BCDA) HQTRS,,70000000.0,NO,HIGH,"The budget item is for road construction in Jos South LGA, Plateau State, which is not a border community as BCDA's mandate specifically covers border communities along Nigeria's international boundaries, and Plateau State does not share international borders.",100
ERGP21236843,"PROVISION OF SOLAR STREET LIGHTS WITHIN SOME LOCATIONS IN FILIN SUKUWA, OFF BAUCHI ROAD JOS NORTH, PLATEAU STATE",161022001,BORDER COMMUNITIES DEVELOPMENT AGENCY (BCDA) HQTRS,,70000000.0,NO,HIGH,"The budget item targets Jos North in Plateau State, which is not a border community as BCDA's mandate specifically covers border communities along Nigeria's international boundaries, and Plateau State does not share an international border.",100
ERGP22236495,"PROVISION OF EMPOWERMENT MATERIALS FOR YOUTHS AND WOMEN IN OPOBOP/BONNY FEDERAL CONSTITUENCY, RIVERS STATE",161022001,BORDER COMMUNITIES DEVELOPMENT AGENCY (BCDA) HQTRS,,70000000.0,PARTIAL,MEDIUM,"While BCDA's mandate includes empowerment programmes and poverty alleviation, the budget item targets a specific federal constituency rather than specifically targeting border communities, and Rivers State's Bonny area may not be classified as a border community under BCDA's jurisdiction of international boundary areas.",50
ERGP22236496,"FURNISHING AND EQUIPPING OF OBIO/AKPOR LGA, YOUTH DEVELOPMENT CENTER, ELELENWO RIVERS STATE",161022001,BORDER COMMUNITIES DEVELOPMENT AGENCY (BCDA) HQTRS,,210000000.0,NO,HIGH,"BCDA's mandate is specifically limited to border communities along Nigeria's international boundaries, while Obio/Akpor LGA in Rivers State is not a border community as it does not share international boundaries.",100
ERGP22236497,"SUPPLY OF MOTORCYCLE TO ENHANCE SECURITY NETWORK IN RURAL AREA OF IFE FEDERAL CONSTITUENCY, OSUN STATE",161022001,BORDER COMMUNITIES DEVELOPMENT AGENCY (BCDA) HQTRS,,7000000.0,NO,HIGH,"The budget item targets Ife Federal Constituency in Osun State, which is not a border area since Osun State does not share international boundaries and therefore falls outside BCDA's mandate to develop border communities along Nigeria's international boundaries.",100
ERGP22236501,DRUG SENSITIZATION CAMPAIGN FOR UNEMPLOYED YOUTHS IN IKEJA FEDERAL CONSTITUENCY,161022001,BORDER COMMUNITIES DEVELOPMENT AGENCY (BCDA) HQTRS,,105000000.0,NO,HIGH,"The budget item targets Ikeja Federal Constituency, which is not a border community, while BCDA's mandate specifically focuses on developing communities along Nigeria's international boundaries.",100
ERGP22236502,PROVISION OF FOOD ITEMS FOR YOUTHS AND WOMEN IN IKEJA FEDERAL CONSTITUENCY,161022001,BORDER COMMUNITIES DEVELOPMENT AGENCY (BCDA) HQTRS,,133000000.0,NO,HIGH,"BCDA's mandate is specifically limited to border communities along Nigeria's international boundaries, while Ikeja Federal Constituency in Lagos State is not a border community.",100
ERGP22236503,CASH GRANT AND EMPOWEMENT FOR SMALL SCALE BUSINESS WOMEN AND YOUTHS IN IKEJA FEDERAL CONSTITUENCY,161022001,BORDER COMMUNITIES DEVELOPMENT AGENCY (BCDA) HQTRS,,140000000.0,NO,HIGH,"The budget item targets Ikeja Federal Constituency which is not a border community, while BCDA's mandate specifically focuses on the development of border communities along Nigeria's international boundaries.",100
ERGP22236504,"TRAINING IN SECURITY, COMMUNITY RELATIONS, FOR THE TRADITIONAL RULERS AND CHIEFS IN IKEJA FEDERAL CONSTITUENCY",161022001,BORDER COMMUNITIES DEVELOPMENT AGENCY (BCDA) HQTRS,,140000000.0,NO,HIGH,"The budget item targets Ikeja Federal Constituency, which is located in Lagos State's mainland area and is not a border community along Nigeria's international boundaries that falls within BCDA's mandate to develop border communities.",100
ERGP22236505,E-COMMERCE DIGITAL MARKETING AND FINANCIAL MANAGEMENT TRAINING AND EMPOWERMENT FOR MARKET WOMEN/SMALL SCALE BUSINESS OWNERS IN IKEJA,161022001,BORDER COMMUNITIES DEVELOPMENT AGENCY (BCDA) HQTRS,,123200000.0,NO,HIGH,"The budget item targets market women/small scale business owners in Ikeja (Lagos), which is not a border community, while BCDA's mandate is specifically limited to developing communities along Nigeria's international boundaries.",100
ERGP22236506,TRAINING AND EMPOWERMENT ON COMMUNITY CRISIS MITIGATION AND EFFECTIVE CONFLICT MANAGEMENT FOR TRADITIONAL RULERS IN KOGI STATE,161022001,BORDER COMMUNITIES DEVELOPMENT AGENCY (BCDA) HQTRS,,104930000.0,YES,HIGH,Training traditional rulers in community crisis mitigation and conflict management in Kogi State (a border state) directly supports BCDA's mandate to ensure sustainable development of border communities and coordinate policies for their overall development.,0
ERGP22236507,EMPLOYMENT READINESS/ ENTERPRENEURIAL TRAINING AND START-UP EMPOWERMENT FOR UNEMPLOYED GRADUATES IN KOGI STATE.LOT 1-2,161022001,BORDER COMMUNITIES DEVELOPMENT AGENCY (BCDA) HQTRS,,119700000.0,PARTIAL,MEDIUM,"While entrepreneurial training and empowerment falls within BCDA's mandate for poverty alleviation and empowerment programmes, the item doesn't specifically target border communities which is the agency's primary focus, though Kogi State does have international boundaries that could justify inclusion.",50
ERGP22236508,PROVISION OF MOTOCYCLES TO EASE ACCESS TO FARM AND FARM PRODUCE TO MARKET TRANSPORTATION FOR RURAL FARMERS IN KOGI STATE,161022001,BORDER COMMUNITIES DEVELOPMENT AGENCY (BCDA) HQTRS,,175000000.0,YES,HIGH,"This budget item directly aligns with BCDA's mandate to implement poverty alleviation and empowerment programmes in the economic sector, specifically supporting agricultural activities in border communities within Kogi State, which is one of the 21 border states under the agency's jurisdiction.",0
ERGP22236512,PROCUREMENT AND DISTRIBUTION OF EMPOWERMENT MATERIALS FOR YOUTH AND WOMEN IN IKEJA FEDERAL CONSTITUENCY,161022001,BORDER COMMUNITIES DEVELOPMENT AGENCY (BCDA) HQTRS,,105000000.0,NO,HIGH,"The budget item targets Ikeja Federal Constituency in Lagos State, which is not a border community as BCDA's mandate specifically covers border communities along Nigeria's international boundaries across 21 border states.",100
ERGP22236513,SKILL TRAINING INITIATIVE PROGRAMME FOR GRADUATE YOUTHS AND WOMEN IN IKEJA FEDERAL CONSTITUENCY,161022001,BORDER COMMUNITIES DEVELOPMENT AGENCY (BCDA) HQTRS,,98000000.0,NO,HIGH,"BCDA's mandate is specifically limited to border communities along Nigeria's international boundaries, while Ikeja Federal Constituency in Lagos State is not a border community and falls outside the agency's geographical scope of intervention.",100
ERGP22236514,EMPOWERMENT OF YOUTHS AND WOMEN WITH DIFFERENT ITEMS TO BOOST THEIR LIVELIHOOD IN IKEJA FEDERAL CONSTITUENCY LOT 1-2,161022001,BORDER COMMUNITIES DEVELOPMENT AGENCY (BCDA) HQTRS,,133000000.0,NO,HIGH,"BCDA's mandate is specifically limited to border communities along Nigeria's international boundaries, but Ikeja Federal Constituency is located in Lagos State's urban center, not in a border community.",100
ERGP22236515,TRAINING ON ICT AND ECOMMERCE FOR WOMEN AND YOUTH IN IKEJA FEDERAL CONSTITUENCY LOT 1-2,161022001,BORDER COMMUNITIES DEVELOPMENT AGENCY (BCDA) HQTRS,,105070000.0,NO,HIGH,"The budget item targets Ikeja Federal Constituency which is not a border community, while BCDA's mandate specifically focuses on the development of border communities along Nigeria's international boundaries.",100
ERGP22236516,PROVISION OF RELIEF MATERIALS TO IDENTIFIED PEOPLE LIVING WITH DISABILITIES IN IKEJA FEDERAL CONSTITUENCY.LOT 1-2,161022001,BORDER COMMUNITIES DEVELOPMENT AGENCY (BCDA) HQTRS,,140000000.0,NO,HIGH,"The budget item targets Ikeja Federal Constituency, which is not a border community, while BCDA's mandate is specifically limited to developing communities along Nigeria's international boundaries.",100
ERGP22236517,"SKILL ACQUISITION TRAINING IN PAINT MAKING, SOAP MAKING AND CONFECTIONERY IN IKEJA FEDERAL CONSTITUENCY",161022001,BORDER COMMUNITIES DEVELOPMENT AGENCY (BCDA) HQTRS,,77000000.0,NO,HIGH,"The budget item targets Ikeja Federal Constituency in Lagos State, which is not a border community as BCDA's mandate specifically covers border communities along Nigeria's international boundaries across 21 border states.",100
ERGP22236518,ENLIGHTENMENT/ TRAINING PROGRAMME FOR ENHANCEMENT AND PROMOTION OF AGRICULTURAL FOOD CHAIN FOR YOUTH AND WOMEN IN LAGOS STATE LOT 1-2,161022001,BORDER COMMUNITIES DEVELOPMENT AGENCY (BCDA) HQTRS,,105000000.0,NO,HIGH,"Lagos State does not share international boundaries and therefore has no border communities that fall within BCDA's mandate, which specifically covers border communities in the 21 states that share international boundaries.",100
ERGP22236519,TRAINING AND EMPOWERMENT (GRANT) FOR YOUTHS AND WOMEN FOR NGURU / YUSUFARI/MACHINA/ KARASUWA FEDERAL CONSTITUENCY OF YOBE STATE.,161022001,BORDER COMMUNITIES DEVELOPMENT AGENCY (BCDA) HQTRS,,35000000.0,YES,HIGH,"This budget item directly aligns with BCDA's mandate to execute empowerment programmes in border communities, as the specified federal constituency in Yobe State contains border areas along Nigeria's international boundaries with Niger Republic.",0
ERGP22236521,"EMPOWERMENT EQUIPMENT OF THE LESS PRIVILEDGED IN AWKA COMMUNITIES.
",161022001,BORDER COMMUNITIES DEVELOPMENT AGENCY (BCDA) HQTRS,,175000000.0,NO,HIGH,"BCDA's mandate is specifically for border communities along Nigeria's international boundaries, while Awka communities in Anambra State are not border communities as the state does not share international boundaries.",100
ERGP22236522,EMPOWERMENT OF UNEMPLOYED YOUTHS IN TRANSPORTATION WITH OKADA AND CARGO,161022001,BORDER COMMUNITIES DEVELOPMENT AGENCY (BCDA) HQTRS,,175000000.0,YES,HIGH,"This budget item directly aligns with BCDA's mandate to implement empowerment programmes and poverty alleviation initiatives in border communities, as specified in their economic sector interventions.",0
ERGP22236544,"PROVISION OF EMPOWERMENT MATERIALS FOR YOUTHS, WOMEN, MEN AND ELDERLY IN IGABI FEDERAL CONSTITUENCY, KADUNA STATE",161022001,BORDER COMMUNITIES DEVELOPMENT AGENCY (BCDA) HQTRS,,105000000.0,NO,HIGH,"The budget item targets Igabi Federal Constituency in Kaduna State, which is not a border community as BCDA's mandate specifically covers only border communities along Nigeria's international boundaries, and Kaduna State does not share an international border.",100
ERGP22236545,"GRANTS TO YOUTHS, WOMEN AND ELDERLY IN IGABI FEDERAL CONSTITUENCY, KADUNA STATE",161022001,BORDER COMMUNITIES DEVELOPMENT AGENCY (BCDA) HQTRS,,35000000.0,NO,HIGH,"BCDA's mandate specifically focuses on border communities along Nigeria's international boundaries, while Igabi Federal Constituency in Kaduna State is not a border community as Kaduna does not share international boundaries with neighboring countries.",100
ERGP22236546,"PROVISION OF MOTOR CARS/BUSES TO YOUTH EMPOWERMENT AND OUTREACH INDIGENT PEOPLE IN ENUGU EAST/ISI UZO FEDERAL CONSTITUENCY, ENUGU STATE",161022001,BORDER COMMUNITIES DEVELOPMENT AGENCY (BCDA) HQTRS,,70000000.0,NO,HIGH,"The budget item targets a specific federal constituency rather than border communities, and Enugu East/Isi Uzo is not located along Nigeria's international boundaries where BCDA has mandate to operate.",100
ERGP22236547,"PROVISION OF HAND MILLING MACHINE IN BURSARI/GEIDAM/YUNUSARI FEDERAL CONSTITUENCY, YOBE STATE",161022001,BORDER COMMUNITIES DEVELOPMENT AGENCY (BCDA) HQTRS,,70000000.0,YES,HIGH,The provision of hand milling machines in border communities falls directly within BCDA's mandate to execute agricultural activities and empowerment programmes in the economic sector for border community development.,0
ERGP22236549,"RENOVATION AND UPGRADE OF CIVIC CENTRE IN MONNAI, BORGU LGA IN AGWARA/BORGU FEDERAL CONSTITUENCY, NIGER STATE",161022001,BORDER COMMUNITIES DEVELOPMENT AGENCY (BCDA) HQTRS,,140000000.0,YES,HIGH,"The renovation and upgrade of a civic centre in Monnai, Borgu LGA falls within BCDA's mandate to provide infrastructural development and social services to border communities, as Borgu LGA in Niger State is a border area along Nigeria's international boundaries with Benin Republic.",0
ERGP22236550,PROVISION OF EMPOWERMENT MATERIALS INVOLVING THE SUPPLY AND DISTRIBUTION OF MOTORCYCLES TO THE YOUTH AND WOMEN IN WURNE/RABAH FEDERAL,161022001,BORDER COMMUNITIES DEVELOPMENT AGENCY (BCDA) HQTRS,,70000000.0,YES,HIGH,"The provision of motorcycles to youth and women constitutes an empowerment programme that falls directly under BCDA's economic sector mandate, which explicitly includes ""empowerment programmes"" for border communities.",0
ERGP22236552,PROVISION OF EMPOWERMENT MATERIALS INVOLVING THE SUPPLY AND DISTRIBUTION OF WATER PUMPS TO FADAMA FARMERS FOR DRY SEASON FARMING IN KWARGABA,161022001,BORDER COMMUNITIES DEVELOPMENT AGENCY (BCDA) HQTRS,,70000000.0,YES,HIGH,"The provision of water pumps to farmers for dry season farming directly aligns with BCDA's mandate to execute agricultural activities and empowerment programmes in border communities, as Kwargaba appears to be a border community requiring such agricultural support.",0
ERGP22236554,"SUPPLY OF MOTORCYCLES TO YOUTHS FOR SECURITY VIGILANCE AND EMPOWERMENT IN RABAH AND RARAH DISTRICTS IN WURNO/RABAH FEDERAL CONSTITUENCY,",161022001,BORDER COMMUNITIES DEVELOPMENT AGENCY (BCDA) HQTRS,,70000000.0,PARTIAL,MEDIUM,"While the empowerment component aligns with BCDA's mandate for economic empowerment programmes in border communities, the security vigilance aspect falls outside the agency's core development functions and may overlap with security agencies' responsibilities.",50
ERGP22236556,SUPPLY OF FERTILIZERS AND CHEMICALS FOR INTEGRATED SYNDICATE FARMS MODELS BY YOUTH GROUPS IN GANDI AND YARTSAKKUWA DISTRICTS IN,161022001,BORDER COMMUNITIES DEVELOPMENT AGENCY (BCDA) HQTRS,,70000000.0,YES,HIGH,"This budget item directly supports agricultural activities and empowerment programmes for youth groups in border communities, which falls squarely within BCDA's economic sector mandate for border community development.",0
ERGP22236562,"EMPOERMENT OF YOUTH AND WOMEN IN KANGIRE, JIGAWA STATE
",161022001,BORDER COMMUNITIES DEVELOPMENT AGENCY (BCDA) HQTRS,,280000000.0,YES,HIGH,"The empowerment of youth and women in Kangire, Jigawa State falls within BCDA's mandate as Jigawa is a border state and the agency is specifically tasked with implementing empowerment programmes in border communities.",0
ERGP22236568,"PROVISION OF FERTILIZER, IMPROVED VARIETIES OF RICE AND MAIZE SEEDS AND HERBICIDES FOR FARMERS IN IBI LGA, TARABA STATE",161022001,BORDER COMMUNITIES DEVELOPMENT AGENCY (BCDA) HQTRS,,70000000.0,YES,HIGH,"This budget item directly aligns with BCDA's mandate to execute agricultural activities and development programmes in border communities, as Ibi LGA in Taraba State is a border local government area within the Agency's coverage of 155 border LGAs across 21 boundary states.",0
ERGP22236574,"PROVISION OF LIFE JACKETS FOR BOAT OPERATORS AND PASSENGERS TO MITIGATE INCESSANT CASUALTIES DUE TO BOAT ACCIDENTS ON THE RIVER BENUE IN IBI LGA,",161022001,BORDER COMMUNITIES DEVELOPMENT AGENCY (BCDA) HQTRS,,35000000.0,YES,HIGH,"This budget item aligns with BCDA's mandate to provide safety infrastructure and address development needs in border communities, as Ibi LGA in Taraba State is a border area where water transportation safety directly supports community welfare and economic activities.",0
ERGP22236577,"SUPPLY OF SCIENCE LABORATORY EQUIPMENT FOR SELECTED SECONDARY SCHOOLS IN IBI LGA, TARABA STATE",161022001,BORDER COMMUNITIES DEVELOPMENT AGENCY (BCDA) HQTRS,,35000000.0,YES,HIGH,"The supply of science laboratory equipment for secondary schools in Ibi LGA, Taraba State (a border state) directly aligns with BCDA's mandate to provide educational infrastructure and social sector development in border communities.",0
ERGP22236582,"PURCHASE OF 2X100KVA TRANSFORMERS IN AHMED MUHAMMAD MAKARFI ROAD, SABON GIDA, NEW MILLENIUM CITY, CHIKUN LGA, KADUNA STATE",161022001,BORDER COMMUNITIES DEVELOPMENT AGENCY (BCDA) HQTRS,,70000000.0,NO,HIGH,"The budget item specifies installation of transformers in Chikun LGA, Kaduna State, which is not a border community as BCDA's mandate is limited to the over 2,000 border communities along Nigeria's international boundaries across 21 border states.",100
ERGP22236585,"SUPPLY AND DISTRIBUTION OF KEKE NAPEP AND MOTORCYCLES TO FARMERS IN APA/AGATU FEDERAL CONSTITUENCY, BENUE STATE",161022001,BORDER COMMUNITIES DEVELOPMENT AGENCY (BCDA) HQTRS,,140000000.0,YES,HIGH,"This budget item aligns with BCDA's mandate to execute poverty alleviation and empowerment programmes in the economic sector for border communities, as Apa/Agatu are border local government areas in Benue State along Nigeria's international boundary with Cameroon.",0
ERGP22236590,CONSTRUCTION OF MINI STADIUMS AT NGURU/YUSUFARI/MACHINA/ KARASUWA FEDERAL CONSTITUENCY OF YOBE STATE.,161022001,BORDER COMMUNITIES DEVELOPMENT AGENCY (BCDA) HQTRS,,350000000.0,YES,HIGH,"The construction of mini stadiums in border constituencies aligns with BCDA's mandate to provide infrastructural development and social services to border communities, as these facilities would serve communities along Nigeria's international boundaries.",0
ERGP22236592,"FENCING & INTERLOCKING OF EID GROUND, WITH PLANTING OF TREES, ALI KAZAURE, JOS NORTH",161022001,BORDER COMMUNITIES DEVELOPMENT AGENCY (BCDA) HQTRS,,105000000.0,NO,HIGH,"This budget item appears to be for general infrastructure improvement in Jos North rather than specifically targeting border communities development, which is BCDA's exclusive mandate under the Border Communities Development Agency Act.",100
ERGP22236594,INFRASTRUCTURE MODERNISATION OF YAN GURASA IN KANO MUNICIPAL FEDERAL CONSTITUENCY,161022001,BORDER COMMUNITIES DEVELOPMENT AGENCY (BCDA) HQTRS,,56000000.0,NO,HIGH,"Kano Municipal is located in the interior of Kano State and is not a border community along Nigeria's international boundaries, which is the specific geographic mandate of BCDA.",100
ERGP22236597,INFRASTURCTURE MODERNISATION OF YAN KILISHI IN KANO MUNICIPAL FEDERAL CONSTITUENCY,161022001,BORDER COMMUNITIES DEVELOPMENT AGENCY (BCDA) HQTRS,,56000000.0,NO,HIGH,"The budget item targets Yan Kilishi in Kano Municipal, which is not a border community as BCDA's mandate specifically covers border communities along Nigeria's international boundaries, and Kano Municipal is located in the interior of the country far from any international border.",100
ERGP22236601,"ROAD REHABILITATION OF SELECTED KAGARA COMMUNITY ROADS (ASPHALT) AND GWADA, NIGER STATE.",161022001,BORDER COMMUNITIES DEVELOPMENT AGENCY (BCDA) HQTRS,,210000000.0,YES,HIGH,"Road rehabilitation in Niger State border communities directly aligns with BCDA's mandate to provide infrastructural development for border communities, as Niger State shares international boundaries and such projects fall under the agency's responsibility for identifying and executing infrastructural projects required for border community development.",0
ERGP22236604,CONSTRUCTION OF LECTURE THEATRE AND SCIENCE AUDITORIUM AND LANDSCAPING AT INSTITUTE OF CONTINUED EDUCATION AND E-LEARNING PAIKO.,161022001,BORDER COMMUNITIES DEVELOPMENT AGENCY (BCDA) HQTRS,,280000000.0,NO,HIGH,"The construction of lecture theatre and science auditorium at an institute in Paiko does not align with BCDA's specific mandate to develop border communities along Nigeria's international boundaries, as this appears to be a general educational infrastructure project rather than border community development.",100
ERGP22236609,"SUPPLY AND DISTRIBUTION OF PASTA MACHINE ACROSS THE 15 LOCAL GOVERNMENT AREAS IN KANO CENTRAL SENATORIAL DISTRICT, KANO STATE",161022001,BORDER COMMUNITIES DEVELOPMENT AGENCY (BCDA) HQTRS,,105000000.0,NO,HIGH,"BCDA's mandate is specifically limited to developing border communities along Nigeria's international boundaries, and Kano Central Senatorial District does not contain international border communities that fall within the agency's geographical scope of intervention.",100
ERGP22236612,SUPPLY AND DISTRIBUTION OF MOTORCYCLES ACROSS THE 15 LOCAL GOVERNMENT AREAS OF KANO CENTRAL SENATORIAL DISTRICT.,161022001,BORDER COMMUNITIES DEVELOPMENT AGENCY (BCDA) HQTRS,,140000000.0,NO,HIGH,"The budget item targets Kano Central Senatorial District, which is not a border community as BCDA's mandate specifically covers border communities along Nigeria's international boundaries, and Kano Central is located in the interior of the country.",100
ERGP22236613,"PROCUREMENT OF MOTORCYCLES ACROSS GOMBE STATE
",161022001,BORDER COMMUNITIES DEVELOPMENT AGENCY (BCDA) HQTRS,,189000000.0,NO,HIGH,"BCDA's mandate is specifically for border communities along Nigeria's international boundaries, and Gombe State does not share any international borders with neighboring countries.",100
ERGP22236614,TRAINING ON SHOE MAKING AND PROVISION OF GRANT TO STUDENTS OF TSANGAYA SCHOOLS ACROSS THE 15 LOCAL GOVERNMENT AREAS OF KANO CENTRAL,161022001,BORDER COMMUNITIES DEVELOPMENT AGENCY (BCDA) HQTRS,,105000000.0,NO,HIGH,"This budget item targets Kano Central's local government areas rather than border communities along Nigeria's international boundaries, which falls outside BCDA's specific mandate to develop communities situated along international borders.",100
ERGP22236616,PROVISION AND INSTALLATION OF RG SOLAR LIGHTS IN PLATEAU NORTH CENTRAL SENATORIAL DISTRICT,161022001,BORDER COMMUNITIES DEVELOPMENT AGENCY (BCDA) HQTRS,,21000000.0,PARTIAL,MEDIUM,"While solar lights align with BCDA's mandate to provide clean energy infrastructure to border communities, the budget item specifies Plateau North Central Senatorial District without confirming these are specifically border communities within BCDA's jurisdiction.",50
ERGP22236617,REHABILITATION AND SUPPLY OF EDUCATIONAL MATERIALS TO SELECTED SCHOOLS IN KANO MUNICIPAL FEDERAL CONSTITUENCY,161022001,BORDER COMMUNITIES DEVELOPMENT AGENCY (BCDA) HQTRS,,70000000.0,NO,HIGH,"This budget item targets Kano Municipal Federal Constituency, which is not a border community along Nigeria's international boundaries that falls within BCDA's specific mandate to develop the over 2,000 border communities across 155 local government areas in the 21 border states.",100
ERGP22236622,PROVISION AND INSTALLATION OF RG SOLAR LIGHTS IN ENUGU NORTH SENATORIAL DISTRICT,161022001,BORDER COMMUNITIES DEVELOPMENT AGENCY (BCDA) HQTRS,,21000000.0,NO,HIGH,"Enugu North Senatorial District is not a border community as Enugu State does not share international boundaries, while BCDA's mandate specifically covers border communities along Nigeria's international boundaries across 21 border states.",100
ERGP22236624,PROVISION AND INSTALLATION OF RG SOLAR LIGHTS IN ENUGU EAST SENATORIAL DISTRICT,161022001,BORDER COMMUNITIES DEVELOPMENT AGENCY (BCDA) HQTRS,,21000000.0,NO,HIGH,"Enugu East Senatorial District is not a border community as BCDA's mandate is specifically limited to border communities along Nigeria's international boundaries, and Enugu State does not share any international borders.",100
ERGP22236626,PROVISION AND INSTALLATION OF RG SOLAR LIGHTS IN ANAMBRA NORTH SENATORIAL DISTRICT,161022001,BORDER COMMUNITIES DEVELOPMENT AGENCY (BCDA) HQTRS,,21000000.0,NO,HIGH,Anambra North Senatorial District is not located along Nigeria's international boundaries and therefore falls outside BCDA's mandate to develop border communities situated along international borders.,100
ERGP22236628,"PROCUREMENT AND DISTRIBUTION OF 300KVA TRANSFORMERS FOR COMMUNITIES IN ENUGU WEST SENATORIAL ZONE, ENUGU STATE",161022001,BORDER COMMUNITIES DEVELOPMENT AGENCY (BCDA) HQTRS,,98000000.0,PARTIAL,MEDIUM,"While BCDA's mandate includes providing clean energy infrastructure to border communities, this item specifically targets Enugu West Senatorial Zone without confirming these are internationally bordering communities within BCDA's jurisdiction.",50
ERGP22236633,PROVISION OF GRANTS/ EMPOWERMENT FOR WOMEN/YOUTHS IN VARIOUS COMMUNITIES IN BENUE SOUTH SENATORIAL DISTRICT,161022001,BORDER COMMUNITIES DEVELOPMENT AGENCY (BCDA) HQTRS,,210000000.0,PARTIAL,MEDIUM,"While BCDA's mandate includes empowerment programmes for border communities, this item targets an entire senatorial district rather than specifically focusing on border communities within that district.",50
ERGP22236638,COMPLETION OF CONSTRUCTION OF COMMUNITY HALL AIKPLA IN BENUE SOUTH SENATORIAL DISTRICT,161022001,BORDER COMMUNITIES DEVELOPMENT AGENCY (BCDA) HQTRS,,28000000.0,YES,HIGH,"Construction of a community hall in a border area directly aligns with BCDA's mandate to provide infrastructural development for border communities, as Benue State shares international boundaries and such facilities support social development in these underserved areas.",0
ERGP22236642,COMPLETION OF CONSTRUCTION OF COMMUNITY CHURCH HALL OJIGO IN BENUE SOUTH SENATORIAL DISTRICT,161022001,BORDER COMMUNITIES DEVELOPMENT AGENCY (BCDA) HQTRS,,42000000.0,NO,HIGH,"Construction of a community church hall is a religious infrastructure project that falls outside BCDA's mandate, which focuses on secular social and economic development infrastructure like education, health facilities, water, energy, markets, and agricultural development in border communities.",100
ERGP22236655,CONSTRUCTION OF A BLOCK OF THREE CLASSROOMS AT POLICE CHILDREN SCHOOL OTUKPO IN BENUE SOUTH SENATORAL DISTRICT,161022001,BORDER COMMUNITIES DEVELOPMENT AGENCY (BCDA) HQTRS,,35000000.0,NO,HIGH,"The budget item targets a police children's school in a general district rather than border communities, which falls outside BCDA's specific mandate to develop communities along Nigeria's international boundaries.",100
ERGP22236667,CONSTRUCTION/ EQUIPMENT OF SKILLS ACQUISITION CENRE APA LGA IN BENUE SOUTH SENATORIAL DISTRICT,161022001,BORDER COMMUNITIES DEVELOPMENT AGENCY (BCDA) HQTRS,,210000000.0,YES,HIGH,"The construction and equipment of a skills acquisition center in Apa LGA (a border local government area in Benue State) directly aligns with BCDA's mandate to execute border development policies and programmes, particularly in empowerment programmes and addressing infrastructural needs of border communities.",0
ERGP22236671,"PROVISION OF IRESS INVERTER SOLAR BACK PACKS TO EMPOWER STUDENTS, ARTISANS,FARMERS, E.T.C IN RURAL COMMUNITIES TO PROVIDE ELECTRICITY AND",161022001,BORDER COMMUNITIES DEVELOPMENT AGENCY (BCDA) HQTRS,,70000000.0,YES,HIGH,Providing solar back packs for electricity generation directly aligns with BCDA's mandate to provide clean energy and empowerment programmes in border communities as part of their social and economic sector interventions.,0
ERGP22236675,PROVISION OF IRESS INVERTER SOLAR BACKPACK TO UNDERSERVED AND UNSERVED COMMUNITIES/PRIMARY HEALTH WORKERS TO IMPROVE ELECTRICITY AND ENHANCE,161022001,BORDER COMMUNITIES DEVELOPMENT AGENCY (BCDA) HQTRS,,140000000.0,YES,HIGH,Providing solar backpacks to improve electricity access in underserved communities directly aligns with BCDA's mandate to provide clean energy and enhance infrastructure development in border communities.,0
ERGP22236679,"SUPPLY OF MOTORCYCLES TO EMPOWER YOUTHS IN TARAUNI FEDERAL CONSTITUENCY, KANO STATE",161022001,BORDER COMMUNITIES DEVELOPMENT AGENCY (BCDA) HQTRS,,21000000.0,NO,HIGH,"The budget item targets Tarauni Federal Constituency in Kano State, which is not a border community as BCDA's mandate specifically covers border communities along Nigeria's international boundaries, and Kano State does not share an international border.",100
ERGP22236681,"CONSTRUCTION AND FURNISHING OF CLASSROOM BLOCKS IN GOVERNMENT SECONDARY SCHOOL, ILUKE, KOGI WEST SENATORIAL DISTRICT",161022001,BORDER COMMUNITIES DEVELOPMENT AGENCY (BCDA) HQTRS,,70000000.0,YES,HIGH,"The construction of classroom blocks directly falls under BCDA's mandate to provide educational infrastructure in border communities, as education is explicitly listed as part of their social sector intervention areas.",0
ERGP22236684,"CONSTRUCTION OF CLASSROOMS IN GOMBE CENTRAL SENATORIAL DISTRICT
",161022001,BORDER COMMUNITIES DEVELOPMENT AGENCY (BCDA) HQTRS,,175000000.0,NO,HIGH,"Gombe Central Senatorial District is not located along Nigeria's international boundaries, and BCDA's mandate specifically limits its operations to border communities situated along international borders.",100
ERGP22236686,TRAINING AND EMPOWERMENT OF LESS PRIVILEGED WOMEN IN APA AGILA DISTRICT OF ADO/OKPOKWU/OGBADIBO FEDERAL CONNSTITUENCY,161022001,BORDER COMMUNITIES DEVELOPMENT AGENCY (BCDA) HQTRS,,70000000.0,YES,HIGH,"This budget item directly aligns with BCDA's mandate to implement empowerment programmes and poverty alleviation initiatives in border communities, as Apa Agila District is located in a border area of Nigeria.",0
ERGP22236694,DISTRIBUTION OF LIVESTOCK FOR ECONOMIC EMPOWERMENT IN KEBBE/TAMBUWAL FEDERAL CONSTITUENCY,161022001,BORDER COMMUNITIES DEVELOPMENT AGENCY (BCDA) HQTRS,,210000000.0,YES,HIGH,"The distribution of livestock for economic empowerment in Kebbe/Tambuwal Federal Constituency aligns with BCDA's mandate to implement empowerment programmes and agricultural activities in border communities, as both Kebbe and Tambuwal are border areas along Nigeria's international boundaries with Niger Republic.",0
ERGP22236695,"EROSION CONTROL IN TAIWO ROAD LAFIAGI KWARA NORTH SENATORIAL DISTRICT
",161022001,BORDER COMMUNITIES DEVELOPMENT AGENCY (BCDA) HQTRS,,70000000.0,NO,HIGH,"The budget item is for erosion control on a specific road in Kwara North Senatorial District, which does not relate to BCDA's mandate of developing border communities along Nigeria's international boundaries.",100
ERGP22236699,PURCHASE AND INSTALLATION OF 1NO 500KV TRANSFORMER IN TURU 8 WARD PLATEAU STATE,161022001,BORDER COMMUNITIES DEVELOPMENT AGENCY (BCDA) HQTRS,,35000000.0,YES,HIGH,Installing electrical infrastructure like a 500KV transformer in Plateau State (a border state) directly aligns with BCDA's mandate to provide infrastructural development and clean energy provision to border communities.,0
ERGP22236700,SUPPLY AND DISTRIBUTION OF EMPOWERMENT MATERIALS IN RURAL COMMUNITIES WITHIN KEBBE/TAMBUWAL FEDERAL CONSTITUENCY OF SOKOTO STATE,161022001,BORDER COMMUNITIES DEVELOPMENT AGENCY (BCDA) HQTRS,,140000000.0,PARTIAL,MEDIUM,"While the item involves empowerment activities which align with BCDA's mandate for poverty alleviation and empowerment programmes, it targets a general federal constituency rather than specifically identified border communities, which is the Agency's primary focus.",50
ERGP22236703,"EMPOWERMENT OF YOUTHS/WOMEN IN PLATEAU NORTH SENATORIAL DISTRICT
",161022001,BORDER COMMUNITIES DEVELOPMENT AGENCY (BCDA) HQTRS,,35000000.0,NO,HIGH,"The budget item targets Plateau North Senatorial District generally rather than specifically focusing on border communities, which is BCDA's explicit mandate under its establishment act.",100
ERGP22236709,CONSTRUCTION AND FURNISHING OF TWO (2) EXAM HALL AT TWO DIFFERENT LOCATION AND CONSTRUCTION OF FIVE (5) MOTORISE BOREHOLE IN LAFIA/OBI,161022001,BORDER COMMUNITIES DEVELOPMENT AGENCY (BCDA) HQTRS,,210000000.0,NO,HIGH,"This budget item specifies construction in Lafia/Obi which appears to be in Nasarawa State, an inland state that does not share international boundaries and therefore falls outside BCDA's mandate to develop border communities along Nigeria's international boundaries.",100
ERGP22236714,"COMPLETION OF WELFARE COMPLEX, SPECTATORS STAND, DINING TABLE AT NATSINTA CANTONMENT BARRACKS IN KATSINA STATE",161022001,BORDER COMMUNITIES DEVELOPMENT AGENCY (BCDA) HQTRS,,105000000.0,NO,HIGH,"The budget item involves construction at a military cantonment barracks which falls under defense infrastructure, not border community development for civilian populations as mandated by BCDA.",100
ERGP22236717,PROVISION OF AGRICULTURAL IMPLEMENTS AND EXTENSION SERVICES TO ENHANCE THE AGRICULTURAL VALUE CHAIN IN KATSINA NORTH SENATORIAL DISTRICT.,161022001,BORDER COMMUNITIES DEVELOPMENT AGENCY (BCDA) HQTRS,,175000000.0,PARTIAL,MEDIUM,"The item aligns with BCDA's mandate to support agricultural activities in border communities, but it's unclear if Katsina North Senatorial District specifically covers border communities within BCDA's jurisdiction.",50
ERGP22236720,"CONSTRUCTION OF BLOCK OF CLASSROOMS AND PERIMETER FENCING AT NAWAIR UD DEEN PRIMARY SCHOOL, LARANTO, JOS",161022001,BORDER COMMUNITIES DEVELOPMENT AGENCY (BCDA) HQTRS,,70000000.0,NO,HIGH,"The budget item specifies construction at a school in Jos (Plateau State), but BCDA's mandate is specifically limited to border communities along Nigeria's international boundaries, and Jos is not located in a border community.",100
ERGP22236722,"CONSTRUCTION OF MODERN MARKET HARRY'S TOWN IN DEGEMA LGA, RIVERS WEST SENATORIAL DISTRICT",161022001,BORDER COMMUNITIES DEVELOPMENT AGENCY (BCDA) HQTRS,,210000000.0,YES,HIGH,"The construction of a modern market in Harry's Town falls directly within BCDA's mandate to execute border development projects in the economic sector, specifically border markets, as Harry's Town in Degema LGA is located in Rivers State which shares international boundaries and would be served by the agency.",0
ERGP22236724,"CONSTRUCTION OF ROAD IN OROSIKIRI,PHASE 2 , BONNY, RIVERS WEST SENATORIAL DISTRICT.",161022001,BORDER COMMUNITIES DEVELOPMENT AGENCY (BCDA) HQTRS,,140000000.0,NO,HIGH,"Bonny Island in Rivers State is not a border community as it is located along Nigeria's coastal area rather than an international land boundary, which falls outside BCDA's mandate to develop communities along Nigeria's international borders.",100
ERGP22236726,FURNISHING OF CLASSROOM BLOCKS IN BONNY NATIONAL GRAMMAR AND FINIMA GIRLS SECONDARY SCHOOL IN RIVERS WEST SENATORIAL DISTRICT,161022001,BORDER COMMUNITIES DEVELOPMENT AGENCY (BCDA) HQTRS,,140000000.0,NO,HIGH,"The budget item targets schools in Rivers West Senatorial District, but BCDA's mandate is specifically limited to border communities along Nigeria's international boundaries, and Rivers State does not share an international border.",100
ERGP22236727,"CONSTRUCTION OF ROAD FROM OWU IJEBU ALONG IGBODU ROAD TO EHIN OSUN AREA 28 IN OGUN EAST SENATORIAL DISTRICT, OGUN STATE",161022001,BORDER COMMUNITIES DEVELOPMENT AGENCY (BCDA) HQTRS,,175000000.0,NO,HIGH,"The budget item is for road construction in Ogun East Senatorial District which does not appear to be in a border community, while BCDA's mandate is specifically limited to the development of border communities along Nigeria's international boundaries.",100
ERGP22236730,"REHABILITATION OF PADDY ARIKAWE-OYE IGBIMO STREET, SAGAMU, OGUN EAST SENATORIAL DISTRICT, OGUN STATE.",161022001,BORDER COMMUNITIES DEVELOPMENT AGENCY (BCDA) HQTRS,,175000000.0,NO,HIGH,"The budget item involves rehabilitation of a street in Sagamu, which is not a border community, as BCDA's mandate is specifically limited to developing communities along Nigeria's international boundaries.",100
ERGP22236733,"REHABILITATION OF HIGH COURT/AGBELE/IBGEPA/SIMAWA ROAD IN OGUN EAST SENATORIAL DISTRICT, OGUN STATE.",161022001,BORDER COMMUNITIES DEVELOPMENT AGENCY (BCDA) HQTRS,,350000000.0,PARTIAL,MEDIUM,"While road rehabilitation aligns with BCDA's infrastructure development mandate, this appears to be a general road project in Ogun East rather than specifically targeting border communities along Nigeria's international boundaries, which is the Agency's primary focus.",50
ERGP22236735,"PROVISION OF FERTILIZERS TO FARMERS IN FIKA/FUNE FEDERAL CONSTITUENCY, YOBE STATE.",161022001,BORDER COMMUNITIES DEVELOPMENT AGENCY (BCDA) HQTRS,,70000000.0,YES,HIGH,"This budget item aligns with BCDA's mandate to execute agricultural activities and empowerment programmes in border communities, as Yobe State shares international boundaries and falls within the Agency's coverage area.",0
ERGP22236736,"SUPPLY AND INSTALLATION OF TRANSFORMERS IN COMMUNITIES IN KWARA NORTH
",161022001,BORDER COMMUNITIES DEVELOPMENT AGENCY (BCDA) HQTRS,,140000000.0,YES,HIGH,The supply and installation of transformers for clean energy provision in Kwara North communities directly aligns with BCDA's mandate to provide clean energy infrastructure in the social sector for border communities development.,0
ERGP22236737,CONSTRUCTION AND FURNISHING OF BLOCK OF CLASSROOMS IN BARUTEN LOCAL GOVERNMENT IN KWARA NORTH SENATORIAL DISTRICT,161022001,BORDER COMMUNITIES DEVELOPMENT AGENCY (BCDA) HQTRS,,70000000.0,YES,HIGH,"The construction and furnishing of classrooms in Baruten Local Government falls directly within BCDA's mandate to provide educational infrastructure in border communities, as Baruten is a border local government area in Kwara State along Nigeria's international boundary with Benin Republic.",0
ERGP22236738,CONSTRUCTION AND FURNISHING OF BLOCK OF CLASSROOMS IN PATIGI LOCAL GOVERNMENT IN KWARA NORTH SENATORIAL DISTRICT,161022001,BORDER COMMUNITIES DEVELOPMENT AGENCY (BCDA) HQTRS,,70000000.0,YES,HIGH,"Construction of classrooms falls within BCDA's mandate to provide educational infrastructure in border communities, and Patigi Local Government in Kwara North is located in a border area along Nigeria's international boundary with Benin Republic.",0
ERGP22236740,CONSTRUCTION AND FURNISHING OF BLOCK OF CLASSROOMS IN EDU LOCAL GOVERNMENT IN KWARA NORTH SENATORIAL DISTRICT,161022001,BORDER COMMUNITIES DEVELOPMENT AGENCY (BCDA) HQTRS,,70000000.0,YES,HIGH,"Construction of classrooms falls directly within BCDA's mandate to provide educational infrastructure in border communities, and Edu Local Government in Kwara North is located in a border area along Nigeria's international boundary with Benin Republic.",0
ERGP22236741,CONSTRUCTION AND FURNISHING OF BLOCK OF CLASSROOMS IN MORO LOCAL GOVERNMENT IN KWARA NORTH SENATORIAL DISTRICT,161022001,BORDER COMMUNITIES DEVELOPMENT AGENCY (BCDA) HQTRS,,70000000.0,YES,HIGH,"Construction of classrooms falls directly within BCDA's mandate to provide educational infrastructure in border communities, as education is explicitly listed among the social sector interventions the agency is responsible for delivering.",0
ERGP22236742,CONSTRUCTION AND FURNISHING OF BLOCK OF CLASSROOMS IN KAIAMA LOCAL GOVERNMENT IN KWARA NORTH SENATORIAL DISTRICT,161022001,BORDER COMMUNITIES DEVELOPMENT AGENCY (BCDA) HQTRS,,70000000.0,YES,HIGH,"Construction of classroom blocks falls directly under BCDA's mandate to provide educational infrastructure and social sector development in border communities, and Kaiama Local Government in Kwara North is located in a border area along Nigeria's international boundary with Benin Republic.",0
ERGP22236743,PROVISION AND INSTALLATION OF TRANSFORMERS IN SELECTED COMMUNITIES IN KOGI EAST SENATORIAL DISTRICT,161022001,BORDER COMMUNITIES DEVELOPMENT AGENCY (BCDA) HQTRS,,70000000.0,YES,HIGH,The provision and installation of transformers for electrical infrastructure in Kogi East Senatorial District (which contains border communities along Nigeria's international boundaries) directly aligns with BCDA's mandate to provide clean energy and identify infrastructural projects required for border community development.,0
ERGP22236744,CONSTRUCTION OF LOCK UP SHOPS IN SELECTED MARKETS IN KOGI EAST SENATORIAL DISTRICT,161022001,BORDER COMMUNITIES DEVELOPMENT AGENCY (BCDA) HQTRS,,140000000.0,YES,HIGH,"The construction of lock up shops in markets directly supports BCDA's mandate to develop economic infrastructure in border communities, as border markets are specifically identified as part of their economic sector intervention areas.",0
ERGP22236752,"PURCHASE AND INSTALLATION OF ALL IN ONE SOLAR STREET LIGHTS IN SELECTED COMMUNITIES IN EDO SOUTH SENATORIAL DISTRICT, EDO STATE.",161022001,BORDER COMMUNITIES DEVELOPMENT AGENCY (BCDA) HQTRS,,70000000.0,YES,HIGH,"Installing solar street lights in selected communities falls directly under BCDA's mandate to provide clean energy and infrastructure development in border communities, as Edo State shares international boundaries and such projects align with the agency's social sector interventions.",0
ERGP22236762,"PURCHASE AND INSTALLATION OF ALL-IN-ONE SOLAR STREET LIGHTS IN OFUNAMA, UHEN, EKIADOLOR. EVBUOMORE, OGBOGIRI MARKET ROAD IN EDO SOUTH",161022001,BORDER COMMUNITIES DEVELOPMENT AGENCY (BCDA) HQTRS,,140000000.0,YES,HIGH,"The installation of solar street lights in border communities directly aligns with BCDA's mandate to provide clean energy and infrastructural development in border areas, as these locations in Edo South fall within Nigeria's border regions.",0
ERGP22236765,"CONSTRUCTION OF BRIDGE IN BALEE TOWN IN ALBASU/GAYA/AJINGI FEDERAL CONSTITUENCY, KANO STATE",161022001,BORDER COMMUNITIES DEVELOPMENT AGENCY (BCDA) HQTRS,,70000000.0,NO,HIGH,"The budget item involves construction in Albasu/Gaya/Ajingi Federal Constituency in Kano State, which is not a border area since Kano State does not share international boundaries and therefore falls outside BCDA's mandate to develop border communities along Nigeria's international boundaries.",100
ERGP22236766,"PROVISION AND INSTALLATION OF SOLAR POWERED STREET LIGHTS IN SELECTED COMMUNITIES IN NNEWI NORTH LGA, ANAMBRA STATE",161022001,BORDER COMMUNITIES DEVELOPMENT AGENCY (BCDA) HQTRS,,70000000.0,NO,HIGH,"Nnewi North LGA in Anambra State is not a border community as BCDA's mandate is specifically limited to communities along Nigeria's international boundaries, and Anambra State does not share an international border.",100
ERGP22236767,"SUPPLY OF AGRICULTURAL WATER PUMPS FOR IRRAGATION IN ALBASAU/GAYA/AJINGI FEDERAL CONSTITUENCY, KANO STATE",161022001,BORDER COMMUNITIES DEVELOPMENT AGENCY (BCDA) HQTRS,,70000000.0,PARTIAL,MEDIUM,"While agricultural activities fall within BCDA's economic sector mandate, this budget item would only align if the specified constituencies contain border communities, which is not clearly established from the item description.",50
ERGP22236768,"CONSTRUCTION OF RURAL ACESS ROADS TO GOROBI AND TOLA COMMUNITIES, MAYO BELWA LGA, ADAMAWA SOUTH SENATORIAL DISTRICT",161022001,BORDER COMMUNITIES DEVELOPMENT AGENCY (BCDA) HQTRS,,350000000.0,YES,HIGH,"Construction of rural access roads to specific communities in Mayo Belwa LGA falls directly within BCDA's mandate to provide infrastructural development for border communities, as Adamawa State shares international boundaries and such road construction represents core infrastructure intervention in the Agency's designated coverage area.",0
ERGP22236769,"SUPPLY OF AGRICULTURAL INPUTS TO ADAMAWA SOUTH SENATORIAL DISTRICT
",161022001,BORDER COMMUNITIES DEVELOPMENT AGENCY (BCDA) HQTRS,,140000000.0,PARTIAL,MEDIUM,"While BCDA's mandate includes agricultural activities and empowerment programmes, the budget item targets a senatorial district rather than specifically focusing on border communities within that district as required by the agency's mandate.",50
ERGP22236770,"PROVISION OF PALLIATIVE IN ABBA NA SHEHU JOS NORTH LGA, PLATEAU STATE.
",161022001,BORDER COMMUNITIES DEVELOPMENT AGENCY (BCDA) HQTRS,,35000000.0,NO,HIGH,"Jos North LGA in Plateau State is not a border community as BCDA's mandate specifically covers border communities along Nigeria's international boundaries, and Plateau State does not share an international border.",100
ERGP22236773,"EMPOWERMENT TO ABBA NA SHEHU COMMUNITY, JOS NORTH LGA, PLATEAU STATE.
",161022001,BORDER COMMUNITIES DEVELOPMENT AGENCY (BCDA) HQTRS,,35000000.0,NO,HIGH,"Jos North LGA in Plateau State is not a border community as BCDA's mandate specifically covers communities along Nigeria's international boundaries, while Plateau State does not share any international borders.",100
ERGP22236775,"CONSTRUCTION OF MILITARY CAMP IN EKE, OKPOKEU LGA IN BENUE SOUTH SENATORIAL DISTRICT",161022001,BORDER COMMUNITIES DEVELOPMENT AGENCY (BCDA) HQTRS,,28000000.0,NO,HIGH,"Construction of military camps falls outside BCDA's mandate, which focuses on social and economic development of border communities rather than military infrastructure or security facility construction.",100
ERGP22236778,EMPOERMENT OF WOMEN AND YOUTHS ON POULTRY FARMING IN ADAMAWA NORTH SENATORIAL DISTRICT,161022001,BORDER COMMUNITIES DEVELOPMENT AGENCY (BCDA) HQTRS,,28000000.0,YES,HIGH,"This budget item directly aligns with BCDA's mandate to implement empowerment programmes and agricultural activities in border communities, as Adamawa North Senatorial District contains border communities along Nigeria's international boundaries with Cameroon.",0
ERGP22236779,"SUPPLY OF POWER TILLERS FOR FARMERS ACROSS ZURU/FAKAI/DANKOP-WASAGU AND SAKABA FEDERAL CONSTITUENCY, KEBBI STATE,KEBBI STATE",161022001,BORDER COMMUNITIES DEVELOPMENT AGENCY (BCDA) HQTRS,,105000000.0,YES,HIGH,"The supply of power tillers for farmers directly supports agricultural activities in border communities, which is explicitly mentioned as part of BCDA's economic sector interventions under their mandate to promote sustainable economic development of border communities.",0
ERGP22236780,POVERTY ALLEVIATION/EMPOWERMENT FOR WOMEN IN ZAMFARA NORTH SENATORIAL DISTRICT,161022001,BORDER COMMUNITIES DEVELOPMENT AGENCY (BCDA) HQTRS,,28000000.0,PARTIAL,MEDIUM,"While BCDA's mandate includes poverty alleviation and empowerment programmes, this budget item would only align if Zamfara North Senatorial District contains border communities, as the agency's scope is specifically limited to border areas along Nigeria's international boundaries.",50
ERGP22236782,FACILITATION OF ZURU EMIRATE ANNUAL UHOLA IN ZURU/FAKAI/DANKOP-WASAGU AND SAKABA FEDERAL CONSTITUENCY,161022001,BORDER COMMUNITIES DEVELOPMENT AGENCY (BCDA) HQTRS,,70000000.0,PARTIAL,MEDIUM,"While the budget item involves activities in border communities that BCDA serves (Zuru/Fakai area is in Kebbi State which shares international boundaries), facilitating traditional/cultural ceremonies like the Uhola festival is not explicitly within BCDA's core mandate of infrastructure, social services, and economic development for border communities.",50
ERGP22236784,PROVISION OF SOLAR STREET LIGHT WITHIN SOME LOCATION IN FADAMA MADA BAUCHI TOWN BAUCHI STATE,161022001,BORDER COMMUNITIES DEVELOPMENT AGENCY (BCDA) HQTRS,,21000000.0,NO,HIGH,"The budget item targets Bauchi town which is not a border community, as BCDA's mandate specifically covers border communities along Nigeria's international boundaries, not general towns within border states.",100
ERGP22236788,"SUPPLY OF BACK TO SCHOOL KITS FOR PRIMARY SCHOOL PUPILS; SCHOOL BAGS, EXERCISE BOOKS AND SCHOOL UNIFORM IN ZURU/FAKAI/DANKOP-WASAGU AND",161022001,BORDER COMMUNITIES DEVELOPMENT AGENCY (BCDA) HQTRS,,35000000.0,YES,HIGH,"This budget item directly supports education provision in border communities, which falls under BCDA's social sector mandate to provide educational facilities and services to underdeveloped border areas.",0
ERGP22236793,"REHABILITATION OF BLOCKS OF CLASSROOMS & PERIMETER FENCING OF ISLAMIYA PRI SCH. AND SECONDARY SCHOOL, BAUCHI RD, JOS NORTH, PLATEAU STATE",161022001,BORDER COMMUNITIES DEVELOPMENT AGENCY (BCDA) HQTRS,,35000000.0,NO,HIGH,"This budget item targets a school in Jos North, Plateau State, which is not a border community as BCDA's mandate specifically covers border communities along Nigeria's international boundaries, and Jos North is located in the interior of the country far from any international border.",100
ERGP22236795,"CONSTRUCTION OF CULVERTS AND DRAINS IN SELECTED AREAS ACROSS ZURU/FAKAI/DANKOP-WASAGU AND SAKABA FEDERAL CONSTITUENCY, KEBBI STATE",161022001,BORDER COMMUNITIES DEVELOPMENT AGENCY (BCDA) HQTRS,,87500000.0,YES,HIGH,"Construction of culverts and drains constitutes infrastructural development in border communities, which directly aligns with BCDA's mandate to identify, determine, and execute infrastructural projects for the overall development of border communities in border states like Kebbi.",0
ERGP22236799,"PROVISION OF MED EQUIPMENT AND SOME FOODSTUFF ITEMS TO COMMUNITIES IN RIVERS SOUTH EAST SENATORIAL DISTRICT, RIVERS ST",161022001,BORDER COMMUNITIES DEVELOPMENT AGENCY (BCDA) HQTRS,,42000000.0,NO,HIGH,"BCDA's mandate specifically focuses on border communities along Nigeria's international boundaries, while Rivers South East Senatorial District is not a border area as Rivers State does not share international boundaries with neighboring countries.",100
ERGP22236801,"FLOOD CONTROL IN DIRIN- DAJI TOWN, SAKABA L.G.A, FEDERAL CONSTITUENCY, KEBBI STATE",161022001,BORDER COMMUNITIES DEVELOPMENT AGENCY (BCDA) HQTRS,,87500000.0,YES,HIGH,"Flood control infrastructure in Dirin-Daji Town falls within BCDA's mandate to identify and execute infrastructural development projects for border communities, as Kebbi State shares international boundaries and such projects address the infrastructure gaps in border areas that the agency was established to remedy.",0
ERGP22236802,"CONSTRUCTION OF CLASSROOMS IN AKKO & YAMALTU DEBA LGA GOMBE STATE
",161022001,BORDER COMMUNITIES DEVELOPMENT AGENCY (BCDA) HQTRS,,70000000.0,NO,HIGH,Gombe State does not share international boundaries and therefore falls outside BCDA's mandate to develop border communities along Nigeria's international borders.,100
ERGP22236804,"PROVISION OF TRANSFORMERS IN OGBARU LGA IN OGBARU FEDERAL CONSTITUENCY
",161022001,BORDER COMMUNITIES DEVELOPMENT AGENCY (BCDA) HQTRS,,70000000.0,YES,HIGH,"Providing transformers falls under BCDA's mandate to provide clean energy and identify infrastructural projects required for the overall development of border communities, and Ogbaru LGA in Anambra State is a border area along Nigeria's international boundary.",0
ERGP22236805,"EMPOWERMENT OF WOMEN AND YOUTHS IN KANO SOUTH SENATORIAL DISTRICT, KANO STATE",161022001,BORDER COMMUNITIES DEVELOPMENT AGENCY (BCDA) HQTRS,,105000000.0,NO,HIGH,"The budget item targets Kano South Senatorial District in Kano State, which does not share international boundaries and therefore falls outside BCDA's mandate to develop border communities along Nigeria's international borders.",100
ERGP22236810,"ENTREPRENEURIAL SKILLS ACQUISITION PROGRAMME AND EMPOWERMENT FOR WOMEN AND YOUTHS IN BODO COMMUNITY, GOKANA LOCAL GOVERNMENT AREA,",161022001,BORDER COMMUNITIES DEVELOPMENT AGENCY (BCDA) HQTRS,,35000000.0,YES,HIGH,"The budget item directly aligns with BCDA's mandate to execute empowerment programmes and poverty alleviation initiatives in border communities, as Bodo community in Gokana LGA is located in Rivers State which shares international boundaries.",0
ERGP22236811,"CONSTRUCTION AND RENOVATION OF MARKET STALLS TO EMPOWER RURAL DWELLERS IN IHIALA FEDERAL CONSTITUENCY, ANAMBRA STATE",161022001,BORDER COMMUNITIES DEVELOPMENT AGENCY (BCDA) HQTRS,,70000000.0,NO,HIGH,"Ihiala Federal Constituency in Anambra State is not located along Nigeria's international boundaries, and BCDA's mandate specifically covers border communities situated along international boundaries across 21 border states.",100
ERGP22236814,"ENTREPRENEURIAL SKILLS ACQUISITION PROGRAMME AND EMPOWERMENT FOR WOMEN AND YOUTHS IN BODO COMMUNITY, GOKANA LOCAL GOVERNMENT AREA,",161022001,BORDER COMMUNITIES DEVELOPMENT AGENCY (BCDA) HQTRS,,35000000.0,YES,HIGH,"The budget item directly aligns with BCDA's mandate to execute empowerment programmes and poverty alleviation initiatives in border communities, as Bodo community in Gokana LGA is within Rivers State which shares international boundaries.",0
ERGP22236817,EMPOWERMENT OF YOUTHS IN SKILL ACQUISITION IN IFE EAST LOCAL GOVERNMENT ILE-IFE OSUN STATE,161022001,BORDER COMMUNITIES DEVELOPMENT AGENCY (BCDA) HQTRS,,35000000.0,NO,HIGH,"The budget item targets Ife East Local Government in Osun State, which is not a border community as BCDA's mandate specifically covers border communities along Nigeria's international boundaries and Osun State does not share international borders.",100
ERGP22236820,EMPOWERMENT OF WOMEN AND WIDOWS IN IFE EAST AND IFE CENTRAL LOCAL GOVERNMENT ILE-IFE OSUN STATE,161022001,BORDER COMMUNITIES DEVELOPMENT AGENCY (BCDA) HQTRS,,70000000.0,NO,HIGH,"Ife East and Ife Central Local Government areas in Osun State are not border communities as they are located in the interior of Nigeria, not along international boundaries, which falls outside BCDA's mandate to serve border communities across 21 states that share international boundaries.",100
ERGP22236825,"SOLAR STREETLIGHT IN IJEBU-IDOWU ODOGBOLU LGA, OGUN STATE
",161022001,BORDER COMMUNITIES DEVELOPMENT AGENCY (BCDA) HQTRS,,70000000.0,NO,HIGH,"Ijebu-Idowu in Odogbolu LGA, Ogun State is not a border community as it is located in the interior of the state, not along Nigeria's international boundaries, which falls outside BCDA's mandate to develop only border communities.",100
ERGP22236827,"CONSTRUCTION OF MARKET STALLS IN SELECTED MARKETS IN IKONO/INI FEDERAL CONSTITUENCY, AKWA IBOM.",161022001,BORDER COMMUNITIES DEVELOPMENT AGENCY (BCDA) HQTRS,,70000000.0,NO,HIGH,"The budget item specifies construction in Ikono/Ini Federal Constituency in Akwa Ibom State, which does not share international boundaries and therefore falls outside BCDA's mandate to develop border communities along Nigeria's international borders.",100
ERGP22236828,"EMPOWERMENT OF THE ELDERLY WITH CLOTHING & FOOD STUFF IN OGBENTI QUARTERS, OGWASHI-UKU, ANIOCHA SOUTH LGA OF DELTA STATE",161022001,BORDER COMMUNITIES DEVELOPMENT AGENCY (BCDA) HQTRS,,105000000.0,YES,HIGH,"This budget item falls within BCDA's mandate as it involves empowerment programmes in a border community (Ogwashi-Uku is located in Delta State which shares international boundaries), specifically targeting vulnerable elderly populations with basic necessities.",0
ERGP22236832,"EMPOWERMENT /SUPPORT TO WOMEN AND YOUTHS IN OHAAFIA LGA , ABIA STATE
",161022001,BORDER COMMUNITIES DEVELOPMENT AGENCY (BCDA) HQTRS,,14000000.0,PARTIAL,MEDIUM,"While BCDA has mandate for empowerment programmes, this depends on whether Ohafia LGA in Abia State contains border communities, as the agency's mandate is specifically limited to border communities along Nigeria's international boundaries.",50
ERGP22236836,EMPOWERMENT OF YOUTH AND WIDOWS IN ORLU LOCAL GOVERNMENT AREA OF IMO STATE,161022001,BORDER COMMUNITIES DEVELOPMENT AGENCY (BCDA) HQTRS,,14000000.0,NO,HIGH,"Orlu Local Government Area in Imo State is not a border community as Imo State does not share international boundaries, while BCDA's mandate is specifically limited to border communities along Nigeria's international boundaries.",100
ERGP22236841,"EMPOWERMENT OF WIDOWS AND YOUTHS IN EDOMIA-ISHIEKE OF EBONYI LGA, EBONYI STATE",161022001,BORDER COMMUNITIES DEVELOPMENT AGENCY (BCDA) HQTRS,,14000000.0,YES,HIGH,"This budget item falls within BCDA's mandate as it involves empowerment programmes (specifically mentioned in their economic sector interventions) targeting a border community in Ebonyi State, which shares international boundaries and is within the Agency's coverage area.",0
ERGP22236844,"50 SOLAR POWERED STREETLIGHTS IN GUBIO LGA, BORNO STATE
",161022001,BORDER COMMUNITIES DEVELOPMENT AGENCY (BCDA) HQTRS,,14000000.0,YES,HIGH,"Installing solar powered streetlights in Gubio LGA, Borno State (a border area) directly aligns with BCDA's mandate to provide clean energy and infrastructural development to border communities.",0
ERGP22236849,SUPPLY & DISTRIBUTION OF EXERCISE BOOKS TO SELECTED SCHOOLS IN OREDO FEDERAL CONSTITUENCY,161022001,BORDER COMMUNITIES DEVELOPMENT AGENCY (BCDA) HQTRS,,24500000.0,NO,HIGH,"The budget item targets schools in Oredo Federal Constituency (an urban area in Edo State) rather than border communities along Nigeria's international boundaries, which falls outside BCDA's specific mandate to develop border communities.",100
ERGP22236852,"DEPARTMENTAL BUILDING FOR THE DEPARTMENT OF EDUCATIONAL MANAGEMENT AT THE UNIVERSITY OF PORTHARCOURT,TO HOUSE OFFICES FOR HODS AND",161022001,BORDER COMMUNITIES DEVELOPMENT AGENCY (BCDA) HQTRS,,70000000.0,NO,HIGH,"The budget item for a departmental building at University of Port Harcourt does not align with BCDA's specific mandate to develop border communities along Nigeria's international boundaries, as this appears to be a general university infrastructure project rather than border community development.",100
ERGP22236854,TRAINING AND SUPPLY OF ECONOMIC EMPOWERMENT MATERIAL TO YOUTHS AND WOMEN IN OREDO FEDERAL CONSTITUENCY,161022001,BORDER COMMUNITIES DEVELOPMENT AGENCY (BCDA) HQTRS,,45500000.0,NO,HIGH,"The budget item targets Oredo Federal Constituency which is not a border community, as it falls within Edo South Senatorial District in Benin City area, while BCDA's mandate is specifically limited to border communities along Nigeria's international boundaries.",100
ERGP22236859,"CONSTRUCTION OF NYSC CORPERS LODGE IN OKPELLA TOWN ETSAKO EAST LGA, EDO STATE",161022001,BORDER COMMUNITIES DEVELOPMENT AGENCY (BCDA) HQTRS,,70000000.0,NO,HIGH,"Construction of NYSC Corpers Lodge is outside BCDA's mandate which specifically focuses on border communities development, while this project appears to be general youth service infrastructure not directly related to border community development.",100
ERGP22236864,"SKILLS AND TRAINING DEVELOPMENT FOR INTERNALLY DISPLACED PERSONS IN YOBE SOUTH, YOBE STATE",161022001,BORDER COMMUNITIES DEVELOPMENT AGENCY (BCDA) HQTRS,,56000000.0,PARTIAL,MEDIUM,"While BCDA has mandate for empowerment programmes and poverty alleviation in border communities, this item specifically targets internally displaced persons in Yobe South without clearly establishing whether this area constitutes border communities along Nigeria's international boundaries.",50
ERGP22236869,"SKILL ACQUISITION FOR YOUTHS AND WOMEN IN IMO NORTH SENATORIAL DISTRICT
",161022001,BORDER COMMUNITIES DEVELOPMENT AGENCY (BCDA) HQTRS,,70000000.0,NO,HIGH,"Imo North Senatorial District is not a border community as Imo State does not share international boundaries, which falls outside BCDA's specific mandate to develop communities along Nigeria's international borders.",100
ERGP22236870,"EMPOWERMENT OF VARIOUS ARTISANS IN AHOADA-WEST/OGBA-RGBEMA- NDONI FEDERAL CONSTITUENCY, RIVERS STATE",161022001,BORDER COMMUNITIES DEVELOPMENT AGENCY (BCDA) HQTRS,,105000000.0,NO,HIGH,"The budget item targets a federal constituency in Rivers State, which does not share international boundaries and therefore falls outside BCDA's mandate to develop border communities along Nigeria's international borders.",100
ERGP22236875,PURCHASE & DISTRIBITION OF SEWING MACHINES AND MOTORCYCLES IN KANO CENTRAL SENATORIAL DISTRICT,161022001,BORDER COMMUNITIES DEVELOPMENT AGENCY (BCDA) HQTRS,,210000000.0,NO,HIGH,"BCDA's mandate specifically covers border communities along Nigeria's international boundaries, but Kano Central Senatorial District is not a border area and therefore falls outside the agency's geographical jurisdiction.",100
ERGP22236876,"EQUIPING OF HEALTH CENTRES AND CLINICS IN AHOADA WEST/OGBA - EGBEMA - NDONI FEDERAL CONSTITUENCY, RIVERS STATE",161022001,BORDER COMMUNITIES DEVELOPMENT AGENCY (BCDA) HQTRS,,70000000.0,NO,HIGH,"Ahoada West/Ogba-Egbema-Ndoni Federal Constituency in Rivers State is not located along Nigeria's international boundaries, therefore it falls outside BCDA's mandate which specifically covers border communities situated along international borders.",100
ERGP22236879,"PURCHASE AND DISTRIBUTION OF FERTILIZERS TO FARMERS IN KANO CENTRAL SENATORIAL DISTRICT, KANO STATE",161022001,BORDER COMMUNITIES DEVELOPMENT AGENCY (BCDA) HQTRS,,210000000.0,NO,HIGH,"The budget item targets Kano Central Senatorial District which is not a border community, while BCDA's mandate is specifically limited to developing communities along Nigeria's international boundaries.",100
ERGP22236884,SOLAR-POWERED STREETLIGHTS AT VARIOUS LOCATIONS IN NASARAWA SOUTH SENATORIAL DISTRICT,161022001,BORDER COMMUNITIES DEVELOPMENT AGENCY (BCDA) HQTRS,,9275000.0,PARTIAL,MEDIUM,"While BCDA's mandate includes providing clean energy to border communities, this item targets an entire senatorial district rather than specifically focusing on border communities along international boundaries.",50
ERGP22236901,"PURCHASE AND SUPPLY OF GRINDING MACHINES FOR EMPOWERMENT IN IFAKO IJAIYE FEDERAL CONSTITUENCY, LAGOS STATE.",161022001,BORDER COMMUNITIES DEVELOPMENT AGENCY (BCDA) HQTRS,,70000000.0,NO,HIGH,"BCDA's mandate specifically focuses on border communities along Nigeria's international boundaries, while Ifako Ijaiye Federal Constituency in Lagos State is not a border community as defined in the agency's establishment act.",100
ERGP22236903,"PURCHASE OF 3 BELGIUM 406 VEHICLES, 2 SHARON VEHICLES AND 1 MAXUS2023 MODEL (4*4) HILUX VEHICLE IN LAFIA OBI FEDERAL CONSTITUENCY OF NASARAWA",161022001,BORDER COMMUNITIES DEVELOPMENT AGENCY (BCDA) HQTRS,,140000000.0,PARTIAL,MEDIUM,"While vehicles could support BCDA's operational capacity to execute development projects in border communities, the specification of a particular federal constituency (Lafia Obi) rather than border communities specifically raises questions about alignment with the agency's geographic mandate.",50
ERGP22236905,EMPOWERMENT OF WOMEN AND YOUTHS ON POULTRY FARMING IN ADAMAWA NORTH SENATORIAL DISTRICT,161022001,BORDER COMMUNITIES DEVELOPMENT AGENCY (BCDA) HQTRS,,9275000.0,YES,HIGH,"This budget item directly aligns with BCDA's mandate to execute empowerment programmes and agricultural activities in border communities, as Adamawa North Senatorial District contains border communities along Nigeria's international boundaries.",0
ERGP22236909,"PROVISION OF MEDICAL EQUIPMENT TO SELECTED PRIMARY HEALTH CARE CENTRES ACROSS BALI, LGA IN BALI/GASSOL FEDERAL CONSTITUENCY TARABA STATE",161022001,BORDER COMMUNITIES DEVELOPMENT AGENCY (BCDA) HQTRS,,105000000.0,YES,HIGH,"The budget item aligns with BCDA's mandate to provide health facilities in border communities, as Bali LGA in Taraba State is located along Nigeria's international boundary with Cameroon.",0
ERGP22236910,"MEDICAL OUTREACH IN SELECTED AREAS IN BENUE SOUTH SENATORIAL DISTRICT
",161022001,BORDER COMMUNITIES DEVELOPMENT AGENCY (BCDA) HQTRS,,21000000.0,YES,HIGH,"Medical outreach falls directly within BCDA's mandate to provide health facilities and social services to border communities, and Benue South Senatorial District contains border communities along Nigeria's international boundary with Cameroon.",0
ERGP22236912,SUPPLY OF HOSPITAL BEDS AND OTHER MEDICAL EQUIPMENT TO SELECTED PRIMARY HEALTH CARE CENTRE IN GASSOL LGA IN BALI/GASSOL FEDERAL CONSTITUENCY,161022001,BORDER COMMUNITIES DEVELOPMENT AGENCY (BCDA) HQTRS,,105000000.0,YES,HIGH,"The budget item aligns with BCDA's mandate to provide health facilities in border communities, as Gassol LGA is located in Taraba State which shares international boundaries and falls within the Agency's coverage area.",0
ERGP22236919,MEDICAL OUTREACH INCLUDING SMALL SURGERIES IN GASSOL LGA OF BALI/GASSOL FEDERAL CONSTITUENCY TARABA STATE,161022001,BORDER COMMUNITIES DEVELOPMENT AGENCY (BCDA) HQTRS,,35000000.0,YES,HIGH,"Medical outreach including small surgeries directly aligns with BCDA's mandate to provide health facilities and social sector interventions in border communities, and Taraba State is one of the 21 border states covered by the agency.",0
ERGP22236925,"CONSTRUCTION OF DAN IN OJANTELE IN APA/AGATU FEDERAL CONSTITUENCY
",161022001,BORDER COMMUNITIES DEVELOPMENT AGENCY (BCDA) HQTRS,,35000000.0,PARTIAL,MEDIUM,"While BCDA has mandate for infrastructural development in border communities, it's unclear if Apa/Agatu Federal Constituency contains border communities, and ""dan"" (dam) construction may fall outside the agency's typical intervention areas of education, health, water, energy, markets, and agriculture.",50
ERGP22236932,EMPOWERMENT PROGRAMME FOR WOMEN AND YOUTH IN RIVERS WEST SENATORIAL DISTRICT,161022001,BORDER COMMUNITIES DEVELOPMENT AGENCY (BCDA) HQTRS,,140000000.0,NO,HIGH,"Rivers West Senatorial District is not a border community as Rivers State does not share international boundaries with neighboring countries, which falls outside BCDA's mandate to develop border communities along Nigeria's international frontiers.",100
ERGP22236935,TRAINING OF FARMERS ON FISHERY AND POULTRY IN APA/AGATU FEDERAL CONSTITUENCY,161022001,BORDER COMMUNITIES DEVELOPMENT AGENCY (BCDA) HQTRS,,70000000.0,YES,HIGH,"This budget item directly aligns with BCDA's mandate to execute agricultural activities and empowerment programmes in border communities, as Apa/Agatu constituency is located in Benue State which shares international boundaries.",0
ERGP22236938,"PROVISION AND SUPPLY OF MOTORCYCLES TO YOUTHS IN ABI/YAKURR FEDERAL CONSTITUENCY, CROSS RIVER STATE.",161022001,BORDER COMMUNITIES DEVELOPMENT AGENCY (BCDA) HQTRS,,70137846.0,YES,HIGH,"This budget item aligns with BCDA's mandate to implement empowerment programmes and poverty alleviation initiatives in border communities, as Abi/Yakurr Federal Constituency in Cross River State contains border communities along Nigeria's international boundary with Cameroon.",0
ERGP22236942,"REHABILITATION UMABI CIVIC CENTER, UDI LOCAL GOVERNMENT, ENUGU STATE
",161022001,BORDER COMMUNITIES DEVELOPMENT AGENCY (BCDA) HQTRS,,21000000.0,NO,HIGH,"Udi Local Government in Enugu State is not located along Nigeria's international boundaries and therefore does not qualify as a border community under BCDA's mandate, which specifically covers border communities in the 21 states that share international boundaries.",100
ERGP22236946,"PAYMENT FOR THE CONSTRUCTION OF EKUREKU CIVIC CENTRE IN EKUREKU ABI L.G. A., CROSS RIVER STATE. LOT NO. 22/A65 (2023)",161022001,BORDER COMMUNITIES DEVELOPMENT AGENCY (BCDA) HQTRS,,34862154.0,YES,HIGH,"The construction of a civic centre in Ekureku, Abi L.G.A., Cross River State falls directly within BCDA's mandate to execute infrastructural development projects for border communities, as Cross River State is a border state and civic centres provide essential social infrastructure for community development.",0
ERGP22236949,MASS SENSITIZATION AND MOBILIZATION AGAINST CRIMINALITY ALONG BORDER AREAS.,161022001,BORDER COMMUNITIES DEVELOPMENT AGENCY (BCDA) HQTRS,,242453070.0,YES,HIGH,"Mass sensitization and mobilization against criminality directly supports BCDA's mandate to advise the Federal Government on border areas development and related security issues, particularly given its role as secretariat for the Presidential Committee on Security situation in Bakassi Peninsula and its responsibility for ensuring welfare and security in border communities.",0
ERGP22236953,CONSTRUCTION OF TOWN HALL KURMIN MUSA ZHEIK IN KACHIA LGA IN KACHIA/KAGARKO FEDERAL CONSTITUENCY KADUNA STATE,161022001,BORDER COMMUNITIES DEVELOPMENT AGENCY (BCDA) HQTRS,,175000000.0,NO,HIGH,"The construction of a town hall in Kachia LGA does not align with BCDA's mandate as Kachia is not a border community along Nigeria's international boundaries, and BCDA specifically serves communities in the 21 states that share international borders.",100
ERGP22236957,"GRANT TO WOMEN,YOUTHS, CHILDREN & ELDERLY IN IGABI FEDERAL CONSTITUENCY, KADUNA STATE",161022001,BORDER COMMUNITIES DEVELOPMENT AGENCY (BCDA) HQTRS,,70000000.0,NO,HIGH,"The budget item targets Igabi Federal Constituency in Kaduna State, which is not a border community as BCDA's mandate specifically covers border communities along Nigeria's international boundaries, and Kaduna State does not share international borders.",100
ERGP22236959,"EMPOWERING YOUTHS THROUGH E-COMMERCE AND DIGITAL LITERACY WITH SMART MOBILE TECHNOLOGY INTEGRATION IN KATSINA NORTH SENATORIAL DISTRICT,",161022001,BORDER COMMUNITIES DEVELOPMENT AGENCY (BCDA) HQTRS,,14000000.0,PARTIAL,MEDIUM,"While the program involves youth empowerment which could fall under BCDA's poverty alleviation mandate, it targets a senatorial district rather than specifically focusing on border communities as required by the agency's core mandate.",50
ERGP22236964,SUPPLY OF GRINDING AND SEWING MACHINES FOR WIDOWS IN SOME SELECTED COMMUNITIES IN KANO CENTRAL SENATORIAL DISTRICT.,161022001,BORDER COMMUNITIES DEVELOPMENT AGENCY (BCDA) HQTRS,,21000000.0,NO,HIGH,"The budget item targets Kano Central Senatorial District, but BCDA's mandate is specifically limited to border communities along Nigeria's international boundaries, and Kano Central is not a border area.",100
ERGP22236965,SUPPLY AND DISTRIBUTION OF TRICYCLE MACHINES TO YOUTHS AND FARMERS IN ABACHE-OKPANEHE TO AID TRANSPORTATION IN AGRICULTURAL PRODUCTION,161022001,BORDER COMMUNITIES DEVELOPMENT AGENCY (BCDA) HQTRS,,14000000.0,YES,HIGH,"This budget item directly aligns with BCDA's mandate to execute poverty alleviation and empowerment programmes in the economic sector, specifically targeting agricultural activities and transportation infrastructure for border community youth and farmers.",0
ERGP22236968,SUPPLY AND DISTRIBUTION OF FERTILIZER AND HERBICIDES TO YOUTHS AND FARMERS IN ABACHE-OKPANEHE TO IMPROVE AGRICULTURAL PRODUCTION,161022001,BORDER COMMUNITIES DEVELOPMENT AGENCY (BCDA) HQTRS,,12331653.0,YES,HIGH,"This budget item directly aligns with BCDA's mandate to execute agricultural activities and empowerment programmes in border communities, as Abache-Okpanehe appears to be a border community where such agricultural interventions fall within the agency's economic sector responsibilities.",0
ERGP22236973,"POVERTY ALLEVIATION/EMPOWERMENT IN ZAMFARA NORTH SENATORIAL DISTRICT, ZAMFARA STATE",161022001,BORDER COMMUNITIES DEVELOPMENT AGENCY (BCDA) HQTRS,,35000000.0,PARTIAL,MEDIUM,"While poverty alleviation and empowerment fall within BCDA's mandate, the budget item targets a senatorial district rather than specifically border communities, which may include non-border areas outside the agency's designated scope.",50
ERGP22236980,"MEDICAL OUTREACH, TESTING AND DISPENSATION OF DRUGS IN SELECTED COMMUNITIES IN DELTA CENTRAL SENATORIAL DISTRICT DELTA STATE.",161022001,BORDER COMMUNITIES DEVELOPMENT AGENCY (BCDA) HQTRS,,70000000.0,YES,HIGH,"This budget item directly aligns with BCDA's mandate to provide health facilities and social sector interventions in border communities, as Delta State is one of the 21 border states covered by the agency.",0
ERGP22236982,"SUPPLY OF SOLAR IRRIGATION PUMP MACHINES FOR FARMERS IN ILORIN WEST/ASA FEDERAL CONSTITUENCY, KWARA STATE",161022001,BORDER COMMUNITIES DEVELOPMENT AGENCY (BCDA) HQTRS,,70000000.0,NO,HIGH,"Ilorin West/Asa Federal Constituency in Kwara State is not located along Nigeria's international boundaries, which means it falls outside BCDA's specific mandate to develop border communities situated along international borders.",100
ERGP22236989,EMPOWERMENT OF YOUTHS WITH TRICYCLES IN ADAMAWA NORTH SENATORIAL DISTRICT.,161022001,BORDER COMMUNITIES DEVELOPMENT AGENCY (BCDA) HQTRS,,70000000.0,YES,HIGH,"This budget item aligns with BCDA's mandate to implement empowerment programmes in the economic sector for border communities, as Adamawa State shares international boundaries and such tricycle empowerment directly addresses poverty alleviation and economic development in border areas.",0
ERGP22236992,"SUPPLY AND DISTRIBUTIONS OF FERTILISER AND HERBICIDES TO YOUTH,FARMERS IN UGA VILLIAGE TO IMPROVE AGRICULTURAL PRODUCTS",161022001,BORDER COMMUNITIES DEVELOPMENT AGENCY (BCDA) HQTRS,,12331649.0,YES,HIGH,"This budget item directly aligns with BCDA's mandate to execute agricultural activities and empowerment programmes in border communities, as Uga Village appears to be a border community requiring agricultural development support.",0
ERGP22236996,"SUPPLY AND DISTRITION OF MOROCYCLES,CYCLE MSCHINES FOR YOUTHS AND FARMERS IN ABACHE-ADOKA,BENUE STATE TO AID TRANSPORTATION IN",161022001,BORDER COMMUNITIES DEVELOPMENT AGENCY (BCDA) HQTRS,,14000000.0,YES,HIGH,"The supply and distribution of motorcycles for youths and farmers in border communities aligns with BCDA's mandate to execute development projects and empowerment programmes in the economic sector for border communities, as Abache-Adoka in Benue State falls within the agency's coverage area of border communities.",0
ERGP22237004,"SUPPLY OF FERTILISERS, KANPSACK SPRAYER AND HERBICIDES TO FARMERS IN DIRBI, SUM, PAP COMMUNITIES AND ENVIRONS",161022001,BORDER COMMUNITIES DEVELOPMENT AGENCY (BCDA) HQTRS,,31500000.0,YES,HIGH,"This budget item directly supports agricultural activities in border communities, which falls under BCDA's economic sector interventions as specified in their mandate to promote sustainable economic development of border communities.",0
ERGP22237007,"EMPOWERMENT OF YOUTHS FROM BONGAH, AND MALLAR COMMUNITIES ON POS BUSINESS",161022001,BORDER COMMUNITIES DEVELOPMENT AGENCY (BCDA) HQTRS,,15487500.0,YES,HIGH,"This budget item directly aligns with BCDA's mandate to implement empowerment programmes in border communities, as specified in their economic sector interventions.",0
ERGP22237009,"CONSTRUCTION OF ACCESS ROAD AND DRAINAGE IN TUDUN KWASHINI, LAFIA
",161022001,BORDER COMMUNITIES DEVELOPMENT AGENCY (BCDA) HQTRS,,32200000.0,NO,HIGH,"Tudun Kwashini in Lafia, Nasarawa State is not located along Nigeria's international boundaries and therefore does not qualify as a border community under BCDA's mandate to develop communities situated along international borders.",100
ERGP22237013,"RECONSTRUCTION OF THE INSURGENTS-BOMBED ""SARE YERIMA GANYE CULTURAL CENTER (GANG BIRNI)"", GANYE TOWN, GANYE LGA, ADAMAWA STATE",161022001,BORDER COMMUNITIES DEVELOPMENT AGENCY (BCDA) HQTRS,,49000000.0,PARTIAL,MEDIUM,"While reconstructing a cultural center in Ganye (which may be a border area in Adamawa State) could align with BCDA's infrastructural development mandate for border communities, the specific focus on ""insurgents-bombed"" reconstruction and cultural facilities is not explicitly covered in the agency's core functions which primarily emphasize basic infrastructure, social services, and economic development.",50
ERGP22237016,"CONSTRUCTION OF BOX CULVERT IN SHEBOKMA COMMUNITY, KARU LGA
",161022001,BORDER COMMUNITIES DEVELOPMENT AGENCY (BCDA) HQTRS,,7000000.0,NO,HIGH,"Karu LGA is not a border community as it is located in the Federal Capital Territory which does not share international boundaries, while BCDA's mandate specifically covers border communities in the 21 states that share international boundaries.",100
ERGP22237025,"SUPPLY OF BOOKS TO SELECTED SCHOOLS IN DAMARE COMMUNITY
",161022001,BORDER COMMUNITIES DEVELOPMENT AGENCY (BCDA) HQTRS,,34997200.0,YES,HIGH,Supplying books to schools in Damare community directly falls under BCDA's mandate to provide education infrastructure and services to border communities as part of their social sector interventions.,0
ERGP22237029,"CONSTRUCTION OF MINI-STADIUM IN DUKKU TOWN, DUKKU/NAFADA FEDERAL CONSTITUENCY, GOMBE STATE",161022001,BORDER COMMUNITIES DEVELOPMENT AGENCY (BCDA) HQTRS,,263798760.0,NO,HIGH,Dukku town in Gombe State is not located along Nigeria's international boundaries and therefore does not qualify as a border community under BCDA's mandate to serve communities situated along international borders.,100
ERGP22237034,"SUPPLY OF MOTORCYCLES FOR YOUTHS IN GUDU/TANGAZA FED CONST, SOKOTO
",161022001,BORDER COMMUNITIES DEVELOPMENT AGENCY (BCDA) HQTRS,,70000000.0,YES,HIGH,"This item aligns with BCDA's mandate to implement empowerment programmes and poverty alleviation initiatives in border communities, as Gudu/Tangaza Federal Constituency in Sokoto State is located along Nigeria's international boundary with Niger Republic.",0
ERGP22237035,"SKILS AND TRAINING DEVELOPMENT FOR WOMEN AND YOUTH IN POTISKUM LGA, YOBE STATE",161022001,BORDER COMMUNITIES DEVELOPMENT AGENCY (BCDA) HQTRS,,175000000.0,PARTIAL,MEDIUM,"While skills and training development aligns with BCDA's empowerment and poverty alleviation mandate, the item would only be within scope if Potiskum LGA is among the border communities covered by the agency, which requires verification of its border status.",50
ERGP22237037,"SKILS AND TRAINING DEVELOPMENT FOR WOMEN AND YOUTH IN NANGERE LGA, YOBE STATE",161022001,BORDER COMMUNITIES DEVELOPMENT AGENCY (BCDA) HQTRS,,175000000.0,YES,HIGH,Skills and training development for women and youth in Nangere LGA falls within BCDA's mandate as Yobe State is a border state and such programs constitute empowerment programmes under the Agency's economic sector interventions for border communities.,0
ERGP22237038,"SUPPLY OF FOOD GRAINS TO GUDU/TANGAZA FED CONST, SOKOTO
",161022001,BORDER COMMUNITIES DEVELOPMENT AGENCY (BCDA) HQTRS,,70000000.0,YES,HIGH,"Supply of food grains to Gudu/Tangaza Federal Constituency in Sokoto aligns with BCDA's mandate to execute poverty alleviation and empowerment programmes in border communities, as Sokoto is one of the 21 border states the agency serves.",0
ERGP22237039,PROVISION AND INSTALLATION OF RG SOLAR LIGHTS IN UGWUNYE/EZEDIKE IN UDI LGA ENUGU STATE,161022001,BORDER COMMUNITIES DEVELOPMENT AGENCY (BCDA) HQTRS,,49000000.0,NO,HIGH,"Udi LGA in Enugu State is not a border community as it does not share international boundaries, which is outside BCDA's mandate to develop only border communities along Nigeria's international boundaries.",100
ERGP22237040,"PROVISION OF SEWING MACHINES IN KOKO-BESSE/MAIYAMA FED CONST, KEBBI STATE
",161022001,BORDER COMMUNITIES DEVELOPMENT AGENCY (BCDA) HQTRS,,35000000.0,YES,HIGH,"Provision of sewing machines falls within BCDA's mandate for empowerment programmes and poverty alleviation in border communities, as Kebbi State is a border state covered by the agency.",0
ERGP22237041,"SKILS AND TRAINING DEVELOPMENT FOR WOMEN AND YOUTH IN FIKA LGA, YOBE STATE",161022001,BORDER COMMUNITIES DEVELOPMENT AGENCY (BCDA) HQTRS,,175000000.0,YES,HIGH,"Skills and training development for women and youth in Fika LGA, Yobe State aligns with BCDA's mandate as Yobe is a border state and such programs fall under the agency's empowerment and poverty alleviation functions for border communities.",0
ERGP22237042,"EMPOWERMENT OF WOMEN OF IHIALA FED CONST, ANAMBRA STATE
",161022001,BORDER COMMUNITIES DEVELOPMENT AGENCY (BCDA) HQTRS,,35000000.0,NO,HIGH,"Ihiala Federal Constituency in Anambra State is not a border community as Anambra State does not share international boundaries with neighboring countries, which is outside BCDA's mandate to develop border communities along Nigeria's international boundaries.",100
ERGP22237043,"SUPPLY OF EMPOWERMENT ITEMS TO YOUTHS AND WOMEN IN AWKA NORTH/SOUTH FED CONST, ANAMBRA",161022001,BORDER COMMUNITIES DEVELOPMENT AGENCY (BCDA) HQTRS,,35000000.0,NO,HIGH,"Awka North/South Federal Constituency in Anambra State is not located along Nigeria's international boundaries, therefore it does not fall within BCDA's mandate which specifically focuses on border communities situated along international boundaries.",100
ERGP22237044,"SKILS AND TRAINING DEVELOPMENT FOR WOMEN AND YOUTH IN FUNE LGA, YOBE STATE",161022001,BORDER COMMUNITIES DEVELOPMENT AGENCY (BCDA) HQTRS,,175000000.0,YES,HIGH,"Skills and training development for women and youth in Fune LGA, Yobe State aligns with BCDA's mandate as Yobe is a border state and such programs fall under the agency's empowerment and poverty alleviation functions for border communities.",0
ERGP22237045,"SUPPLY OF INSTRUCTIONAL MATERIALS TO SELECTED PUBLIC SCHOOLS IN MAIDUGURI, BORNO STATE.",161022001,BORDER COMMUNITIES DEVELOPMENT AGENCY (BCDA) HQTRS,,70000000.0,PARTIAL,MEDIUM,"While BCDA's mandate includes education interventions in border communities, this item specifically targets schools in Maiduguri city rather than border communities, though Borno State does contain border areas that fall within BCDA's jurisdiction.",50
ERGP22237046,PROVISION AND INSTALLATION OF RG SOLAR LIGHTS IN KADUNA SOURTH SENATORIAL DISTRICT,161022001,BORDER COMMUNITIES DEVELOPMENT AGENCY (BCDA) HQTRS,,14000000.0,NO,HIGH,"The budget item targets Kaduna South Senatorial District broadly rather than specifically focusing on border communities along Nigeria's international boundaries, which is BCDA's mandated area of intervention.",100
ERGP22237047,PROVISION AND INSTALLATION OF RG SOLAR LIGHTS IN BAYELSA EAST WEST SENATORIAL DISTRICT,161022001,BORDER COMMUNITIES DEVELOPMENT AGENCY (BCDA) HQTRS,,14000000.0,NO,HIGH,"The budget item targets a senatorial district rather than border communities, and Bayelsa State does not share international boundaries which is outside BCDA's mandate to develop communities along Nigeria's international borders.",100
ERGP22237048,"HUMAN RIGHT SENSITIZATION FOR WOMEN AND CHILDREN AMONG FLOOD AFFECTED AREA IN GWANGE DISTRICT, MAIDUGURI, BORNO STATE.",161022001,BORDER COMMUNITIES DEVELOPMENT AGENCY (BCDA) HQTRS,,70000000.0,PARTIAL,MEDIUM,"While the activity location in Borno State (a border state) aligns with BCDA's geographical mandate, human rights sensitization falls outside the agency's core functions which focus on infrastructure, economic development, and social services rather than human rights advocacy.",50
ERGP22237049,"PRINTING & SUPPLY OF SPECIALIZED BOOKS & INSTRUCTIONAL MATERIALS TO SELECTED SCHOOLS IN GUBIO LOCAL GOVERNMENT AREA, BORNO STATE.",161022001,BORDER COMMUNITIES DEVELOPMENT AGENCY (BCDA) HQTRS,,56000000.0,YES,HIGH,"This budget item directly aligns with BCDA's mandate to provide educational infrastructure and services to border communities, as Gubio Local Government Area in Borno State is located in a border region that falls within the Agency's coverage area for social sector interventions including education.",0
ERGP22237050,PROVISION AND INSTALLATION OF RG SOLAR LIGHTS IN TARABA SOUTH SENATORIAL DISTRICT,161022001,BORDER COMMUNITIES DEVELOPMENT AGENCY (BCDA) HQTRS,,14000000.0,YES,HIGH,"The provision and installation of solar lights in Taraba South Senatorial District aligns with BCDA's mandate to provide clean energy infrastructure for border communities, as Taraba State shares international boundaries and falls within the Agency's coverage area.",0
ERGP22237051,"PROVISION OF FOOD ITEMS INNANGERE LGA, YOBE STATE
",161022001,BORDER COMMUNITIES DEVELOPMENT AGENCY (BCDA) HQTRS,,280000000.0,YES,HIGH,"Provision of food items in Nangere LGA, Yobe State aligns with BCDA's mandate as Yobe is a border state and food provision constitutes poverty alleviation and empowerment programmes within the agency's economic sector interventions for border communities.",0
ERGP22237053,"MEDICAL AND DRUG SUPPLIES TO SELECTED HEALTH FACILITIES IN ORON/MBO/OKOBO/UDUNG/UKO/URUEIFFONG FEDERAL CONSTITUENCY, AKWA IBOM",161022001,BORDER COMMUNITIES DEVELOPMENT AGENCY (BCDA) HQTRS,,35000000.0,YES,HIGH,"This budget item aligns with BCDA's mandate to provide health facilities and social sector interventions in border communities, as Akwa Ibom is a border state and the agency is specifically tasked with addressing healthcare needs in such areas.",0
ERGP22237054,PROVISION AND INSTALLATION OF RG SOLAR LIGHTS IN ONDO CENTRAL SENATORIAL DISTRICT,161022001,BORDER COMMUNITIES DEVELOPMENT AGENCY (BCDA) HQTRS,,14000000.0,NO,HIGH,"The budget item targets Ondo Central Senatorial District, which is not a border community as BCDA's mandate specifically covers border communities along Nigeria's international boundaries, and Ondo Central is located in the interior of the state away from international borders.",100
ERGP22237057,"PROVISION AND INSTALLATION OF RG SOLAR LIGHTS IN AWGUNTA, ENUGU WEST SENATORIAL DISTRICT",161022001,BORDER COMMUNITIES DEVELOPMENT AGENCY (BCDA) HQTRS,,14000000.0,NO,HIGH,"Awgunta in Enugu West Senatorial District is not located along Nigeria's international boundaries, and BCDA's mandate specifically covers only border communities situated along international borders.",100
ERGP22237060,"PROVISION OF FOOD ITEMS IN POTISKUM LGA, YOBE STATE
",161022001,BORDER COMMUNITIES DEVELOPMENT AGENCY (BCDA) HQTRS,,350000000.0,YES,HIGH,"Potiskum LGA in Yobe State is located in a border area along Nigeria's international boundary with Niger Republic, and provision of food items falls under BCDA's mandate for poverty alleviation and empowerment programmes in border communities.",0
ERGP22237062,EMPOWERMENT AND INPUT SUPPORT FOR FISHERMEN PROCUREMENT AND DISTRIBUTION OF FISHING BOATS NETS AND OTHER FISHING EQUIPMENTS TO,161022001,BORDER COMMUNITIES DEVELOPMENT AGENCY (BCDA) HQTRS,,17500000.0,YES,HIGH,"This budget item directly aligns with BCDA's mandate to implement empowerment programmes and economic sector interventions in border communities, where fishing is often a primary livelihood activity.",0
ERGP22237064,"MEDICAL OUTREACH TO SOME SELECTED COMMUNITIES OF APA/AGATU FEDERAL CONSTITUENCY, BENUE STATE.",161022001,BORDER COMMUNITIES DEVELOPMENT AGENCY (BCDA) HQTRS,,51497246.0,YES,HIGH,Medical outreach to communities in Benue State (a border state) directly aligns with BCDA's mandate to provide health facilities and social services to border communities as part of their comprehensive development programme.,0
ERGP22237067,"EMPOWERMENT AND MEDICAL OUTREACH FOR KEBBE TAMBUWAL LGA, SOKOTO STATE",161022001,BORDER COMMUNITIES DEVELOPMENT AGENCY (BCDA) HQTRS,,51495500.0,YES,HIGH,"This budget item directly aligns with BCDA's mandate to provide empowerment programmes and health facilities in border communities, as Kebbe is a border LGA in Sokoto State which shares international boundaries.",0
ERGP22237069,PROVISION AND INSTALLATION OF RG SOLAR LIGHTS IN BAYELSA CENTRAL SENATORIAL DISTRICT,161022001,BORDER COMMUNITIES DEVELOPMENT AGENCY (BCDA) HQTRS,,14000000.0,NO,HIGH,"Bayelsa Central Senatorial District is not a border community as it does not share international boundaries, while BCDA's mandate specifically covers border communities along Nigeria's international boundaries.",100
ERGP22237073,PROVISION AND INSTALLATION OF RG SOLAR LIGHTS IN CROSS RIVER CENTRAL SENATORIAL DISTRICT,161022001,BORDER COMMUNITIES DEVELOPMENT AGENCY (BCDA) HQTRS,,14000000.0,YES,HIGH,"The provision and installation of solar lights in Cross River Central Senatorial District falls within BCDA's mandate to provide clean energy infrastructure to border communities, as Cross River is a border state and clean energy provision is explicitly listed among the Agency's social sector intervention areas.",0
ERGP22237076,"PROVISION OF FOOD ITEMS IN FIKA LGA, YOBE STATE
",161022001,BORDER COMMUNITIES DEVELOPMENT AGENCY (BCDA) HQTRS,,245000000.0,YES,HIGH,"Provision of food items in Fika LGA, Yobe State aligns with BCDA's mandate as Yobe is a border state and the agency is responsible for poverty alleviation and empowerment programmes in border communities.",0
ERGP22237078,PROVISION AND INSTALLATION OF RG SOLAR LIGHTS IN ABIA CENTRAL SENATORIAL DISTRICT,161022001,BORDER COMMUNITIES DEVELOPMENT AGENCY (BCDA) HQTRS,,14000000.0,NO,HIGH,"Abia Central Senatorial District is not a border community as BCDA's mandate is specifically limited to border communities along Nigeria's international boundaries, and Abia Central is an inland area without international borders.",100
ERGP22237079,"CONSTRUCTION OF MODERN PUBLIC TOILETS IN ADO ODO/OTA FEDERAL CONSTITUENCY, OGUN STATE",161022001,BORDER COMMUNITIES DEVELOPMENT AGENCY (BCDA) HQTRS,,21000000.0,YES,HIGH,Construction of modern public toilets in Ado Odo/Ota Federal Constituency falls within BCDA's mandate as it involves infrastructural development in a border community (Ogun State shares international boundaries) and aligns with the agency's function to identify and execute infrastructural projects for border community development.,0
ERGP22237080,PROVISION AND INSTALLATION OF RG SOLAR LIGHTS IN KADUNA NORTH SENATORIAL DISTRICT,161022001,BORDER COMMUNITIES DEVELOPMENT AGENCY (BCDA) HQTRS,,14000000.0,NO,HIGH,"The budget item targets Kaduna North Senatorial District generally rather than specifically targeting border communities along Nigeria's international boundaries, which is BCDA's mandated focus area.",100
ERGP22237082,"PROVISION OF FOOD ITEMS IN FUNE LGA, YOBE STATE
",161022001,BORDER COMMUNITIES DEVELOPMENT AGENCY (BCDA) HQTRS,,346938129.0,YES,HIGH,"Provision of food items in Fune LGA, Yobe State aligns with BCDA's mandate as Yobe is a border state and the agency is responsible for poverty alleviation and empowerment programmes in border communities.",0
ERGP22237084,PROVISION AND INSTALLATION OF RG SOLAR LIGHTS IN RIVERS EAST SENATORIAL DISTRICT,161022001,BORDER COMMUNITIES DEVELOPMENT AGENCY (BCDA) HQTRS,,14000000.0,NO,HIGH,Rivers State does not share international boundaries and therefore does not contain border communities that fall within BCDA's mandate to develop communities along Nigeria's international borders.,100
ERGP22237089,PROVISION AND INSTALLATION OF RG SOLAR LIGHTS IN EBONYI CENTRAL SENATORIAL DISTRICT,161022001,BORDER COMMUNITIES DEVELOPMENT AGENCY (BCDA) HQTRS,,14000000.0,YES,HIGH,"The provision and installation of solar lights falls within BCDA's mandate to provide clean energy and infrastructural development to border communities, and Ebonyi State shares international boundaries making its communities eligible for BCDA intervention.",0
ERGP22237090,"PROVISION OF EDUCATIONAL MATERIALS TO SOME SELECTED SCHOOLS IN IBARAPA CENTRAL/IBARAPA NORTH FEDERAL CONSTITUENCY, OYO STATE",161022001,BORDER COMMUNITIES DEVELOPMENT AGENCY (BCDA) HQTRS,,17500000.0,YES,HIGH,"Providing educational materials to schools directly aligns with BCDA's mandate to ensure social development of border communities, specifically including education as part of their social sector interventions in border areas.",0
ERGP22237093,"SKILLS AND TRAINING DEVELOPMENT FOR INTERNALLY DISPLACED PERSONS IN FIKA LGA, YOBE STATE.",161022001,BORDER COMMUNITIES DEVELOPMENT AGENCY (BCDA) HQTRS,,35000000.0,PARTIAL,MEDIUM,"While BCDA has mandate for empowerment programmes and poverty alleviation which could include skills training, the agency's primary focus is on border communities and there's no clear indication that Fika LGA contains border communities requiring BCDA intervention.",50
ERGP22237097,"PROVISION OF SOLAR STREET LIGHT IN SOME SELECTED AREAS IN BINJI/SILAME FEDERAL CONSTITUENCY, SOKOTO STATE",161022001,BORDER COMMUNITIES DEVELOPMENT AGENCY (BCDA) HQTRS,,18333000.0,YES,HIGH,"The provision of solar street lights (clean energy infrastructure) in border areas of Sokoto State, which shares international boundaries, directly falls under BCDA's mandate to provide clean energy and identify infrastructural projects for border community development.",0
ERGP22237099,"SUPPLY OF WRITING MATERIALS TO SCHOOLS IN IKA SOUTH LGA, DELTA STATE
",161022001,BORDER COMMUNITIES DEVELOPMENT AGENCY (BCDA) HQTRS,,14000000.0,YES,HIGH,"The supply of writing materials to schools falls within BCDA's mandate to provide educational infrastructure and services to border communities, and Ika South LGA in Delta State is a border local government area that the agency is mandated to serve.",0
ERGP22237102,"CUSTOMIZED EXERCISE BOOKS IN IGABI FEDERAL CONSTITUENCY, KADUNA STATE.
",161022001,BORDER COMMUNITIES DEVELOPMENT AGENCY (BCDA) HQTRS,,9166500.0,NO,HIGH,"Igabi Federal Constituency in Kaduna State is not a border community as BCDA's mandate specifically covers only border communities along Nigeria's international boundaries, and Kaduna State does not share international borders.",100
ERGP22237105,"SUPPLY OF SEWING MACHINE FOR WOMEN IN LAFIA COMMUNITY, NASARAWA STATE
",161022001,BORDER COMMUNITIES DEVELOPMENT AGENCY (BCDA) HQTRS,,6111000.0,NO,HIGH,"Lafia is the capital city of Nasarawa State and not a border community, while BCDA's mandate is specifically limited to border communities along Nigeria's international boundaries.",100
ERGP22237107,"SUPPLY OF EXERCISE BOOKS AT OGBARU FEDERAL CONSTITUENCY, ANAMBRA STATE
",161022001,BORDER COMMUNITIES DEVELOPMENT AGENCY (BCDA) HQTRS,,12222000.0,NO,HIGH,"Ogbaru Federal Constituency in Anambra State is not located along Nigeria's international boundaries, as BCDA's mandate specifically covers border communities situated along international boundaries with neighboring countries.",100
ERGP22237108,"TRAINING OF YOUTH ON MOVIE PRODUCTION IN SURULERE 2 FEDERAL CONSTITUENCY, LAGOS STATE",161022001,BORDER COMMUNITIES DEVELOPMENT AGENCY (BCDA) HQTRS,,17500000.0,NO,HIGH,"The budget item targets Surulere 2 Federal Constituency in Lagos State, which is not a border community, while BCDA's mandate specifically focuses on developing communities along Nigeria's international boundaries.",100
ERGP22237109,"CONSTRUCTION OF POLICE STATION AT ANYIASE IN KWANDE LOCAL GOVT, BENUE STATE",161022001,BORDER COMMUNITIES DEVELOPMENT AGENCY (BCDA) HQTRS,,17500000.0,YES,HIGH,"Construction of a police station in a border community falls within BCDA's mandate to identify and execute infrastructural projects required for the overall development of border communities, particularly given the agency's role in coordinating security and development initiatives in border areas.",0
ERGP22237110,RENOVATION AND FURNISHING OF LOCAL GOVERNMENT BUILDING IN AYEDAADE IREWOLE ISOKAN FEDERAL CONSTITUENCY OSUN STATE,161022001,BORDER COMMUNITIES DEVELOPMENT AGENCY (BCDA) HQTRS,,24444000.0,NO,HIGH,"The budget item targets a local government building in Ayedaade, Irewole, and Isokan areas of Osun State, which are inland constituencies that do not fall within BCDA's specific mandate to develop border communities along Nigeria's international boundaries.",100
ERGP22237113,"SUPPLY AND DISTRIBUTION OF HYGIENIC MATERIALS TO SOME HEALTHCARE PROVIDERS WITHIN KADUNA NORTH FEDERAL CONSTITUENCY, KADUNA",161022001,BORDER COMMUNITIES DEVELOPMENT AGENCY (BCDA) HQTRS,,17500000.0,PARTIAL,MEDIUM,"The item aligns with BCDA's health sector mandate only if Kaduna North Federal Constituency contains border communities, but the item description doesn't specify targeting border communities which is required for BCDA's interventions.",50
ERGP22237114,"RENOVATION OF GIDAN DALLATU CULTURAL HUB, KOFAR ZANWA, LAFIA
",161022001,BORDER COMMUNITIES DEVELOPMENT AGENCY (BCDA) HQTRS,,6111000.0,NO,HIGH,"The renovation of a cultural hub in Lafia does not align with BCDA's mandate, which specifically focuses on developing border communities along Nigeria's international boundaries, and Lafia is not a border community.",100
ERGP22237115,"SUPPLY AND DISTRIBUTION OF MOTORCYCLES TO GWARZO/ KANO FEDERAL CONSTITUENCY, KANO STATE",161022001,BORDER COMMUNITIES DEVELOPMENT AGENCY (BCDA) HQTRS,,17500000.0,NO,HIGH,"The budget item targets a specific federal constituency in Kano State rather than border communities, and Gwarzo/Kano Federal Constituency does not appear to be located along Nigeria's international boundaries which is BCDA's specific mandate.",100
ERGP22237120,"LANDSCAPING OF ST. ANTHONY SECONDARY SCHOOL IKENGA IN AGUATA FEDERAL CONSTITUENCY, ANAMBRA STATE.",161022001,BORDER COMMUNITIES DEVELOPMENT AGENCY (BCDA) HQTRS,,17500000.0,NO,HIGH,"The budget item involves landscaping a secondary school in Aguata Federal Constituency, Anambra State, which does not share international boundaries and therefore falls outside BCDA's mandate to develop border communities along Nigeria's international borders.",100
ERGP22237123,"CONSTRUCTION OF OPEN MARKET STALLS, SOLAR POWERED BOREHOLE AND PUBLIC TOILET IN BAJIDA TOWN, FAKAI LGA, KEBBI STATE",161022001,BORDER COMMUNITIES DEVELOPMENT AGENCY (BCDA) HQTRS,,70000000.0,YES,HIGH,"The construction of market stalls, solar-powered borehole, and public toilet directly aligns with BCDA's mandate to provide infrastructural development, clean water, clean energy, and border markets for border communities.",0
ERGP22237125,"CONSTRUCTION/RENOVATION AND EQUIPING OF MATERNITY WARD IN DR MAMMAN DIRI GENERAL HOSPITAL, DIRIN DAJI, KEBBI STATE.",161022001,BORDER COMMUNITIES DEVELOPMENT AGENCY (BCDA) HQTRS,,52500000.0,YES,HIGH,"The construction/renovation and equipping of a maternity ward directly falls under BCDA's mandate to provide health facilities in border communities, as healthcare infrastructure is explicitly listed among the social sector interventions the agency is authorized to implement.",0
ERGP22237127,"CONSTRUCTION TOWNSHIP ROAD IN ABESAN ESTATE, IPAJA, ALIMOSHO FEDERAL CONSTITUENCY, LAGOS STATE.",161022001,BORDER COMMUNITIES DEVELOPMENT AGENCY (BCDA) HQTRS,,70000000.0,NO,HIGH,"The construction of a township road in Abesan Estate, Ipaja, Lagos State does not align with BCDA's mandate as it is located in an urban area within Lagos State, which does not share international boundaries and is not a border community requiring the Agency's specialized interventions.",100
ERGP22237129,"TRAINING AND EMPOWERMENT OF YOUTH IN ACCESS CONTROL, TV CABLE, SOLAR AND INVERTER INSTALLATIONS IN ZURU, FAKAI, DANKO-WASAGU AND SAKABA",161022001,BORDER COMMUNITIES DEVELOPMENT AGENCY (BCDA) HQTRS,,35000000.0,YES,HIGH,"This budget item directly aligns with BCDA's mandate to execute empowerment programmes and provide clean energy solutions in border communities, as Zuru, Fakai, Danko-Wasagu and Sakaba are border areas in Kebbi State that fall within the agency's operational scope.",0
ERGP23225996,"COMPLETION OF ABALAMA CORPERS' LODGE AND REHABILITATION OF C.S.S ABALAMA, RIVERS STATE",161022001,BORDER COMMUNITIES DEVELOPMENT AGENCY (BCDA) HQTRS,,320250000.0,NO,HIGH,"The completion of a corpers' lodge and rehabilitation of a secondary school in Rivers State does not align with BCDA's specific mandate to develop border communities along Nigeria's international boundaries, as Rivers State's Abalama area is not identified as an international border community requiring BCDA intervention.",100
ERGP23236492,"RENOVATION AND FURNISHING OF THE COMMUNITY SECONDARY SCHOOL RUMUEKINI IN OBIO/AKPOR FEDERAL CONSTITUENCY, RIVERS STATE.",161022001,BORDER COMMUNITIES DEVELOPMENT AGENCY (BCDA) HQTRS,,70000000.0,NO,HIGH,"The budget item targets a school in Obio/Akpor Federal Constituency, Rivers State, which is not a border community as BCDA's mandate specifically covers border communities along Nigeria's international boundaries, and Rivers State's Obio/Akpor area does not share an international border.",100
ERGP23236542,"RENOVATIONS OF SCHOOLS IN IGABI FEDERAL CONSTITUENCY, KADUNA STATE
",161022001,BORDER COMMUNITIES DEVELOPMENT AGENCY (BCDA) HQTRS,,105000000.0,NO,HIGH,"Igabi Federal Constituency in Kaduna State is not a border community as BCDA's mandate specifically covers border communities along Nigeria's international boundaries, and Kaduna State does not share an international border.",100
ERGP23236548,"FENCING AND CONSTRUCTION OF ADMIN BLOCKS WITH SOLAR POWERED BOREHOLES AND OVERHEAD TANK AT JAURO YINU COMMUNITY SECONDARY SCHOOL, ARDO",161022001,BORDER COMMUNITIES DEVELOPMENT AGENCY (BCDA) HQTRS,,210000000.0,YES,HIGH,"This budget item directly aligns with BCDA's mandate to provide educational infrastructure and clean water facilities to border communities, as specified in their social sector intervention areas.",0
ERGP23236619,"BLOCK OF CLASS ROOMS AT ST JAMES PRIMARY SCHIOOL, ILUDUN ORO, IREPODUN LGA KWARA STATE",161022001,BORDER COMMUNITIES DEVELOPMENT AGENCY (BCDA) HQTRS,,24500000.0,PARTIAL,MEDIUM,"While BCDA's mandate includes education infrastructure in border communities, the alignment depends on whether Iludun Oro in Irepodun LGA is actually located in a border community along Nigeria's international boundaries, which is not clearly established from the budget item description.",50
ERGP23236620,"INTERLOCKING OF SELECTED SCHOOLS IN KANO MUNICIPAL FEDERAL CONSTITUENCY, KANO STATE",161022001,BORDER COMMUNITIES DEVELOPMENT AGENCY (BCDA) HQTRS,,70000000.0,NO,HIGH,"The budget item targets Kano Municipal Federal Constituency, which is an urban area in central Kano State that does not constitute a border community along Nigeria's international boundaries, falling outside BCDA's specific mandate to develop border communities.",100
ERGP23236696,CONSTRUCTION OF 3 BLOCKS OF CLASSROOMS IN SELECTED AREAS OF KEBBE/ TAMBUWAL FEDERAL CONSTIT,161022001,BORDER COMMUNITIES DEVELOPMENT AGENCY (BCDA) HQTRS,,140000000.0,YES,HIGH,"Construction of classrooms falls within BCDA's mandate to provide educational infrastructure in border communities, as education is explicitly listed among the social sector interventions the agency is authorized to implement.",0
ERGP23236748,CONSTRUCTION OF CLASSROOMS IN NGURU/ YUSUFARI/MACHINA/KARASUWA FEDERAL CONSTITUENCY OF YOBE STATE,161022001,BORDER COMMUNITIES DEVELOPMENT AGENCY (BCDA) HQTRS,,70000000.0,YES,HIGH,"Construction of classrooms falls directly within BCDA's mandate to provide education infrastructure in border communities, and the specified constituencies in Yobe State are located along Nigeria's international boundary with Niger Republic.",0
ERGP23236758,"CONSTRUCTION OF BLOCKS OF CLASS ROOMS IN GAYA TOWN,ALBASU/GAYA/AJINGI FEDERAL CONSTITUENCY, KANO STATE",161022001,BORDER COMMUNITIES DEVELOPMENT AGENCY (BCDA) HQTRS,,70000000.0,NO,HIGH,"The budget item targets Gaya Town in Kano State, which is not a border community as BCDA's mandate specifically covers border communities along Nigeria's international boundaries, and Gaya Town does not appear to be located along an international border.",100
ERGP23236759,"CONSTRUCTION OF BLOCKS OF CLASSROOMS IN KADEMI TOWN, ALBASU/GAYA/AJINGI FEDERAL CONSTITUENCY, KANO STATE",161022001,BORDER COMMUNITIES DEVELOPMENT AGENCY (BCDA) HQTRS,,70000000.0,PARTIAL,MEDIUM,"The construction of classrooms aligns with BCDA's education infrastructure mandate, but requires verification that Kademi Town in the specified constituency is actually a designated border community within BCDA's coverage area.",50
ERGP23236760,"CONSTRUCTION OF BLOCKS OF CLASSROOMS IN AJINGI TOWN, ALBASU/GAYA.AJINGI FEDERAL CONSTITUENCY, KANO STATE",161022001,BORDER COMMUNITIES DEVELOPMENT AGENCY (BCDA) HQTRS,,70000000.0,NO,HIGH,"The budget item targets Ajingi town in Kano State, which is not a border community as BCDA's mandate specifically covers border communities along Nigeria's international boundaries, and Kano State's Ajingi area does not border any international boundary.",100
ERGP23236761,"CONSTRUCTION OF BLOCKS OF CLASS ROOMS IN TORANKE TOWN, ALBASU/GAYA/AJINGI FEDERAL CONSTITUENCY, KANO STATE",161022001,BORDER COMMUNITIES DEVELOPMENT AGENCY (BCDA) HQTRS,,70000000.0,NO,HIGH,"The budget item targets Toranke Town in Kano State's Albasu/Gaya/Ajingi Federal Constituency, but BCDA's mandate specifically covers only border communities along Nigeria's international boundaries, and Kano State does not share international boundaries with neighboring countries.",100
ERGP23236771,"CONSTUCTION OF BLOCK OF CLASSROOMS IN DAHO TOWN IN ALBASU/GAYA/JINJI FEDERAL CONSTITUENCY, KANO STATE",161022001,BORDER COMMUNITIES DEVELOPMENT AGENCY (BCDA) HQTRS,,70000000.0,NO,HIGH,"The budget item specifies construction in Albasu/Gaya/Jinji Federal Constituency in Kano State, but BCDA's mandate is specifically limited to border communities along Nigeria's international boundaries, and Kano State does not share an international border.",100
ERGP23237077,RENOVATION OF CENTRAL NURSERY & PRIMARY SCHOOL AND 5TH AVENUE NURSERY & PRIMARY SCHOOL,161022001,BORDER COMMUNITIES DEVELOPMENT AGENCY (BCDA) HQTRS,,17500000.0,PARTIAL,MEDIUM,"While BCDA's mandate includes education infrastructure in border communities, this item lacks specification that these schools are located in border communities rather than general schools.",50
ERGP25236524,"REHABILITATION OF MATERNITY WARD IN GENERAL HOSPITAL KOTONKARFI, KOGI STATE.",161022001,BORDER COMMUNITIES DEVELOPMENT AGENCY (BCDA) HQTRS,,35000000.0,YES,HIGH,"The rehabilitation of a maternity ward falls under BCDA's mandate to provide health facilities in the social sector for border communities, and Kogi State is one of the 21 border states covered by the agency.",0
ERGP25236610,"CONSTRUCTION OF HEALTH FACILITY TO AKKO FEDERAL CONSTITUENCY
",161022001,BORDER COMMUNITIES DEVELOPMENT AGENCY (BCDA) HQTRS,,140000000.0,PARTIAL,MEDIUM,"While BCDA's mandate includes constructing health facilities, this would only align if Akko Federal Constituency contains border communities, which is not specified in the budget item.",50
ERGP25236690,RENOVATION OF COMPREHENSIVE HEALTH CENTRE SHONGA EDU LGA KWARA NORTH SENATORIAL DISTRICT,161022001,BORDER COMMUNITIES DEVELOPMENT AGENCY (BCDA) HQTRS,,35000000.0,NO,HIGH,"The budget item targets Shonga in Edu LGA, Kwara State, which is not a border community as BCDA's mandate specifically covers communities along Nigeria's international boundaries, and Kwara State does not share international borders.",100
ERGP25236692,"RECONSTRUCTION OF HEALTH CARE CENTRE, OHUHU, OJU LGA IN BENUE SOUTH SENATORIAL DISTRICT",161022001,BORDER COMMUNITIES DEVELOPMENT AGENCY (BCDA) HQTRS,,70000000.0,YES,HIGH,"The reconstruction of a healthcare centre in Oju LGA, Benue State directly aligns with BCDA's mandate to provide health facilities in border communities, as Benue is one of the 21 border states under the agency's jurisdiction.",0
ERGP25236749,"CONSTRUCTION AND FURNISHING OF PRIMARY HEALTH CARE CENTRE IN BAJOGA EAST AREAS OF GOMBE NORTH SENATORIAL DISTRICT, GOMBE STATE",161022001,BORDER COMMUNITIES DEVELOPMENT AGENCY (BCDA) HQTRS,,175000000.0,PARTIAL,MEDIUM,"While BCDA's mandate includes providing health facilities in border communities, the budget item does not specify that Bajoga East is a border community, and Gombe State shares international boundaries where BCDA operates, but the specific location's border status is unclear.",50
ERGP25236750,"CONSTRUCTION AND FURNISHING OF PRIMARY HEALTH CARE CENTRE IN KOMFULATA AREA OF GOMBE NORTH SENATORIAL DISTRICT, GOMBE STATE.",161022001,BORDER COMMUNITIES DEVELOPMENT AGENCY (BCDA) HQTRS,,175000000.0,PARTIAL,MEDIUM,"While BCDA's mandate includes providing health facilities in border communities, Komfulata's status as a border community within BCDA's designated coverage area requires verification since the item doesn't explicitly confirm this location falls within the agency's jurisdiction of border communities along international boundaries.",50
ERGP25236763,"EXPANSION OF FARAGAI PRIMARY HEALTHCARE IN ALBASU/GAYA/AJINGI FEDERAL CONSTITUENCY, KANO STATE",161022001,BORDER COMMUNITIES DEVELOPMENT AGENCY (BCDA) HQTRS,,70000000.0,NO,HIGH,"The project location in Albasu/Gaya/Ajingi Federal Constituency, Kano State does not appear to be in border communities along Nigeria's international boundaries, which is BCDA's specific mandate area.",100
ERGP25236776,"CONSTRUCTION OF PRIMARY HEALTH CARE IN TAKIA/SUMAILA FEDERAL CONSTITUENCY, KANO STATE",161022001,BORDER COMMUNITIES DEVELOPMENT AGENCY (BCDA) HQTRS,,70000000.0,NO,HIGH,"The budget item specifies a federal constituency in Kano State, but BCDA's mandate is exclusively for border communities along Nigeria's international boundaries, and Takia/Sumaila is not a border community as Kano State's international border areas are limited to specific northern LGAs.",100
ERGP25236917,PROCUREMENT OF MEDICAL EQUIPMENT FOR PRIMARY HEALTHCARE CENTRES LGA IN BENUE SOUTH SENATORIAL DISTRICT,161022001,BORDER COMMUNITIES DEVELOPMENT AGENCY (BCDA) HQTRS,,28000000.0,PARTIAL,MEDIUM,"While BCDA's mandate includes health facilities provision in border communities, this item targets the entire Benue South Senatorial District rather than specifically focusing on border communities within that district.",50
ERGP25236923,CONSTRUCTION OF A PRIMARY HEALTHCARE CENTRE AT A SELECTED AREA OF ADAMAWA NORTH SENATORIAL DISTRICT,161022001,BORDER COMMUNITIES DEVELOPMENT AGENCY (BCDA) HQTRS,,70000000.0,YES,HIGH,"The construction of a primary healthcare centre directly aligns with BCDA's mandate to provide health facilities in the social sector for border communities, and Adamawa State shares international boundaries making it within the agency's geographical scope.",0
ERGP25236977,"CONSTRUCTION OF HEALTHCARE CENTRE @ UGBOJU, OTUKPO LG BENUE SOUTH SENATORIAL DISTRICT, BENUE STATE.",161022001,BORDER COMMUNITIES DEVELOPMENT AGENCY (BCDA) HQTRS,,70000000.0,PARTIAL,MEDIUM,"While healthcare facilities are within BCDA's social sector mandate, the item doesn't specify that Ugboju is a border community, and BCDA's mandate is specifically limited to border communities along Nigeria's international boundaries.",50
ERGP27236526,CONSTRUCTION OF POLICE STATION AT ANYIASE LOCAL GOVERNMENT OF BENUE STATE.,161022001,BORDER COMMUNITIES DEVELOPMENT AGENCY (BCDA) HQTRS,,21000000.0,PARTIAL,MEDIUM,"While BCDA's mandate includes infrastructural development in border communities, constructing a police station appears to be primarily a security infrastructure function that would typically fall under law enforcement agencies rather than the Agency's core social and economic development focus.",50
ERGP28224916,"CONSTRUCTION OF SOLAR POWERED BOREHOLE WITH OVERHEAD FIBERGLASS TANK OF 10,000 GALLONS IN KIRAWA, BORNO STATE",161022001,BORDER COMMUNITIES DEVELOPMENT AGENCY (BCDA) HQTRS,,138250000.0,YES,HIGH,"This budget item directly aligns with BCDA's mandate to provide clean water infrastructure in border communities, as Kirawa in Borno State falls within the agency's coverage area of border communities requiring social sector interventions.",0
ERGP28224924,"CONSTRUCTION OF COMMUNITY WATER FACILITY WITH OVERHEAD FIBERGLASS TANK OF 10,000 GALLONS IN BABANNA, BORGU LGA NIGER STATE",161022001,BORDER COMMUNITIES DEVELOPMENT AGENCY (BCDA) HQTRS,,138250000.0,YES,HIGH,"The construction of water facilities in border communities directly aligns with BCDA's mandate to provide clean water infrastructure in the social sector for border community development, and Borgu LGA in Niger State is a border area within the Agency's coverage.",0
ERGP28224928,"CONSTRUCTION OF COMMUNITY WATER FACILITY WITH OVERHEAD FIBERGLASS TANK OF 10,000 GALLONS IN GADA, SOKOTO STATE",161022001,BORDER COMMUNITIES DEVELOPMENT AGENCY (BCDA) HQTRS,,138250000.0,YES,HIGH,"The construction of community water facilities directly falls under BCDA's mandate to provide clean water infrastructure in the social sector for border communities, and Sokoto State is one of the 21 border states covered by the agency.",0
ERGP28236490,PROVISION OF MOTORIZED BOREHOLES TO SOME SELECTED COMMUNITIES IN AHOADA-WEST/OGBA-EGBEMA-NDONI FEDERAL CONSTITUENCY OF RIVERS STATE,161022001,BORDER COMMUNITIES DEVELOPMENT AGENCY (BCDA) HQTRS,,70000000.0,YES,HIGH,"Providing motorized boreholes for clean water provision directly falls within BCDA's social sector mandate to provide clean water to border communities, and the specified communities in Rivers State are within the agency's coverage area as Rivers State shares international boundaries.",0
ERGP28236493,"PURCHASE OF WATER PUMPS, ISA/ SABON/BIRNI FEDERAL CONSTITUENCY, SOKOTO STATE",161022001,BORDER COMMUNITIES DEVELOPMENT AGENCY (BCDA) HQTRS,,35000000.0,YES,HIGH,The purchase of water pumps for a federal constituency in Sokoto State (a border state) directly supports BCDA's mandate to provide clean water infrastructure and address the underdevelopment of border communities.,0
ERGP28236494,"BOREHOLE IN IGABI FEDERAL CONSTITUENCY, KADUNA STATE
",161022001,BORDER COMMUNITIES DEVELOPMENT AGENCY (BCDA) HQTRS,,35000000.0,NO,HIGH,"Igabi Federal Constituency in Kaduna State is not located along Nigeria's international borders, therefore it falls outside BCDA's mandate which specifically covers border communities situated along international boundaries.",100
ERGP28236543,"SUPPLY AND INSTALLATION OF SOLAR POWERED BOREHOLES IN IGABI FEDERAL CONSTITUENCY, KADUNA STATE",161022001,BORDER COMMUNITIES DEVELOPMENT AGENCY (BCDA) HQTRS,,105000000.0,NO,HIGH,"Igabi Federal Constituency in Kaduna State is not located along Nigeria's international boundaries, therefore it falls outside BCDA's mandate which specifically focuses on border communities situated along international boundaries.",100
ERGP28236598,PROVISION AND INSTALLATION OF WATER PIPES WITH ACCESSORIES FOR PAIKO WATER PROJECT CONSTRUTION OF RETICULATION SYSTEM.,161022001,BORDER COMMUNITIES DEVELOPMENT AGENCY (BCDA) HQTRS,,350000000.0,YES,HIGH,The provision and installation of water pipes for a water project directly aligns with BCDA's mandate to provide clean water infrastructure in the social sector for border communities development.,0
ERGP28236651,"COMPLETION OF PCI WATER WORK, OKPOGA OKPOKWU LGA IN BENUE SOUTH SENATORIAL DISTRICT",161022001,BORDER COMMUNITIES DEVELOPMENT AGENCY (BCDA) HQTRS,,35000000.0,YES,HIGH,"The completion of water infrastructure in Okpokwu LGA falls directly within BCDA's mandate to provide clean water and execute infrastructural development projects in border communities, as Benue State shares international boundaries and water provision is explicitly listed among the Agency's social sector intervention areas.",0
ERGP28236677,"PROVISION AND INSTALLATION OF SOLAR POWERED BOREHOLE IN NING/BURRA TOWNS, NINGI LOCAL GOVERNMENT, BAUCHI STATE",161022001,BORDER COMMUNITIES DEVELOPMENT AGENCY (BCDA) HQTRS,,70000000.0,NO,HIGH,"Ningi Local Government in Bauchi State is not a border community as Bauchi State does not share international boundaries with neighboring countries, which falls outside BCDA's mandate to serve only the over 2,000 border communities across 155 local government areas within the 21 states that share international boundaries.",100
ERGP28236691,CONSTRUCTION OF SOLAR POWERED BORE HOLES IN SELECTED COMMUNITIES IN KEBBE/TAMBUWAL FEDERAL CONSTITUENCY,161022001,BORDER COMMUNITIES DEVELOPMENT AGENCY (BCDA) HQTRS,,210000000.0,YES,HIGH,"The construction of solar powered bore holes directly aligns with BCDA's mandate to provide clean water and clean energy infrastructure in border communities, as Kebbi State shares international boundaries and falls within the Agency's coverage area.",0
ERGP28236697,DRILLING OF ONE NUMBER SOLAR POWER BOREHOLE AT COMMUNITY IN NASARAWA STATE,161022001,BORDER COMMUNITIES DEVELOPMENT AGENCY (BCDA) HQTRS,,35000000.0,YES,HIGH,"The drilling of a solar-powered borehole directly aligns with BCDA's mandate to provide clean water and clean energy infrastructure in border communities, which falls under their social sector intervention areas.",0
ERGP28236706,"PROVISION OF SOLAR BOREHOLES IN KADUNA CENTRAL SENATORIAL DISTRICT, (RIGACHIKUN, UNGUWAR RIMI AND SABUWAR UNGUWAR MU'AZU)",161022001,BORDER COMMUNITIES DEVELOPMENT AGENCY (BCDA) HQTRS,,70000000.0,NO,HIGH,"The budget item targets locations in Kaduna Central Senatorial District which are not border communities along Nigeria's international boundaries, falling outside BCDA's specific mandate to develop communities situated along international borders.",100
ERGP28236711,"PROVISION OF MOTORISED SOLAR POWERED BOREHOLES IN YOBE SOUTH, YOBE STATE
",161022001,BORDER COMMUNITIES DEVELOPMENT AGENCY (BCDA) HQTRS,,175000000.0,YES,HIGH,"The provision of motorised solar powered boreholes directly aligns with BCDA's mandate to provide clean water and clean energy infrastructure in border communities, as Yobe State shares international boundaries and falls within the Agency's coverage area.",0
ERGP28236732,DRILLING AND INSTALLATIONS OF STANDARD HAND PUMPS ACROSS BURSARI/GEIDAM/YUNUSARI FEDERAL CONSTITUENCY,161022001,BORDER COMMUNITIES DEVELOPMENT AGENCY (BCDA) HQTRS,,70000000.0,YES,HIGH,"Installing standard hand pumps for water access directly aligns with BCDA's mandate to provide clean water infrastructure in border communities, as Borno State (where these LGAs are located) shares international boundaries and falls within the Agency's coverage area.",0
ERGP28236746,"CONSTRUCTION, RENOVATION AND UPGRADE, RETICULATION OF MOTORIZED BOREHOLES IN SELECTED COMMUNITIES IN GOMBE NORTH SENATORIAL DISTRICT,",161022001,BORDER COMMUNITIES DEVELOPMENT AGENCY (BCDA) HQTRS,,175000000.0,YES,HIGH,"The construction and upgrade of motorized boreholes for clean water provision falls directly within BCDA's social sector intervention mandate for border communities, and Gombe State shares international boundaries making its communities eligible for the agency's services.",0
ERGP28236807,"PROVISION OF SOLAR POWERD BOREHOLE IN SELECTED COMMUNITIES IN OGBARU LGA, OGBARU FEDERAL CONSTITUENCY, ANAMBRA STATE",161022001,BORDER COMMUNITIES DEVELOPMENT AGENCY (BCDA) HQTRS,,70000000.0,NO,HIGH,"Ogbaru LGA in Anambra State is not a border community as BCDA's mandate specifically covers communities along Nigeria's international boundaries, and Anambra State does not share any international borders.",100
ERGP28236821,"PROVISION OF SOLAR POWERED MOTORIZED BOREHOLE IN SELECTED COMMUNITIES IN IKONO/INI FEDERAL CONSTITUENCY, AKWA IBOM.",161022001,BORDER COMMUNITIES DEVELOPMENT AGENCY (BCDA) HQTRS,,56000000.0,NO,HIGH,"Ikono/Ini Federal Constituency in Akwa Ibom State is not located along Nigeria's international borders, and BCDA's mandate is specifically limited to border communities situated along international boundaries.",100
ERGP28236860,"CONSTRUCTION OF BORE-HOLES IN IRUN AKOKO AND ESE AKOKO IN ONDO NORTH
",161022001,BORDER COMMUNITIES DEVELOPMENT AGENCY (BCDA) HQTRS,,28000000.0,YES,HIGH,"Construction of bore-holes for clean water provision directly aligns with BCDA's mandate to provide social sector interventions including clean water in border communities, and Ondo North is a border area within the agency's coverage.",0
ERGP28236865,CONSTRUCTION OF UNITS OF SOLAR POWERED BOREHOLES IN ETSAKO CENTRAL EAST AND WEST LGA'S IN ETSAKO FEDERAL CONSTITUENCY EDO STATE,161022001,BORDER COMMUNITIES DEVELOPMENT AGENCY (BCDA) HQTRS,,140000000.0,YES,HIGH,"The construction of solar powered boreholes directly aligns with BCDA's mandate to provide clean water and clean energy in border communities, as these fall under the social sector interventions specifically outlined in the agency's functions.",0
ERGP28236900,"PROVISION OF SOLAR ENERGY POWERED WATER BOREHOLES TO SOME COMMUNITIES IN AHOADA WEST / OGBA - EGBEMA - NDONI FEDERAL CONSTITUENCY, RIVERS STATE",161022001,BORDER COMMUNITIES DEVELOPMENT AGENCY (BCDA) HQTRS,,35000000.0,NO,HIGH,"The budget item targets communities in Ahoada West/Ogba-Egbema-Ndoni Federal Constituency in Rivers State, which are not border communities as Rivers State does not share international boundaries, while BCDA's mandate is specifically limited to developing communities along Nigeria's international borders.",100
ERGP28236907,REHABILITATION OF DYSFUNCTIONAL BOREHOLES IN SELECTED COMMUNITIES OF ADAMAWA SOUTH SENATORIAL DISTRICT,161022001,BORDER COMMUNITIES DEVELOPMENT AGENCY (BCDA) HQTRS,,21000000.0,YES,HIGH,"This budget item directly aligns with BCDA's mandate to provide clean water in border communities, as Adamawa State shares international boundaries and the agency's social sector interventions explicitly include clean water provision.",0
ERGP28236927,SOLAR-POWERED BOREHOLES AT VARIOUS LOCATIONS IN NASARAWA SOUTH SENATORIAL DISTRICT,161022001,BORDER COMMUNITIES DEVELOPMENT AGENCY (BCDA) HQTRS,,70000000.0,PARTIAL,MEDIUM,"While BCDA's mandate includes providing clean water to border communities, this item targets Nasarawa South Senatorial District without specifying that it serves border communities along Nigeria's international boundaries.",50
ERGP28236975,"PROVISION AND INSTALLATION OF MOTORIZED BOREHOLES IN VARIOUS COMMUNITIES OF PLATEAU NORTH SENATORIAL DISTRICT, PLATEAU STATE.",161022001,BORDER COMMUNITIES DEVELOPMENT AGENCY (BCDA) HQTRS,,70000000.0,PARTIAL,MEDIUM,"While BCDA's mandate includes providing clean water to border communities, this budget item targets Plateau North Senatorial District generally rather than specifically border communities along Nigeria's international boundaries.",50
ERGP28236993,"PROCUREMENT AND CONSTRUCTION OF SOLAR-POWERED BOREHOLES TO SELECTED VILLAGES IN ILORIN WEST/ASA FEDERAL CONSTITUENCY, KWARA STATE",161022001,BORDER COMMUNITIES DEVELOPMENT AGENCY (BCDA) HQTRS,,70000000.0,NO,HIGH,"Ilorin West/Asa Federal Constituency in Kwara State is not located along Nigeria's international boundaries, as BCDA's mandate is specifically limited to border communities situated along international borders.",100
ERGP28237017,"PROVISION AND INSTALLATION OF SOLAR BOREHOLES IN NANGERE LGA, YOBE STATE
",161022001,BORDER COMMUNITIES DEVELOPMENT AGENCY (BCDA) HQTRS,,175000000.0,YES,HIGH,"The provision and installation of solar boreholes in Nangere LGA, Yobe State directly aligns with BCDA's mandate to provide clean water and clean energy infrastructure in border communities, as Yobe State is one of the 21 border states under the agency's jurisdiction.",0
ERGP28237021,"PROVISION AND INSTALLATION OF SOLAR BOREHOLES IN POTISKUM LGA, YOBE STATE
",161022001,BORDER COMMUNITIES DEVELOPMENT AGENCY (BCDA) HQTRS,,175000000.0,YES,HIGH,"The provision and installation of solar boreholes directly aligns with BCDA's mandate to provide clean water and clean energy infrastructure in border communities, as Potiskum LGA in Yobe State is located in a border state along Nigeria's international boundaries.",0
ERGP28237027,"PROVISION AND INSTALLATION OF SOLAR BOREHOLES IN FIKA LGA, YOBE STATE
",161022001,BORDER COMMUNITIES DEVELOPMENT AGENCY (BCDA) HQTRS,,175000000.0,YES,HIGH,"The provision and installation of solar boreholes directly aligns with BCDA's mandate to provide clean water and clean energy infrastructure in border communities, as Fika LGA in Yobe State is located in a border state along Nigeria's international boundaries.",0
ERGP28237031,"PROVISION AND INSTALLATION OF SOLAR BOREHOLES IN FUNE LGA, YOBE STATE
",161022001,BORDER COMMUNITIES DEVELOPMENT AGENCY (BCDA) HQTRS,,175000000.0,YES,HIGH,"The provision and installation of solar boreholes in Fune LGA, Yobe State directly aligns with BCDA's mandate to provide clean water and clean energy infrastructure in border communities, as Yobe State shares international boundaries and falls within the Agency's coverage area.",0
ERGP28237032,"CONSTRUCTION OF SOLAR POWERED BOREHOLE IN NGURU/YUSUFARI/MACHINA/KARASUWA FED CONST, YOBE STATE",161022001,BORDER COMMUNITIES DEVELOPMENT AGENCY (BCDA) HQTRS,,140000000.0,YES,HIGH,"The construction of solar powered boreholes directly aligns with BCDA's mandate to provide clean water and clean energy infrastructure in border communities, as Yobe State shares international boundaries and these constituencies are located in border areas.",0
ERGP28237052,"PROVISION OF SOLAR POWERED BOREHOLE IN RUGAR BABANDI, IN AWALA NAGWAMATSE, SULE TANKARKAR LGA, JIGAWA STATE",161022001,BORDER COMMUNITIES DEVELOPMENT AGENCY (BCDA) HQTRS,,14000000.0,YES,HIGH,"The provision of solar powered borehole directly aligns with BCDA's mandate to provide clean water and clean energy to border communities, as this project targets a border area in Jigawa State which shares international boundaries.",0
ERGP28237059,"PROVISION AND INSTALLATION OF SOLAR POWERED BOREHOLES IN ABI/YAKURR FEDERAL CONSTITUENCY, CROSS RIVER STATE.",161022001,BORDER COMMUNITIES DEVELOPMENT AGENCY (BCDA) HQTRS,,70000000.0,YES,HIGH,"The provision of solar-powered boreholes directly aligns with BCDA's mandate to provide clean water and clean energy in border communities, as Cross River State is a border state with communities requiring such infrastructure development.",0
ERGP28237071,PROVISION OF MOTORIZED BOREHOLES IN SELECTED COMMUNITIES IN GBOKO/TARKA FEDERAL. CONSTITUENCY BENUE STATE.,161022001,BORDER COMMUNITIES DEVELOPMENT AGENCY (BCDA) HQTRS,,70000000.0,PARTIAL,MEDIUM,"While BCDA's mandate includes providing clean water to border communities, Gboko/Tarka Federal Constituency in Benue State does not appear to be located along Nigeria's international borders, which is a key requirement for BCDA intervention.",50
ERGP28237081,"CONSTRUCTION OF SOLAR POWERED BOREHOLE IN MUBI NORTH, MUBI SOUTH AND MAIHA FEDERAL CONSTITUENCY, ADAMAWA STATE",161022001,BORDER COMMUNITIES DEVELOPMENT AGENCY (BCDA) HQTRS,,21000000.0,YES,HIGH,"The construction of solar powered boreholes directly aligns with BCDA's mandate to provide clean water and clean energy infrastructure in border communities, as Mubi North, Mubi South, and Maiha are located in Adamawa State which shares international boundaries with Cameroon.",0
ERGP28237116,"CONSTRUCTION OF SOLAR POWERED BOREHOLES IN SURULERE 1, LAGOS STATE
",161022001,BORDER COMMUNITIES DEVELOPMENT AGENCY (BCDA) HQTRS,,18333000.0,NO,HIGH,"Surulere 1, Lagos State is not a border community as it is located in the interior of Lagos State, far from Nigeria's international boundaries, while BCDA's mandate specifically covers border communities along international boundaries.",100
ERGP28237118,CONSTRUCTION OF SOLAR POWERED BOREHOLES IN MAGA AND DANK TOWN IN DANKO WASAGU LGA OF KEBBI STATE,161022001,BORDER COMMUNITIES DEVELOPMENT AGENCY (BCDA) HQTRS,,31500000.0,YES,HIGH,"The construction of solar powered boreholes directly aligns with BCDA's mandate to provide clean water and clean energy in border communities, as Kebbi State shares international boundaries and such infrastructure development falls under the Agency's social sector interventions.",0
ERGP29236523,ICT COMPUTER CLASS IN ABUBAKAR GUMMI CHANCHANGI COLLEGE IN KADUNA STATE,161022001,BORDER COMMUNITIES DEVELOPMENT AGENCY (BCDA) HQTRS,,70000000.0,YES,HIGH,"Establishing an ICT computer class in a college directly aligns with BCDA's mandate to provide educational infrastructure and social sector development in border communities, as specified under their functions to identify and execute infrastructural projects for border community development.",0
ERGP29236970,PURCHASE OF ICT EQUIPMENT FOR ICT HUB IN NASARAWA SOUTH SENATORIAL DISTRICT,161022001,BORDER COMMUNITIES DEVELOPMENT AGENCY (BCDA) HQTRS,,70000000.0,NO,HIGH,"The budget item targets a senatorial district rather than border communities along international boundaries, which falls outside BCDA's specific mandate to develop communities situated along Nigeria's international borders.",100
ERGP29237094,"TRAINING OF YOUTH IN ICT AT OZU ABAM, AROCHUKWU LGA OF ABIA STATE
",161022001,BORDER COMMUNITIES DEVELOPMENT AGENCY (BCDA) HQTRS,,17500000.0,YES,HIGH,"Training youth in ICT constitutes empowerment programmes and capacity building within border communities, which directly aligns with BCDA's mandate to execute development projects and poverty alleviation initiatives in border areas.",0
ERGP30226019,GEOGRAPHIC INFORMATION MAPPING OF ALL BORDER COMMUNITIES (INCLUDING EQUIPMENT AND SOFTWARES),161022001,BORDER COMMUNITIES DEVELOPMENT AGENCY (BCDA) HQTRS,,136302630.0,YES,HIGH,"Geographic information mapping of border communities directly supports BCDA's mandate to identify and determine infrastructural projects, prepare comprehensive development programmes, and implement strategies for efficient project delivery across the over 2,000 border communities under their jurisdiction.",0
ERGP30226029,CONTINUOUS NEEDS ASSESSMENT AND ANALYSIS FOR OVER 3000 BORDER COMMUNITIES IN 21 BORDER STATE,161022001,BORDER COMMUNITIES DEVELOPMENT AGENCY (BCDA) HQTRS,,84000000.0,YES,HIGH,"The budget item directly supports BCDA's core mandate to prepare comprehensive development programmes and identify infrastructural needs for border communities, as the agency is specifically tasked with developing and implementing policies for over 2,000 border communities across 21 border states.",0
ERGP30235969,"REHABILITATION OF MACHINA COMMUNITY CENTER
",161022001,BORDER COMMUNITIES DEVELOPMENT AGENCY (BCDA) HQTRS,,49000000.0,YES,HIGH,"The rehabilitation of Machina Community Center aligns with BCDA's mandate to execute infrastructural development projects in border communities, as Machina is located in Yobe State along Nigeria's international boundary with Niger.",0
ERGP30235977,CONSTRUCTION OF SOLAR POWERED BOREHOLES IN SOME SELECTED COMMUNITIES OF YOBE NORTH,161022001,BORDER COMMUNITIES DEVELOPMENT AGENCY (BCDA) HQTRS,,280000000.0,YES,HIGH,"The construction of solar powered boreholes directly aligns with BCDA's mandate to provide clean water and clean energy infrastructure in border communities, as Yobe North is located along Nigeria's international boundary with Niger.",0
ERGP30235984,"PROVISION AND INSTALLATION OF SOLAR POWERED STREET LIGHT IN BADE, YUSUFARI AND MACHINA COMMUNITIES IN YOBE NORTH SENATORIAL DISTRICT",161022001,BORDER COMMUNITIES DEVELOPMENT AGENCY (BCDA) HQTRS,,140000000.0,YES,HIGH,"Installing solar powered street lights in border communities falls directly within BCDA's mandate to provide clean energy and infrastructural development to border communities, as these locations in Yobe North are along Nigeria's international boundary with Niger.",0
ERGP30235992,"PROVISION AND INSTALLATION OF SOLAR POWERED STREET LIGHT IN NGURU, KARASUWA AND JAKUSKO COMMUNITIES IN YOBE NORTH SENATORIAL DISTRICT",161022001,BORDER COMMUNITIES DEVELOPMENT AGENCY (BCDA) HQTRS,,140000000.0,YES,HIGH,"The provision of solar powered street lights directly aligns with BCDA's mandate to provide clean energy and infrastructural development in border communities, as these Yobe communities are located in a border state along Nigeria's international boundaries.",0
ERGP30235994,CONSTRUCTION AND EQUIPPING PRIMARY HEALTHCARE CENTERS AT EREBE QUARTERS AND OMUTOWNHALL;,161022001,BORDER COMMUNITIES DEVELOPMENT AGENCY (BCDA) HQTRS,,140000000.0,YES,HIGH,The construction and equipping of primary healthcare centers directly aligns with BCDA's mandate to provide health facilities as part of social sector interventions in border communities.,0
ERGP30235997,"RENOVATION AND FURNISHING OF BLOCK OF SIX Ã¢â¬â CLASSROOMS AT THE ST. PAUL PRIMARY SCHOOL, OMU Ã¢â¬â IJEBU, ODOGBOLU LGA, OGUN STATE",161022001,BORDER COMMUNITIES DEVELOPMENT AGENCY (BCDA) HQTRS,,56000000.0,YES,HIGH,"The renovation and furnishing of classrooms at a primary school in Odogbolu LGA, Ogun State directly aligns with BCDA's mandate to develop educational infrastructure in border communities, as Ogun State is a border state covered by the agency's operations.",0
ERGP30235998,"RENOVATION AND FURNISHING OF BLOCK OF SIX Ã¢â¬â CLASSROOMS AT THE Z I PRIMARY SCHOOL, OMU Ã¢â¬â IJEBU, ODOGBOLU LGA, OGUN STATE",161022001,BORDER COMMUNITIES DEVELOPMENT AGENCY (BCDA) HQTRS,,56000000.0,YES,HIGH,"The renovation and furnishing of classrooms at a primary school in Odogbolu LGA, Ogun State directly aligns with BCDA's mandate to provide educational infrastructure in border communities, as Ogun State is one of the 21 border states under the agency's coverage.",0
ERGP30236002,"CONSTRUCTION OF BRIDGE, DRAINAGE AND EROSION CONTROL AT CRD LUGBE 1, (ON GOING);",161022001,BORDER COMMUNITIES DEVELOPMENT AGENCY (BCDA) HQTRS,,105000000.0,NO,HIGH,"The budget item involves construction work at CRD Lugbe 1, which appears to be a residential development area in Abuja rather than a border community, falling outside BCDA's mandate to develop communities along Nigeria's international boundaries.",100
ERGP30236006,"SKILLS TRAINING AND DEVELOPMENT FOR YOUTHS IN YOBE SOUTH YOBE STATE
",161022001,BORDER COMMUNITIES DEVELOPMENT AGENCY (BCDA) HQTRS,,210000000.0,YES,HIGH,"Skills training and development for youths in Yobe South falls directly within BCDA's mandate to provide empowerment programmes and poverty alleviation in border communities, as Yobe State shares international boundaries and contains border communities under the agency's jurisdiction.",0
ERGP30236008,"SUPPLY AND INSTALLATION OF 500KVA TRANSFORMER AT EREBE, AJEREGUN, IGBILE AND IRETE, ODOGBOLU LGA, OGUN STATE;",161022001,BORDER COMMUNITIES DEVELOPMENT AGENCY (BCDA) HQTRS,,35000000.0,YES,HIGH,"The supply and installation of transformers in border communities falls directly within BCDA's mandate to provide clean energy and infrastructural development to border communities, as specified in their social sector intervention areas.",0
ERGP30236009,"SKILLS TRAINING AND DEVELOPMENT FOR YOUTHSIN FUNE LGA YOBE STATE
",161022001,BORDER COMMUNITIES DEVELOPMENT AGENCY (BCDA) HQTRS,,420000000.0,YES,HIGH,"Skills training and development for youth in Fune LGA, Yobe State aligns with BCDA's mandate to execute empowerment programmes and poverty alleviation initiatives in border communities, as Yobe State shares international boundaries and contains border communities under the agency's jurisdiction.",0
ERGP30236012,"RENOVATION AND FURNISHING OF BLOCK OF SIX CLASSROOMS AT OMU-AJOSE COMPREHENSIVE HIGH SCHOOL, OMU-IJEBU, ODOGBOLU LGA, OGUN STATE;",161022001,BORDER COMMUNITIES DEVELOPMENT AGENCY (BCDA) HQTRS,,84000000.0,NO,HIGH,"Omu-Ijebu in Odogbolu LGA, Ogun State is not a border community as it is located in the interior of the state, far from Nigeria's international boundaries, while BCDA's mandate specifically covers only border communities along international borders.",100
ERGP30236013,"SKILLS TRAINING AND DEVELOPMENT FOR YOUTHSIN FIKA LGA YOBE STATE
",161022001,BORDER COMMUNITIES DEVELOPMENT AGENCY (BCDA) HQTRS,,420000000.0,YES,HIGH,"Skills training and development for youths in Fika LGA Yobe State aligns with BCDA's mandate to implement empowerment programmes and poverty alleviation initiatives in border communities, as Yobe State shares international boundaries and such training falls under the Agency's economic sector interventions.",0
ERGP30236015,"CONSTRUCTION AND FURNISHING OF SCHOOL HALL AT SHASHA COMMUNITY SENIOR HIGH SCHOOL, BAMMEKE, AGEGE, LAGOS STATE;",161022001,BORDER COMMUNITIES DEVELOPMENT AGENCY (BCDA) HQTRS,,84000000.0,NO,HIGH,"The budget item is for a school in Agege, Lagos State, which is not a border community as BCDA's mandate specifically covers border communities along Nigeria's international boundaries, and Lagos State's Agege area is not located along any international border.",100
ERGP30236018,"SKILLS TRAINING AND DEVELOPMENT FOR YOUTHSIN MANGERE LGA YOBE STATE
",161022001,BORDER COMMUNITIES DEVELOPMENT AGENCY (BCDA) HQTRS,,420000000.0,YES,HIGH,Skills training and development for youths in Mangere LGA Yobe State aligns with BCDA's mandate as Yobe is a border state and the agency is specifically tasked with empowerment programmes and poverty alleviation in border communities.,0
ERGP30236019,"OVERLAYING OF INTERLOCK ROAD AND DRAINAGE AT OKOROULAYI AS A FEEDER ROAD, AT OTUKPO BENUE STATE",161022001,BORDER COMMUNITIES DEVELOPMENT AGENCY (BCDA) HQTRS,,126000000.0,YES,HIGH,"The construction of feeder roads and drainage infrastructure in Otukpo, Benue State directly aligns with BCDA's mandate to identify and execute infrastructural projects for border community development, as Benue State is one of the 21 border states under the agency's jurisdiction.",0
ERGP30236023,"SKILLS TRAINING AND DEVELOPMENT FOR YOUTHSIN POTISKUM LGA YOBE STATE
",161022001,BORDER COMMUNITIES DEVELOPMENT AGENCY (BCDA) HQTRS,,420000000.0,YES,HIGH,Skills training and development for youths in Potiskum LGA falls within BCDA's mandate as Yobe State is a border state and such training constitutes empowerment programmes under the agency's economic sector interventions for border communities.,0
ERGP30236025,"OVERLAYING OF INTERLOCK ROAD AND DRAINAGE AT UKWUENYA STREET AS A FEEDER ROAD, OTUKPO BENUE STATE",161022001,BORDER COMMUNITIES DEVELOPMENT AGENCY (BCDA) HQTRS,,56000000.0,NO,HIGH,"The budget item involves road construction in Otukpo, Benue State, which is not located along Nigeria's international border and therefore falls outside BCDA's mandate to develop border communities situated along international boundaries.",100
ERGP30236029,SUPPLY AND INSTALLATION OF 500KVA TRANSFORMERS IN VARIOUS LOCATIONS IN OGUN EAST SENATORIAL DISTRICT,161022001,BORDER COMMUNITIES DEVELOPMENT AGENCY (BCDA) HQTRS,,140000000.0,YES,HIGH,"Installing transformers to provide electricity infrastructure in border communities falls directly within BCDA's mandate to provide clean energy and infrastructural development in border areas, with Ogun State being a border state with international boundaries.",0
ERGP30236031,"SUPPLY AND INSTALLATION OF GARI PROCESSING PLANT AT OMU, OMU-IJEBU, ODOGBOLU LGA, OGUN STATE;",161022001,BORDER COMMUNITIES DEVELOPMENT AGENCY (BCDA) HQTRS,,56000000.0,NO,HIGH,"Omu-Ijebu in Odogbolu LGA, Ogun State is not a border community as it is located in the interior of Ogun State, far from Nigeria's international boundaries, while BCDA's mandate specifically covers only border communities along international boundaries.",100
ERGP30236035,"REHABILITATION AND REMODELING OF THE ETERNAL SACRED ORDER OF THE CHERUBIM AND SERAPHIM SCHOOL MT.GRACE, MGBALA/ OBUDI FOR THE PEOPLE'S",161022001,BORDER COMMUNITIES DEVELOPMENT AGENCY (BCDA) HQTRS,,52500000.0,PARTIAL,MEDIUM,"While rehabilitating educational facilities in border communities aligns with BCDA's mandate to develop social sector infrastructure including education, the religious nature of this specific school raises questions about whether it falls within the agency's secular development responsibilities.",50
ERGP30236037,"CONSTRUCTION OF CLASSROOMS IN BELLO MAÃ¢â¬â¢AJI LEA NURSERY AND PRIMARY SCHOOL. JADA LGA, ADAMAWA STATE.",161022001,BORDER COMMUNITIES DEVELOPMENT AGENCY (BCDA) HQTRS,,17500000.0,YES,HIGH,"Construction of classrooms falls directly within BCDA's mandate to provide educational infrastructure in border communities, as Jada LGA in Adamawa State is located along Nigeria's international boundary with Cameroon.",0
ERGP30236040,TRAINING ON SKILL EMPOWERMENT FOR YOUTHS AND WOMEN IN THE BORDER COMMUNITIES OF ESIT EKET AND EKET LGA AREAS IN AKWA IBOM STATE,161022001,BORDER COMMUNITIES DEVELOPMENT AGENCY (BCDA) HQTRS,,35000000.0,YES,HIGH,"This budget item directly aligns with BCDA's mandate to execute empowerment programmes in the economic sector and develop border communities, specifically targeting youth and women in identified border LGAs within Akwa Ibom State.",0
ERGP30236042,"CONSTRUCTION OF 5 KM RURAL ROAD AT ONUNWEKE OJIGBE FROM INYABA RIVER TO ONUNWANKO EKECHI, (NKOMORO EZEKUNA/EZZAGU WARD 1 AND 11), ISHIELU LGA,",161022001,BORDER COMMUNITIES DEVELOPMENT AGENCY (BCDA) HQTRS,,105000000.0,YES,HIGH,"The construction of rural road infrastructure in Ishielu LGA directly aligns with BCDA's mandate to identify and execute infrastructural projects for the overall development of border communities, as this appears to be serving border communities in a border state.",0
ERGP30236044,TRAINING AND EMPOWERMENT OF YOUTHS AND WOMEN IN IJEBU-EAST LOCAL GOVERNMENT OGUN STATE.,161022001,BORDER COMMUNITIES DEVELOPMENT AGENCY (BCDA) HQTRS,,210000000.0,YES,HIGH,"This budget item directly aligns with BCDA's mandate to implement empowerment programmes in border communities, as Ijebu-East Local Government in Ogun State is located along Nigeria's international boundary with Benin Republic.",0
ERGP30236047,"YOUTH TRAINING ON MODERN AGRICULTURAL PRACTICES AND EMPOWERMENT, NUNG OKU ITINA CLAN, ONNA LGA, AKWAIBOM STATE",161022001,BORDER COMMUNITIES DEVELOPMENT AGENCY (BCDA) HQTRS,,35000000.0,YES,HIGH,"This budget item directly aligns with BCDA's mandate to implement empowerment programmes and agricultural activities in border communities, as Akwa Ibom State shares international boundaries and such youth training falls under the agency's economic sector interventions.",0
ERGP30236052,"PROVISION OF HOSPITAL EQUIPMENT IN KOKO GENERAL HOSPITAL
",161022001,BORDER COMMUNITIES DEVELOPMENT AGENCY (BCDA) HQTRS,,35000000.0,YES,HIGH,"The provision of hospital equipment directly aligns with BCDA's mandate to provide health facilities as part of social sector interventions in border communities, and Koko is a border community in Kebbi State along Nigeria's international boundary.",0
ERGP30236053,"CONSTRUCTION OF SOLAR POWERED STREET LIGHT IN SOME SELECTED LGA IN NASSARAWA WEST,NASSARAWA STATE",161022001,BORDER COMMUNITIES DEVELOPMENT AGENCY (BCDA) HQTRS,,70000000.0,YES,HIGH,"The construction of solar powered street lights in Nassarawa West falls within BCDA's mandate to provide clean energy infrastructure and execute development projects in border communities, as Nassarawa State shares international boundaries and is covered by the agency's intervention areas.",0
ERGP30236073,PROVISION AND INSTALLATION OF SOLAR POWER STREETLIGHTS IN SELECTED COMMUNITIES IN OREDO FEDERAL CONSTITURNCY,161022001,BORDER COMMUNITIES DEVELOPMENT AGENCY (BCDA) HQTRS,,35000000.0,NO,HIGH,"BCDA's mandate is specifically limited to border communities along Nigeria's international boundaries, while Oredo Federal Constituency in Edo State is not a border community but rather located in the state capital area of Benin City.",100
ERGP30236074,ROVISION OF ALL-IN-ONE SOLAR STREET LIGHTS IN AGILA DISTRICT OF ADO/OKPOKWU/OGBADIBO FEDERAL CONSTITUENCY,161022001,BORDER COMMUNITIES DEVELOPMENT AGENCY (BCDA) HQTRS,,70000000.0,YES,HIGH,"Providing solar street lights in border communities falls directly under BCDA's mandate to provide clean energy infrastructure and execute development projects for border communities, as Agila District is located in a border area of Benue State.",0
ERGP30236077,INSTALLATION OF SOLAR STREET LIGHT ACROSS SOME SELECTED LOCATION IN BAUCHI,161022001,BORDER COMMUNITIES DEVELOPMENT AGENCY (BCDA) HQTRS,,35000000.0,YES,HIGH,"Installing solar street lights in Bauchi aligns with BCDA's mandate to provide clean energy and infrastructure development in border communities, as Bauchi is a border state covered under the agency's intervention areas.",0
ERGP30236078,PROVISION OF ALL-IN-ONE SOLAR STREET LIGHTS IN OROKAM DISTRICT OF ADO/OKPOKWU/OGBADIBO FEDERAL CONSTITUENCY,161022001,BORDER COMMUNITIES DEVELOPMENT AGENCY (BCDA) HQTRS,,70000000.0,YES,HIGH,"The provision of solar street lights in border communities falls directly within BCDA's mandate to provide clean energy and infrastructural development to border communities, as Orokam District is located in a border area within the agency's coverage.",0
ERGP30236079,SUPPLY AND INSTALLATION OF SOLAR STREET LIGHTS WITHIN SELECTED COMMUNITIES IN OBO HPA FEDERAL CONSTITUENCY,161022001,BORDER COMMUNITIES DEVELOPMENT AGENCY (BCDA) HQTRS,,70000000.0,YES,HIGH,"The supply and installation of solar street lights in border communities directly aligns with BCDA's mandate to provide clean energy and infrastructural development in border communities, as Obo HPA Federal Constituency is located in a border area.",0
ERGP30236081,EMPOWERMENT TRAINING FOR LESS PRIVILEGED WOMEN IN AGILA DISTRICT OF ADO/OKPOKWU/OGBADIBO FEDERAL CONSTITUENCY,161022001,BORDER COMMUNITIES DEVELOPMENT AGENCY (BCDA) HQTRS,,70000000.0,YES,HIGH,"The budget item directly aligns with BCDA's mandate to implement empowerment programmes in border communities, as Agila District in Benue State is located along Nigeria's international boundary with Cameroon.",0
ERGP30236083,TRAINING AND EMPOWERMENT OF YOUTHS IN OBANLIKU/OBUDU/BEKWARRA FEDERAL CONSTITUENCY PAA,161022001,BORDER COMMUNITIES DEVELOPMENT AGENCY (BCDA) HQTRS,,70000000.0,YES,HIGH,Training and empowerment of youths in Obanliku/Obudu/Bekwarra (Cross River State border communities) directly aligns with BCDA's mandate to execute empowerment programmes and poverty alleviation initiatives in border communities.,0
ERGP30236087,GRANT TO LESS PRIVILEGED WOMEN IN AGILA DISTRICT OF ADO/OKPOKWU/OGBADIBO FEDERAL CONSTITUENCY,161022001,BORDER COMMUNITIES DEVELOPMENT AGENCY (BCDA) HQTRS,,35000000.0,YES,HIGH,"This budget item falls directly within BCDA's mandate to provide grants and empowerment programmes in border communities, as Agila District in Benue State is located along Nigeria's international boundary with Cameroon.",0
ERGP30236088,SUPPLY OF AGRICULTURAL EQUIPMENTS AND FARM PRODUCE TO FARMERS AND WOMEN IN OBANLIKU/BEKWARRA/OBUDU FEDERAL CONSTITUENCY PAA CROSS RIVER,161022001,BORDER COMMUNITIES DEVELOPMENT AGENCY (BCDA) HQTRS,,105000000.0,YES,HIGH,"This budget item directly aligns with BCDA's mandate to support agricultural activities and empowerment programmes in border communities, as Obanliku, Bekwarra, and Obudu are border local government areas in Cross River State along Nigeria's international boundary with Cameroon.",0
ERGP30236089,"PROVISION AND INSTALLATION OF WATER BOREHOLES IN SELECTED COMMUNITIES IN SAPELE LGA, DELTA CENTRAL SENATORIAL DISTRICT",161022001,BORDER COMMUNITIES DEVELOPMENT AGENCY (BCDA) HQTRS,,315000000.0,NO,HIGH,"Sapele LGA in Delta State is not a border community as it is located inland and does not share international boundaries, which falls outside BCDA's mandate to serve only the over 2,000 border communities across 155 local government areas within the 21 states that share international boundaries.",100
ERGP30236091,"PROVISION OF 2 NOS OF 300KVA TRANSFORMER AT OGOTUN-ETIKI, EKITI STATE
",161022001,BORDER COMMUNITIES DEVELOPMENT AGENCY (BCDA) HQTRS,,70000000.0,YES,HIGH,"Providing transformers for electrical infrastructure directly aligns with BCDA's mandate to identify and execute infrastructural projects required for the overall development of border communities, as electricity provision falls under the clean energy component of their social sector interventions.",0
ERGP30236093,DRAINAGE WORK AND CONSTRUCTION OF 2KM ACCESS ROAD FROM OKWAGBE BAPTIST HEALTH CENTRE (OPPOSITE GGM CHURCH) TO OKWAGBE WATERSIDE,161022001,BORDER COMMUNITIES DEVELOPMENT AGENCY (BCDA) HQTRS,,210000000.0,YES,HIGH,The construction of drainage work and access roads to facilitate access to a health centre in what appears to be a border community (Okwagbe) directly aligns with BCDA's mandate to provide infrastructural development and improve social services including health facilities in border communities.,0
ERGP30236095,"PROVISION OF TRANSFORMERS IN SELECTED COMMUNITIES IN JABA LGA, KADUNA
",161022001,BORDER COMMUNITIES DEVELOPMENT AGENCY (BCDA) HQTRS,,49000000.0,NO,HIGH,"Jaba LGA in Kaduna State is not located along Nigeria's international boundaries, therefore it falls outside BCDA's mandate which specifically covers border communities along international borders.",100
ERGP30236098,SUPPLY OF TRICYCLE AND MINI BUSES FOR YOUTH EMPOWERMENT IN ENUGU EAST SENATORIAL DISTRICT,161022001,BORDER COMMUNITIES DEVELOPMENT AGENCY (BCDA) HQTRS,,175000000.0,NO,HIGH,"The budget item targets Enugu East Senatorial District, but BCDA's mandate is specifically limited to border communities along Nigeria's international boundaries, and Enugu East is not a border area.",100
ERGP30236099,"TRAINING AND EMPOWERNMENT OF YOUTHS IN EIDENU IRRUA, EDO STATE
",161022001,BORDER COMMUNITIES DEVELOPMENT AGENCY (BCDA) HQTRS,,70000000.0,YES,HIGH,"Training and empowerment of youths falls directly within BCDA's mandate for empowerment programmes and poverty alleviation in border communities, and Edo State shares international boundaries making it within the agency's geographical scope.",0
ERGP30236100,CONSTRUCTION OF MOTORIZED BOREHOLES WITH OVERHEAD TANK IN ENUGU EAST SENATORIAL DISTRICT,161022001,BORDER COMMUNITIES DEVELOPMENT AGENCY (BCDA) HQTRS,,175000000.0,NO,HIGH,"Enugu East Senatorial District is located in Enugu State, which does not share international boundaries and therefore falls outside BCDA's mandate to develop border communities along Nigeria's international borders.",100
ERGP30236101,"PROVISION AND INSTALLATION OF SOLAR STREET LIGHTSACROSS SOKOTO SOUTH, SOKOTO STATE",161022001,BORDER COMMUNITIES DEVELOPMENT AGENCY (BCDA) HQTRS,,70000000.0,YES,HIGH,"The provision and installation of solar street lights in Sokoto South falls within BCDA's mandate to provide clean energy infrastructure and execute development projects for border communities, as Sokoto State shares international boundaries and is covered under the agency's intervention areas.",0
ERGP30236102,"PROVISION AND INTALLATION OF SOLAR STREET LIGHTS IN AI-OKLEKWU/OBIDUWA- OPA-ADOKA OF OTUKPA LGA, BENUE STATE",161022001,BORDER COMMUNITIES DEVELOPMENT AGENCY (BCDA) HQTRS,,14000000.0,YES,HIGH,"The provision and installation of solar street lights in border communities falls directly within BCDA's mandate to provide clean energy and infrastructural development to border communities, as Otukpa LGA in Benue State is along Nigeria's international boundary with Cameroon.",0
ERGP30236103,"PURCHASE OF FERTILIZER AT FIKA FUNE FEDERAL CONSTITUENCY
",161022001,BORDER COMMUNITIES DEVELOPMENT AGENCY (BCDA) HQTRS,,17500000.0,YES,HIGH,"The purchase of fertilizer for agricultural activities in a federal constituency aligns with BCDA's mandate to execute border development policies and programmes in the economic sector, specifically supporting agricultural activities in border communities.",0
ERGP30236104,"PROVISION OF SOLAR POWERED IRRIGATION WATER PUMPS TO FARMERS IN IBI LGA, FOR DRY SEASON FARMING",161022001,BORDER COMMUNITIES DEVELOPMENT AGENCY (BCDA) HQTRS,,14000000.0,YES,HIGH,"This item directly aligns with BCDA's mandate to execute agricultural activities and infrastructural projects for border community development, as Ibi LGA in Taraba State is a border local government area within the Agency's coverage.",0
ERGP30236105,"PROVISION OF GRANTS TO VARIOUS WOMEN GROUPS ZURU EMIRATE, KEBBI STATE
",161022001,BORDER COMMUNITIES DEVELOPMENT AGENCY (BCDA) HQTRS,,10500000.0,YES,HIGH,"This budget item aligns with BCDA's mandate to implement empowerment programmes and poverty alleviation initiatives in border communities, as Kebbi State shares international boundaries and such grants fall under the Agency's economic sector interventions.",0
ERGP30236106,"PROVISION AND INSTALLATION OF SOLAR STREET LIGHT IN SOME COMMUNITIES, KANO MUNICPAL",161022001,BORDER COMMUNITIES DEVELOPMENT AGENCY (BCDA) HQTRS,,21000000.0,NO,HIGH,"The budget item targets Kano Municipal which is not a border community, as BCDA's mandate specifically covers only border communities along Nigeria's international boundaries across 21 border states.",100
ERGP30236109,"RENOVATION AND EQUIPPING OF MATERNITY WARD IN RIBAH GENERAL HOSPITAL DANKO/WASAGU LGA, KEBBI STATE.",161022001,BORDER COMMUNITIES DEVELOPMENT AGENCY (BCDA) HQTRS,,7000000.0,YES,HIGH,"Renovating and equipping a maternity ward directly falls under BCDA's mandate to provide health facilities in border communities, as Danko/Wasagu LGA in Kebbi State is located along Nigeria's international boundary with Niger Republic.",0
ERGP30236111,"PROVISION AND INSTALLATION OF SOLAR STREET LIGHT IN TSOHUWAR KASUWA AND ALBABA QTRS, OFF WAZIRI ZAYYANA AVENUE,KATSINA",161022001,BORDER COMMUNITIES DEVELOPMENT AGENCY (BCDA) HQTRS,,14000000.0,YES,HIGH,"Installing solar street lights in Katsina quarters falls within BCDA's mandate to provide clean energy infrastructure for the development of border communities, as Katsina is a border state with international boundaries.",0
ERGP30236113,"REHABLITATION AND EQUIPPING OF SELECTED PRIMARY HEALTH CARE CENTRES IN SULEJA/TAFA/GURARA FEDERAL CONSTITUENCY, NIGER STATE.",161022001,BORDER COMMUNITIES DEVELOPMENT AGENCY (BCDA) HQTRS,,17500000.0,PARTIAL,MEDIUM,"While BCDA's mandate includes health facilities provision in border communities, this item would only align if Suleja/Tafa/Gurara federal constituency contains border communities along Nigeria's international boundaries, which is not explicitly confirmed.",50
ERGP30236116,"PROVISION AND INSTALLATION OF SOLAR LIGHT IN CHANCHAGA
",161022001,BORDER COMMUNITIES DEVELOPMENT AGENCY (BCDA) HQTRS,,7000000.0,YES,HIGH,"The provision and installation of solar lights directly falls under BCDA's mandate to provide clean energy and infrastructural development in border communities, as specified in their social sector intervention areas.",0
ERGP30236117,CODING AND COMPUTER PROGRAMMING TRAINING AND EMPOWERMENT FOR YOUTHS ACROSS DUKKU/NAFADA FEDERAL CONSTITUENCY,161022001,BORDER COMMUNITIES DEVELOPMENT AGENCY (BCDA) HQTRS,,7000000.0,YES,HIGH,"The coding and computer programming training for youths in Dukku/Nafada Federal Constituency aligns with BCDA's mandate to provide empowerment programmes and economic development interventions in border communities, as this constituency is located in Gombe State which shares international boundaries.",0
ERGP30236119,"SUPPLY AND INSTALLATION OF U-LESSON BOARDS FOR SELECTED SCHOOLS IN ILORIN WEST/ ASA FEDERAL CONSTITUENCY, KWARA S`TAT`E",161022001,BORDER COMMUNITIES DEVELOPMENT AGENCY (BCDA) HQTRS,,70000000.0,NO,HIGH,"BCDA's mandate specifically focuses on border communities along Nigeria's international boundaries, but Ilorin West/Asa Federal Constituency in Kwara State is not located along Nigeria's international borders and therefore falls outside the agency's designated coverage area.",100
ERGP30236121,"PROVISION AND INSTALLATION OF SOLAR STREET LIGHTS IN GOMBE ROAD OLD GRA, BAUCHI",161022001,BORDER COMMUNITIES DEVELOPMENT AGENCY (BCDA) HQTRS,,21000000.0,NO,HIGH,"The budget item targets Gombe Road Old GRA in Bauchi, which is an urban area within the state rather than a border community along Nigeria's international boundaries that falls within BCDA's specific mandate.",100
ERGP30236122,"PROVISION OF MOTORCYCLES FOR YOUTH EMPOWERMENT IN OTTA OGUN STATE
",161022001,BORDER COMMUNITIES DEVELOPMENT AGENCY (BCDA) HQTRS,,70000000.0,YES,HIGH,"The provision of motorcycles for youth empowerment in Otta, Ogun State aligns with BCDA's mandate to implement empowerment programmes in border communities, as Ogun State is one of the 21 border states under the agency's coverage.",0
ERGP30236125,"TOTAL RENOVATION OF LOCAL GOVERNMENT EDUCATION AUTHORITIES IN AYETORO
",161022001,BORDER COMMUNITIES DEVELOPMENT AGENCY (BCDA) HQTRS,,105000000.0,PARTIAL,MEDIUM,"While BCDA's mandate includes education infrastructure development, this item would only align if Ayetoro is specifically a border community, as the agency's scope is limited to communities along Nigeria's international boundaries.",50
ERGP30236127,"PROVISION OF SOLAR STREET LIGHTS AT GORA DANSAKA, MALUMFASHI LGA
",161022001,BORDER COMMUNITIES DEVELOPMENT AGENCY (BCDA) HQTRS,,7000000.0,NO,HIGH,"Gora Dansaka in Malumfashi LGA, Katsina State is not a border community as it is located in the interior of Nigeria, far from any international boundary, while BCDA's mandate specifically covers only border communities along Nigeria's international boundaries.",100
ERGP30236129,"FLOOD CONTROL PROJECT IN AYETORO OGUN STATE
",161022001,BORDER COMMUNITIES DEVELOPMENT AGENCY (BCDA) HQTRS,,140000000.0,YES,HIGH,"Ayetoro is a border community in Ogun State along Nigeria's international boundary with Benin Republic, and flood control infrastructure falls directly under BCDA's mandate to provide infrastructural development for border communities.",0
ERGP30236131,"CONSTRUCTIONS OF SOLAR STREET LIGHT IN AYETORO
",161022001,BORDER COMMUNITIES DEVELOPMENT AGENCY (BCDA) HQTRS,,140000000.0,YES,HIGH,The construction of solar street lights in Ayetoro falls directly within BCDA's mandate to provide clean energy infrastructure and execute development projects for border communities.,0
ERGP30236132,"PROVISION FOR THE REHABILITATION OF SOLAR STREET LIGHTS ACROSS LAMURDE LGA, ADAMAWA STATE",161022001,BORDER COMMUNITIES DEVELOPMENT AGENCY (BCDA) HQTRS,,70000000.0,YES,HIGH,"Solar street light rehabilitation in Lamurde LGA falls within BCDA's mandate to provide clean energy infrastructure and execute development projects in border communities, as Adamawa State shares international boundaries and such infrastructure projects are explicitly covered under the Agency's social sector interventions.",0
ERGP30236136,"PROVISION OF MOTORCYCLE FOR YOUTH EMPOWERMENT IN ILARO/AYETORO
",161022001,BORDER COMMUNITIES DEVELOPMENT AGENCY (BCDA) HQTRS,,70000000.0,YES,HIGH,"This budget item directly aligns with BCDA's mandate to implement empowerment programmes in the economic sector for border communities, as Ilaro/Ayetoro are border communities in Ogun State along Nigeria's international boundary with Benin Republic.",0
ERGP30236138,"GENERAL REHABILITATION OF GOVERNMENT SECONDARY SCHOOL IN LEMU, GBK LGA, NIGER STATE",161022001,BORDER COMMUNITIES DEVELOPMENT AGENCY (BCDA) HQTRS,,210000000.0,YES,HIGH,"The rehabilitation of a government secondary school in Lemu, which is in a border area of Niger State, directly aligns with BCDA's mandate to provide educational infrastructure and social sector interventions in border communities.",0
ERGP30236140,PROVISION AND INSTALLATION OF SOLAR POWERED 3-IN-ONE STREET LIGHTS IN SELECTED COMMUNITIES IN IKPOBAOKHA LOCAL GOVERNMENT AREA IN EDO SOUTH,161022001,BORDER COMMUNITIES DEVELOPMENT AGENCY (BCDA) HQTRS,,175000000.0,NO,HIGH,"Ikpoba-Okha Local Government Area is located in Edo South, which is not a border area as it does not share international boundaries with neighboring countries, falling outside BCDA's mandate to serve border communities along Nigeria's international borders.",100
ERGP30236143,"TOTAL RENOVATION AND UPGRADE OF GOV'T SECONDARY SCHOOL, AGWARA LGA, NIGER STATAE",161022001,BORDER COMMUNITIES DEVELOPMENT AGENCY (BCDA) HQTRS,,35000000.0,YES,HIGH,"Renovating and upgrading a government secondary school in Agwara LGA, Niger State falls directly within BCDA's mandate to provide educational infrastructure and social sector development in border communities, as Niger State shares international boundaries and contains border communities under the agency's coverage.",0
ERGP30236144,"INSTALLATION OF 3-IN-ONE SOLAR POWERED STREET LIGHTS IN IGUOBAZUWA, ORA, USEN, UGBOGUI COMMUNITIES IN EDO SOUTH SENATORIAL DISTRICT",161022001,BORDER COMMUNITIES DEVELOPMENT AGENCY (BCDA) HQTRS,,350000000.0,YES,HIGH,Installing solar-powered street lights in border communities falls directly within BCDA's mandate to provide clean energy infrastructure and execute development projects for border communities as specified in their social sector interventions.,0
ERGP30236146,"PURCHASE AND INSTALLATION OF SOLAR POWERED STREET LIGHTS IN OBAGIE NEVBUOSA, EKAE, EVBUOMODU COMMUNITIES IN EDO SOUTH SENATORIAL DISTRICT",161022001,BORDER COMMUNITIES DEVELOPMENT AGENCY (BCDA) HQTRS,,350000000.0,YES,HIGH,"This budget item directly aligns with BCDA's mandate to provide clean energy and infrastructural development to border communities, as these appear to be border communities in Edo State which shares international boundaries.",0
ERGP30236147,"SUPPLY OF SEWING MACHINES FOR WOMEN AND YOUTHS IN TARAUNI FEDERAL CONSTITUENCY, KANO STATE",161022001,BORDER COMMUNITIES DEVELOPMENT AGENCY (BCDA) HQTRS,,35000000.0,NO,HIGH,"Tarauni Federal Constituency in Kano State is not a border community as BCDA's mandate specifically covers border communities along Nigeria's international boundaries, and Kano State does not share an international border.",100
ERGP30236150,1. CONSTRUCTION AND INSTALLATION OF 13 MOTORISEDBOREHOLES ACROSS 5LG OF NASARAWA WESTSENATORIAL DISTRICT OF NASARAWA STATE,161022001,BORDER COMMUNITIES DEVELOPMENT AGENCY (BCDA) HQTRS,,63000000.0,PARTIAL,MEDIUM,"While BCDA's mandate includes providing clean water to border communities, this project targets Nasarawa West Senatorial District generally rather than specifically focusing on border communities along Nigeria's international boundaries.",50
ERGP30236152,"SUPPLY OF FARM INPUTS TO FARMERS IN LOKOJA/KOTON KARFI
",161022001,BORDER COMMUNITIES DEVELOPMENT AGENCY (BCDA) HQTRS,,28000000.0,YES,HIGH,"The supply of farm inputs to farmers in Lokoja/Koton Karfi aligns with BCDA's mandate to support agricultural activities in border communities, as these areas are located in Kogi State which shares international boundaries and falls within the Agency's coverage area.",0
ERGP30236154,SUPPLY AND INSTALLATION OF SOLAR STREET LIGHTS TONASARAWA WEST SENATORIAL DISTRICT OF NASARAWASTATE -,161022001,BORDER COMMUNITIES DEVELOPMENT AGENCY (BCDA) HQTRS,,77000000.0,PARTIAL,MEDIUM,"While BCDA's mandate includes providing clean energy to border communities, this item specifically targets Nasarawa West Senatorial District which may not entirely consist of border communities, as BCDA's scope is limited to communities along Nigeria's international boundaries.",50
ERGP30236156,"REHABILITATION OF GOVERNMENT DAY SECONDARY SCHOOL MONKIN,ZINK TARABA STATE",161022001,BORDER COMMUNITIES DEVELOPMENT AGENCY (BCDA) HQTRS,,140000000.0,YES,HIGH,The rehabilitation of a secondary school in a border area aligns directly with BCDA's mandate to provide educational infrastructure and social sector development in border communities.,0
ERGP30236159,"CONSTRUCTION OF RUMUODARA MARKET AND ABATOIR, RIVERS STATE
",161022001,BORDER COMMUNITIES DEVELOPMENT AGENCY (BCDA) HQTRS,,70000000.0,NO,HIGH,The construction of Rumuodara Market and Abattoir in Rivers State does not align with BCDA's mandate as Rivers State is not a border state and the agency specifically focuses on border communities along Nigeria's international boundaries.,100
ERGP30236160,"CONTINUATION OF THE YOUTH DEVELOPMENT CENTER IN IBEREKO, BADAGRY
",161022001,BORDER COMMUNITIES DEVELOPMENT AGENCY (BCDA) HQTRS,,176750000.0,YES,HIGH,"The youth development center in Ibereko, Badagry aligns with BCDA's mandate to execute social sector interventions including education and empowerment programmes in border communities, as Badagry is a border area along Nigeria's international boundary with Benin Republic.",0
ERGP30236163,CONSTRUCTION OF MARKET STALLS IN SELECTED COMMUNITIES IN KOGI EAST SENATORIAL DISTRICT,161022001,BORDER COMMUNITIES DEVELOPMENT AGENCY (BCDA) HQTRS,,70000000.0,YES,HIGH,"The construction of market stalls directly aligns with BCDA's mandate to execute border development projects in the economic sector, specifically ""border markets"" as stated in their intervention areas, and Kogi State shares international boundaries making it within the agency's geographic scope.",0
ERGP30236165,EMPOWERMENT OF ARTISANS AND YOUTHS WITH TAKE OFF GRANT IN SIA COMMUNITIES IN ADAMAWA STATE,161022001,BORDER COMMUNITIES DEVELOPMENT AGENCY (BCDA) HQTRS,,70000000.0,YES,HIGH,"This budget item directly aligns with BCDA's mandate to implement empowerment programmes and poverty alleviation in border communities, as Sia communities in Adamawa State fall within the agency's jurisdiction of border areas requiring economic development interventions.",0
ERGP30236167,CONSTRUCTION OF ICT HUB AND SKILL ACQUISITION CENTER IN NASSARAWA SOUTH SENATORIAL DISTRICT.,161022001,BORDER COMMUNITIES DEVELOPMENT AGENCY (BCDA) HQTRS,,140000000.0,NO,HIGH,"The budget item targets Nassarawa South Senatorial District, which is not a border community along Nigeria's international boundaries that falls within BCDA's specific mandate to develop the over 2,000 border communities across 155 local government areas in the 21 states sharing international borders.",100
ERGP30236170,"CONSTRUCTION AND EQUIPPING OF CLASSROOMS IN RILBADU, GOMBE NORTH SENATORIAL DISTRICT, GOMBE STATE.",161022001,BORDER COMMUNITIES DEVELOPMENT AGENCY (BCDA) HQTRS,,70000000.0,NO,HIGH,"Rilbadu in Gombe North Senatorial District is not located in a border community, as Gombe State does not share international boundaries with neighboring countries.",100
ERGP30236175,"CONSTRUCTION OF TOWN HALL AT IRIEBE TOWN, OBIO/AKPOR LGA.
",161022001,BORDER COMMUNITIES DEVELOPMENT AGENCY (BCDA) HQTRS,,70000000.0,NO,HIGH,"BCDA's mandate specifically focuses on border communities along Nigeria's international boundaries, while Iriebe Town in Obio/Akpor LGA, Rivers State is not a border community as Rivers State borders the Atlantic Ocean and other Nigerian states, not international boundaries with neighboring countries.",100
ERGP30236179,SUPPLY AND INSTALLATION OF ALL-IN-ONE SOLAR STREETLIGHT IN SELECTED COMMUNITIES (AKWA IBOM NORTH-SENATORIAL DISTRICT),161022001,BORDER COMMUNITIES DEVELOPMENT AGENCY (BCDA) HQTRS,,70000000.0,YES,HIGH,"The supply and installation of solar streetlights in Akwa Ibom North-Senatorial District aligns with BCDA's mandate to provide clean energy infrastructure and execute development projects in border communities, as Akwa Ibom is a border state sharing boundaries with Cameroon.",0
ERGP30236180,"RENOLVATION AND FURNISHING OF PALACE OF NYEWELI OKPORO, OBIO/AKPOR LGA RIVERS STATE",161022001,BORDER COMMUNITIES DEVELOPMENT AGENCY (BCDA) HQTRS,,70000000.0,NO,HIGH,"The renovation and furnishing of a palace in Obio/Akpor LGA, Rivers State does not align with BCDA's mandate as Rivers State is not a border state and this location is not within the border communities that the agency is specifically established to serve.",100
ERGP30236183,"CONSTRUCTION OF RURAL ROAD ON DR. ADAMU DANMARAYA STREET, OFF BAUCHI ROAD, JOS NORTH, PLATEAU STATE.",161022001,BORDER COMMUNITIES DEVELOPMENT AGENCY (BCDA) HQTRS,,280000000.0,NO,HIGH,"The budget item is for road construction in Jos North, Plateau State, which is not a border community as BCDA's mandate specifically covers border communities along Nigeria's international boundaries.",100
ERGP30236186,"SUPPLY OF MOTORCYCLE MACHINE TO ARGUNGU, KEBBI NORTH SENATORIAL DISTRICT, KEBBI STATE.",161022001,BORDER COMMUNITIES DEVELOPMENT AGENCY (BCDA) HQTRS,,21000000.0,YES,HIGH,The supply of motorcycle machines to Argungu in Kebbi State (a border state) falls within BCDA's mandate to provide economic sector interventions including agricultural activities and empowerment programmes for border communities development.,0
ERGP30236187,"CONSTRUCTION AND FURNISHING OF ELIOWHANI TOWN HALL, RIVERS STATE
",161022001,BORDER COMMUNITIES DEVELOPMENT AGENCY (BCDA) HQTRS,,70000000.0,NO,HIGH,"Rivers State does not share international boundaries, making Eliowhani Town Hall construction outside BCDA's mandate which specifically focuses on border communities along Nigeria's international boundaries.",100
ERGP30236189,SUPPLY OF PUMPING MACHINE TO IRRIGATION FARMERS IN MARABAR MUSAWA KATSINA SOUTH SENATORIAL DISTRICT,161022001,BORDER COMMUNITIES DEVELOPMENT AGENCY (BCDA) HQTRS,,17500000.0,NO,HIGH,"This budget item targets Musawa in Katsina South Senatorial District, which is not a border community as BCDA's mandate specifically covers only border communities along Nigeria's international boundaries.",100
ERGP30236191,SUPPLY OF SEWING MACHINES TO WOMEN IN MARABAR MUSAWA KATSINA SOUTH SENATORIAL DISTRICT,161022001,BORDER COMMUNITIES DEVELOPMENT AGENCY (BCDA) HQTRS,,17500000.0,NO,HIGH,"The budget item targets Musawa in Katsina South Senatorial District, which is not a border community as BCDA's mandate specifically covers communities along Nigeria's international boundaries, and Musawa is located in the interior of Katsina State rather than along the border with Niger Republic.",100
ERGP30236192,"CONSTRUCTION OF CLASS ROOM BLOCKS AT COMMUNITY SECONDARY SCHOOL, RUMUOBIAKANI, OBIO/AKPOR LGA",161022001,BORDER COMMUNITIES DEVELOPMENT AGENCY (BCDA) HQTRS,,70000000.0,NO,HIGH,"The project is located in Rumuobiakani, Obio/Akpor LGA, Rivers State, which is not a border community as BCDA's mandate specifically covers only border communities along Nigeria's international boundaries across 21 border states.",100
ERGP30236198,"SUPPLY AND INSTALLATION OF TRANSFORMERS IN IJERO, EFON ALAAYE, IREPODUN/IFELODUN, ADO LGAs AND OTHER SELECTED COMMUNITIES OF EKITI WEST",161022001,BORDER COMMUNITIES DEVELOPMENT AGENCY (BCDA) HQTRS,,700000000.0,NO,HIGH,Ekiti State does not share international boundaries and therefore does not contain border communities that fall within BCDA's mandate to develop communities along Nigeria's international borders.,100
ERGP30236199,"CONSTRUCTION OF ALHAJI ESTATE ROAD, (RUMUODOMAYA /AIRPORT LINK RAD), RIVERS STATE.",161022001,BORDER COMMUNITIES DEVELOPMENT AGENCY (BCDA) HQTRS,,70000000.0,NO,HIGH,"The construction of Alhaji Estate Road in Rivers State does not align with BCDA's mandate, as Rivers State is not a border state and the project does not serve border communities along Nigeria's international boundaries.",100
ERGP30236200,"SUPPLY AND INSTALLATION OF SOLAR STREET LIGHT IN IJERO, EFON ALAAYE, IREPODUN/IFELODUN, ADO LGAs AND OTHER SELECTED COMMUNITIES OF EKITI WEST",161022001,BORDER COMMUNITIES DEVELOPMENT AGENCY (BCDA) HQTRS,,700000000.0,NO,HIGH,"The budget item targets communities in Ekiti State, which does not share international boundaries and therefore falls outside BCDA's mandate to develop border communities along Nigeria's international boundaries.",100
ERGP30236201,CONSTRUCTION OF BOREHOLES FOR SELECTED COMMUNITIES IN KANO CENTRAL SENATORIAL DISTRICT,161022001,BORDER COMMUNITIES DEVELOPMENT AGENCY (BCDA) HQTRS,,140000000.0,NO,HIGH,"The budget item targets Kano Central Senatorial District, but BCDA's mandate is specifically limited to border communities along Nigeria's international boundaries, and Kano Central is not a border area.",100
ERGP30236203,"CONSTRUCTION OF OJAJI HALL IN RUMUOGBA TOWN, RIVERS STATE
",161022001,BORDER COMMUNITIES DEVELOPMENT AGENCY (BCDA) HQTRS,,84000000.0,NO,HIGH,"Rumuogba Town in Rivers State is not a border community as Rivers State does not share international boundaries, while BCDA's mandate specifically focuses on developing communities along Nigeria's international borders.",100
ERGP30236204,REHABILITATION AND THE FURNISHING OF THE OFFICIAL PALACE OF THE DISTRICT HEAD OF PAIKO,161022001,BORDER COMMUNITIES DEVELOPMENT AGENCY (BCDA) HQTRS,,350000000.0,NO,HIGH,Rehabilitating and furnishing a district head's palace in Paiko (which is not a border community) falls outside BCDA's mandate to develop border communities along Nigeria's international boundaries.,100
ERGP30236205,"CONSTRUCTION OF CHF. SOLOMON OVUNWO ROAD, RUMUAGHOLU TOWN, RIVERS STATE.",161022001,BORDER COMMUNITIES DEVELOPMENT AGENCY (BCDA) HQTRS,,105000000.0,NO,HIGH,"The construction of a road in Rumuagholu Town, Rivers State does not align with BCDA's mandate as Rivers State is not among the 21 border states that share international boundaries, and the agency is specifically limited to developing border communities along Nigeria's international frontiers.",100
ERGP30236206,"CONSTRUCTION OF 4NOS 50 BED MODERN DIAGNOSTIC MEDICAL CENTER IN RAFI (KAGARA), /MAKERA MINNA,/ IJAH GWARI AND BOSSO (MAIKUNKELE)",161022001,BORDER COMMUNITIES DEVELOPMENT AGENCY (BCDA) HQTRS,,980000000.0,YES,HIGH,The construction of modern diagnostic medical centers directly aligns with BCDA's mandate to provide health facilities as part of social sector interventions for the sustainable development of border communities.,0
ERGP30236208,"CONSTRUCTION OF RUMUOMASI HEALTH CENTER, RIVERS STATE
",161022001,BORDER COMMUNITIES DEVELOPMENT AGENCY (BCDA) HQTRS,,84000000.0,NO,HIGH,Rivers State does not share international boundaries and therefore falls outside BCDA's mandate to develop border communities along Nigeria's international boundaries.,100
ERGP30236209,"REHABILITATION OF OLD OTUKPA-OROKAM ROAD, OGBADIBO LGA, BENUE SOUTH SENATORIAL DISTRIC",161022001,BORDER COMMUNITIES DEVELOPMENT AGENCY (BCDA) HQTRS,,70000000.0,YES,HIGH,"The rehabilitation of a road in Ogbadibo LGA, Benue State directly aligns with BCDA's mandate to identify and execute infrastructural projects for border communities, as Benue is one of the 21 border states under the agency's coverage.",0
ERGP30236210,"CONSTRUCTION OF MODERN TOWN HALL, RUMUOMASI TOWN, RIVERS STATE
",161022001,BORDER COMMUNITIES DEVELOPMENT AGENCY (BCDA) HQTRS,,84000000.0,NO,HIGH,"Rivers State does not share international boundaries and Rumuomasi is not a border community, therefore this construction project falls outside BCDA's mandate which specifically focuses on border communities along Nigeria's international boundaries.",100
ERGP30236211,"CONSTRUCTION OF HEALTH CENTER UGBOJU COMMUNITY, OTUKPO LGA, BENUE SOUTH SENATORIAL DISTRICT",161022001,BORDER COMMUNITIES DEVELOPMENT AGENCY (BCDA) HQTRS,,70000000.0,YES,HIGH,"The construction of a health center directly aligns with BCDA's mandate to provide health facilities in border communities, as Ugboju Community in Otukpo LGA is located in Benue State which shares international boundaries and falls under the Agency's coverage area.",0
ERGP30236214,"CONSTRUCTION OF NYEOMANU ONUOHA ROAD, RUMUEPIRIKOM TOWN, RIVERS STATE.",161022001,BORDER COMMUNITIES DEVELOPMENT AGENCY (BCDA) HQTRS,,105000000.0,NO,HIGH,"The construction of a road in Rumuepirikom Town, Rivers State does not align with BCDA's mandate as Rivers State is not among the 21 states that share international boundaries, and therefore this location is not a border community that falls under the agency's jurisdiction.",100
ERGP30236216,"RECONSTRUCTION OF IHILIKPA- ONYANGEDE ROAD, OHIMINI LGA, BENUE SOUTH SENATORIAL DISTRICT",161022001,BORDER COMMUNITIES DEVELOPMENT AGENCY (BCDA) HQTRS,,175000000.0,YES,HIGH,"Road reconstruction in Ohimini LGA falls directly within BCDA's mandate to provide infrastructural development for border communities, as Benue State shares international boundaries and such infrastructure projects are explicitly listed among the Agency's core functions.",0
ERGP30236218,"CONSTRUCTION OF SNR. APST. OBOCHI ELENDU STREET, RUMUEPRIKOM TOWN, RIVERS STATE.",161022001,BORDER COMMUNITIES DEVELOPMENT AGENCY (BCDA) HQTRS,,105000000.0,NO,HIGH,"The construction of a street in Rumueprikom Town, Rivers State does not align with BCDA's mandate as Rivers State does not share international boundaries and therefore falls outside the agency's jurisdiction of border communities development.",100
ERGP30236219,"ELECTRIFICATION OF ONYAYI COMMUNITY, OKPOKWU LGA, BENUE SOUTH SENATORIAL DISTRICT",161022001,BORDER COMMUNITIES DEVELOPMENT AGENCY (BCDA) HQTRS,,140000000.0,YES,HIGH,"The electrification project directly aligns with BCDA's mandate to provide clean energy and execute infrastructural development projects in border communities, as Okpokwu LGA in Benue State is located along Nigeria's international boundary with Cameroon.",0
ERGP30236220,"RECONSTRUCTION OF ADOKA, DAM, OTUKPO LGA, BENUE SOUTH SENATORIAL DISTRICT",161022001,BORDER COMMUNITIES DEVELOPMENT AGENCY (BCDA) HQTRS,,175000000.0,NO,HIGH,"Otukpo LGA in Benue State is not located along Nigeria's international boundaries, and BCDA's mandate specifically covers only border communities situated along international boundaries.",100
ERGP30236221,"CONSTRUCTION OF ELENDU OMUNAKWE/WELI-WOSU CLOSE, RUMUEPIRIKOM TOWN, PORT-HARCOURT.",161022001,BORDER COMMUNITIES DEVELOPMENT AGENCY (BCDA) HQTRS,,70000000.0,NO,HIGH,"The construction of a local street in Port Harcourt does not align with BCDA's specific mandate to develop border communities along Nigeria's international boundaries, as Port Harcourt is not a border community.",100
ERGP30236222,PROVISION OF EDUCATION MATERIALS FOR PRIMARY AND SECONDARY UMUAHIA SOUTH I LGA ABIA STATE,161022001,BORDER COMMUNITIES DEVELOPMENT AGENCY (BCDA) HQTRS,,70000000.0,NO,HIGH,"BCDA's mandate specifically covers border communities along Nigeria's international boundaries, but Umuahia South I LGA in Abia State is not a border community as Abia State does not share international boundaries with neighboring countries.",100
ERGP30236223,"CONSTRUCTION OF ELIOCHICHI/RUPAKANI ROAD, RUMUEME TOWN, PORT- HARCOURT, RIVERS STATE.",161022001,BORDER COMMUNITIES DEVELOPMENT AGENCY (BCDA) HQTRS,,70000000.0,NO,HIGH,"The construction of a road in Port Harcourt, Rivers State does not align with BCDA's mandate as Rivers State does not share international boundaries and Port Harcourt is not a border community.",100
ERGP30236224,"PROVISION OF SOLAR STREET LIGHT TO ABBA NA SHEU, AUDU KENKEN, AKIN GOLD SMITH AND SALIHU KARATU STREETS IN JOS NORTH, PLATEAU STATE",161022001,BORDER COMMUNITIES DEVELOPMENT AGENCY (BCDA) HQTRS,,35000000.0,NO,HIGH,"Jos North, Plateau State is not a border community as BCDA's mandate specifically covers border communities along Nigeria's international boundaries, and Plateau State does not share an international border.",100
ERGP30236225,"SUPPLY AND INSTALLATION OF TRANSFORMERS AT EHIO, OCHICHA, RUKPAKANI, RUMUEME IN RIVERS STATE",161022001,BORDER COMMUNITIES DEVELOPMENT AGENCY (BCDA) HQTRS,,70000000.0,YES,HIGH,Installing transformers to provide electrical infrastructure in border communities directly aligns with BCDA's mandate to address infrastructural development and provide clean energy in underserved border areas.,0
ERGP30236226,"PROVISION AND ISTALLATION OS SOLAR STREET LIGFHT AT KAINFAGE STREET, MAKERA KADUNA SOUTH",161022001,BORDER COMMUNITIES DEVELOPMENT AGENCY (BCDA) HQTRS,,14000000.0,NO,HIGH,"The budget item targets Makera in Kaduna South, which is not a border community but rather an urban area within Kaduna metropolis, falling outside BCDA's mandate to develop communities along Nigeria's international boundaries.",100
ERGP30236230,"CONSTRUCTION OF RUMUAKARA DRAINAGE , RUMUOLA TOWN, PORT-HARCOURT, RIVERS STATE",161022001,BORDER COMMUNITIES DEVELOPMENT AGENCY (BCDA) HQTRS,,70000000.0,NO,HIGH,"The budget item involves drainage construction in Port Harcourt, Rivers State, which is not a border community as BCDA's mandate specifically focuses on communities along Nigeria's international boundaries.",100
ERGP30236231,"PROVISION OF TRANSFORMER IN MBAITOLI LGA, IMO STATE
",161022001,BORDER COMMUNITIES DEVELOPMENT AGENCY (BCDA) HQTRS,,21000000.0,NO,HIGH,"Mbaitoli LGA in Imo State is not a border community as Imo State does not share international boundaries, while BCDA's mandate specifically covers only border communities along Nigeria's international boundaries across 21 border states.",100
ERGP30236233,"PROVISION AND INSTALLATION OF TRANSFORMERS AT ELELENWO, RUPAKANI, ELIOZOCHICHA, RUMUEME, TOWNS, PORT-HARCOURT.",161022001,BORDER COMMUNITIES DEVELOPMENT AGENCY (BCDA) HQTRS,,70000000.0,NO,HIGH,"The budget item targets communities in Port Harcourt, Rivers State, which is not a border state and therefore falls outside BCDA's mandate to develop communities along Nigeria's international boundaries.",100
ERGP30236234,"CONSTRUCTION OF ACCESS ROAD INTO NARAGUTA TOWN, OFF JOS BAUCHI ROAD, JOS",161022001,BORDER COMMUNITIES DEVELOPMENT AGENCY (BCDA) HQTRS,,70000000.0,NO,HIGH,"The construction of an access road in Naraguta Town, Jos does not align with BCDA's mandate as Jos is not located in a border community along Nigeria's international boundaries, which is the Agency's specific area of intervention.",100
ERGP30236237,"EKINIGBO/OROSI CANALIZATION PROJECT AND FLOOD CONTROL IN APARA CLAN, RIVERS STATE.",161022001,BORDER COMMUNITIES DEVELOPMENT AGENCY (BCDA) HQTRS,,70000000.0,NO,HIGH,"This budget item concerns internal waterway management and flood control within Rivers State rather than development activities specifically targeted at international border communities, which is BCDA's core mandate.",100
ERGP30236401,"CONSTRUCTION OF RUMUOMOI TOWN HALL, APARA KINGDOM, RIVERS STATE
",161022001,BORDER COMMUNITIES DEVELOPMENT AGENCY (BCDA) HQTRS,,70000000.0,NO,HIGH,"The construction of a town hall in Rivers State does not align with BCDA's mandate, as Rivers State is not among the 21 border states that share international boundaries, and the agency's focus is specifically on border communities along Nigeria's international borders.",100
ERGP30236404,"PURCHASE AND INSTALLATION OF TRANSFORMERS IN ELIEKE, RUKPOKU AND ENEKA TOWNS, RIVERS STATE.",161022001,BORDER COMMUNITIES DEVELOPMENT AGENCY (BCDA) HQTRS,,70000000.0,NO,HIGH,"The budget item targets towns in Rivers State, which is not a border state sharing international boundaries, and therefore falls outside BCDA's mandate to develop border communities along Nigeria's international borders.",100
ERGP30236408,"CONSTRUCTION OF SURE PROTECTION AND DRAINAGE FOR EROTION CONTROL AT ELDER IBEKWE AARON CLOSE, MGBUCHI, RUKPOKU TOWN, RIVERS STATE",161022001,BORDER COMMUNITIES DEVELOPMENT AGENCY (BCDA) HQTRS,,70000000.0,NO,HIGH,"The budget item addresses erosion control in Rukpoku Town, Rivers State, which is not a border community along Nigeria's international boundaries that falls within BCDA's specific mandate to develop border communities.",100
ERGP30236413,"RENOVATION AND FURNISHING OF OKOCHA HALL, CHOBA TOWN, RIVERS STATE
",161022001,BORDER COMMUNITIES DEVELOPMENT AGENCY (BCDA) HQTRS,,70000000.0,NO,HIGH,"Rivers State does not share international boundaries, and Choba Town is not a border community, making this renovation project outside BCDA's mandate to develop communities along Nigeria's international borders.",100
ERGP30236433,"PROVISON OF SOLAR STREET LIGHTS IN AKPOR CLAN AND ELELENWO COMMUNITY IN OBIO/AKPOR LGA, RIVERS STATE",161022001,BORDER COMMUNITIES DEVELOPMENT AGENCY (BCDA) HQTRS,,70000000.0,NO,HIGH,"Obio/Akpor LGA in Rivers State is not a border community as it does not share international boundaries, and BCDA's mandate is specifically limited to border communities along Nigeria's international borders.",100
ERGP30236434,CONSTRUCTION OF SELECTED INTERNAL ROADS IN RUMUOKWACHI/ OZUOBA RIVERS STATE,161022001,BORDER COMMUNITIES DEVELOPMENT AGENCY (BCDA) HQTRS,,70000000.0,NO,HIGH,"The construction of internal roads in Rumuokwachi/Ozuoba Rivers State does not align with BCDA's mandate, which specifically focuses on development projects for border communities along Nigeria's international boundaries, and Rivers State's internal areas are not border communities.",100
ERGP30236435,"PROCUREMENT AND INSTALLATION OF SOLAR STREET LIGHTS AT EGBELU MGBALAJA COMMUNITIES IN OGBOGORO TOWN AND ELI-MINIGWE ESTATES 1, 2, 3 : GREEN CITY",161022001,BORDER COMMUNITIES DEVELOPMENT AGENCY (BCDA) HQTRS,,105000000.0,YES,HIGH,The procurement and installation of solar street lights in border communities directly aligns with BCDA's mandate to provide clean energy infrastructure and execute development projects for the social and economic advancement of border communities.,0
ERGP30236437,"CONSTRUCTION OF SKILLS AND CRAFT CENTER, RUMUOLUMENI TOWN, RIVERS STATE.
",161022001,BORDER COMMUNITIES DEVELOPMENT AGENCY (BCDA) HQTRS,,70000000.0,NO,HIGH,"Rivers State does not share international boundaries, so Rumuolumeni Town would not qualify as a border community under BCDA's mandate which specifically covers communities along Nigeria's international boundaries.",100
ERGP30236469,"EMPOWERNENT MATERIALS FOR ISI ALA NWA NORTH AND SOUTH FEDERAL CONSTITUENCY, ABIA STATE",161022001,BORDER COMMUNITIES DEVELOPMENT AGENCY (BCDA) HQTRS,,70000000.0,NO,HIGH,"The budget item targets a federal constituency rather than border communities, and Abia State does not share international boundaries which is a core requirement for BCDA's mandate.",100
ERGP30236472,"SOLAR STREET LIGHT IN IKOT EPENE/ESSIEN UDIM/OBOT AKARA
",161022001,BORDER COMMUNITIES DEVELOPMENT AGENCY (BCDA) HQTRS,,35000000.0,PARTIAL,MEDIUM,"While BCDA's mandate includes providing clean energy to border communities, the budget item specifies locations (Ikot Epene/Essien Udim/Obot Akara) that would need verification as actual border communities within BCDA's coverage area of international boundary regions.",50
ERGP30236485,RENNOVATION OF SELECTED COMMUNITY HALLS IN ABOH MBAISE/NGOR-OKPALA FED,161022001,BORDER COMMUNITIES DEVELOPMENT AGENCY (BCDA) HQTRS,,35000000.0,NO,HIGH,"BCDA's mandate specifically focuses on border communities along Nigeria's international boundaries, while Aboh Mbaise/Ngor-Okpala Federal Constituency in Imo State does not contain international border communities.",100
ERGP30236486,"SUPPLY AND INSTALLATION OF SOLAR STREET LIGHTS IN ORLU/ORSU/ORU EAST FED. CONSTITUENCY, IMO STATE.",161022001,BORDER COMMUNITIES DEVELOPMENT AGENCY (BCDA) HQTRS,,35000000.0,NO,HIGH,"The budget item targets Orlu/Orsu/Oru East Federal Constituency in Imo State, which are not border communities as Imo State does not share international boundaries and therefore falls outside BCDA's mandate to serve only the 2,000+ border communities across 21 border states.",100
ERGP30236487,"PROVISION AND INSTALLATION OF 3 IN 1 SOLAR STREET LIGHTS WITH SECURITY FEATURES TO COMMUNITIES IN FED CONSTITUENCY, SOKOTO STATE.",161022001,BORDER COMMUNITIES DEVELOPMENT AGENCY (BCDA) HQTRS,,35000000.0,YES,HIGH,The provision of solar street lights with security features directly aligns with BCDA's mandate to provide clean energy infrastructure and enhance security in border communities within border states like Sokoto.,0
ERGP30236488,"SUPPLY OF TVS TRICYCLES TO BOMADI/PATANI FEDERAL CONSTITUENCY, DELTA STATE",161022001,BORDER COMMUNITIES DEVELOPMENT AGENCY (BCDA) HQTRS,,35000000.0,NO,HIGH,"The budget item targets Bomadi/Patani Federal Constituency in Delta State, which is not located along Nigeria's international boundaries and therefore falls outside BCDA's mandate to develop border communities situated along international borders.",100
ERGP30236489,SUPPLY AND DISTRIBUTION OF GRINDING MACHINES IN BONNY/DEGEMA FEDERAL CONSTITUENCY OF RIVERS STATE,161022001,BORDER COMMUNITIES DEVELOPMENT AGENCY (BCDA) HQTRS,,70000000.0,NO,HIGH,"Bonny/Degema Federal Constituency in Rivers State is not located along Nigeria's international boundaries, therefore it falls outside BCDA's mandate which specifically focuses on border communities situated along international boundaries.",100
ERGP30238686,"RENOVATION AND FURNISHING OF BLOCK OF SIX ÃÂ¢Ã¢âÂ¬Ã¢â¬Å CLASSROOMS AT THE UNA PRIMARY SCHOOL, OMU ÃÂ¢Ã¢âÂ¬Ã¢â¬Å IJEBU,",161022001,BORDER COMMUNITIES DEVELOPMENT AGENCY (BCDA) HQTRS,,56000000.0,YES,HIGH,"The renovation and furnishing of classrooms at a primary school directly falls under BCDA's mandate to provide educational infrastructure and social sector development in border communities, as Omu-Ijebu is located in a border area of Nigeria.",0
ERGP16210422,"DEVELOPMENT OF EFFECTIVE IMPLEMENTATION OF REFORM MODALITIES
",161025001,BUREAU OF PUBLIC SERVICE REFORMS (BPSR),,29400000.0,YES,HIGH,"This budget item directly aligns with BPSR's core mandate to initiate, coordinate, monitor, and evaluate the implementation of reform programs and policies across Nigeria's public service.",0
ERGP16210870,INSTITUTIONAL ASSESSMENT AND CAPACITY BUILDING PROGRAMMES ON REFORM IMPROVEMENT AND CHANGE,161025001,BUREAU OF PUBLIC SERVICE REFORMS (BPSR),,49000000.0,YES,HIGH,This budget item directly aligns with BPSR's core mandate of providing institutional capacity building for government agencies and conducting assessments to improve reform implementation across the public service.,0
ERGP16232907,"DEVELOPMENT OF GUIDE AND TOOL KITS FOR CHANGE, IMPROVEMENT AND REFORM
",161025001,BUREAU OF PUBLIC SERVICE REFORMS (BPSR),,14000000.0,YES,HIGH,"Developing guides and toolkits for change, improvement and reform directly aligns with BPSR's mandate to develop guides on managing and reforming government agencies, provide institutional capacity building, and lead public service reform initiatives.",0
ERGP16232911,REVIEW OF NATIONAL STRATEGY FOR PUBLIC SERVICE REFORM (NSPSR) 2021- 2025 AND DEVELOPMENT OF NEW NSPSR 2026 - 2030,161025001,BUREAU OF PUBLIC SERVICE REFORMS (BPSR),,31500000.0,YES,HIGH,"The Bureau explicitly leads the update of the National Strategy for Public Service Reform (NSPSR) as part of its core mandate to initiate, coordinate, and implement public service reform programs and policies.",0
ERGP16232912,REVIEW OF BPSR STRATEGIC PLAN 2021 -2025 AND DEVELOPMENT OF A NEW STRATEGIC PLAN 2026 -2030,161025001,BUREAU OF PUBLIC SERVICE REFORMS (BPSR),,14000000.0,YES,HIGH,"Strategic planning and development falls directly within BPSR's mandate to initiate, coordinate, monitor and evaluate reform programs and policies, including leading updates to national reform strategies.",0
ERGP16232913,"IMPLEMENTATION OF PERFORMANCE MANAGEMENT SYSTEM IN BPSR
",161025001,BUREAU OF PUBLIC SERVICE REFORMS (BPSR),,14000000.0,YES,HIGH,"The implementation of performance management systems is explicitly listed as one of BPSR's key responsibilities in their mandate to ""deliver robust performance management systems to measure and manage performance of public servants and government agencies.""",0
ERGP16232915,DEVELOPMENT OF FRAMEWORK AND GUIDELINES FOR MANDATE OPTIMISATION AND INSTITUTIONAL EFFECTIVENESS OF BPSR,161025001,BUREAU OF PUBLIC SERVICE REFORMS (BPSR),,13300000.0,YES,HIGH,"This budget item directly aligns with BPSR's core mandate to initiate, coordinate, and implement reform programs while providing institutional capacity building and developing best practice models for government agencies, including optimizing its own institutional effectiveness.",0
ERGP16232929,MONITORING AND EVALUATION OF INSTITUTIONAL ASSESSMENT AND CAPACITY BUILDING PROGRAMMES ON REFORM IMPROVEMENT AND CHANGE AND PERCEPTION,161025001,BUREAU OF PUBLIC SERVICE REFORMS (BPSR),,21000000.0,YES,HIGH,"This budget item directly aligns with BPSR's core mandate to monitor and evaluate reform programs, conduct institutional capacity building, and assess the effectiveness of public service reforms.",0
ERGP29232906,PURCHASE OF 8 NOS LAPTOPS FOR FINANCE AND ACCOUNTS DEPARTMENT AND AUDIT UNIT,161025001,BUREAU OF PUBLIC SERVICE REFORMS (BPSR),,14000000.0,YES,HIGH,"The purchase of laptops for Finance and Accounts Department and Audit Unit directly supports BPSR's core administrative operations and capacity building mandate, enabling the Bureau to effectively manage its financial resources and conduct performance monitoring activities essential to implementing public service reforms.",0
ERGP29232923,"DEVELOPMENT OF REFORM TRACKER DASHBOARD
",161025001,BUREAU OF PUBLIC SERVICE REFORMS (BPSR),,10500000.0,YES,HIGH,"Developing a reform tracker dashboard directly supports BPSR's core mandate to monitor and evaluate the implementation of reform programs and policies, as well as measure performance of public servants and government agencies through robust performance management systems.",0
ERGP29232924,"DEVELOPMENT AND SET UP OF DATA CENTRE SOLUTION IN BPSR PHASE 1
",161025001,BUREAU OF PUBLIC SERVICE REFORMS (BPSR),,14000000.0,YES,HIGH,Developing a data centre solution directly supports BPSR's mandate to enhance efficiency and transparency of public service delivery through innovative reforms and implementation of robust performance management systems that require modern IT infrastructure.,0
ERGP29232925,"PURCHASE OF COMPUTERS,SCANNERS,PHOTOCOPYING MACHINES, AIR CONDITIONERS AND MULTIMEDIA EQUIPMENTS FOR CORPORATE SERVICE AND STRATEGIC",161025001,BUREAU OF PUBLIC SERVICE REFORMS (BPSR),,18200000.0,YES,HIGH,"The purchase of office equipment and multimedia technology directly supports BPSR's mandate to enhance public service efficiency, effectiveness, and delivery of advisory services, institutional capacity building, and coordination of reform programs.",0
ERGP30210411,DEVELOPMENT AND PROMOTION OF OPEN GOVERNMENT PARTNERSHIP AND EFFECTIVE IMPLEMENTATION OF NATIONAL ANTI-CORRUPTION STRATEGY,161025001,BUREAU OF PUBLIC SERVICE REFORMS (BPSR),,31500000.0,PARTIAL,MEDIUM,"While open government partnership aligns with BPSR's mandate to enhance transparency and efficiency in public service delivery, anti-corruption strategy implementation is not explicitly within their core responsibilities and may overlap with other specialized anti-corruption agencies.",50
ERGP30210413,"IMPACT ASSESSMENT OF GOVERNMENT REFORMS ACROSS MDAS
",161025001,BUREAU OF PUBLIC SERVICE REFORMS (BPSR),,35000000.0,YES,HIGH,"Impact assessment of government reforms across MDAs directly aligns with BPSR's core mandate to monitor and evaluate the implementation of reform programs and policies across ministries, departments and agencies.",0
ERGP30215594,"TRAINING FOR STAFF ON REFORMS OVERVIEW
",161025001,BUREAU OF PUBLIC SERVICE REFORMS (BPSR),,18906612.0,YES,HIGH,"Training staff on reforms overview directly aligns with BPSR's core mandate to initiate, coordinate, and implement reform programs while providing institutional capacity building and fostering continuous learning and professional development for government agencies.",0
ERGP30247071,"TRAINING AND EMPOWERMENT
",161025001,BUREAU OF PUBLIC SERVICE REFORMS (BPSR),,9604165.0,YES,HIGH,"Training and empowerment directly aligns with BPSR's mandate to provide institutional capacity building, foster continuous learning and professional development, and deliver workforce management solutions for government agencies.",0
ERGP27168373,"CONSTRUCTION OF PERIMETER FENCE AT ARMTI MAIN CAMPUS
",215003001,AGRICULTURAL RESEARCH AND MANAGEMENT INSTITUTE (ARMTI) - ILORIN,,112000000.0,YES,HIGH,"Construction of perimeter fence is necessary infrastructure to secure and maintain the institute's training facilities, demonstration farms, and campus operations which are explicitly mentioned as part of ARMTI's mandate to operate specialized facilities for agricultural management training and research.",0
ERGP28168470,CONSTRUCTION OF WATER STANCHION & WATER RESERVOIR FACILITIES AT HQ & REGIONAL CENTRES,215003001,AGRICULTURAL RESEARCH AND MANAGEMENT INSTITUTE (ARMTI) - ILORIN,,12919851.0,YES,HIGH,The construction of water stanchion and water reservoir facilities directly supports ARMTI's mandate to maintain training facilities including demonstration farms and modern equipment necessary for their agricultural management training and research programs.,0
ERGP30132317,AGRIPRENEURSHIP DEVELOPMENT FOR YOUTH AND WOMEN IN THE SIX GEOPOLITICAL ZONES,215003001,AGRICULTURAL RESEARCH AND MANAGEMENT INSTITUTE (ARMTI) - ILORIN,,21000000.0,YES,HIGH,"This budget item directly aligns with ARMTI's mandate to provide management training services and conduct agribusiness management programs, specifically targeting youth and women across all geopolitical zones which falls under their rural development and agribusiness management functions.",0
ERGP30132320,"AGRICULTURAL POLICY INCUBATION/RESEARCH CLINIC
",215003001,AGRICULTURAL RESEARCH AND MANAGEMENT INSTITUTE (ARMTI) - ILORIN,,14000000.0,YES,HIGH,The budget item directly aligns with ARMTI's mandate to conduct research into agricultural management problems and develop appropriate interventions for improving policy and practice.,0
ERGP30132324,PROCUREMENT OF MOBILE RURAL & FULLY KITTED TRAINING FACILITIES FOR THE HEADQUARTERS AND REGIONAL CENTRES,215003001,AGRICULTURAL RESEARCH AND MANAGEMENT INSTITUTE (ARMTI) - ILORIN,,70000000.0,YES,HIGH,"The procurement of mobile rural and fully kitted training facilities directly supports ARMTI's core mandate of providing management training services to agricultural and rural development sector personnel, and aligns with their function of maintaining training facilities and delivering multi-faceted training through practical, participatory approaches.",0
ERGP30132325,ENRICHMENT/UPDATING OF KNOWLEDGE FOR FACILITATORS/MANAGEMENT FOR ECONOMIC GROWTH SUSTENANCE,215003001,AGRICULTURAL RESEARCH AND MANAGEMENT INSTITUTE (ARMTI) - ILORIN,,17500000.0,YES,HIGH,"This budget item directly supports ARMTI's core mandate of providing management training services and professional development to agricultural sector personnel, which requires continuous updating of facilitators' knowledge and skills.",0
ERGP30132327,VALUE CREATION THROUGH EFFECTIVE HUMAN SKILL ENHANCEMENT FOR SELECTED AGRIC PRODUCT EXPORTS IN COLLABORATION WITH RELEVANT AGENCIES,215003001,AGRICULTURAL RESEARCH AND MANAGEMENT INSTITUTE (ARMTI) - ILORIN,,7000000.0,YES,HIGH,"This budget item directly aligns with ARMTI's mandate to provide management training services and professional development in agribusiness management, particularly focusing on export-oriented agricultural products which falls under their core function of enhancing managerial capabilities in the agricultural sector.",0
ERGP30132337,DEVELOPMENT OF SMALL/MEDIUM ENTERPRISE FOR RURAL COMMUNITIES THROUGH MOBILIZATION OF RURAL SAVINGS AND INVESTMENT AND SKILL ACQUISITION,215003001,AGRICULTURAL RESEARCH AND MANAGEMENT INSTITUTE (ARMTI) - ILORIN,,14000000.0,YES,HIGH,"This budget item directly aligns with ARMTI's mandate to provide management training services, conduct research into agricultural management problems, and offer consultancy services to rural development organizations, specifically targeting SME development and skill acquisition in rural communities.",0
ERGP30132342,"REHABILITATION OF TRAINING FACILITIES AT THE HEADQUARTERS
",215003001,AGRICULTURAL RESEARCH AND MANAGEMENT INSTITUTE (ARMTI) - ILORIN,,14000000.0,YES,HIGH,"The rehabilitation of training facilities directly supports ARMTI's core mandate of providing management training services, as the agency's mandate explicitly includes maintaining training facilities such as classrooms, residential accommodations, and modern equipment at their headquarters.",0
ERGP30132357,"COLLABORATIVE AGRICULTURAL FINANCING : A CONSORTIUM FOR STAKE HOLDERS.
",215003001,AGRICULTURAL RESEARCH AND MANAGEMENT INSTITUTE (ARMTI) - ILORIN,,7000000.0,YES,HIGH,This budget item directly aligns with ARMTI's mandate to provide professional development in agricultural finance and offer consultancy services to agricultural organizations through stakeholder collaboration.,0
ERGP30149035,CONSTRUCTION OF ZONAL OFFICE IN SOUTH-SOUH GEOPOLITICAL ZONE ( RIVERS STATE),215003001,AGRICULTURAL RESEARCH AND MANAGEMENT INSTITUTE (ARMTI) - ILORIN,,21000000.0,YES,HIGH,"Constructing a zonal office in Rivers State directly supports ARMTI's mandate to provide training services and consultancy to agricultural personnel at local, state, and federal levels across Nigeria, requiring regional presence to effectively deliver these services.",0
ERGP30155122,EMPOWERING YOUTH AND WOMEN IN CLIMATE SMART AGRICULTURE FOR EMPLOYMENT GENERATION AND ENVIRONMENTAL PROTECTION,215003001,AGRICULTURAL RESEARCH AND MANAGEMENT INSTITUTE (ARMTI) - ILORIN,,10500000.0,YES,HIGH,"This budget item directly aligns with ARMTI's mandate to provide training services in agricultural and rural development, conduct research into agricultural management problems, and offer specialized programs including agribusiness management and farming systems, with the climate-smart agriculture focus fitting their recent emphasis on agroecology training programs.",0
ERGP30183609,"HUMAN CAPITAL DEVELOPMENT IN AGRICULTURAL VALUE CHAIN
",215003001,AGRICULTURAL RESEARCH AND MANAGEMENT INSTITUTE (ARMTI) - ILORIN,,7000000.0,YES,HIGH,Human capital development in agricultural value chain directly aligns with ARMTI's core mandate of providing management training services to agricultural and rural development sector personnel and conducting professional development programs in agribusiness management and related areas.,0
ERGP30192378,RECONSTRUCTION/RENOVATION OF RECREATIONAL FACILITIES IN THE HQTRS FOR PARTICIPANTS AND STAFF,215003001,AGRICULTURAL RESEARCH AND MANAGEMENT INSTITUTE (ARMTI) - ILORIN,,12527956.0,PARTIAL,MEDIUM,"While recreational facilities for participants and staff are not explicitly mentioned in the mandate, they could reasonably support the institute's training functions by providing necessary amenities for residential training programs and staff welfare.",50
ERGP30192389,"RENOVATION AND EQUIPPING OF SERVICED APARTMENTS FOR TRAINING
",215003001,AGRICULTURAL RESEARCH AND MANAGEMENT INSTITUTE (ARMTI) - ILORIN,,8400000.0,YES,HIGH,The renovation and equipping of serviced apartments directly supports ARMTI's mandate to maintain residential accommodations as part of their training facilities for agricultural and rural development personnel.,0
ERGP30192394,"ENHANCING CAPACITY FOR IRRIGATION AGRICULTURE FOR DRY SEASON FARMING
",215003001,AGRICULTURAL RESEARCH AND MANAGEMENT INSTITUTE (ARMTI) - ILORIN,,10500000.0,YES,HIGH,"This budget item directly aligns with ARMTI's mandate to provide training services and conduct research into agricultural management problems, as irrigation agriculture for dry season farming falls squarely within their agricultural development and management functions.",0
ERGP30192401,AGRICULTURAL TECHNICAL TRAINING AND APPRENTICESHIP FOR UNEMPLOYED YOUTHS ACROSS SIX GEOPOLITICAL ZONES,215003001,AGRICULTURAL RESEARCH AND MANAGEMENT INSTITUTE (ARMTI) - ILORIN,,35000000.0,YES,HIGH,"This budget item directly aligns with ARMTI's core mandate of providing management training services to agricultural sector personnel and designing training programs for the agricultural and rural development sector, which would include technical training and apprenticeship programs for unemployed youths.",0
ERGP30192406,"RENOVATION OF NORTH WEST REGIONAL TRAINING CENTRE AT KADUNA
",215003001,AGRICULTURAL RESEARCH AND MANAGEMENT INSTITUTE (ARMTI) - ILORIN,,17500000.0,YES,HIGH,"Renovating a regional training centre directly supports ARMTI's core mandate of providing management training services to agricultural and rural development sector personnel, as the institute specifically maintains training facilities including classrooms and operates through regional centers.",0
ERGP30204199,"DEVELOPMENT OF REGIONAL TRAINING CENTRE IN SOUTHWEST GEO-POLITICAL ZONE
",215003001,AGRICULTURAL RESEARCH AND MANAGEMENT INSTITUTE (ARMTI) - ILORIN,,18900000.0,YES,HIGH,Developing a regional training centre directly aligns with ARMTI's core mandate of providing management training services to agricultural and rural development sector personnel and maintaining training facilities.,0
ERGP30211476,"INTERNATIONAL, REGIONAL & LOCAL COLLABORATION WITH TRAINING INSTITUTES TO BRIDGE KNOWLEDGE GAPS",215003001,AGRICULTURAL RESEARCH AND MANAGEMENT INSTITUTE (ARMTI) - ILORIN,,7000000.0,YES,HIGH,"This budget item directly supports ARMTI's mandate to collaborate with international organizations and provide training services, as explicitly stated in their core functions of offering management training and maintaining partnerships for knowledge exchange in agricultural and rural development.",0
ERGP30238655,PROVISION OF HANDPUMP BOREHOLES IN SOME SELECTED COMMUNITIES IN BAKORI/DANJA FEDERAL CONSTITUENCY KATSINA,215003001,AGRICULTURAL RESEARCH AND MANAGEMENT INSTITUTE (ARMTI) - ILORIN,,35000000.0,NO,HIGH,"Providing handpump boreholes in communities is a water infrastructure project that falls outside ARMTI's specific mandate of agricultural management training, research, and consultancy services.",100
ERGP30238656,"INSTALLATION OF SOLAR STREET LIGHTS, BAKORI/ DANJA FEDERAL CONSTITUENCY, KATSINA STATE.",215003001,AGRICULTURAL RESEARCH AND MANAGEMENT INSTITUTE (ARMTI) - ILORIN,,35000000.0,NO,HIGH,"Installing solar street lights in a specific federal constituency in Katsina State falls outside ARMTI's mandate of providing agricultural management training, research, and consultancy services, and has no clear connection to the institute's educational or research functions.",100
ERGP30238657,"SUPPLY AND INSTALLATION OF SOLAR BOREHOLES IN VANDEIKYA/KONSHISHA FEDERAL CONSTITUENCY, BENUE STATE",215003001,AGRICULTURAL RESEARCH AND MANAGEMENT INSTITUTE (ARMTI) - ILORIN,,140000000.0,NO,HIGH,"ARMTI's mandate focuses on agricultural management training, research, and consultancy services, not infrastructure development or water supply projects in specific constituencies.",100
ERGP30238658,"""PROVISION OF ALL IN ONE SOLAR STREET LIGHTS IN AJEGUNLE GBEDE, AYETORO, OGIDI, IYAMOYE, KABBA AND BUNU COMMUNITIES KABBA BUNU/ IJUMU FEDERAL",215003001,AGRICULTURAL RESEARCH AND MANAGEMENT INSTITUTE (ARMTI) - ILORIN,,140000000.0,NO,HIGH,"Providing solar street lights to communities falls outside ARMTI's mandate which is specifically focused on agricultural management training, research, and consultancy services rather than infrastructure development or rural electrification projects.",100
ERGP30238659,"PURCHASE AND INSTALLATION OF SOLAR STREETLIGHTS AT SUMAILA AND ITS ENVIRONS IN SUMAILA/TAKIA FEDERAL CONSTITUENCY, KANO STATE",215003001,AGRICULTURAL RESEARCH AND MANAGEMENT INSTITUTE (ARMTI) - ILORIN,,70000000.0,NO,HIGH,"Installing solar streetlights in Kano State falls outside ARMTI's mandate of providing agricultural management training, research, and consultancy services, as it represents general infrastructure development unrelated to the institute's educational and research functions.",100
ERGP30238660,"ELECTRIFICATION AND PROVISION OF TRANSFORMER TO KABO AND ITS ENVIRONS IN GWARZO/KABO FEDERAL CONSTITUENCY, KANO STATE",215003001,AGRICULTURAL RESEARCH AND MANAGEMENT INSTITUTE (ARMTI) - ILORIN,,70000000.0,NO,HIGH,"The budget item for electrification and transformer provision in Kano State falls outside ARMTI's mandate of agricultural management training, research, and consultancy services, and represents general infrastructure development unrelated to the institute's core functions.",100
ERGP30238661,"REHABILITATION OF KWARE GIDAN ELECTRICITY LINES FEDERAL CONSTITUENCY, SOKOTO STATE",215003001,AGRICULTURAL RESEARCH AND MANAGEMENT INSTITUTE (ARMTI) - ILORIN,,35000000.0,NO,HIGH,"Rehabilitating electricity lines in a specific federal constituency in Sokoto State is infrastructure development work that falls outside ARMTI's mandate of providing agricultural management training, research, and consultancy services.",100
ERGP30238662,"SUPPLY OF TRANSFORMERS IN SAKI EAST/SAKI WEST/ATISBO FEDERAL CONSTITUENCY, OYO STATE",215003001,AGRICULTURAL RESEARCH AND MANAGEMENT INSTITUTE (ARMTI) - ILORIN,,70000000.0,NO,HIGH,"Supplying electrical transformers for constituency infrastructure is completely outside ARMTI's mandate, which focuses exclusively on agricultural management training, research, and consultancy services.",100
ERGP30238663,"TRAINING AND EMPOWERMENT OF UNEMPLOYED GRADUATES IN EXPORTABLE COMMODITIES IN EGOR/IKPOBA FEDERAL CONSTITUENCY, EDO STATE.",215003001,AGRICULTURAL RESEARCH AND MANAGEMENT INSTITUTE (ARMTI) - ILORIN,,49000000.0,YES,HIGH,"This budget item directly aligns with ARMTI's mandate to provide training programs for agricultural sector personnel and conduct professional development in agribusiness management, as training unemployed graduates in exportable commodities falls squarely within their core function of agricultural management training and capacity building.",0
ERGP30238664,"TRAINING AND EMPOWERMENT OF WOMEN AND YOUTHS FOR SMES WITH START UP GRANT IN KARAYE/ROGO FEDERAL CONSTITUENCY, KANO STATE.",215003001,AGRICULTURAL RESEARCH AND MANAGEMENT INSTITUTE (ARMTI) - ILORIN,,70000000.0,PARTIAL,MEDIUM,"While the training and empowerment activities align with ARMTI's mandate to provide agricultural management training, the budget item specifies a location in Kano State which is outside ARMTI Ilorin's typical operational jurisdiction, and the focus on general SMEs rather than specifically agricultural enterprises creates some misalignment.",50
ERGP30238665,"PURCHASE AND SUPPLY OF GENERATORS FOR EMPOWERMENT IN IFAKO IJAIYE FEDERAL CONSTITUENCY, LAGOS STATE.",215003001,AGRICULTURAL RESEARCH AND MANAGEMENT INSTITUTE (ARMTI) - ILORIN,,70000000.0,NO,HIGH,"The budget item involves purchasing generators for empowerment in a specific Lagos constituency, which falls outside ARMTI's mandate of providing agricultural management training, research, and consultancy services.",100
ERGP30238666,"SUPPLY OF RICE IN GWARZO/KABO FEDERAL CONSTITUENCY KANO STATE
",215003001,AGRICULTURAL RESEARCH AND MANAGEMENT INSTITUTE (ARMTI) - ILORIN,,35000000.0,NO,HIGH,"Direct supply of rice to a specific constituency is a commodity distribution activity that falls outside ARMTI's mandate of providing agricultural management training, research, and consultancy services.",100
ERGP30238667,ONGOING CONSTRUCTION OF RURAL EARTH ROAD IN GWARZO/KABO FEDERAL CONSTITUENCY KANO STATE,215003001,AGRICULTURAL RESEARCH AND MANAGEMENT INSTITUTE (ARMTI) - ILORIN,,35000000.0,NO,HIGH,"Construction of rural earth roads is infrastructure development work that falls outside ARMTI's mandate of agricultural management training, research, and consultancy services.",100
ERGP30238669,"SUPPLY OF RICE IN SHANONO/BAGWAL FEDERAL CONSTITUENCY KANO STATE
",215003001,AGRICULTURAL RESEARCH AND MANAGEMENT INSTITUTE (ARMTI) - ILORIN,,140000000.0,NO,HIGH,"Direct supply of rice to a specific constituency is a commodity distribution activity that falls outside ARMTI's mandate of providing agricultural management training, research, and consultancy services.",100
ERGP30238670,"SUPPLY OF SEWING MACHINES, GRINDING MACHINES AND MOTORCYCLES TO UNEMPLOYED YOUTH AND WOMEN IN ILORIN WEST LGA OF KWARA STATE",215003001,AGRICULTURAL RESEARCH AND MANAGEMENT INSTITUTE (ARMTI) - ILORIN,,28000000.0,NO,HIGH,"This budget item focuses on direct equipment distribution for general unemployment relief rather than ARMTI's specific mandate of providing agricultural management training, research, and consultancy services to the agricultural and rural development sector.",100
ERGP30238671,CONNECTION TO NATIONAL GRID FROM MARABA ABARE TO ABARE TOWN IN LAU LGA OF TARABA STATE.,215003001,AGRICULTURAL RESEARCH AND MANAGEMENT INSTITUTE (ARMTI) - ILORIN,,70000000.0,NO,HIGH,"This budget item involves electrical infrastructure development in Taraba State, which falls completely outside ARMTI's mandate of providing agricultural management training, research, and consultancy services from its Ilorin base.",100
ERGP30238672,TRAINING AND EMPOWERMENT OF YOUTHS AND WOMEN ON SKILLS ACQUSITION IN KABO GWARZO/KABO FED CONST. KANO STATE,215003001,AGRICULTURAL RESEARCH AND MANAGEMENT INSTITUTE (ARMTI) - ILORIN,,42000000.0,YES,HIGH,"This budget item directly aligns with ARMTI's mandate to provide training services and professional development in the agricultural and rural development sector, specifically targeting youth and women empowerment through skills acquisition programs.",0
ERGP30238673,"SUPPLY OF MOTORCYCLES TO OHUMA AND ITS ENVIRONS IN OBI LGA, BENUE STATE
",215003001,AGRICULTURAL RESEARCH AND MANAGEMENT INSTITUTE (ARMTI) - ILORIN,,35000000.0,NO,HIGH,"Supplying motorcycles to a specific local government area in Benue State falls outside ARMTI's mandate of providing agricultural management training, research, and consultancy services, and appears to be a direct service delivery activity rather than capacity building or knowledge transfer.",100
ERGP30238674,DEVELOPMENT OF REGIONAL TRAINING CENTRE IN SOUTH-SOUTH GEOPOLITICAL ZONE,215003001,AGRICULTURAL RESEARCH AND MANAGEMENT INSTITUTE (ARMTI) - ILORIN,,70000000.0,YES,HIGH,Developing a regional training centre directly aligns with ARMTI's core mandate of providing management training services to agricultural and rural development sector personnel and maintaining training facilities.,0
ERGP30238676,"PROVISION OF EMPOWERMENT ITEMS IN BAKORI/DANJA FEDERAL CONSTITUENCY, KATSINA STATE",215003001,AGRICULTURAL RESEARCH AND MANAGEMENT INSTITUTE (ARMTI) - ILORIN,,12600000.0,NO,HIGH,"This budget item appears to be a geographically-specific empowerment program for a particular federal constituency, which falls outside ARMTI's mandate of providing agricultural management training, research, and consultancy services.",100
ERGP30238677,"PROVISION AND INSTALLATION OF SOLAR STREET LIGHTS AT AMOSUN STREET IPEE TOWN OYUN LGA, KWARA STATE",215003001,AGRICULTURAL RESEARCH AND MANAGEMENT INSTITUTE (ARMTI) - ILORIN,,14000000.0,NO,HIGH,"Installing solar street lights in a town street falls under municipal infrastructure development, which is outside ARMTI's mandate of agricultural management training, research, and consultancy services.",100
ERGP30238678,PROVISION OF GRINDING MACHINES TO WOMEN AND YOUTH IN BAUCHI SOUTH SENATORIAL DISTRICT.,215003001,AGRICULTURAL RESEARCH AND MANAGEMENT INSTITUTE (ARMTI) - ILORIN,,35000000.0,NO,HIGH,"ARMTI's mandate focuses on management training, research, and consultancy services for agricultural personnel, not direct provision of equipment to specific geographic constituencies.",100
ERGP30238680,"PROVISION OF A PRIMARY HEALTH CARE CENTER IN BAUCHI STATE
",215003001,AGRICULTURAL RESEARCH AND MANAGEMENT INSTITUTE (ARMTI) - ILORIN,,21000000.0,NO,HIGH,"The provision of a primary health care center falls under health services delivery, which is completely outside ARMTI's mandate focused on agricultural research, management training, and rural development consultancy services.",100
ERGP30238681,"CAPACITY BUILDING FOR SELECT MANAGEMENT STAFF
",215003001,AGRICULTURAL RESEARCH AND MANAGEMENT INSTITUTE (ARMTI) - ILORIN,,56000000.0,YES,HIGH,Capacity building for management staff directly aligns with ARMTI's core mandate of providing management training services to agricultural and rural development sector personnel and conducting professional development programs.,0
ERGP30238683,"REHABILITATION AND RENOVATION OF ARMTI ABUJA OFFICE
",215003001,AGRICULTURAL RESEARCH AND MANAGEMENT INSTITUTE (ARMTI) - ILORIN,,21000000.0,YES,HIGH,"Rehabilitating and renovating the ARMTI Abuja office directly supports the institute's operational capacity to deliver its core mandates of training, research, and consultancy services from its federal capital territory location.",0
ERGP30238684,"TECHNICAL LEADERSHIP INTERACTIVE TRAINING/SUMMIT
",215003001,AGRICULTURAL RESEARCH AND MANAGEMENT INSTITUTE (ARMTI) - ILORIN,,56000000.0,YES,HIGH,"Technical leadership interactive training/summit directly aligns with ARMTI's core mandate to provide management training services and professional development to agricultural sector personnel through practical, participatory approaches.",0
ERGP30238687,"REHABILITATION OF ACCESS ROAD IN FHA LUGBE
",215003001,AGRICULTURAL RESEARCH AND MANAGEMENT INSTITUTE (ARMTI) - ILORIN,,49000000.0,NO,HIGH,"Rehabilitating an access road in FHA Lugbe falls outside ARMTI's mandate which focuses specifically on agricultural management training, research, and consultancy services rather than infrastructure development or road construction projects.",100
ERGP30238688,"PROVISION OF SEWING MACHINES TO WOMEN AND YOUTH IN BAUCHI STATE
",215003001,AGRICULTURAL RESEARCH AND MANAGEMENT INSTITUTE (ARMTI) - ILORIN,,14000000.0,NO,HIGH,"Providing sewing machines is outside ARMTI's mandate which focuses specifically on agricultural management training, research, and consultancy services rather than general equipment distribution or non-agricultural vocational activities.",100
ERGP30238689,"SUPPLY AND INSTALLATION OF SOLAR POWERED STREET LIGHT IN LAU LGA IN TARABA NORTH SENATORIAL DISTRICT, TARABA STATE.",215003001,AGRICULTURAL RESEARCH AND MANAGEMENT INSTITUTE (ARMTI) - ILORIN,,210000000.0,NO,HIGH,"Installing solar-powered street lights in a specific local government area falls outside ARMTI's mandate, which focuses on agricultural management training, research, and consultancy services rather than infrastructure development or street lighting projects.",100
ERGP30238690,"SUPPLY AND INSTALLATION OF SOLAR POWERED STREET LIGHT IN KARIM LAMIDO LGA IN TARABA NORTH SENATORIAL DISTRICT, TARABA STATE.",215003001,AGRICULTURAL RESEARCH AND MANAGEMENT INSTITUTE (ARMTI) - ILORIN,,210000000.0,NO,HIGH,"Installing solar-powered street lights in a specific local government area falls outside ARMTI's mandate, which focuses on agricultural management training, research, and consultancy services rather than infrastructure development or street lighting projects.",100
ERGP30238692,"SUPPLY AND INSTALLATION OF SOLAR POWERED STREET LIGHT IN ARDO KOLA TARABA NORTH SENATORIAL DISTRICT, TARABA STATE.",215003001,AGRICULTURAL RESEARCH AND MANAGEMENT INSTITUTE (ARMTI) - ILORIN,,210000000.0,NO,HIGH,"Installing solar-powered street lights in a specific senatorial district is infrastructure development work that falls outside ARMTI's mandate of providing agricultural management training, research, and consultancy services.",100
ERGP30238693,"CONSTRUCTION OF CULVERT AND EROSION CONTROL AT GADAWALAWOI IN JALINGO TARABA NORTH SENATORIAL DISTRICT, TARABA STATE.",215003001,AGRICULTURAL RESEARCH AND MANAGEMENT INSTITUTE (ARMTI) - ILORIN,,140000000.0,NO,HIGH,"Construction of culverts and erosion control infrastructure falls outside ARMTI's core mandate of providing agricultural management training, research, and consultancy services, as the agency is not responsible for civil engineering or infrastructure development projects.",100
ERGP30238694,"SUPPLY OF FERTILIZER TO FARMERS AT VARIOUS LOCATION ACROSS OGUN EAST
",215003001,AGRICULTURAL RESEARCH AND MANAGEMENT INSTITUTE (ARMTI) - ILORIN,,70000000.0,NO,HIGH,"ARMTI's mandate focuses on management training, research, and consultancy services for agricultural personnel, not direct supply of fertilizers to farmers, which is an operational farming input distribution activity outside their educational and research scope.",100
ERGP30238696,"SUPPLY OF IRRIGATION PUMPS TO FARMERS IN BAUCHI STATE
",215003001,AGRICULTURAL RESEARCH AND MANAGEMENT INSTITUTE (ARMTI) - ILORIN,,21000000.0,NO,HIGH,"ARMTI's mandate focuses on training, research, and consultancy services for agricultural management rather than direct supply of equipment to farmers.",100
ERGP30238697,REHABILITATION OF CAMPUS BUILDING ( KADUNA REGIONAL OFFICE ) AGRICULTURAL MANAGEMENT INSTITUTE,215003001,AGRICULTURAL RESEARCH AND MANAGEMENT INSTITUTE (ARMTI) - ILORIN,,35000000.0,YES,HIGH,Rehabilitating campus buildings for the Kaduna regional office directly supports ARMTI's mandate to maintain training facilities including classrooms and residential accommodations necessary for delivering management training services across different locations.,0
ERGP30238699,"SUPPLY & INSTALLATION OF 2 NOS 500/ 33 KVA TRANSFORMER @IREPODUN COMMUNITY, EWETA AREA, IKIRUN OSUN STATE",215003001,AGRICULTURAL RESEARCH AND MANAGEMENT INSTITUTE (ARMTI) - ILORIN,,140000000.0,NO,HIGH,"Installing electrical transformers in a community in Osun State falls outside ARMTI's mandate of providing agricultural management training, research, and consultancy services, and does not relate to their core functions of capacity building and agricultural management development.",100
ERGP10112373,PROCUREMENT OF SOLAR POWER,215014001,COCOA RESEARCH INSTITUTE- IBADAN,,19569722.0,PARTIAL,MEDIUM,"While solar power procurement is not explicitly within CRIN's research mandate for cocoa, kola, coffee, cashew, tea, and black plum, it could reasonably support the institute's operations and research facilities needed to fulfill its core agricultural research functions.",50
ERGP12111973,"INTRA-ROAD, PLOTS ACESS ROAD LINKAGE REHABILITATION",215014001,COCOA RESEARCH INSTITUTE- IBADAN,,21000000.0,PARTIAL,MEDIUM,"While road infrastructure is not explicitly part of CRIN's research mandate, access roads to research plots are necessary infrastructure to support the Institute's core function of conducting agricultural research on its mandate crops.",50
ERGP27112435,CONSTRUCTION OF 1000 SEATER HALL,215014001,COCOA RESEARCH INSTITUTE- IBADAN,,21000000.0,PARTIAL,MEDIUM,"While the construction of a 1000-seater hall is not directly related to crop research, it could reasonably support CRIN's mandate to provide facilities for teaching, training farmers and extension workers, and conducting skill acquisition sessions and extension workshops.",50
ERGP27124217,REHABILITATION OF BUILDING AT HEADQUATERS AND SIX SUBSTAION,215014001,COCOA RESEARCH INSTITUTE- IBADAN,,63000000.0,YES,HIGH,Rehabilitating buildings at headquarters and six substations directly supports CRIN's operational infrastructure needed to conduct research activities across the six geopolitical zones where their mandate crops are cultivated.,0
ERGP30111625,CONSTRUCTION OF CENTRAL LABORATORY,215014001,COCOA RESEARCH INSTITUTE- IBADAN,,56000000.0,YES,HIGH,"Construction of a central laboratory directly supports CRIN's mandate to conduct high-quality research on its six mandate crops (cocoa, kola, coffee, cashew, tea, and black plum) and provide research facilities as specified in their enabling legislation.",0
ERGP30111855,CONSTRUCTION AND REHABILITATION OF COLLAPSED SCREEN HOUSES,215014001,COCOA RESEARCH INSTITUTE- IBADAN,,3500000.0,YES,HIGH,"Screen houses are essential research infrastructure for conducting controlled agricultural experiments on CRIN's mandate crops (cocoa, kola, coffee, cashew, tea, and black plum), directly supporting the institute's core research functions.",0
ERGP30111969,IMPROVEMENT OF NEW HYBRID COCOA VARIETIES AND ASSOCIATED PRODUCTION/PRODUCTION TECHNOLOGIES,215014001,COCOA RESEARCH INSTITUTE- IBADAN,,14000000.0,YES,HIGH,This budget item directly aligns with CRIN's core mandate to conduct research on cocoa and specifically matches their objective to improve the genetic potential and agronomic practices of mandate crops.,0
ERGP30111972,IDENTIFICATION AND VALUATION OF INSTITUTES ASSETS IN HEADQUARTERS & SIX SUBSTATION IN READINESS FOR IPSAS ACCRUAL ADOPTION,215014001,COCOA RESEARCH INSTITUTE- IBADAN,,210000000.0,YES,HIGH,"Asset identification and valuation for IPSAS compliance is a necessary administrative and financial management function that directly supports CRIN's operations at its headquarters and six substations, which are essential infrastructure for fulfilling its research mandate.",0
ERGP30112120,EXTENSION OF CRIN TECHNOLOGIES,215014001,COCOA RESEARCH INSTITUTE- IBADAN,,3500000.0,YES,HIGH,"Extension of CRIN technologies directly aligns with the agency's mandate to translate research results and improved technologies into practice among farmers and manufacturers, which is explicitly stated as one of their expressed objectives.",0
ERGP30112344,PESTICIDES RESIDUE ASSESSMENT AND SAFETY STANDARD OF COCOA BEANS IN NIGERIA AND INTERGRATED CROP/PEST MANAGEMENT FOR COCOA,215014001,COCOA RESEARCH INSTITUTE- IBADAN,,3500000.0,YES,HIGH,"This budget item directly aligns with CRIN's mandate to identify ecology and methods of control of pests and diseases affecting cocoa, and to conduct research on cocoa production and safety standards.",0
ERGP30112359,IMPROVEMENT OF CASHEW GENO-TYPE AND ASSOCIATED PRODUCTION/PRODUCTION TECHNOLOGIES,215014001,COCOA RESEARCH INSTITUTE- IBADAN,,7000000.0,YES,HIGH,This budget item directly aligns with CRIN's mandate to conduct research on cashew (one of its six designated crops) and specifically supports the agency's objective to improve genetic potential and agronomic practices of mandate crops.,0
ERGP30112365,IMPROVEMENT OF TEA VARIETIES AND ASSOCIATED PRODUCTION/PRODUCTION TECHNOLOGIES,215014001,COCOA RESEARCH INSTITUTE- IBADAN,,7000000.0,YES,HIGH,"Tea is explicitly listed as one of CRIN's six mandate crops, and improving tea varieties and production technologies directly aligns with the Institute's objective to improve genetic potential and agronomic practices of its mandate crops.",0
ERGP30112387,"ESTABLISHMENT OF DATA BANK FOR COCOA AND CASHEW
",215014001,COCOA RESEARCH INSTITUTE- IBADAN,,210000000.0,YES,HIGH,Establishing a data bank for cocoa and cashew directly supports CRIN's mandate to conduct research on these crops and translate research results into practice for improved production.,0
ERGP30112400,"PROCUREMENT OF LABORATORY CONSUMABLE AND GLASSWARES
",215014001,COCOA RESEARCH INSTITUTE- IBADAN,,3500000.0,YES,HIGH,"Laboratory consumables and glasswares are essential for conducting the high-quality research on cocoa, kola, coffee, cashew, tea, and black plum that constitutes CRIN's core mandate as a premier agricultural research institution.",0
ERGP30112405,ESTABLISHMENT OF PARENT STOCK AND EXPANSION OF PARENT STOCK OF COCOA HYBRIDS BY 14 HECTARES,215014001,COCOA RESEARCH INSTITUTE- IBADAN,,4200000.0,YES,HIGH,"This budget item directly aligns with CRIN's core mandate to conduct research on cocoa, specifically supporting their objective to improve the genetic potential of mandate crops through development of high-yielding and disease-resistant cocoa varieties.",0
ERGP30112410,"PRODUCTION OF PLANTING MATERIAL FOR COCOA VALUE CHAIN
",215014001,COCOA RESEARCH INSTITUTE- IBADAN,,4900000.0,YES,HIGH,Production of planting material for cocoa value chain directly aligns with CRIN's mandate to conduct research on cocoa and improve genetic potential and agronomic practices for this mandate crop.,0
ERGP30112411,"MONITORING AND EVALUATION OF CAPITAL PROJECTS
",215014001,COCOA RESEARCH INSTITUTE- IBADAN,,4900000.0,YES,HIGH,"Monitoring and evaluation of capital projects is a standard administrative function necessary for CRIN to effectively manage its research infrastructure, substations, and facilities required to fulfill its mandate of conducting research on cocoa, kola, coffee, cashew, tea, and black plum.",0
ERGP30112412,UPGRADING OF SOMATIC EMBRYO -GENESIS LABORATORY (EQUIPMENT) /METROLOGICAL STATION & METROLOGICAL EQUIPMENT,215014001,COCOA RESEARCH INSTITUTE- IBADAN,,210000000.0,YES,HIGH,"The upgrading of somatic embryogenesis laboratory equipment and meteorological station directly supports CRIN's mandate to conduct high-quality research on genetic improvement of mandate crops and provide research facilities, as somatic embryogenesis is a plant tissue culture technique for developing improved crop varieties and meteorological data is essential for agricultural research.",0
ERGP30112415,IMPROVEMENT OF KOLA VARIETIES AND ASSOCIATED PRODUCTION PRODUCTION AND HARVESTING/ POST HARVEST TECHNOLOGIES,215014001,COCOA RESEARCH INSTITUTE- IBADAN,,7000000.0,YES,HIGH,"The budget item directly aligns with CRIN's mandate to conduct research on kola (one of its six designated crops) and specifically falls under the institute's objective to improve genetic potential, agronomic practices, processing and storage of mandate crops.",0
ERGP30112422,ESTABLISHMENT OF BUSINESS INCUBATION PLATFORM ON VALUE ADDITION FOR YOUTH,215014001,COCOA RESEARCH INSTITUTE- IBADAN,,3500000.0,PARTIAL,MEDIUM,"While establishing a business incubation platform for youth is not explicitly within CRIN's core research mandate, it could align with their objective to translate research results into practice and investigate feasibility of small-scale production of end-use products from their mandate crops.",50
ERGP30112427,IMPROVEMENT OF COFFEE VARIETIES AND ASSOCIATED PRODUCTION/PRODUCTION TECHNOLOGIES,215014001,COCOA RESEARCH INSTITUTE- IBADAN,,7000000.0,YES,HIGH,"Coffee is explicitly listed as one of CRIN's six mandate crops, and improving genetic potential and production technologies for mandate crops is a core objective stated in the agency's enabling legislation.",0
ERGP30112431,"PURCHASE OF LASERJET PRINTER, GIS EQUIPMENT & LAPTOPS
",215014001,COCOA RESEARCH INSTITUTE- IBADAN,,7000000.0,YES,HIGH,"The purchase of laserjet printers, GIS equipment, and laptops directly supports CRIN's research activities on mandate crops, data collection and analysis, documentation of research findings, and technology transfer to farmers and stakeholders.",0
ERGP30153637,INTEGRATED FARMING SYSTEMS FOR SUSTAINABLE COCOA COFFEE KOLA CASHEW AND TEA PRODUCTION IN THE EMERGING CLIMATIC CHANGE,215014001,COCOA RESEARCH INSTITUTE- IBADAN,,2800000.0,YES,HIGH,"This budget item directly aligns with CRIN's mandate to conduct research on cocoa, coffee, kola, cashew, and tea, specifically addressing sustainable production systems and climate adaptation which falls under their objective to improve agronomic practices for these crops.",0
ERGP30153673,"VALUE ADDITION AND QUALITY CONTROL OF COCOA. KOLA, CASHEW. COFFEE AND TEA DEVELOPED PRODUCTS",215014001,COCOA RESEARCH INSTITUTE- IBADAN,,5600000.0,YES,HIGH,"The budget item directly aligns with CRIN's mandate to conduct research on value addition and quality control for all five specified crops (cocoa, kola, cashew, coffee, and tea) which are explicitly listed as the institute's mandate crops.",0
ERGP30153791,"CLIMATE SMART AGRICULTURE IN COCOA PRODUCTION
",215014001,COCOA RESEARCH INSTITUTE- IBADAN,,3500000.0,YES,HIGH,"Climate smart agriculture in cocoa production directly aligns with CRIN's mandate to conduct research on cocoa, improve agronomic practices for sustainable farming, and develop improved technologies for cocoa cultivation.",0
ERGP30155162,"PURCHASE OF FURNITURE FOR THE INSTITUTE
",215014001,COCOA RESEARCH INSTITUTE- IBADAN,,3500000.0,YES,HIGH,"Purchase of furniture is necessary operational infrastructure to support CRIN's research activities, teaching facilities, and administrative functions as a premier agricultural research institution.",0
ERGP30155163,"FENCING OF HEADQUARTERS AND 6 SUBSTATIONS
",215014001,COCOA RESEARCH INSTITUTE- IBADAN,,4200000.0,YES,HIGH,"Fencing of headquarters and substations is necessary infrastructure to secure research facilities, protect research crops and equipment, and enable CRIN to effectively conduct its mandate of agricultural research on cocoa, kola, coffee, cashew, tea, and black plum across its six geopolitical zone locations.",0
ERGP30178321,MANAGEMENT OF INSTITUTE PLANTATIONS IN HEADQUARTERS AND SIX SUB- STATIONS,215014001,COCOA RESEARCH INSTITUTE- IBADAN,,14000000.0,YES,HIGH,"Managing institute plantations at headquarters and substations directly supports CRIN's mandate to conduct research on cocoa, kola, coffee, cashew, tea, and black plum, as these plantations are essential research facilities for developing improved varieties and agronomic practices.",0
ERGP30241959,PROVISION OF VEHICULAR (USED) TO EASE THE MOVEMENT OF TRADITIONAL INSTITUTION IN OWO/OSE FEDERAL CONSTITUENCY ONDO STATE,215014001,COCOA RESEARCH INSTITUTE- IBADAN,,350000000.0,NO,HIGH,"Providing vehicles to traditional institutions in a specific federal constituency is not related to CRIN's mandate of conducting research on cocoa, kola, coffee, cashew, tea, and black plum crops.",100
ERGP30241962,SUPPLY OF FOOD AND OTHER PALLIATIVE ITEMS TO LESS PRIVILEGE IN OWO/OSE FEDERAL CONSTITUENCY ONDO STATE,215014001,COCOA RESEARCH INSTITUTE- IBADAN,,210000000.0,NO,HIGH,"Supplying food and palliative items to less privileged people in a specific constituency is a welfare/social intervention activity that falls outside CRIN's research mandate focused on cocoa, kola, coffee, cashew, tea, and black plum crops.",100
ERGP30241968,"RENOVATION OF OKELUSE OBA PALACE ONDO STATE
",215014001,COCOA RESEARCH INSTITUTE- IBADAN,,210000000.0,NO,HIGH,"Renovating a traditional ruler's palace has no connection to CRIN's mandate of conducting agricultural research on cocoa, kola, coffee, cashew, tea, and black plum crops.",100
ERGP30241970,SUPPLY OF AGROCHEMICALS TO FARMERS IN SELECTED LOCAL GOVERNMENT IN OSUN STATE,215014001,COCOA RESEARCH INSTITUTE- IBADAN,,140000000.0,YES,HIGH,Supplying agrochemicals to farmers aligns with CRIN's mandate to translate research results and improved technologies into practice among farmers and improve production of mandate crops.,0
ERGP30241972,PHASE 11 TRAINING OF FARMERS ON GAP AND PROVISION OF AGRICULTURAL STARTER PACKS TO SOME COMMUNITIES IN OGUN STATE. (MULTIPLE LOTS),215014001,COCOA RESEARCH INSTITUTE- IBADAN,,350000000.0,YES,HIGH,Training farmers on Good Agricultural Practices (GAP) and providing agricultural starter packs directly aligns with CRIN's mandate to translate research results and improved technologies into practice among farmers to improve production and socio-economic life of the people.,0
ERGP30241975,"PROVISION OF SOLAR BOREHOLE AT FARM SETTLEMENT, OSUNNELAJA-ALEPANU
",215014001,COCOA RESEARCH INSTITUTE- IBADAN,,10500000.0,YES,HIGH,"Providing solar borehole infrastructure at a farm settlement directly supports CRIN's mandate to improve agronomic practices and facilitate research activities for their mandate crops, as adequate water supply is essential for agricultural research and crop cultivation.",0
ERGP30241977,"PROVISION OF SEEDLINGS, FERTILIZER, INSECTICIDES, AND AGRICULTURAL TOOLS AND IMPLEMENTS TO SELECTED LOCATIONS IN NIGERIA (MULTIPLE LOTS)",215014001,COCOA RESEARCH INSTITUTE- IBADAN,,3500000000.0,YES,HIGH,"The provision of seedlings, fertilizer, insecticides, and agricultural tools directly supports CRIN's mandate to improve agronomic practices, pest management, and translate research results into practice among farmers for their six mandate crops.",0
ERGP30241979,"PROVISION OF SOLAR POWERED BOREHOLES AT SELECTED LOCATIONS IN IBARAPA EAST / IDO FEDERAL CONSTITUENCY, OYO STATE",215014001,COCOA RESEARCH INSTITUTE- IBADAN,,105000000.0,PARTIAL,MEDIUM,"While water infrastructure could support agricultural research activities and farmer training programs within CRIN's mandate, the budget item appears to be general constituency development rather than specifically targeted research infrastructure for cocoa, kola, coffee, cashew, tea, or black plum research.",50
ERGP30241981,"CONSTRUCTION OF HAND PUMPS BOREHOLES ACROSS ZAKI FEDERAL CONSTITUENCY, BAUCHI STATE",215014001,COCOA RESEARCH INSTITUTE- IBADAN,,21000000.0,NO,HIGH,"The construction of hand pump boreholes in a specific federal constituency falls outside CRIN's mandate, which is focused on research and development of six specific crops (cocoa, kola, coffee, cashew, tea, and black plum) rather than water infrastructure projects.",100
ERGP30241983,PROVISION OF TRAINING ON ENTREPRENUERSHIP FOR YOUTH IN KABBA BUNU COMMUNITIES IN KOGI STATE,215014001,COCOA RESEARCH INSTITUTE- IBADAN,,21000000.0,PARTIAL,MEDIUM,"While entrepreneurship training for youth is not directly within CRIN's core research mandate, it could align if the training focuses on entrepreneurship related to CRIN's mandate crops (cocoa, kola, coffee, cashew, tea, or black plum) cultivation or processing in the specified communities.",50
ERGP30241985,"CONSTRUCTION AND INSTALLATION OF SOLAR POWERED STREET LIGHTS IN AFIJIO / ATIBA/ OYO EAST AND WEST FEDERAL CONSTITUENCY,OYO STATE.",215014001,COCOA RESEARCH INSTITUTE- IBADAN,,21000000.0,NO,HIGH,"Installing solar-powered street lights in federal constituencies is an infrastructure development activity that falls outside CRIN's mandate of conducting agricultural research on cocoa, kola, coffee, cashew, tea, and black plum.",100
ERGP30241986,DISTRIBUTION OF OCP COCOA FERTILIZER AND FARM IMPLEMENT TO COCOA FARMERS IN OGUN STATE,215014001,COCOA RESEARCH INSTITUTE- IBADAN,,21000000.0,YES,HIGH,The distribution of cocoa fertilizer and farm implements directly supports CRIN's mandate to improve agronomic and husbandry practices for cocoa cultivation and translate research results into practice among farmers.,0
ERGP30241989,"EMPOWERMENT/TRAINING FOR FISH FARMERS IN SELECTED VILLAGES IN AKINYELE/LAGELU FEDERAL CONSTITUENCY, OYO STATE",215014001,COCOA RESEARCH INSTITUTE- IBADAN,,140000000.0,NO,HIGH,"The budget item focuses on fish farming empowerment/training, which falls completely outside CRIN's mandate to conduct research on cocoa, kola, coffee, cashew, tea, and black plum crops.",100
ERGP30241991,"PROVISION AND DISTRIBUTION OF COCOA SEEDLING TO FARMERS IN ATAKUNMOSA EAST/ATAKUNMOSA WEST/ILESA EAST/LESA WEST FEDERAL CONSTITUENCY, OSUN",215014001,COCOA RESEARCH INSTITUTE- IBADAN,,105000000.0,YES,HIGH,"This budget item directly supports CRIN's mandate to translate research results and improved technologies into practice among farmers to improve production, as providing cocoa seedlings to farmers is a core extension activity for cocoa research dissemination.",0
ERGP30241992,"""PROVISION OF PATROL VEHICLE FOR SECURITY SURVELANCE OF KABBA Ã¢â¬â BUNU/ IJUMU FEDERAL CONSTITUENCY""",215014001,COCOA RESEARCH INSTITUTE- IBADAN,,70000000.0,NO,HIGH,"Providing patrol vehicles for security surveillance of a federal constituency is not within CRIN's mandate, which is specifically focused on agricultural research for cocoa, kola, coffee, cashew, tea, and black plum crops.",100
ERGP30241994,"SUPPLY OF WATER PUMPING MACHINES TO IRRIGATION FARMERS AT TAKIA/SUMAILA FEDERAL CONSTITUENCY, KANO STATE",215014001,COCOA RESEARCH INSTITUTE- IBADAN,,35000000.0,NO,HIGH,"CRIN's mandate is specifically limited to research on six crops (cocoa, kola, coffee, cashew, tea, and black plum) and does not include direct supply of irrigation equipment to farmers outside of its research activities.",100
ERGP30241996,"CONSTRUCTION OF SOLAR STREETLIGHTS WITHIN KABO/GWARZO FEDERAL CONSTITUENCY, KANO STATE",215014001,COCOA RESEARCH INSTITUTE- IBADAN,,70000000.0,NO,HIGH,"Construction of solar streetlights in Kano State falls outside CRIN's mandate of conducting agricultural research on cocoa, kola, coffee, cashew, tea, and black plum crops.",100
ERGP30241998,"SUPPLY OF FERTILIZERS IN ARGUNGU/AUGIE FEDERAL CONSTITUENCY, KEBBI STATE
",215014001,COCOA RESEARCH INSTITUTE- IBADAN,,70000000.0,NO,HIGH,"CRIN's mandate is specifically limited to research on six crops (cocoa, kola, coffee, cashew, tea, and black plum) while this budget item involves general fertilizer supply which falls outside their research-focused agricultural mandate.",100
ERGP30242000,"PROVISION OF SOLAR STREET LIGHTS IN ARGUNGU /AUGIE FEDERAL CONSTITUENTY , KEBBI STATE",215014001,COCOA RESEARCH INSTITUTE- IBADAN,,140000000.0,NO,HIGH,"Installing solar street lights in a specific constituency falls outside CRIN's mandate which is focused exclusively on research and development of six specific crops (cocoa, kola, coffee, cashew, tea, and black plum).",100
ERGP30242002,"SUPPLY OF AGRICULTURAL INPUTS/MATERIALS FOR PEOPLE OF BINJIAND SILAME L.G.A FEDERAL CONSTITUENCY, SOKOTO STATE. STATED BELOW. 1. WATER PUMPING",215014001,COCOA RESEARCH INSTITUTE- IBADAN,,163100000.0,NO,HIGH,"The budget item focuses on water pumping equipment for general agricultural purposes in Sokoto State, which falls outside CRIN's specific mandate to conduct research on cocoa, kola, coffee, cashew, tea, and black plum crops.",100
ERGP30242005,"SUPPLY AND INSTALLATION OF HANDPUMPS AT HADEJIA/KAFIN HAUSA/AUYO FEDERAL CONSTITUENCY, JIGAWA STATE",215014001,COCOA RESEARCH INSTITUTE- IBADAN,,70000000.0,NO,HIGH,"Installing handpumps in a specific federal constituency is general water infrastructure development that falls outside CRIN's specific mandate to conduct research on cocoa, kola, coffee, cashew, tea, and black plum crops.",100
ERGP30242007,"RENOVATION OF CLASS ROOMS BLOCKS IN SELECTED SCHOOLS AT HADEJIA/KAFIN HAUSA/AUYO FEDERAL CONSTITUENCY, JIGAWA STATE",215014001,COCOA RESEARCH INSTITUTE- IBADAN,,140000000.0,NO,HIGH,"Renovating classroom blocks in Jigawa State schools falls outside CRIN's mandate, which is specifically focused on agricultural research for cocoa, kola, coffee, cashew, tea, and black plum crops, not general education infrastructure.",100
ERGP30242010,"CONSTRUCTION OF ONE BLOCK OF 3 CLASSROOM WITH FURNITURE AT HADEJIA/KAFIN HAUSA/AUYO FEDERAL CONSTITUENCY, JIGAWA STATE",215014001,COCOA RESEARCH INSTITUTE- IBADAN,,140000000.0,NO,HIGH,"CRIN's mandate is specifically for agricultural research on cocoa, kola, coffee, cashew, tea, and black plum, not for constructing general classroom facilities unrelated to their research activities.",100
ERGP30242038,"SUPPLY AND INSTALLATION OF SOLAR LIGHT AT HADEJIA/KAFIN HAUSA/AUYO FEDERAL CONSTITUENCY, JIGAWA STATE",215014001,COCOA RESEARCH INSTITUTE- IBADAN,,350000000.0,PARTIAL,MEDIUM,"While CRIN operates substations across Nigeria's six geopolitical zones where mandate crops are cultivated, installing solar lights in a specific constituency appears to be infrastructure development rather than direct research on cocoa, kola, coffee, cashew, tea, or black plum.",50
ERGP30242042,"RECONSTRUCTION AND REHABILITATION OF STATE SCHOOL, LIAMA OGBO IN BRASS/NEMBE FEDERAL CONSTITUENCY, BAYELSA STATE",215014001,COCOA RESEARCH INSTITUTE- IBADAN,,126000000.0,NO,HIGH,"Reconstructing and rehabilitating a state school falls outside CRIN's mandate, which is specifically focused on agricultural research for cocoa, kola, coffee, cashew, tea, and black plum crops, not educational infrastructure development.",100
ERGP30242044,"RECONSTRUCTION AND REHABILITATION OF STATE SCHOOL, BASSAMBIRI IN BRASS/NEMBE FEDERAL CONSTITUENCY, BAYELSA STATE",215014001,COCOA RESEARCH INSTITUTE- IBADAN,,126000000.0,NO,HIGH,"The reconstruction of a state school in Bayelsa State falls outside CRIN's mandate, which is specifically focused on agricultural research for cocoa, kola, coffee, cashew, tea, and black plum crops, not educational infrastructure development.",100
ERGP30242046,"RECONSTRUCTION AND REHABILITATION OF STATE SCHOOL, IBIDI IN BRASS/NEMBE FEDERAL CONSTITUENCY, BAYELSA STATE",215014001,COCOA RESEARCH INSTITUTE- IBADAN,,119000000.0,NO,HIGH,"The reconstruction and rehabilitation of a state school has no connection to CRIN's mandate of conducting research on cocoa, kola, coffee, cashew, tea, and black plum crops.",100
ERGP30242049,"RECONSTRUCTION AND REHABILITATION OF COMMUNITY PRIMARY SCHOOL, KONGO IN BRASS/NEMBE FEDERAL CONSTITUENCY, BAYELSA STATE",215014001,COCOA RESEARCH INSTITUTE- IBADAN,,119000000.0,NO,HIGH,"The reconstruction of a primary school in Bayelsa State falls outside CRIN's mandate, which is specifically focused on agricultural research for cocoa, kola, coffee, cashew, tea, and black plum crops, not educational infrastructure development.",100
ERGP30242054,"PROVISION OF SOLAR STREETLIGHTS FOR SELECTED COMMUNINTIES IN BRASS / NEMBE FEDERAL CONSTITUENCY, BAYELSA STATE",215014001,COCOA RESEARCH INSTITUTE- IBADAN,,140000000.0,NO,HIGH,"Installing solar streetlights in Bayelsa State communities falls outside CRIN's mandate, which is specifically focused on research and development of cocoa, kola, coffee, cashew, tea, and black plum crops rather than infrastructure development.",100
ERGP30242069,"PROVISION OF RICE AND FISHING GEARS IN SELECTED COMMUNITIES IN BRASS / NEMBE FEDERAL CONSTITUENCY, BAYELSA STATE",215014001,COCOA RESEARCH INSTITUTE- IBADAN,,70000000.0,NO,HIGH,"The budget item involves rice and fishing activities which are completely outside CRIN's specific mandate to conduct research on cocoa, kola, coffee, cashew, tea, and black plum crops.",100
ERGP30242072,DEMOLITION AND INSTALLATION OF NEW CULVERTS IN FOLARIN STREET JUNCTION AND AROMIRE STREET AND KABIYESI ONITIRE JUNCTION TO ADENIYI EXTENSION AND,215014001,COCOA RESEARCH INSTITUTE- IBADAN,,140000000.0,NO,HIGH,"The budget item for demolition and installation of culverts on public streets falls outside CRIN's mandate, which is specifically focused on agricultural research of cocoa, kola, coffee, cashew, tea, and black plum crops rather than public infrastructure development.",100
ERGP30242075,"CONSTRUCTION OF SOLAR STREET LIGHTS IN SELECTED LOCATIONS IN MUSHIN 2 FEDERAL CONSTITUENCY, MUSHIN LAGOS.",215014001,COCOA RESEARCH INSTITUTE- IBADAN,,140000000.0,NO,HIGH,"Construction of solar street lights in Mushin Lagos is infrastructure development unrelated to CRIN's specific mandate of conducting research on cocoa, kola, coffee, cashew, tea, and black plum crops.",100
ERGP30242078,"SUPPLY OF GRAINS TO THE GOOD PEOPLE OF MUSHIN 2 FEDERAL CONSTITUENCY, MUSHIN LAGOS.",215014001,COCOA RESEARCH INSTITUTE- IBADAN,,70000000.0,NO,HIGH,"CRIN's mandate is specifically limited to research on six crops (cocoa, kola, coffee, cashew, tea, and black plum) while this budget item involves supplying grains, which are not among their mandate crops and falls outside their research focus.",100
ERGP30242083,"RENOVATION OF SCHOOL CLASSROOMS, OFFICE, FENCE AND TOILETS AT MAINLAND PRIMARY SCHOOL IN CARDOSO AND RECONSTRUCTION OF COLLAPSED FENCE AND",215014001,COCOA RESEARCH INSTITUTE- IBADAN,,70000000.0,NO,HIGH,"The budget item involves renovating primary school infrastructure which falls outside CRIN's mandate to conduct agricultural research on cocoa, kola, coffee, cashew, tea, and black plum crops.",100
ERGP30242084,"COMPLETE RENOVATION OF CLASSROOM OF TWO (2) STOREY BUILDING, OFFICE, AND TOILET IN EXPRESSWAY PRIMARY SCHOOL, ITIRE (WARD H) IN MUSHIN 2 FEDERAL",215014001,COCOA RESEARCH INSTITUTE- IBADAN,,70000000.0,NO,HIGH,"The renovation of a primary school classroom building in Mushin falls outside CRIN's mandate, which is specifically focused on agricultural research for cocoa, kola, coffee, cashew, tea, and black plum crops, not primary education infrastructure.",100
ERGP30242087,"PROVISION OF FOOD ITEMS TO OSHODI/ISOLO 1 FEDERAL CONSTITUENCY, LAGOS STATE.",215014001,COCOA RESEARCH INSTITUTE- IBADAN,,280000000.0,NO,HIGH,"Providing food items to a specific federal constituency is not within CRIN's mandate, which is specifically focused on research and development of cocoa, kola, coffee, cashew, tea, and black plum crops.",100
ERGP30242093,"SIPPLYOF POULTRY STARTER PACKS IN OSHODI/ISOLO 1 FEDERAL CONSTITUENCY, LAGOS STATE.",215014001,COCOA RESEARCH INSTITUTE- IBADAN,,280000000.0,NO,HIGH,"CRIN's mandate is specifically limited to research on six crops (cocoa, kola, coffee, cashew, tea, and black plum) and does not include poultry or livestock activities.",100
ERGP30242096,"SUPPLY AND DISTRIBUTION OF FOOD ITEMS IN ODI-OLOWO/OJUWOYE AREAS OF IN MUSHIN I FEDERAL CONSTITUENCY, LAGOS STATE",215014001,COCOA RESEARCH INSTITUTE- IBADAN,,70000000.0,NO,HIGH,"The budget item involves general food distribution in a specific Lagos constituency, which does not relate to CRIN's mandate of conducting research on cocoa, kola, coffee, cashew, tea, and black plum crops.",100
ERGP30242100,"CONSTRUCTION AND FURNISHING OF PRIMARY SCHOOL BUILDING IN MAIDAN MILE 12 IN KOSOFE FEDERAL CONSTITUENCY, LAGOS STATE",215014001,COCOA RESEARCH INSTITUTE- IBADAN,,280000000.0,NO,HIGH,"Construction of a primary school building falls outside CRIN's mandate, which is specifically focused on research and development of six agricultural crops (cocoa, kola, coffee, cashew, tea, and black plum) rather than educational infrastructure development.",100
ERGP30242105,"CONSTRUCTION OF ROAD OJAOMO ROAD ALAPERE IN KOSOFE FEDERAL CONSTITUENCY, LAGOS STATE",215014001,COCOA RESEARCH INSTITUTE- IBADAN,,105000000.0,NO,HIGH,"Road construction in Lagos State falls outside CRIN's mandate, which is specifically focused on research and development of six agricultural crops (cocoa, kola, coffee, cashew, tea, and black plum) rather than infrastructure development.",100
ERGP30242107,"CONSTRUCTION OF SOLAR POWERED LIGHTS AND BOREHOLES ACROSS STREETS IN KOSOFE FEDERAL CONSTITUENCY, LAGOS STATE",215014001,COCOA RESEARCH INSTITUTE- IBADAN,,140000000.0,NO,HIGH,"Construction of solar powered lights and boreholes across streets in a Lagos constituency is general infrastructure development that falls outside CRIN's specific mandate to conduct research on cocoa, kola, coffee, cashew, tea, and black plum crops.",100
ERGP30242108,"SUPPLY AND DISTRIBUTION OF AGRICULTURAL GRAINS TO WOMEN AND YOUTHS IN KOSOFE FEDERAL CONSTITUENCY, LAGOS STATE",215014001,COCOA RESEARCH INSTITUTE- IBADAN,,70000000.0,NO,HIGH,"CRIN's mandate is specifically limited to research on six crops (cocoa, kola, coffee, cashew, tea, and black plum) and does not include general agricultural grain supply and distribution activities.",100
ERGP30242111,"RENOVATION OF TWO (2) BUNGALOW BUILDING AND A STOREY BUILDING OF CLASSROOM, OFFICE AND TOILETS IN OLISA PRIMARY SCHOOL, PAPA AJAO, MUSHIN 2",215014001,COCOA RESEARCH INSTITUTE- IBADAN,,210000000.0,NO,HIGH,"Renovating primary school buildings in Lagos falls completely outside CRIN's mandate, which is specifically focused on agricultural research for cocoa, kola, coffee, cashew, tea, and black plum crops.",100
ERGP30242112,"PROVISION OF EMPOWERMENT ITEMS AND GRANTS FOR YOUTHS AND WOMEN IN IFO/EWEKORO FEDERAL CONSTITUENCY, OGUN STATE",215014001,COCOA RESEARCH INSTITUTE- IBADAN,,315000000.0,NO,HIGH,"The budget item focuses on general youth and women empowerment in a specific constituency rather than research and development activities related to CRIN's mandate crops (cocoa, kola, coffee, cashew, tea, and black plum).",100
ERGP30242115,"CONSTRUCTION OF 3 BLOCKS OF CLASSROOMS IN SELECTED PRIMARY SCHOOLS IN ILAJE/ESE-ODO FEDERAL CONSTITUENCY, ONDO STATE.",215014001,COCOA RESEARCH INSTITUTE- IBADAN,,175000000.0,NO,HIGH,"The construction of primary school classrooms falls outside CRIN's mandate, which is specifically focused on research and development of cocoa, kola, coffee, cashew, tea, and black plum crops, not general education infrastructure.",100
ERGP30242116,"PROVISION OF DESKS AND CHAIRS IN SELECTED PRIMARY AND SECONDARY SCHOOLS IN ILAJE/ESE-ODO FEDERAL CONSTITUENCY, ONDO STATE.",215014001,COCOA RESEARCH INSTITUTE- IBADAN,,175000000.0,NO,HIGH,"Providing desks and chairs for primary and secondary schools falls outside CRIN's mandate, which is specifically focused on agricultural research for cocoa, kola, coffee, cashew, tea, and black plum crops.",100
ERGP30242117,"PROVISION OF SOLAR STREET LIGHTS IN SELECTED COMMUNITIES IN ILAJE/ESE-ODO FEDERAL CONSTITUENCY, ONDO STATE.",215014001,COCOA RESEARCH INSTITUTE- IBADAN,,140000000.0,NO,HIGH,"Installing solar street lights in communities falls outside CRIN's specific mandate to conduct research on cocoa, kola, coffee, cashew, tea, and black plum crops, as this is infrastructure development rather than agricultural research.",100
ERGP30242118,"DISTRIBUTION OF AGRICULTURAL INPUTS TO FARMERS IN AKOKO SOUTH EAST/SOUTH WEST FEDERAL CONSTITUENCY, ONDO STATE.",215014001,COCOA RESEARCH INSTITUTE- IBADAN,,70000000.0,YES,HIGH,The distribution of agricultural inputs to farmers directly supports CRIN's mandate to translate research results and improved technologies into practice among farmers to improve production and socio-economic life of the people.,0
ERGP30242121,"GRADING OF RURAL COMMUNITIES IN ODIGBO LOCAL GOVERNMENT OF ILEOLUJI/OKEIGBO/ODIGBO FEDERAL CONSTITUENCY, ONDO STATE",215014001,COCOA RESEARCH INSTITUTE- IBADAN,,112000000.0,NO,HIGH,"Grading of rural communities is an infrastructure development activity that falls outside CRIN's research mandate, which is specifically focused on conducting agricultural research on cocoa, kola, coffee, cashew, tea, and black plum crops.",100
ERGP30242122,"PROVISION OF ALL IN ONE SOLAR STREETLIGHTS IN ILEOLUJI/OKEIGBO/ODIGBO FEDERAL CONSTITUENCY, ONDO STATE",215014001,COCOA RESEARCH INSTITUTE- IBADAN,,140000000.0,NO,HIGH,"Providing solar streetlights in a federal constituency is infrastructure development that falls outside CRIN's specific mandate to conduct agricultural research on cocoa, kola, coffee, cashew, tea, and black plum crops.",100
ERGP30242125,"PROVISION OF FERTILIZER AND OTHER FARM TOOLS TO FARMERS ACROSS ILEOLUJI/OKEIGBO/ODIGBO FEDERAL CONSTITUENCY, ONDO STATE",215014001,COCOA RESEARCH INSTITUTE- IBADAN,,70000000.0,YES,HIGH,"Providing fertilizer and farm tools to farmers directly supports CRIN's mandate to translate research results and improved technologies into practice among farmers to improve production and socio-economic life of the people, particularly in Ondo State where cocoa and other mandate crops are cultivated.",0
ERGP30242127,"CONSTRUCTION OF A COMMUNITY CIVIC CENTRE IN ARA, EGBEDORE LGA OF EDE NORTH, EDE SOUTH, EGBEDORE AND EJIGBO FEDERAL CONSTITUENCY OF OSUN STATE",215014001,COCOA RESEARCH INSTITUTE- IBADAN,,45500000.0,NO,HIGH,"Construction of a community civic centre falls outside CRIN's mandate which is specifically focused on agricultural research for cocoa, kola, coffee, cashew, tea, and black plum crops.",100
ERGP30242129,SUPPLY AND INSTALLATION OF SOLAR POWERED STREETLIGHTS IN ODO- OTIN/IFELODUN/BORIPE FED. CONST. OSUN STATE,215014001,COCOA RESEARCH INSTITUTE- IBADAN,,140000000.0,NO,HIGH,"Installing solar streetlights in federal constituencies falls outside CRIN's research mandate focused on cocoa, kola, coffee, cashew, tea, and black plum crops.",100
ERGP30242131,"SUPPLY OF AGRICULTURAL IMPLEMENTS ACROSS AYEDIRE/IWO/OLAOLUWA FEDERAL CONSTITUENCY, OSUN STATE",215014001,COCOA RESEARCH INSTITUTE- IBADAN,,35000000.0,PARTIAL,MEDIUM,"While CRIN's mandate includes translating research results into practice among farmers and conducting extension activities, the direct supply of agricultural implements to a specific constituency appears more aligned with general agricultural development rather than research on CRIN's six mandate crops (cocoa, kola, coffee, cashew, tea, and black plum).",50
ERGP30242133,"CONSTRUCTION AND COMPLETION OF COMMUNITY TOWN HALLS AND PALACES WITHIN OBOKUN/ ORIADE FEDERAL CONSTITUENCY, OSUN STATE",215014001,COCOA RESEARCH INSTITUTE- IBADAN,,210000000.0,NO,HIGH,"Construction of community town halls and palaces is completely outside CRIN's mandate, which is specifically focused on agricultural research for cocoa, kola, coffee, cashew, tea, and black plum crops.",100
ERGP30242136,"REHABILITATION OF 2 BLOCKS OF 6 CLASSROOMS AT ISLAMIC PRIMARY MISSION SCHOOL, LAGUN LAGELU, IN AKINYELE/LAGELU FEDERAL CONSTITUENCY, OYO STATE.",215014001,COCOA RESEARCH INSTITUTE- IBADAN,,70000000.0,NO,HIGH,"The rehabilitation of classrooms at an Islamic primary school falls outside CRIN's mandate, which is specifically focused on agricultural research and development of cocoa, kola, coffee, cashew, tea, and black plum crops, not general education infrastructure.",100
ERGP30242137,TRAINING ON FISH FARMING FOR YOUTHS IN AKINYELE\LAGELU FEDERAL CONSTITUENCY OYO STATE,215014001,COCOA RESEARCH INSTITUTE- IBADAN,,70000000.0,NO,HIGH,"Fish farming training falls completely outside CRIN's mandate which is specifically limited to research on six crops (cocoa, kola, coffee, cashew, tea, and black plum) and does not include aquaculture or fish farming activities.",100
ERGP30242139,"SUPPLY AND INSTALLATION OF SOLAR STREET LIGHTS IN SOME SELECTED CITIES IN AKINYELE/LAGELU FEDERAL CONSTITUENCY, OYO STATE.",215014001,COCOA RESEARCH INSTITUTE- IBADAN,,210000000.0,NO,HIGH,"Installing solar street lights in cities falls outside CRIN's research mandate which is specifically focused on conducting agricultural research on cocoa, kola, coffee, cashew, tea, and black plum crops.",100
ERGP30242140,"CONSTRUCTION OF AL-QUAREEB COMMUNITY MOSQUE AND PALACE, PROVISION OF VEHICLES AND PROVISION OF BOREHOLES IN OYO FEDERAL CONSTITUENCY, OYO",215014001,COCOA RESEARCH INSTITUTE- IBADAN,,280000000.0,NO,HIGH,"Construction of a mosque, palace, vehicles, and boreholes for a specific constituency falls completely outside CRIN's mandate to conduct agricultural research on cocoa, kola, coffee, cashew, tea, and black plum.",100
ERGP30242141,"RENOVATION OF SCHOOLS IN IBARAPA EAST/IDO FEDERAL CONSTITUENCY, OYO STATE",215014001,COCOA RESEARCH INSTITUTE- IBADAN,,140000000.0,NO,HIGH,"The renovation of schools falls outside CRIN's mandate, which is specifically focused on agricultural research for cocoa, kola, coffee, cashew, tea, and black plum crops, not educational infrastructure development.",100
ERGP30242143,"CONSTRUCTION OF WELL EQUIPPED I.C.T CENTER IN IRESAAPA TOWN WARD 3, SURULERE LGA, OGO-OLUWA/SURULERE FEDERAL CONSTITUENCY OYO STATE",215014001,COCOA RESEARCH INSTITUTE- IBADAN,,175000000.0,NO,HIGH,"The construction of an ICT center in a specific town ward is not related to CRIN's mandate of conducting research on cocoa, kola, coffee, cashew, tea, and black plum crops.",100
ERGP30242145,PROVISION OF MOTORISED BOREHOLE ACROSS OGO-OLUWA/SURULERE FEDERAL CONSTITUENCY OYO STATE,215014001,COCOA RESEARCH INSTITUTE- IBADAN,,140000000.0,NO,HIGH,"Providing motorised boreholes across a specific federal constituency is a general water infrastructure project that falls outside CRIN's specialized mandate to conduct research on cocoa, kola, coffee, cashew, tea, and black plum crops.",100
ERGP30242146,"PROVISION OF ALL IN ONE SOLAR POWERED STREETLIGHTS IN OGBOMOSO NORTH, OGBOMOSO SOUTH AND ORIRE FEDERAL CONSTITUENCY",215014001,COCOA RESEARCH INSTITUTE- IBADAN,,140000000.0,NO,HIGH,"Installing solar streetlights in federal constituencies is infrastructure development unrelated to CRIN's specific mandate of conducting research on cocoa, kola, coffee, cashew, tea, and black plum crops.",100
ERGP30242149,"PROVISION OF GRAINS FOR FARMERS IN OGBOMOSO NORTH, OGBOMOSO SOUTH AND ORIRE FEDERAL CONSTITUENCY",215014001,COCOA RESEARCH INSTITUTE- IBADAN,,70000000.0,NO,HIGH,"CRIN's mandate is specifically limited to research on six crops (cocoa, kola, coffee, cashew, tea, and black plum), while this budget item involves providing grains which are not within their designated research scope.",100
ERGP30242150,"3 IN 1 SOLAR LIGHT ACROSS OGBOMOSO NORTH, OGBOMOSO SOUTH AND ORIRE FEDERAL CONSTITUENCY",215014001,COCOA RESEARCH INSTITUTE- IBADAN,,70000000.0,NO,HIGH,"Installing solar lights across federal constituencies is not related to CRIN's mandate of conducting research on cocoa, kola, coffee, cashew, tea, and black plum crops.",100
ERGP30242151,"EMPOWERMENT FOR WOMEN, YOUTH AND ELDERLY IN OGBOMOSO NORTH, OGBOMOSO SOUTH AND ORIRE FEDERAL CONSTITUENCY",215014001,COCOA RESEARCH INSTITUTE- IBADAN,,35000000.0,PARTIAL,MEDIUM,"While empowerment activities are not explicitly within CRIN's research mandate, the Institute does conduct training and extension workshops for stakeholders including farmers, which could encompass empowerment activities for women, youth and elderly in agricultural communities within their operational scope.",50
ERGP30242153,"PROVISION OF BOREHOLES IN SELECTED LOCATIONS IN EGBEDA/ONA ARA FEDERAL CONSTITUENCY, OYO STATE.",215014001,COCOA RESEARCH INSTITUTE- IBADAN,,420000000.0,NO,HIGH,"Providing boreholes in specific federal constituencies is a general infrastructure development activity that falls outside CRIN's specific mandate to conduct research on cocoa, kola, coffee, cashew, tea, and black plum crops.",100
ERGP30242154,"PROVISION OF AGRICULTURAL PRODUCE/GRAINS TO FARMERS IN EGBEDA/ONA ARA FEDERAL CONSTITUENCY, OYO STATE.",215014001,COCOA RESEARCH INSTITUTE- IBADAN,,140000000.0,NO,HIGH,"CRIN's mandate is to conduct research on six specific crops (cocoa, kola, coffee, cashew, tea, and black plum) and translate research results into practice, not to directly provide agricultural produce or grains to farmers.",100
ERGP30242156,"PROCUREMENT AND SUPPLY OF HAIR DRYERS FOR EMPOWERMENT IN IFAKO IJAIYE FEDERAL CONSTITUENCY, LAGOS STATE.",215014001,COCOA RESEARCH INSTITUTE- IBADAN,,70000000.0,NO,HIGH,"Procuring hair dryers for empowerment in a Lagos constituency is unrelated to CRIN's mandate of conducting research on cocoa, kola, coffee, cashew, tea, and black plum crops.",100
ERGP30242157,EMPOWERMENT TOOLS FOR ARTISANS AND THE VULNERABLE IN ILAJE/ESE ODO FEDERAL CONSTITUENCY,215014001,COCOA RESEARCH INSTITUTE- IBADAN,,175000000.0,NO,HIGH,"The budget item for general artisan and vulnerable population empowerment tools in a specific federal constituency does not align with CRIN's specific mandate to conduct research on cocoa, kola, coffee, cashew, tea, and black plum crops.",100
ERGP30242159,PROVISION OF BUSINESS SUPPORT GRANTS TO MARKET WOMEN IN ILAJE/ESE ODO FEDERAL CONSTITUENCY,215014001,COCOA RESEARCH INSTITUTE- IBADAN,,105000000.0,NO,HIGH,"CRIN's mandate is specifically focused on research and development of six agricultural crops (cocoa, kola, coffee, cashew, tea, and black plum), not providing general business support grants to market women in specific constituencies.",100
ERGP30242161,"SUPPLY AND INSTALLATION OF TRANSFORMERS IN URBAN AREAS ACROSS AKINYELE/LAGELU FEDERAL CONSTITUENCY, OYO STATE.",215014001,COCOA RESEARCH INSTITUTE- IBADAN,,70000000.0,NO,HIGH,"Installing transformers in urban areas is an electrical infrastructure project that falls outside CRIN's mandate to conduct research on cocoa, kola, coffee, cashew, tea, and black plum crops.",100
ERGP30242164,SUPPLY OF RICE TO MEMBERS OF ANKA/TALATA MARAFA FEDERAL CONSTITUENCY OF ZAMFARA STATE,215014001,COCOA RESEARCH INSTITUTE- IBADAN,,105000000.0,NO,HIGH,"The budget item involves supplying rice to a specific constituency, which falls outside CRIN's research mandate that is limited to six specific crops (cocoa, kola, coffee, cashew, tea, and black plum) and does not include rice supply or distribution activities.",100
ERGP30242165,SUPPLY OF FOODSTUFFS (PERBILED RICE) TO MEMBERS OF ANKA/TALATA MARAFA FEDERAL CONSTITUENCY OF ZAMFARA STATE,215014001,COCOA RESEARCH INSTITUTE- IBADAN,,70000000.0,NO,HIGH,"Supplying foodstuffs to a specific federal constituency is not within CRIN's research mandate, which focuses on conducting agricultural research on six specific crops (cocoa, kola, coffee, cashew, tea, and black plum) rather than food distribution activities.",100
ERGP30242168,"PURCHASE OF VEHICLES TO GWARZO/KABO FEDERAL CONSTITUENCY KANO STATE
",215014001,COCOA RESEARCH INSTITUTE- IBADAN,,35000000.0,NO,HIGH,"The budget item specifies purchase of vehicles for a specific federal constituency in Kano State, which appears to be a political allocation rather than supporting CRIN's research mandate on cocoa, kola, coffee, cashew, tea, and black plum crops.",100
ERGP30242170,"INSTALLATION OF SOLAR POWERED BOREHOLES IN SOME SELECTED COMMUNITIES IN KATSINA-ALA/UKUM /LOGO FEDERAL CONSTITUENCY, BENUE STATE.",215014001,COCOA RESEARCH INSTITUTE- IBADAN,,140000000.0,NO,HIGH,"Installing solar-powered boreholes for water access in communities falls outside CRIN's specific mandate to conduct research on cocoa, kola, coffee, cashew, tea, and black plum crops.",100
ERGP30242171,"SUPPLY OF AGRICULTURAL EQUIPMENT TO FARMERS IN ABAK/ETIM EKPO/IKA FEDERAL CONSTITUENCY, AKWA IBOM STATE",215014001,COCOA RESEARCH INSTITUTE- IBADAN,,175000000.0,PARTIAL,MEDIUM,"While supplying agricultural equipment to farmers aligns with CRIN's objective to translate research results into practice among farmers, the budget item lacks specificity about whether it relates to CRIN's mandate crops (cocoa, kola, coffee, cashew, tea, and black plum) in that constituency.",50
ERGP30242172,"SUPPLY OF IMPROVED PALM SEEDING IN IFON ,GBOLUGA ONDO STATE
",215014001,COCOA RESEARCH INSTITUTE- IBADAN,,21000000.0,NO,HIGH,"The budget item involves palm seedlings, but CRIN's mandate specifically covers only six crops (cocoa, kola, coffee, cashew, tea, and black plum) and does not include oil palm research or seedling supply.",100
ERGP30242173,CONSTRUCTION OF SOLAR STREET LIGHTS IN SHANONO/BAGWAL FEDERAL CONSTITUENCY KANO STATE,215014001,COCOA RESEARCH INSTITUTE- IBADAN,,280000000.0,NO,HIGH,"Construction of solar street lights in Kano State falls outside CRIN's mandate, which is specifically focused on research and development of cocoa, kola, coffee, cashew, tea, and black plum crops.",100
ERGP30242176,PROVISION OF EMPOWERMENT FOR FARMERS AND ARTISAN IN AFIJIO/ATIBA/OYO EAST AND OYO WEST FEDERAL CONSTITUENCY (MULTIPLE LOTS),215014001,COCOA RESEARCH INSTITUTE- IBADAN,,195300000.0,YES,HIGH,"This budget item directly aligns with CRIN's mandate to translate research results into practice among farmers and conduct extension workshops for stakeholders, particularly since the targeted federal constituency is in Oyo State where CRIN is headquartered.",0
ERGP30242179,"PROVISION OF GRANT AND EMPOWERMENT FOR YOUTH AND WOMEN IN OYO FEDERAL, OYO STATE.",215014001,COCOA RESEARCH INSTITUTE- IBADAN,,125300000.0,PARTIAL,MEDIUM,"While the budget item focuses on youth and women empowerment which could relate to CRIN's mandate to train farmers and translate research into practice, it lacks specificity to CRIN's core research areas of cocoa, kola, coffee, cashew, tea, and black plum cultivation.",50
ERGP30242181,PROVISION OF GRANT FOR FARMERS IN ATIBA AND OYO WEST IN OYO FEDERAL CONSTITUENCY,215014001,COCOA RESEARCH INSTITUTE- IBADAN,,125300000.0,YES,HIGH,Providing grants to farmers directly supports CRIN's mandate to translate research results and improved technologies into practice among farmers to improve production and socio-economic life of the people.,0
ERGP30242183,"PROVISION OF START-UP CASH GRANT FOR YOUTH AND WOMEN IN AGRICULTURE IN KABBA Ã¢â¬âBUNU/IJUMU FEDERAL CONSTITUENCY, KOGI STATE",215014001,COCOA RESEARCH INSTITUTE- IBADAN,,70000000.0,PARTIAL,MEDIUM,"While providing cash grants for youth and women in agriculture aligns with CRIN's objective to improve the socio-economic life of people through agricultural development, the item lacks specific focus on CRIN's six mandate crops (cocoa, kola, coffee, cashew, tea, and black plum) and appears more like a general agricultural development program rather than research-based activity.",50
ERGP30242186,PROVISION OF GRANTS AND EMPOWERMENT FOR YOUTH IN LAGOS INLAND 2 AND OTHER SELECTED LOCATIONS,215014001,COCOA RESEARCH INSTITUTE- IBADAN,,267564975.0,PARTIAL,MEDIUM,"While youth empowerment could relate to CRIN's mandate to train farmers and extension workers in agricultural techniques for their mandate crops, the budget item lacks specificity about whether it involves cocoa, kola, coffee, cashew, tea, or black plum research and development activities.",50
ERGP30242188,"SUPPLY OF AGRICULTURAL PRODUCTS, FERTILIZERS IN SOBA FEDERAL CONSTITUENCY, KADUNA STATE",215014001,COCOA RESEARCH INSTITUTE- IBADAN,,70000000.0,NO,HIGH,"CRIN's mandate is specifically for research on six crops (cocoa, kola, coffee, cashew, tea, and black plum) rather than general supply of agricultural products and fertilizers to constituencies.",100
ERGP30242193,"CONSTRUCTION, RENOVATION AND FURNISHING OF EDUCATIONAL/ WORKSHOP RESOURCE CENTRE IN SOBA LGA, KADUNA STATE",215014001,COCOA RESEARCH INSTITUTE- IBADAN,,70000000.0,YES,HIGH,"The construction of an educational/workshop resource centre aligns with CRIN's mandate to provide facilities for teaching and research, conduct training workshops for farmers and extension workers, and translate research results into practice among stakeholders.",0
ERGP30242226,"PROVISION OF SOLAR LIGHTS IN ILE-OLUJI/OKEIGBO AND ODIGBO FEDERAL CONSTITUENCY, ONDO STATE.",215014001,COCOA RESEARCH INSTITUTE- IBADAN,,7434102.0,NO,HIGH,"Providing solar lights in specific federal constituencies is not related to CRIN's mandate of conducting research on cocoa, kola, coffee, cashew, tea, and black plum crops.",100
ERGP30242229,"PROVISION OF FERTILLIZERS TO FARMERS IN NASSARAWA/TOTO FEDERAL CONST, NASSARAWA STATE.",215014001,COCOA RESEARCH INSTITUTE- IBADAN,,70000000.0,PARTIAL,MEDIUM,"While CRIN's mandate includes improving agronomic practices and translating research results to farmers, providing fertilizers appears to be an input distribution activity rather than research-focused work, and fertilizer provision is not specifically mentioned in their research objectives.",50
ERGP30242230,"SUPPLY OF COCOA SEEDLINGS TO FARMERS IN ATAKUMOTA EAST/WEST/ILESHA EAST/WEST/ OEO FED CONST, OSUN STATE",215014001,COCOA RESEARCH INSTITUTE- IBADAN,,56000000.0,YES,HIGH,Supplying cocoa seedlings to farmers directly aligns with CRIN's mandate to conduct research on cocoa and translate research results into practice among farmers to improve production.,0
ERGP30242233,"INSTALLATION OF SOLAR POWERED STREET LIGHTS AT IJEGUN AREA, SATELLITE TOWN, AWUWO ODFIN, FED CONST",215014001,COCOA RESEARCH INSTITUTE- IBADAN,,35000000.0,NO,HIGH,"Installing solar powered street lights in a residential area falls completely outside CRIN's mandate, which is specifically focused on agricultural research for cocoa, kola, coffee, cashew, tea, and black plum crops.",100
ERGP30242237,"SUPPLY OF FERTILIZERS TO FARMERS IN ONDO STATE
",215014001,COCOA RESEARCH INSTITUTE- IBADAN,,70000000.0,PARTIAL,MEDIUM,"While CRIN's mandate includes translating research results into practice among farmers and improving production of mandate crops like cocoa (which is grown in Ondo State), directly supplying fertilizers appears to be more of an operational farming support activity rather than a core research function, though it could be justified as part of technology transfer and farmer training programs.",50
ERGP30242240,"PROVISION OF SOLAR BOREHOLES ACROSS ILEOLUJI/OKEIGBO AND ODIGBO FEDERAL CONSTITUENCY, ONDO STATE",215014001,COCOA RESEARCH INSTITUTE- IBADAN,,14000000.0,NO,HIGH,"Providing solar boreholes for general water access in federal constituencies is not within CRIN's research mandate, which is specifically focused on conducting research on cocoa, kola, coffee, cashew, tea, and black plum crops.",100
ERGP30242243,INSTALLATION OF SOLAR POWERED BOREHOLE IN SELECTED LOCATIONS IN ONDO NORTH SENATORIAL DISTRICT,215014001,COCOA RESEARCH INSTITUTE- IBADAN,,35000000.0,NO,HIGH,"Installing solar-powered boreholes in a specific senatorial district is a general infrastructure project that does not relate to CRIN's specific mandate of conducting research on cocoa, kola, coffee, cashew, tea, and black plum crops.",100
ERGP30242247,SUPPLY OF TRANSFORMERS WITHIN SOME COMMUNITIES IN TAKAI/SUMAILA FEDERAL CONSTUENCY KANO STATE,215014001,COCOA RESEARCH INSTITUTE- IBADAN,,21388500.0,NO,HIGH,"Supplying transformers to communities in Kano State falls outside CRIN's mandate, which is specifically focused on agricultural research for cocoa, kola, coffee, cashew, tea, and black plum crops, not electrical infrastructure provision.",100
ERGP30242251,"GRANT FOR TERTIARY NSTITUTION STUDENTS ACROSS ILEOLUJI/OKEIGBO AND ODIGBO FEDERAL CONSTUENCY, ONDO STATE",215014001,COCOA RESEARCH INSTITUTE- IBADAN,,24444000.0,NO,HIGH,"The budget item for student grants across specific federal constituencies is not within CRIN's mandate, which focuses specifically on research and development of cocoa, kola, coffee, cashew, tea, and black plum crops rather than general educational funding.",100
ERGP30242253,"CUSTOMIZED EXERCISE BOOKS, ILAJE/ESE-ODO FEDERAL CONSTITUENCY, ONDO STATE.",215014001,COCOA RESEARCH INSTITUTE- IBADAN,,6111000.0,NO,HIGH,"Providing customized exercise books to a federal constituency is not within CRIN's mandate, which is specifically focused on agricultural research and development of six mandate crops (cocoa, kola, coffee, cashew, tea, and black plum).",100
ERGP30242257,PURCHASE AND INSTALLATION OF SOLAR LIGHTS IN MUSHIN2 FEDERAL CONSTITUENCY,215014001,COCOA RESEARCH INSTITUTE- IBADAN,,140000000.0,NO,HIGH,"Installing solar lights in a specific federal constituency is infrastructure development unrelated to CRIN's mandate of conducting research on cocoa, kola, coffee, cashew, tea, and black plum crops.",100
ERGP30242259,REPAIRS OF SOME BOREHOLES AND REPAIRS OF SOME PUBLIC SCHOOLS IN MUSHIN2 FEDERAL CONSTITUENCY,215014001,COCOA RESEARCH INSTITUTE- IBADAN,,140000000.0,NO,HIGH,"Repairing boreholes and public schools in a federal constituency is not related to CRIN's mandate of conducting research on cocoa, kola, coffee, cashew, tea, and black plum crops.",100
ERGP30242140,"CONSTRUCTION OF AL-QUAREEB COMMUNITY MOSQUE AND PALACE, PROVISION OF VEHICLES AND PROVISION OF BOREHOLES IN OYO FEDERAL CONSTITUENCY, OYO",215014001,COCOA RESEARCH INSTITUTE- IBADAN,,280000000.0,NO,HIGH,"Construction of a mosque, palace, and provision of vehicles and boreholes are infrastructure and religious projects that fall completely outside CRIN's mandate to conduct agricultural research on cocoa, kola, coffee, cashew, tea, and black plum.",100
ERGP30242141,"RENOVATION OF SCHOOLS IN IBARAPA EAST/IDO FEDERAL CONSTITUENCY, OYO STATE",215014001,COCOA RESEARCH INSTITUTE- IBADAN,,140000000.0,NO,HIGH,"The renovation of schools falls under education infrastructure which is outside CRIN's mandate of conducting agricultural research on cocoa, kola, coffee, cashew, tea, and black plum crops.",100
ERGP30242143,"CONSTRUCTION OF WELL EQUIPPED I.C.T CENTER IN IRESAAPA TOWN WARD 3, SURULERE LGA, OGO-OLUWA/SURULERE FEDERAL CONSTITUENCY OYO STATE",215014001,COCOA RESEARCH INSTITUTE- IBADAN,,175000000.0,NO,HIGH,"The construction of an ICT center in a specific town ward falls outside CRIN's mandate, which is focused on agricultural research for cocoa, kola, coffee, cashew, tea, and black plum crops rather than general ICT infrastructure development.",100
ERGP30242145,PROVISION OF MOTORISED BOREHOLE ACROSS OGO-OLUWA/SURULERE FEDERAL CONSTITUENCY OYO STATE,215014001,COCOA RESEARCH INSTITUTE- IBADAN,,140000000.0,NO,HIGH,"Providing motorized boreholes across a specific federal constituency is infrastructure development work that falls outside CRIN's research mandate focused on cocoa, kola, coffee, cashew, tea, and black plum crops.",100
ERGP30242146,"PROVISION OF ALL IN ONE SOLAR POWERED STREETLIGHTS IN OGBOMOSO NORTH, OGBOMOSO SOUTH AND ORIRE FEDERAL CONSTITUENCY",215014001,COCOA RESEARCH INSTITUTE- IBADAN,,140000000.0,NO,HIGH,"Installing solar streetlights in federal constituencies is infrastructure development work that falls outside CRIN's mandate of conducting agricultural research on cocoa, kola, coffee, cashew, tea, and black plum crops.",100
ERGP30242149,"PROVISION OF GRAINS FOR FARMERS IN OGBOMOSO NORTH, OGBOMOSO SOUTH AND ORIRE FEDERAL CONSTITUENCY",215014001,COCOA RESEARCH INSTITUTE- IBADAN,,70000000.0,NO,HIGH,"CRIN's mandate is specifically limited to research on six crops (cocoa, kola, coffee, cashew, tea, and black plum), while this budget item involves providing grains which are not among the Institute's designated mandate crops.",100
ERGP30242150,"3 IN 1 SOLAR LIGHT ACROSS OGBOMOSO NORTH, OGBOMOSO SOUTH AND ORIRE FEDERAL CONSTITUENCY",215014001,COCOA RESEARCH INSTITUTE- IBADAN,,70000000.0,NO,HIGH,"Installing solar lights across federal constituencies is not related to CRIN's specific mandate of conducting research on cocoa, kola, coffee, cashew, tea, and black plum crops.",100
ERGP30242151,"EMPOWERMENT FOR WOMEN, YOUTH AND ELDERLY IN OGBOMOSO NORTH, OGBOMOSO SOUTH AND ORIRE FEDERAL CONSTITUENCY",215014001,COCOA RESEARCH INSTITUTE- IBADAN,,35000000.0,PARTIAL,MEDIUM,"While general empowerment activities fall outside CRIN's core research mandate, this could align if the empowerment involves training farmers and stakeholders in cocoa, kola, coffee, cashew, tea, or black plum cultivation and processing within these constituencies.",50
ERGP30242153,"PROVISION OF BOREHOLES IN SELECTED LOCATIONS IN EGBEDA/ONA ARA FEDERAL CONSTITUENCY, OYO STATE.",215014001,COCOA RESEARCH INSTITUTE- IBADAN,,420000000.0,NO,HIGH,"Providing boreholes in a specific federal constituency is a general infrastructure project that falls outside CRIN's research mandate focused on cocoa, kola, coffee, cashew, tea, and black plum crops.",100
ERGP30242154,"PROVISION OF AGRICULTURAL PRODUCE/GRAINS TO FARMERS IN EGBEDA/ONA ARA FEDERAL CONSTITUENCY, OYO STATE.",215014001,COCOA RESEARCH INSTITUTE- IBADAN,,140000000.0,NO,HIGH,"CRIN's mandate is to conduct research on six specific crops (cocoa, kola, coffee, cashew, tea, and black plum) and translate research results into practice, not to directly provide agricultural produce or grains to farmers.",100
ERGP30242156,"PROCUREMENT AND SUPPLY OF HAIR DRYERS FOR EMPOWERMENT IN IFAKO IJAIYE FEDERAL CONSTITUENCY, LAGOS STATE.",215014001,COCOA RESEARCH INSTITUTE- IBADAN,,70000000.0,NO,HIGH,"The procurement of hair dryers for empowerment in a specific federal constituency is completely unrelated to CRIN's mandate of conducting research on cocoa, kola, coffee, cashew, tea, and black plum crops.",100
ERGP30242157,EMPOWERMENT TOOLS FOR ARTISANS AND THE VULNERABLE IN ILAJE/ESE ODO FEDERAL CONSTITUENCY,215014001,COCOA RESEARCH INSTITUTE- IBADAN,,175000000.0,NO,HIGH,"The budget item for general artisan and vulnerable population empowerment tools in a federal constituency does not align with CRIN's specific mandate to conduct research on cocoa, kola, coffee, cashew, tea, and black plum crops.",100
ERGP30242159,PROVISION OF BUSINESS SUPPORT GRANTS TO MARKET WOMEN IN ILAJE/ESE ODO FEDERAL CONSTITUENCY,215014001,COCOA RESEARCH INSTITUTE- IBADAN,,105000000.0,NO,HIGH,"The budget item provides general business support grants to market women in a specific constituency, which does not align with CRIN's specific mandate to conduct research on cocoa, kola, coffee, cashew, tea, and black plum crops.",100
ERGP30242161,"SUPPLY AND INSTALLATION OF TRANSFORMERS IN URBAN AREAS ACROSS AKINYELE/LAGELU FEDERAL CONSTITUENCY, OYO STATE.",215014001,COCOA RESEARCH INSTITUTE- IBADAN,,70000000.0,NO,HIGH,"The budget item for supplying and installing transformers in urban areas is an electrical infrastructure project that falls outside CRIN's mandate of conducting agricultural research on cocoa, kola, coffee, cashew, tea, and black plum.",100
ERGP30242164,SUPPLY OF RICE TO MEMBERS OF ANKA/TALATA MARAFA FEDERAL CONSTITUENCY OF ZAMFARA STATE,215014001,COCOA RESEARCH INSTITUTE- IBADAN,,105000000.0,NO,HIGH,"CRIN's mandate is specifically limited to research on six crops (cocoa, kola, coffee, cashew, tea, and black plum) and does not include rice supply or distribution activities to any constituency.",100
ERGP30242165,SUPPLY OF FOODSTUFFS (PERBILED RICE) TO MEMBERS OF ANKA/TALATA MARAFA FEDERAL CONSTITUENCY OF ZAMFARA STATE,215014001,COCOA RESEARCH INSTITUTE- IBADAN,,70000000.0,NO,HIGH,"Supplying rice to a specific federal constituency in Zamfara State does not align with CRIN's mandate to conduct research on cocoa, kola, coffee, cashew, tea, and black plum crops.",100
ERGP30242168,"PURCHASE OF VEHICLES TO GWARZO/KABO FEDERAL CONSTITUENCY KANO STATE
",215014001,COCOA RESEARCH INSTITUTE- IBADAN,,35000000.0,NO,HIGH,"The budget item specifies purchasing vehicles for a specific federal constituency in Kano State, which appears to be constituency project allocation rather than supporting CRIN's research mandate on cocoa, kola, coffee, cashew, tea, and black plum crops.",100
ERGP30242170,"INSTALLATION OF SOLAR POWERED BOREHOLES IN SOME SELECTED COMMUNITIES IN KATSINA-ALA/UKUM /LOGO FEDERAL CONSTITUENCY, BENUE STATE.",215014001,COCOA RESEARCH INSTITUTE- IBADAN,,140000000.0,NO,HIGH,"Installing solar powered boreholes for water access in communities falls outside CRIN's specific mandate to conduct research on cocoa, kola, coffee, cashew, tea, and black plum crops.",100
ERGP30242171,"SUPPLY OF AGRICULTURAL EQUIPMENT TO FARMERS IN ABAK/ETIM EKPO/IKA FEDERAL CONSTITUENCY, AKWA IBOM STATE",215014001,COCOA RESEARCH INSTITUTE- IBADAN,,175000000.0,PARTIAL,MEDIUM,"While CRIN's mandate includes translating research results into practice among farmers, supplying agricultural equipment to a specific federal constituency falls outside their core research focus and geographic scope, unless the equipment specifically supports cultivation of their six mandate crops (cocoa, kola, coffee, cashew, tea, black plum).",50
ERGP30242172,"SUPPLY OF IMPROVED PALM SEEDING IN IFON ,GBOLUGA ONDO STATE
",215014001,COCOA RESEARCH INSTITUTE- IBADAN,,21000000.0,NO,HIGH,"The budget item involves palm seedlings, but CRIN's mandate is specifically limited to research on six crops (cocoa, kola, coffee, cashew, tea, and black plum) and does not include palm oil or palm trees.",100
ERGP30242173,CONSTRUCTION OF SOLAR STREET LIGHTS IN SHANONO/BAGWAL FEDERAL CONSTITUENCY KANO STATE,215014001,COCOA RESEARCH INSTITUTE- IBADAN,,280000000.0,NO,HIGH,"Construction of solar street lights in Kano State falls outside CRIN's mandate, which is specifically focused on research and development of six agricultural crops (cocoa, kola, coffee, cashew, tea, and black plum) rather than infrastructure development.",100
ERGP30242176,PROVISION OF EMPOWERMENT FOR FARMERS AND ARTISAN IN AFIJIO/ATIBA/OYO EAST AND OYO WEST FEDERAL CONSTITUENCY (MULTIPLE LOTS),215014001,COCOA RESEARCH INSTITUTE- IBADAN,,195300000.0,YES,HIGH,"The budget item directly aligns with CRIN's mandate to translate research results and improved technologies into practice among farmers to improve production and socio-economic life, particularly through empowerment programs in constituencies where their mandate crops are cultivated.",0
ERGP30242179,"PROVISION OF GRANT AND EMPOWERMENT FOR YOUTH AND WOMEN IN OYO FEDERAL, OYO STATE.",215014001,COCOA RESEARCH INSTITUTE- IBADAN,,125300000.0,PARTIAL,MEDIUM,"While the budget item doesn't explicitly mention CRIN's mandate crops (cocoa, kola, coffee, cashew, tea, black plum), it could align with the institute's objective to translate research results into practice and improve the socio-economic life of people through agricultural empowerment, though the connection is not clearly specified.",50
ERGP30242181,PROVISION OF GRANT FOR FARMERS IN ATIBA AND OYO WEST IN OYO FEDERAL CONSTITUENCY,215014001,COCOA RESEARCH INSTITUTE- IBADAN,,125300000.0,YES,HIGH,Providing grants to farmers directly supports CRIN's mandate to translate research results and improved technologies into practice among farmers to improve production and socio-economic life of the people.,0
ERGP30242183,"PROVISION OF START-UP CASH GRANT FOR YOUTH AND WOMEN IN AGRICULTURE IN KABBA Ã¢â¬âBUNU/IJUMU FEDERAL CONSTITUENCY, KOGI STATE",215014001,COCOA RESEARCH INSTITUTE- IBADAN,,70000000.0,PARTIAL,MEDIUM,"While the budget item supports agricultural development which aligns with CRIN's broader mission, it appears to be a general agricultural grant program rather than research activities specifically focused on CRIN's six mandate crops (cocoa, kola, coffee, cashew, tea, and black plum).",50
ERGP30242186,PROVISION OF GRANTS AND EMPOWERMENT FOR YOUTH IN LAGOS INLAND 2 AND OTHER SELECTED LOCATIONS,215014001,COCOA RESEARCH INSTITUTE- IBADAN,,267564975.0,PARTIAL,MEDIUM,"While youth empowerment could potentially relate to CRIN's mandate to train farmers and extension workers in agricultural techniques for their mandate crops, the budget item lacks specificity about whether it involves research, training, or development activities related to cocoa, kola, coffee, cashew, tea, or black plum.",50
ERGP30242188,"SUPPLY OF AGRICULTURAL PRODUCTS, FERTILIZERS IN SOBA FEDERAL CONSTITUENCY, KADUNA STATE",215014001,COCOA RESEARCH INSTITUTE- IBADAN,,70000000.0,NO,HIGH,"CRIN's mandate is specifically limited to research on six crops (cocoa, kola, coffee, cashew, tea, and black plum) rather than supplying general agricultural products and fertilizers to constituencies.",100
ERGP30242193,"CONSTRUCTION, RENOVATION AND FURNISHING OF EDUCATIONAL/ WORKSHOP RESOURCE CENTRE IN SOBA LGA, KADUNA STATE",215014001,COCOA RESEARCH INSTITUTE- IBADAN,,70000000.0,YES,HIGH,"The construction of an educational/workshop resource centre aligns with CRIN's mandate to provide facilities for teaching and research, conduct training workshops for farmers and extension workers, and translate research results into practice among stakeholders.",0
ERGP30242226,"PROVISION OF SOLAR LIGHTS IN ILE-OLUJI/OKEIGBO AND ODIGBO FEDERAL CONSTITUENCY, ONDO STATE.",215014001,COCOA RESEARCH INSTITUTE- IBADAN,,7434102.0,NO,HIGH,"Providing solar lights in specific federal constituencies is infrastructure development work that falls outside CRIN's research mandate focused on cocoa, kola, coffee, cashew, tea, and black plum crops.",100
ERGP30242229,"PROVISION OF FERTILLIZERS TO FARMERS IN NASSARAWA/TOTO FEDERAL CONST, NASSARAWA STATE.",215014001,COCOA RESEARCH INSTITUTE- IBADAN,,70000000.0,PARTIAL,MEDIUM,"While CRIN has a mandate to support farmers with improved technologies and practices for its six specific crops (cocoa, kola, coffee, cashew, tea, and black plum), the budget item does not specify that the fertilizers are for these mandate crops specifically.",50
ERGP30242230,"SUPPLY OF COCOA SEEDLINGS TO FARMERS IN ATAKUMOTA EAST/WEST/ILESHA EAST/WEST/ OEO FED CONST, OSUN STATE",215014001,COCOA RESEARCH INSTITUTE- IBADAN,,56000000.0,YES,HIGH,Supplying cocoa seedlings to farmers directly supports CRIN's mandate to conduct research on cocoa and translate improved technologies into practice among farmers to improve production.,0
ERGP30242233,"INSTALLATION OF SOLAR POWERED STREET LIGHTS AT IJEGUN AREA, SATELLITE TOWN, AWUWO ODFIN, FED CONST",215014001,COCOA RESEARCH INSTITUTE- IBADAN,,35000000.0,NO,HIGH,"Installing solar powered street lights in Ijegun Area, Satellite Town falls outside CRIN's mandate which is specifically focused on research and development of cocoa, kola, coffee, cashew, tea, and black plum crops.",100
ERGP30242237,"SUPPLY OF FERTILIZERS TO FARMERS IN ONDO STATE
",215014001,COCOA RESEARCH INSTITUTE- IBADAN,,70000000.0,PARTIAL,MEDIUM,"While CRIN's mandate includes translating research results into practice among farmers and improving production of mandate crops, direct fertilizer supply appears to be an implementation/distribution activity that goes beyond their core research and development functions.",50
ERGP30242240,"PROVISION OF SOLAR BOREHOLES ACROSS ILEOLUJI/OKEIGBO AND ODIGBO FEDERAL CONSTITUENCY, ONDO STATE",215014001,COCOA RESEARCH INSTITUTE- IBADAN,,14000000.0,NO,HIGH,"CRIN's mandate is specifically focused on research and development of six agricultural crops (cocoa, kola, coffee, cashew, tea, and black plum), not general infrastructure development like solar boreholes for constituencies.",100
ERGP30242243,INSTALLATION OF SOLAR POWERED BOREHOLE IN SELECTED LOCATIONS IN ONDO NORTH SENATORIAL DISTRICT,215014001,COCOA RESEARCH INSTITUTE- IBADAN,,35000000.0,NO,HIGH,"Installing solar powered boreholes in a specific senatorial district is a general water infrastructure project that does not relate to CRIN's mandate of conducting research on cocoa, kola, coffee, cashew, tea, and black plum crops.",100
ERGP30242247,SUPPLY OF TRANSFORMERS WITHIN SOME COMMUNITIES IN TAKAI/SUMAILA FEDERAL CONSTUENCY KANO STATE,215014001,COCOA RESEARCH INSTITUTE- IBADAN,,21388500.0,NO,HIGH,"Supplying transformers to communities in Kano State is an electrical infrastructure project that falls completely outside CRIN's mandate to conduct agricultural research on cocoa, kola, coffee, cashew, tea, and black plum crops.",100
ERGP30242251,"GRANT FOR TERTIARY NSTITUTION STUDENTS ACROSS ILEOLUJI/OKEIGBO AND ODIGBO FEDERAL CONSTUENCY, ONDO STATE",215014001,COCOA RESEARCH INSTITUTE- IBADAN,,24444000.0,NO,HIGH,"CRIN's mandate is specifically for agricultural research on six designated crops (cocoa, kola, coffee, cashew, tea, and black plum), not for providing general educational grants to tertiary institution students in specific constituencies.",100
ERGP30242253,"CUSTOMIZED EXERCISE BOOKS, ILAJE/ESE-ODO FEDERAL CONSTITUENCY, ONDO STATE.",215014001,COCOA RESEARCH INSTITUTE- IBADAN,,6111000.0,NO,HIGH,"Customized exercise books for a specific federal constituency are not related to CRIN's mandate of conducting research on cocoa, kola, coffee, cashew, tea, and black plum crops.",100
ERGP30242257,PURCHASE AND INSTALLATION OF SOLAR LIGHTS IN MUSHIN2 FEDERAL CONSTITUENCY,215014001,COCOA RESEARCH INSTITUTE- IBADAN,,140000000.0,NO,HIGH,"Installing solar lights in a specific federal constituency is an infrastructure/electrification project that falls outside CRIN's mandate to conduct agricultural research on cocoa, kola, coffee, cashew, tea, and black plum.",100
ERGP30242259,REPAIRS OF SOME BOREHOLES AND REPAIRS OF SOME PUBLIC SCHOOLS IN MUSHIN2 FEDERAL CONSTITUENCY,215014001,COCOA RESEARCH INSTITUTE- IBADAN,,140000000.0,NO,HIGH,"Repairing boreholes and public schools in a specific federal constituency is not related to CRIN's mandate of conducting research on cocoa, kola, coffee, cashew, tea, and black plum crops.",100
ERGP30242264,"PURCHASE OF SOME FOOD ITEMS (RICE) IN MUSHIN2 FEDERAL CONSTITUENCY
",215014001,COCOA RESEARCH INSTITUTE- IBADAN,,70000000.0,NO,HIGH,"Purchasing rice for a specific federal constituency falls outside CRIN's research mandate focused on cocoa, kola, coffee, cashew, tea, and black plum, and appears to be a political distribution activity rather than agricultural research.",100
ERGP30242269,"CONSTRUCTION AND INSTALLATION OF SOLAR POWERED STREET LIGHTS IN SOME SELECTED COMMUNITIES IN IFO/EWEKORO, OGUN STATE -",215014001,COCOA RESEARCH INSTITUTE- IBADAN,,29085000.0,NO,HIGH,"Installing solar-powered street lights in communities falls under infrastructure development and has no direct connection to CRIN's mandate of conducting research on cocoa, kola, coffee, cashew, tea, and black plum crops.",100
ERGP30242273,"FINANCIAL SUPPORT FOR WOMEN AND YOUNG ARTISANS ACROSS VARIOUS COMMUNITITES AND VILLAGES IN EKITI SOUTH SENATORIAL DISTRICT, EKITI STATE",215014001,COCOA RESEARCH INSTITUTE- IBADAN,,84000000.0,NO,HIGH,"The budget item focuses on general financial support for women and young artisans in a specific senatorial district, which does not align with CRIN's mandate to conduct agricultural research on cocoa, kola, coffee, cashew, tea, and black plum crops.",100
ERGP30242275,"SUPPLY OF EDUCATIONAL MATERIAL FOR SELECTED SECONDARY SCHOOLS IN EKITI SOUTH SENATORIAL DISTRICT, EKITI STATE",215014001,COCOA RESEARCH INSTITUTE- IBADAN,,28000000.0,NO,HIGH,"Supplying educational materials to secondary schools falls outside CRIN's mandate, which is specifically focused on research and development of six agricultural crops (cocoa, kola, coffee, cashew, tea, and black plum) rather than general secondary education.",100
ERGP30242277,SUPPLY OF FARM EQUIPMENT INPUTS SEEDLINGS TO FARMERS IN COMMUNITIES OF ABIA SOUTH SENATORIAL DISTRICT OF ABIA STATE,215014001,COCOA RESEARCH INSTITUTE- IBADAN,,70000000.0,YES,HIGH,"The budget item directly aligns with CRIN's mandate to translate research results and improved technologies into practice among farmers through the supply of farm equipment, inputs, and seedlings for their mandate crops.",0
ERGP30242278,PROVISION OF AGRICULTURAL EQUIPMENT AND FERTILIZER TO FARMERS OF BENUE NORTH EAST SENATORIAL DISTRICT,215014001,COCOA RESEARCH INSTITUTE- IBADAN,,350000000.0,NO,HIGH,"CRIN's mandate is specifically limited to research on six crops (cocoa, kola, coffee, cashew, tea, and black plum) and does not include general provision of agricultural equipment and fertilizer to farmers outside of its research activities.",100
ERGP30242282,"CONSTRUCTION AND INSTALLATION OF HI-TECH SOLAR STREET LIGHTS (80/120 WATTS) ACROSS SELECTED TOWNS IN EKITI NORTH SENATORIAL DISTRICT, EKITI",215014001,COCOA RESEARCH INSTITUTE- IBADAN,,280000000.0,NO,HIGH,"Installing solar street lights in Ekiti towns falls outside CRIN's mandate, which is specifically focused on research and development of six agricultural crops (cocoa, kola, coffee, cashew, tea, and black plum) rather than public infrastructure projects.",100
ERGP30242283,"BUILDING OF OPEN AND LOCK UP STORES/SHOPS AT OJA OBA MARKET, ILAWE EKITI, EKITI SOUTH WEST LG OF EKITI SOUTH SENATORIAL DISTRICT, EKITI STATE.",215014001,COCOA RESEARCH INSTITUTE- IBADAN,,175000000.0,NO,HIGH,"Building market stores/shops in Ekiti State does not align with CRIN's research mandate focused on cocoa, kola, coffee, cashew, tea, and black plum crops, as this is a commercial infrastructure project rather than agricultural research activity.",100
ERGP30242285,"PROVISION AND INSTALLATION OF 500KVA TRANSFORMER IN FEDERAL UNIVERSITY OF AGRICULTURE AND TROPICAL STUDIES IN IRAGBIJI, IN OSUN CENTRAL.",215014001,COCOA RESEARCH INSTITUTE- IBADAN,,70000000.0,NO,HIGH,"Installing electrical infrastructure at a university in Iragbiji falls outside CRIN's mandate to conduct research on cocoa, kola, coffee, cashew, tea, and black plum crops.",100
ERGP30242287,"REHABILITATION OF ONE BLOCK OF IDC CENTER WITH EQUIP OF CNG CONVERSION KITS IN OSOGBO, OSUN CENTRAL, OSUN STATE",215014001,COCOA RESEARCH INSTITUTE- IBADAN,,70000000.0,NO,HIGH,"The budget item involves rehabilitation of an IDC center with CNG conversion kits, which has no connection to CRIN's mandate of conducting research on cocoa, kola, coffee, cashew, tea, and black plum crops.",100
ERGP30242289,"CONSTRUCTION AND INSTALLATION OF SMALL TOWN WATER PROJECTS IN OSUN CENTRAL, OSUN STATE.",215014001,COCOA RESEARCH INSTITUTE- IBADAN,,210000000.0,NO,HIGH,"Construction of small town water projects is a general infrastructure development activity that falls outside CRIN's specific mandate to conduct research on cocoa, kola, coffee, cashew, tea, and black plum crops.",100
ERGP30242292,PURCHASE AND SUPPLY OF GAS CYLINDERS TO SELECTED HOUSEHOLDS FOR CLEAN ENERGY IN KOGI EAST SENATORIAL DISTRICT.,215014001,COCOA RESEARCH INSTITUTE- IBADAN,,70000000.0,NO,HIGH,"The purchase and supply of gas cylinders to households for clean energy is completely outside CRIN's mandate, which is specifically focused on research and development of six agricultural crops (cocoa, kola, coffee, cashew, tea, and black plum).",100
ERGP30242295,CONSTRUCTION AND INSTALLATION OF SOLAR POWERED BOREHOLES TO SELECTED TOWNS ACROSS EKITI NORTH SENATORIAL DISTRICT,215014001,COCOA RESEARCH INSTITUTE- IBADAN,,175000000.0,NO,HIGH,"CRIN's mandate is specifically focused on research and development of six crops (cocoa, kola, coffee, cashew, tea, and black plum) rather than general infrastructure development like solar-powered boreholes for towns.",100
ERGP30242298,CONSTRUCTION OF ULTRA MODERN MARKET IN SELECTED COMMUNITIES OF SOUTH EAST STATE (LOT 1-2),215014001,COCOA RESEARCH INSTITUTE- IBADAN,,700000000.0,NO,HIGH,"Construction of markets falls outside CRIN's research mandate which is specifically focused on conducting agricultural research on cocoa, kola, coffee, cashew, tea, and black plum crops.",100
ERGP30242300,CONSTRUCTION OF ULTRA MODERN MARKET IN SELECTED COMMUNITIES OF SOUTH WEST STATE (LOT 1-2),215014001,COCOA RESEARCH INSTITUTE- IBADAN,,700000000.0,NO,HIGH,"Construction of markets falls outside CRIN's research-focused mandate, which is specifically limited to conducting research on six crops (cocoa, kola, coffee, cashew, tea, and black plum) and translating research results into agricultural practice.",100
ERGP30242302,DEVELOPMENT/MANAGEMENT OF FARM CLUSTERS AND PROVISION OF COMMON FACILITIES IN SELECTED LOCATION OF SOUTH WEST & SOUTH SOUTH GEO-POLITICAL,215014001,COCOA RESEARCH INSTITUTE- IBADAN,,3150000000.0,YES,HIGH,"The budget item aligns with CRIN's mandate to conduct research on its six crops throughout the country and translate research results into practice among farmers, as developing farm clusters and providing common facilities directly supports sustainable farming practices and technology transfer in regions where mandate crops are cultivated.",0
ERGP30242304,"SUPPLY OF SOLAR STREET LIGHTS TO SELECTED FARMING COMMUNITIES IN ABAK/ETIM EKPO/IKA FEDERAL CONSTITUENCY, AKWA IBOM STATE.",215014001,COCOA RESEARCH INSTITUTE- IBADAN,,140000000.0,NO,HIGH,"Supplying solar street lights to farming communities is infrastructure development rather than research on CRIN's mandate crops (cocoa, kola, coffee, cashew, tea, and black plum) which is the institute's core function.",100
ERGP30242306,"RENOVATION OF SELECTED SCHOOLS IN IDO/IBARAPA EAST FEDERAL CONSTITUENCY, OYO STATE",215014001,COCOA RESEARCH INSTITUTE- IBADAN,,280000000.0,NO,HIGH,"The Cocoa Research Institute of Nigeria's mandate is specifically focused on agricultural research for cocoa, kola, coffee, cashew, tea, and black plum crops, and does not include school renovation or educational infrastructure development.",100
ERGP30242308,"PROVISION AND INSTALLATION OF SOLAR POWER LIGHT WITHIN IDO/IBARAPA EAST, OYO STATE",215014001,COCOA RESEARCH INSTITUTE- IBADAN,,280000000.0,PARTIAL,MEDIUM,"While solar power installation in Ido/Ibarapa East could support CRIN's research activities or farmer extension programs in areas where their mandate crops are cultivated, the budget item lacks clear connection to the Institute's core research and development functions for cocoa, kola, coffee, cashew, tea, and black plum.",50
ERGP30242311,LIVESTOCK PRODUCTIVITY AND RESILIENCE SUPPORT IN OSUN CENTRAL IN OSUN STATE,215014001,COCOA RESEARCH INSTITUTE- IBADAN,,35000000.0,NO,HIGH,"The budget item focuses on livestock productivity and resilience, which falls completely outside CRIN's mandate to conduct research on six specific crops (Cocoa, Kola, Coffee, Cashew, Tea, and Black Plum) with no livestock research authority.",100
ERGP30242314,"""PROVISION OF FARM INPUTS TO FARMERS IN LAGOS EAST SENATORIAL DISTRICT ""
",215014001,COCOA RESEARCH INSTITUTE- IBADAN,,420000000.0,PARTIAL,MEDIUM,"While providing farm inputs could support CRIN's mandate to translate research results into practice among farmers, the geographic limitation to Lagos East Senatorial District appears narrow for a national research institute, and the item lacks specificity about whether the inputs relate to CRIN's six mandate crops.",50
ERGP30242318,SUPPLY AND INSTALLATION OF SOLAR STREET LIGHTS IN SELECTED LOCATIONS IN SOUTHWEST GEOPOLITICAL ZONE,215014001,COCOA RESEARCH INSTITUTE- IBADAN,,140000000.0,NO,HIGH,"Installing solar street lights in general locations does not relate to CRIN's specific mandate of conducting research on cocoa, kola, coffee, cashew, tea, and black plum crops.",100
ERGP30242320,PRODUCTION AND DISTRIBUTION OF IMPROVED COCOA SEEDINGS TO FARMERS AND YOUTH AGRIPRENEURS IN OGUN STATE,215014001,COCOA RESEARCH INSTITUTE- IBADAN,,350000000.0,YES,HIGH,"This budget item directly aligns with CRIN's mandate to conduct research on cocoa and translate research results into practice among farmers, which includes distributing improved cocoa varieties developed through their research.",0
ERGP30242324,"TRAINING OF YOUTHS, WOMEN AND FARMERS ON POST HARVEST HANDLING AND STORAGE METHODS IN COCOA AND CASHEW VALUE CHAIN AND DISTRIBUTION OF",215014001,COCOA RESEARCH INSTITUTE- IBADAN,,350000000.0,YES,HIGH,"This budget item directly aligns with CRIN's mandate to conduct research on cocoa and cashew, translate research results into practice among farmers, and provide training to improve production and socio-economic life of the people.",0
ERGP30242327,CONSTRUCTION AND INSTALLATION OF DRIP IRRIGATION SYSTEMS IN SELECTED FARMS IN SOUTHWEST STATES OF NIGERIA- -,215014001,COCOA RESEARCH INSTITUTE- IBADAN,,140000000.0,YES,HIGH,"The construction and installation of drip irrigation systems directly supports CRIN's mandate to improve agronomic and husbandry practices for their mandate crops (cocoa, kola, coffee, cashew, tea, and black plum) and translate improved technologies into practice among farmers.",0
ERGP30242329,SUPPLY OF DISEASE RESISTANT VEGETABLE VARIETIES TO SELECTED FARMS IN SOUTHWEST STATES OF NIGERIA -,215014001,COCOA RESEARCH INSTITUTE- IBADAN,,140000000.0,NO,HIGH,"The budget item focuses on vegetable varieties, but CRIN's mandate is specifically limited to research on six crops: cocoa, kola, coffee, cashew, tea, and black plum, with no mention of vegetables in their scope.",100
ERGP30242412,CONSTRUCTION OF SOLAR POWERED BOREHOLES IN SELECTED LOCATIONS IN SOUTHWEST STATES OF NIGERIA,215014001,COCOA RESEARCH INSTITUTE- IBADAN,,140000000.0,PARTIAL,MEDIUM,"While not explicitly stated in the mandate, solar powered boreholes could support agricultural research activities and farmer training programs for CRIN's mandate crops in the Southwest region where cocoa cultivation is abundant.",50
ERGP30242416,"PROVISION OF GAS CYLINDERS AND ACCESSORIES TO SELECTED WOMEN IN OMALA LGA, KOGI EAST SENATORIAL DISTRICT",215014001,COCOA RESEARCH INSTITUTE- IBADAN,,35000000.0,NO,HIGH,"Providing gas cylinders and accessories to women in a specific local government area is not related to CRIN's mandate of conducting research on cocoa, kola, coffee, cashew, tea, and black plum crops.",100
ERGP30242421,"SUPPLY OF GRAINS TO VULNERABLE PEOPLE IN SOUTHWEST NIGERIA
",215014001,COCOA RESEARCH INSTITUTE- IBADAN,,140000000.0,NO,HIGH,"CRIN's mandate is specifically limited to research on six crops (cocoa, kola, coffee, cashew, tea, and black plum) and does not include direct food distribution or humanitarian activities involving general grain supply to vulnerable populations.",100
ERGP30242427,CONSTRUCTION OF TWO N1KM ROADS IN ETI- OSA LOCAL GOVT AREA OF LAGOS STATE,215014001,COCOA RESEARCH INSTITUTE- IBADAN,,140000000.0,NO,HIGH,"Road construction in Lagos State falls outside CRIN's mandate, which is specifically focused on agricultural research for cocoa, kola, coffee, cashew, tea, and black plum crops.",100
ERGP30242429,INSTALLATION OF INTEGRATED SOLAR STREET LIGHT IN SELECTED DARK SPOTS IN SOUTHWEST NIGERIA,215014001,COCOA RESEARCH INSTITUTE- IBADAN,,140000000.0,NO,HIGH,"Installing solar street lights in dark spots is a general infrastructure/security function that does not relate to CRIN's specific mandate of conducting research on cocoa, kola, coffee, cashew, tea, and black plum crops.",100
ERGP30242433,"INSTALLATION AND SUPPLY OF INTEGRATED SOLAR STREET LIGHT IN SOUTH WEST
",215014001,COCOA RESEARCH INSTITUTE- IBADAN,,105000000.0,PARTIAL,MEDIUM,"While solar street lights could support CRIN's research facilities and operations at their substations in the South West region where they conduct cocoa and other mandate crop research, infrastructure lighting is not directly related to their core mandate of agricultural research on cocoa, kola, coffee, cashew, tea, and black plum.",50
ERGP30242438,"TRAINING OF YOUTH AND WOMEN ON AGRO MECHANIZED IN SOUTH WEST
",215014001,COCOA RESEARCH INSTITUTE- IBADAN,,70000000.0,PARTIAL,MEDIUM,"While CRIN's mandate includes training farmers and extension workers in modern agricultural techniques, the budget item focuses on general agro-mechanization rather than specifically on CRIN's six mandate crops (cocoa, kola, coffee, cashew, tea, and black plum).",50
ERGP30242440,PROVISION AND SUPPLY OF IMPROVED OIL PALM SEEDLINGS AND SOYA BEANS SEEDS FOR FARMERS IN OGUN STATE.,215014001,COCOA RESEARCH INSTITUTE- IBADAN,,350000000.0,NO,HIGH,"The budget item involves oil palm seedlings and soya bean seeds, which are not among CRIN's six mandate crops (cocoa, kola, coffee, cashew, tea, and black plum).",100
ERGP30242445,"GRADING OF SELECTED ROADS IN EKITI SOUTH SENATORIAL DISTRICT
",215014001,COCOA RESEARCH INSTITUTE- IBADAN,,49000000.0,NO,HIGH,"Road grading in a senatorial district is an infrastructure development activity that falls outside CRIN's mandate to conduct agricultural research on cocoa, kola, coffee, cashew, tea, and black plum.",100
ERGP30242448,"COMPLETION OF COMMUNITY HALL, ILASA EKITI, EKITI SOUTH SENATORIAL DISTRICT
",215014001,COCOA RESEARCH INSTITUTE- IBADAN,,42000000.0,NO,HIGH,"Construction of a community hall in Ilasa Ekiti falls outside CRIN's mandate, which is specifically focused on agricultural research and development of six crops (cocoa, kola, coffee, cashew, tea, and black plum) rather than infrastructure development projects.",100
ERGP30242451,"CONSTRUCTION AND INSTALLATION OF SOLAR POWERED BOREHOLES AND STREETLIGHTS IN KEANA TOWN, NAS. STATE @JAA",215014001,COCOA RESEARCH INSTITUTE- IBADAN,,105000000.0,NO,HIGH,"The construction of solar powered boreholes and streetlights in Keana Town falls outside CRIN's mandate, which is specifically focused on research and development of six agricultural crops (cocoa, kola, coffee, cashew, tea, and black plum) rather than general infrastructure development.",100
ERGP30242452,"""SUPPLY AND DISTRIBUTION OF GRAINS TO FARMERS IN IKIRE, ISE ORUN, EKITI STATE ""
",215014001,COCOA RESEARCH INSTITUTE- IBADAN,,140000000.0,NO,HIGH,"CRIN's mandate is specifically limited to research on six crops (cocoa, kola, coffee, cashew, tea, and black plum) and does not include supplying and distributing grains to farmers.",100
ERGP30242457,REHABILITATION AND GRADING OF ROAD AGBEYANGI TO BALOGUN IFELODUN LG KWARA STATE,215014001,COCOA RESEARCH INSTITUTE- IBADAN,,455000000.0,NO,HIGH,"Road rehabilitation and grading falls outside CRIN's mandate, which is specifically focused on agricultural research for cocoa, kola, coffee, cashew, tea, and black plum crops rather than infrastructure development.",100
ERGP30242459,PROVISION OF AGRIC INPUTS AND IMPLEMENT TO FARMERS IN SOME SELECTED AREAS OF KWARA STATE,215014001,COCOA RESEARCH INSTITUTE- IBADAN,,210000000.0,YES,HIGH,"This budget item aligns with CRIN's mandate to translate research results and improved technologies into practice among farmers to improve production and socio-economic life, which includes providing agricultural inputs and implements to farmers in areas where mandate crops are cultivated.",0
ERGP30242462,CONSTRUCTION OF SOLAR POWERED BOREHOLES IN SOME SELECTED COMMUNITIES KWARA STATE,215014001,COCOA RESEARCH INSTITUTE- IBADAN,,420000000.0,PARTIAL,MEDIUM,"While constructing solar-powered boreholes in communities could support agricultural research activities and farmer welfare in areas where CRIN's mandate crops are cultivated, it is not directly related to the Institute's core research mandate on cocoa, kola, coffee, cashew, tea, and black plum.",50
ERGP30242466,"SUPPLY OF CLASSROOM FURNITURE TO SELECTED SECONDARY SCHOOLS IN OKITIPUPA LOCAL GOVERNMENT, ONDO STATE",215014001,COCOA RESEARCH INSTITUTE- IBADAN,,35000000.0,NO,HIGH,"Supplying classroom furniture to secondary schools falls outside CRIN's mandate, which is specifically focused on agricultural research and development of six crops (cocoa, kola, coffee, cashew, tea, and black plum) rather than general education infrastructure.",100
ERGP30242468,CONSTRUCTION AND FURNISHING OF ICT/SKILL ACQUISITION CENTRE IN IKOT EKPENE FEDERAL CONSTITUENCY,215014001,COCOA RESEARCH INSTITUTE- IBADAN,,35000000.0,PARTIAL,MEDIUM,"While CRIN has a mandate to conduct skill acquisition sessions and training for stakeholders in agricultural techniques, the specific location in Ikot Ekpene Federal Constituency may not align with their established substations in the six geopolitical zones where mandate crops are cultivated in abundance.",50
ERGP30242471,TRAINING AND EMPOWERMENT OF WIDOWS IN DIFFERENT VOCATIONAL SKILLS IN ATAKUNMOSA EAST/ ATAKUNMOSA WEST/ ILESA EAST/ ILESA WEST FEDERAL,215014001,COCOA RESEARCH INSTITUTE- IBADAN,,35000000.0,NO,HIGH,"The budget item focuses on general vocational skills training for widows rather than research, development, or training specifically related to CRIN's mandate crops (cocoa, kola, coffee, cashew, tea, and black plum).",100
ERGP30242474,INSTALLATION OF SOLAR STREETLIGHT IN SOME BLACKSPOTS IN OYI/ AYAMELUM FEDERAL CONSTITUENCY,215014001,COCOA RESEARCH INSTITUTE- IBADAN,,35000000.0,NO,HIGH,"Installing solar streetlights in federal constituencies is not related to CRIN's mandate of conducting research on cocoa, kola, coffee, cashew, tea, and black plum crops.",100
ERGP30242475,PROVISION AND INSTALLATION OF SOLAR STREETLIGHT IN ADO EKITI/ IREPODUN- IFELODUN FEDERAL CONSTITUENCY,215014001,COCOA RESEARCH INSTITUTE- IBADAN,,35000000.0,NO,HIGH,"Installing solar streetlights in a federal constituency is infrastructure development that falls outside CRIN's research mandate focused on cocoa, kola, coffee, cashew, tea, and black plum crops.",100
ERGP30242479,"PROVISION OF GRANT AND EMPOWERMENT FOR YOUTH AND WOMEN IN AFIJO LOCAL GOVERNMENT, OYO STATE",215014001,COCOA RESEARCH INSTITUTE- IBADAN,,350000000.0,PARTIAL,MEDIUM,"While the budget item involves empowerment activities that could relate to CRIN's mandate to train farmers and translate research results into practice, it lacks specific connection to the Institute's core research areas of cocoa, kola, coffee, cashew, tea, and black plum.",50
ERGP30242480,PROVISION AND INSTALLATION OF SOLAR STREETLIGHT IN BARUTEN/KAIMA FEDERAL CONSTITUENCY,215014001,COCOA RESEARCH INSTITUTE- IBADAN,,35000000.0,NO,HIGH,"Installing solar streetlights in a federal constituency is infrastructure development unrelated to CRIN's specific mandate of conducting research on cocoa, kola, coffee, cashew, tea, and black plum crops.",100
ERGP30242482,CONSTRUCTION OF PRIMARY SCHOOL BUILDING IN MAIDAN MILE 12 IN KOSOFE FEDERAL CONSTITUENCY LAGOS STATE.,215014001,COCOA RESEARCH INSTITUTE- IBADAN,,140000000.0,NO,HIGH,"Construction of a primary school building falls outside CRIN's mandate, which is specifically focused on agricultural research for cocoa, kola, coffee, cashew, tea, and black plum crops, not educational infrastructure development.",100
ERGP30242484,CONSTRUCTION OF ROAD ON ONDO STREET AGEGUNLE IN KOSOFE FEDERAL CONSTITUENCY LAGOS STATE.,215014001,COCOA RESEARCH INSTITUTE- IBADAN,,245000000.0,NO,HIGH,"Road construction in Lagos State falls outside CRIN's mandate, which is specifically focused on agricultural research for cocoa, kola, coffee, cashew, tea, and black plum crops.",100
ERGP30242486,CONSTRUCTION OF ROAD OJAOMO ROAD ALAPERE IN KOSOFE FEDERAL CONSTITUENCY LAGOS STATE.,215014001,COCOA RESEARCH INSTITUTE- IBADAN,,140000000.0,NO,HIGH,"Road construction in Lagos State falls outside CRIN's mandate of conducting agricultural research on cocoa, kola, coffee, cashew, tea, and black plum crops.",100
ERGP30242489,"PURCHASE OF SEWING EQUIPMENTS SUCH AS: DOMESTIC SEWING MACHINES, WEAVING MACHINES, INDUSTRIAL MACHINES &EMBROIDERY MACHINES IN KOSOFE FEDERAL",215014001,COCOA RESEARCH INSTITUTE- IBADAN,,140000000.0,NO,HIGH,"The purchase of sewing and embroidery equipment falls completely outside CRIN's mandate, which is specifically focused on research and development of cocoa, kola, coffee, cashew, tea, and black plum crops.",100
ERGP30242490,CONSTRUCTION OF SOLAR POWERED LIGHT &BOREHOLES ALL ACROSS KOSOFE FEDERAL CONSTITUENCY LAGOS STATE.,215014001,COCOA RESEARCH INSTITUTE- IBADAN,,140000000.0,NO,HIGH,"The budget item for constructing solar-powered lights and boreholes in Lagos State does not align with CRIN's mandate to conduct research on cocoa, kola, coffee, cashew, tea, and black plum crops, as it involves general infrastructure development rather than agricultural research activities.",100
ERGP30242495,"EMPOWERMENT OF YOUTHS AND WOMEN IN OJU/OBI FEDERAL CONSTITUENCY, BENUE STATE",215014001,COCOA RESEARCH INSTITUTE- IBADAN,,35000000.0,NO,HIGH,"This budget item is a general empowerment program for a specific constituency rather than research activities on CRIN's mandate crops (cocoa, kola, coffee, cashew, tea, and black plum).",100
ERGP3155160,"PURCHASE OF BIOTECHNOLOGY EQUIPMENT
",215014001,COCOA RESEARCH INSTITUTE- IBADAN,,70000000.0,YES,HIGH,"Biotechnology equipment directly supports CRIN's mandate to conduct research on genetic improvement, pest and disease control, and development of high-yielding varieties for their six mandate crops (cocoa, kola, coffee, cashew, tea, and black plum).",0
ERGP1246853,"CONSTRUCTION OF SELECTED INNER RURAL ROADS AND SOLAR STREET LIGHTS IN ITIRE/AGUDA, LAGOS LOT 1 - 5",215054001,AGRICULTURAL RESEARCH COUNCIL OF NIGERIA,,1554700000.0,NO,HIGH,"Construction of rural roads and solar street lights is infrastructure development work that falls outside ARCN's mandate which is specifically focused on agricultural research, training, extension activities, and coordination of agricultural science institutions.",100
ERGP1246854,"PROVISION OF FOOD ITEMS AND PACKAGING AS PALLIATIVES IN OBELE, LAGOS(LOTS 1 TO 5)",215054001,AGRICULTURAL RESEARCH COUNCIL OF NIGERIA,,315000000.0,NO,HIGH,"Providing food items and packaging as palliatives is a direct relief/welfare activity that falls outside ARCN's mandate, which is specifically focused on agricultural research, training, extension coordination, and related scientific activities rather than food distribution or palliative programs.",100
ERGP1246855,"PROVISION OF FOOD ITEMS AND PACKAGING AS PALLIATIVES IN AKANGBA, LAGOS (LOTS 1-4)",215054001,AGRICULTURAL RESEARCH COUNCIL OF NIGERIA,,280000000.0,NO,HIGH,"The budget item focuses on direct food distribution as palliatives, which falls outside ARCN's mandate that centers on agricultural research, training, extension activities, and coordination of research institutes rather than direct food relief or distribution programs.",100
ERGP1246856,PROCUREMENT AND SUPPLY OF HERBICIDES AND IMPROVED VARIETIES OF SEEDLINGS IN SOME SELECTED COMMUNITIES IN KANO STATE,215054001,AGRICULTURAL RESEARCH COUNCIL OF NIGERIA,,350000000.0,NO,HIGH,"ARCN's mandate focuses on coordinating, supervising and regulating agricultural research institutions rather than direct procurement and supply of agricultural inputs to communities, which is an operational/implementation function outside their coordinating role.",100
ERGP1246857,"PROCUMENT AND SUPPLY OF AGRICULTURAL TILERS 13, OCC AND HMP TO FARMERS IN SOME SELECTED COMMUNITIES IN KANO STATE",215054001,AGRICULTURAL RESEARCH COUNCIL OF NIGERIA,,350000000.0,NO,HIGH,"ARCN's mandate focuses on coordinating, supervising and regulating agricultural research, training, and extension activities rather than direct procurement and supply of equipment to farmers, which is an implementation function outside their coordinating role.",100
ERGP1246858,SUPPLY OF TRCYCLES AND AGRO PROCESSING MACHINES TO SOME SELECTED FARMING COMMUNITIES IN KANO STATE,215054001,AGRICULTURAL RESEARCH COUNCIL OF NIGERIA,,350000000.0,NO,HIGH,"ARCN's mandate focuses on coordinating and supervising agricultural research, training, and extension activities rather than directly supplying equipment to farming communities, which falls outside their core functions of planning, coordination, and supervision of research institutes.",100
ERGP1246859,SUPPLY OF SOLAR POWERED PUMP IRRIGATION MACHINES FOR DRY SEASON FARMING IN SOME SELECTED COMMUNITIES IN KANO STATE,215054001,AGRICULTURAL RESEARCH COUNCIL OF NIGERIA,,350000000.0,NO,HIGH,"ARCN's mandate focuses on planning, coordinating, and supervising agricultural research, training, and extension activities rather than directly supplying equipment or implementing farming operations in communities.",100
ERGP1246860,SUPPLY OF MINI CAB VEHICLES TO YOUTHS FOR EMPLOYMENT PURPOSES IN SOME SELECTED COMMUNITIES IN KANO STATE,215054001,AGRICULTURAL RESEARCH COUNCIL OF NIGERIA,,350000000.0,NO,HIGH,"Supplying mini cab vehicles for youth employment in Kano State falls outside ARCN's mandate which is specifically focused on agricultural research, training, and extension activities rather than general youth employment or transportation services.",100
ERGP1246861,SUPPLY AND DISTRIBUTON OF FERTILIZERS TO FARMERS IN SELECTED FARMING COMMUNITIES IN KANO STATE,215054001,AGRICULTURAL RESEARCH COUNCIL OF NIGERIA,,350000000.0,NO,HIGH,"ARCN's mandate focuses on research, training, and extension coordination rather than direct supply and distribution of agricultural inputs like fertilizers to farmers.",100
ERGP1246862,SUPPLY OF FARM IMPLEMENTS TO FARMERS (PLANTERS & WEEDERS) TO EASE FARMING PROCESSES IN SELECTED FARMING COMMUNITIES IN KANO STATE,215054001,AGRICULTURAL RESEARCH COUNCIL OF NIGERIA,,140000000.0,NO,HIGH,"ARCN's mandate focuses on coordinating and regulating research, training, and extension activities rather than directly supplying farm implements to farmers, which is an operational farming support function outside their supervisory and coordination role.",100
ERGP1246863,"PROVISION OF WATER SUPPLY FOR LOCATIONS IN THE NORTH WEST
",215054001,AGRICULTURAL RESEARCH COUNCIL OF NIGERIA,,980000000.0,NO,HIGH,"Providing water supply for locations is a general infrastructure development activity that falls outside ARCN's specific mandate of coordinating agricultural research, training, and extension activities.",100
ERGP1246864,"PROVISION OF ORGANIC FERTILIZER TO RURAL FARMERS IN THE NORTHWEST
",215054001,AGRICULTURAL RESEARCH COUNCIL OF NIGERIA,,570500000.0,NO,HIGH,"ARCN's mandate focuses on coordinating and supervising agricultural research, training, and extension activities rather than direct provision of inputs like fertilizers to farmers, which would be an operational farming support function outside their research coordination role.",100
ERGP1246865,"SUPPLY OF KNAPSACK SPRAYERS TO SELECTED FARMERS IN ANINRI, UDI AND EZEAGU LGA, ENUGU STATE",215054001,AGRICULTURAL RESEARCH COUNCIL OF NIGERIA,,70000000.0,PARTIAL,MEDIUM,"While ARCN's mandate includes agricultural extension activities which could involve supporting farmers with equipment, directly supplying sprayers to specific farmers appears more like implementation/distribution rather than the coordinating, supervising, and regulating role specified in their mandate.",50
ERGP1246866,"SUPPLY OF 3Ã¢â¬Â WATER PUMPING MACHINE TO ARGUNGU LGA, KEBBI NORTH SENATORIAL DISTRICT, KEBBI STATE.",215054001,AGRICULTURAL RESEARCH COUNCIL OF NIGERIA,,70000000.0,NO,HIGH,"ARCN's mandate focuses on coordinating and regulating agricultural research, training, and extension activities through research institutes and educational institutions, not on directly supplying equipment or infrastructure to local government areas.",100
ERGP1246867,SOLAR STREETLIGHTS INSTALLATIONS FOR COMMUNITY DEVELOPMENT IN AGRICULTURAL BASED COMMUNITIES OF SABONGIDA AND DOKA-MAIJAMA'A,215054001,AGRICULTURAL RESEARCH COUNCIL OF NIGERIA,,350000000.0,NO,HIGH,"Solar streetlight installations for community development fall outside ARCN's mandate, which is specifically focused on agricultural research, training, and extension activities rather than infrastructure development or general community services.",100
ERGP1246868,SUPPLY OF AND INSTALLATION OF TRNASFORMERS FOR COMMUNITY DEVELOPMENT IN AGRICULTURAL BASED COMMUNITIES OF SABONGIDA AND DOKA-MAIJAMA'A,215054001,AGRICULTURAL RESEARCH COUNCIL OF NIGERIA,,350000000.0,NO,HIGH,"Installing electrical transformers for community development is an infrastructure project that falls outside ARCN's mandate, which is specifically focused on agricultural research, training, and extension activities rather than general community infrastructure development.",100
ERGP1246869,"PROCUREMENT AND INSTALLATION OF SOLAR STREETLIGHTS IN UMUOSIGIDE, OBOLO-ETITI, IMIRIKE, AGU-ONICHA, AGBAPATA AND OTHER SORROUNDING",215054001,AGRICULTURAL RESEARCH COUNCIL OF NIGERIA,,350000000.0,NO,HIGH,"Installing solar streetlights in communities falls outside ARCN's mandate which specifically focuses on agricultural research, training, extension activities, and coordination of agricultural institutes rather than infrastructure development or rural electrification projects.",100
ERGP1246870,"CONSTRUCTION OF EARTH DAM AND WATER SCHEME FOR OTUO AND DISTRICT, OWAN EAST LGA, EDO STATE",215054001,AGRICULTURAL RESEARCH COUNCIL OF NIGERIA,,700000000.0,NO,HIGH,"Construction of earth dams and water schemes is infrastructure development that falls outside ARCN's mandate, which is specifically focused on coordinating, supervising, and regulating agricultural research, training, and extension activities rather than implementing water infrastructure projects.",100
ERGP1246871,"PROCUREMENT OF ASSORTED GRAINS IN AKKO FEDERAL CONSTITUENCY, GOMBE STATE",215054001,AGRICULTURAL RESEARCH COUNCIL OF NIGERIA,,350000000.0,NO,HIGH,"ARCN's mandate focuses on coordinating agricultural research, training, and extension activities rather than direct procurement of agricultural commodities for distribution or commercial purposes.",100
ERGP1246872,"PROVISION OF HEALTH INSURANCE SCHEME AND GRANTS FOR THE LESS PRIVILEGED PEOPLE IN BALANGA/BILLIRI FEDERAL CONSTITUENCY, GOMBE STATE",215054001,AGRICULTURAL RESEARCH COUNCIL OF NIGERIA,,70000000.0,NO,HIGH,"This budget item involves health insurance and social grants for a specific constituency, which falls completely outside ARCN's mandate of agricultural research, training, and extension activities.",100
ERGP1246873,"CONSTRUCTION OF MAIZE/CASSAVA/YAM FLOUR PROCESSING MILLS TO ENHANCE AGROBUSINESS AT ARDO KOLA LGA, TARABA STATE",215054001,AGRICULTURAL RESEARCH COUNCIL OF NIGERIA,,210000000.0,NO,HIGH,"ARCN's mandate focuses on research coordination, planning, and supervision of agricultural research institutes rather than direct construction and operation of commercial processing facilities.",100
ERGP1246874,PROVISION OF FARM IMPLEMENTS AND FERTILIZER TO VULNERABLE COMMUNITIES IN NIGERIA (MULTIPLE LOTS),215054001,AGRICULTURAL RESEARCH COUNCIL OF NIGERIA,,3500000000.0,NO,HIGH,"ARCN's mandate is focused on research, training, and extension coordination rather than direct provision of farm implements and fertilizers to communities, which would be an implementation/operational activity outside their supervisory and coordinating role.",100
ERGP1246875,"CONSTRUCTION OF COLLEGE OF AGRICULTURE AND LIVESTOCK DEVELOPMENT IN NORTH WEST, NIGERIA (MULTIPLE LOTS)",215054001,AGRICULTURAL RESEARCH COUNCIL OF NIGERIA,,10500000000.0,YES,HIGH,The construction of a College of Agriculture and Livestock Development directly aligns with ARCN's mandate to coordinate and supervise agricultural training activities in Federal Colleges of Agriculture and related institutions.,0
ERGP1246876,"PROVISION OF GRAINS / FOOD ITEMS TO VARIOUS COMMUNITIES IN (BFC) BENDE LGA, ABIA STATE (MULTIPLE LOTS)",215054001,AGRICULTURAL RESEARCH COUNCIL OF NIGERIA,,700000000.0,NO,HIGH,"ARCN's mandate focuses on coordinating agricultural research, training, and extension activities rather than direct food distribution or relief operations to communities.",100
ERGP1246877,"TRAINING FOR MODERN AGRIC METHODS FOR THE YOUTHS IN ENUGU EAST/ISI UZO FEDERAL CONSTITUENCY, ENUGU STATE",215054001,AGRICULTURAL RESEARCH COUNCIL OF NIGERIA,,70000000.0,YES,HIGH,Training for modern agricultural methods directly aligns with ARCN's core mandate of coordinating and supervising agricultural training activities and ensuring implementation of training programs in agricultural sciences.,0
ERGP1246878,"COMMUNITY SEED PRODUCTION, TRAINING AND EXTENSION ON GOOD AGRONOMIC PRACTICES FOR RICE, MAIZE, SORGHURM ACROSS AKKO FEDERAL CONSTITUENCY",215054001,AGRICULTURAL RESEARCH COUNCIL OF NIGERIA,,1260000000.0,YES,HIGH,"This budget item directly aligns with ARCN's core mandate to coordinate agricultural research, training, and extension activities, particularly through its Plant Resources department and Agricultural Extension & Socio-Economics department which would oversee seed production training and extension services for cereal crops like rice, maize, and sorghum.",0
ERGP1246879,SUPPLY AND INSTALLATION OF SOLAR LIGHTS ACROSS AKKO FEDERAL CONSTITUENCY (MULTIPLE LOTS),215054001,AGRICULTURAL RESEARCH COUNCIL OF NIGERIA,,700000000.0,NO,HIGH,"Installing solar lights across a specific federal constituency is infrastructure development work that falls outside ARCN's mandate of coordinating agricultural research, training, and extension activities.",100
ERGP1246880,CONSTRUCTION AND INSTALLATION OF SOLAR STREET LIGHT IN SOME SELECTED FARMERS COMMUNITIES IN NORTH EAST AND OTHER PARTS OF THE COUNTRY,215054001,AGRICULTURAL RESEARCH COUNCIL OF NIGERIA,,700000000.0,NO,HIGH,"Installing solar street lights in farming communities is infrastructure development that falls outside ARCN's mandate of coordinating agricultural research, training, and extension activities rather than providing community infrastructure.",100
ERGP1246881,"PROVISION OF QUALITY RICE SEEDS AND OTHER INPUTS TO THE FARMER IN KUMBOTSO LGA, KANO STATE",215054001,AGRICULTURAL RESEARCH COUNCIL OF NIGERIA,,21000000.0,PARTIAL,MEDIUM,"While ARCN's mandate includes coordinating agricultural research and extension activities that could involve seed development and distribution, directly providing inputs to specific farmers in a particular LGA appears more operational than the Council's primary coordinating and supervisory role over research institutes.",50
ERGP1246882,"CONSTRUCTION OF MARKET ROAD TO EGGA ADDE PRIMARY SCHOOL PHASE 2
",215054001,AGRICULTURAL RESEARCH COUNCIL OF NIGERIA,,350000000.0,NO,HIGH,"Construction of a market road to a primary school falls outside ARCN's mandate, which is specifically focused on agricultural research, training, and extension activities rather than infrastructure development for educational institutions.",100
ERGP1246883,CONSTRUCTION OF SCHOOL OF SCIENCE AND ENTREPRENEUSHIP STUDIES IN EKINRIN ADDE PHASE II MULTIPLE LOTS,215054001,AGRICULTURAL RESEARCH COUNCIL OF NIGERIA,,1540000000.0,PARTIAL,MEDIUM,"While ARCN has mandate for training activities and supervising Federal Colleges of Agriculture, the construction of a general ""School of Science and Entrepreneurship Studies"" appears broader than their specific agricultural research, training, and extension focus.",50
ERGP1246884,"CONSTRUCTION OF PRINCE BOLARIN FALEKE STREETS, EKINRIN ADDE PHASE 2
",215054001,AGRICULTURAL RESEARCH COUNCIL OF NIGERIA,,280000000.0,NO,HIGH,"Construction of streets is infrastructure development that falls outside ARCN's mandate which focuses specifically on agricultural research, training, extension activities, and coordination of agricultural science institutions.",100
ERGP1246885,"SUPPLY OF EMPOWERMENT ITEMS TO YOUTHS AND WOMEN IN AWKA NORTH AND SOUTH FEDERAL CONSTITUENCY, ANAMBRA STATE",215054001,AGRICULTURAL RESEARCH COUNCIL OF NIGERIA,,175000000.0,PARTIAL,MEDIUM,"While empowerment items for youths and women could relate to agricultural extension activities which fall under ARCN's mandate, the geographic specificity to particular federal constituencies suggests this may be more of a political/development project rather than a systematic agricultural research, training, or extension program.",50
ERGP1246886,SUPPLY OF 100 SHARON BUSES FOR EMPOWERMENT OF YOUTHS IN LAGOS MULTIPLE LOTS,215054001,AGRICULTURAL RESEARCH COUNCIL OF NIGERIA,,910000000.0,NO,HIGH,"Supplying buses for youth empowerment in Lagos is not related to ARCN's mandate of coordinating agricultural research, training, and extension activities across research institutes and colleges.",100
ERGP1246887,PROVISION OF 70 UNITS OF TOYOTA CORROLA HATCH BACK FOR YOUTH EMPOWERMENT FOR EASE OF TRANSPORTATION IN IKEJA ANDOTHER PARTS OF LAGOS,215054001,AGRICULTURAL RESEARCH COUNCIL OF NIGERIA,,490000000.0,NO,HIGH,"Providing Toyota Corolla vehicles for youth empowerment in Lagos does not relate to ARCN's core mandate of planning, coordinating, and regulating agricultural research, training, and extension activities.",100
ERGP1246888,"SOLAR STREETLIGHTS INSTALLATION IN IKEJA, LAGOS STATE
",215054001,AGRICULTURAL RESEARCH COUNCIL OF NIGERIA,,280000000.0,NO,HIGH,"Installing solar streetlights in Ikeja, Lagos State is infrastructure development that falls outside ARCN's mandate of planning, coordinating, and regulating agricultural research, training, and extension activities.",100
ERGP1246889,TRAINING AND SENSITIZATION OF YOUTH INVOLVEMENT IN COMMUNITY DEVELOPMENT ACTIVITIES IN IKEJA FEDERAL CONSTITUENCY,215054001,AGRICULTURAL RESEARCH COUNCIL OF NIGERIA,,70000000.0,NO,HIGH,"This budget item focuses on general community development activities in a specific constituency rather than agricultural research, training, and extension activities which are ARCN's core mandate.",100
ERGP1246890,"EMPOWERMENT PROGRAM FOR SELF-SUSTENANCE IN VARIOUS PARTS OF ESAN WEST AND CENTRAL LGA, EDO STATE",215054001,AGRICULTURAL RESEARCH COUNCIL OF NIGERIA,,70000000.0,NO,HIGH,"This budget item appears to be a local empowerment program for specific LGAs in Edo State, which falls outside ARCN's mandate of coordinating agricultural research, training, and extension activities through national research institutes rather than implementing direct community empowerment programs.",100
ERGP1246891,GEOSPATIAL TRAINING AND EMPOWERMENT WITH PROVISION OF TAKE-OFF GRANTS TO WOMEN AND YOUTH TRADERS IN AKOKO NORTHEAST AND NORTHWEST FEDERAL,215054001,AGRICULTURAL RESEARCH COUNCIL OF NIGERIA,,70000000.0,PARTIAL,MEDIUM,"While the training and empowerment of women and youth in agriculture aligns with ARCN's extension and training mandate, the geospatial focus and trader-specific grants are not clearly within their core agricultural research, training, and extension functions.",50
ERGP1246892,"SUPPLY OF FERTILIZER TO ISIALA NGWA NORTH AND SOUTH CONSTITUENTS
",215054001,AGRICULTURAL RESEARCH COUNCIL OF NIGERIA,,105000000.0,NO,HIGH,"ARCN's mandate focuses on coordinating and supervising agricultural research, training, and extension activities rather than direct supply of fertilizers to specific constituencies, which falls outside their core functions of research coordination and policy advisory roles.",100
ERGP1246893,"CONSTRUCTION OF AGBOWA-IKOSI TOWNHALL
",215054001,AGRICULTURAL RESEARCH COUNCIL OF NIGERIA,,245000000.0,NO,HIGH,"Construction of a townhall is a municipal infrastructure project that falls outside ARCN's mandate which is specifically focused on agricultural research, training, and extension activities.",100
ERGP1246894,CONSTRUCTION OF MINI STADIUM WITH FOOTBALL PITCH SMALLPAVILION IN ERINILE KWARA STATE,215054001,AGRICULTURAL RESEARCH COUNCIL OF NIGERIA,,70000000.0,NO,HIGH,"Construction of a mini stadium with football pitch falls outside ARCN's mandate which is specifically focused on agricultural research, training, extension activities, and related agricultural science functions.",100
ERGP1246895,"REHABILITATION OF 48BED CAPACITY MALE & FEMALE WARD FACILITY IN GENERAL HOSPITAL ODAN, LAGOS",215054001,AGRICULTURAL RESEARCH COUNCIL OF NIGERIA,,49000000.0,NO,HIGH,"The rehabilitation of hospital ward facilities falls under healthcare infrastructure, which is completely outside ARCN's mandate focused exclusively on agricultural research, training, and extension activities.",100
ERGP1246896,"CONSTRUCTION OF RESORT CENTRE/TOWN HALL IN UTE-OKPU, IKA NORTH EAST LGA, DELTA STATE.",215054001,AGRICULTURAL RESEARCH COUNCIL OF NIGERIA,,105000000.0,NO,HIGH,"Construction of a resort centre/town hall is entirely outside ARCN's mandate which focuses exclusively on agricultural research, training, extension activities, and coordination of agricultural research institutes.",100
ERGP1246897,"CONSTRUCTION OF ONGOING AMANAGWU ROAD IN AROCHUKWU LGA, ABIA NORTH SENATORIAL DISTRICT, ABIA STATE.",215054001,AGRICULTURAL RESEARCH COUNCIL OF NIGERIA,,175000000.0,NO,HIGH,"Road construction falls outside ARCN's mandate which is specifically focused on agricultural research, training, extension activities, and coordination of agricultural institutes, not infrastructure development.",100
ERGP1246898,"INSTALLATION OF SOLAR STREET LIGHTS AS A MEANS OF DEVELOPMENT IN SEMI - URBAN AREAS IN ENUGU SOUTH LGA, ENUGU STATE",215054001,AGRICULTURAL RESEARCH COUNCIL OF NIGERIA,,175000000.0,NO,HIGH,"Installing solar street lights in semi-urban areas is infrastructure development that falls outside ARCN's mandate, which is specifically focused on agricultural research, training, and extension activities rather than general community infrastructure projects.",100
ERGP1246899,"SUPPLY OF (PSN) AGRICULTURAL MATERIALS/TRANSFORMATIONAL TRAINING TO THE DISADVANTAGED PEOPLE IN ENUGU EAST/ISI UZO FEDERAL CONSTITUENCY,",215054001,AGRICULTURAL RESEARCH COUNCIL OF NIGERIA,,105000000.0,PARTIAL,MEDIUM,"While the training component aligns with ARCN's mandate for agricultural training and extension activities, the direct supply of materials to a specific constituency appears to be operational implementation rather than the agency's core coordination and supervision role.",50
ERGP1246900,"SUPPLY OF SOLAR STREET LIGHTS IN SELECTED COMMUNITIES IN (PSN), ENUGU EAST/ISI-UZO FEDERAL CONSTITUENCY, ENUGU STATE",215054001,AGRICULTURAL RESEARCH COUNCIL OF NIGERIA,,210000000.0,NO,HIGH,"Supplying solar street lights in communities falls outside ARCN's mandate which specifically focuses on agricultural research, training, and extension activities rather than infrastructure development or rural electrification projects.",100
ERGP1246901,SUPPLY OF VEHICLES FOR SPECIAL PURPOSE IN NEED AT SOME SELECTED INSTITUTIONS AND CENTRES AT RIMI AND SOME SELECTED COMMUNITIES WITHIN THE,215054001,AGRICULTURAL RESEARCH COUNCIL OF NIGERIA,,140000000.0,PARTIAL,MEDIUM,"While ARCN supervises various agricultural research institutes that may require vehicles for operational purposes, the vague description mentioning ""special purpose"" vehicles for unspecified communities lacks clear connection to the agency's core mandate of coordinating agricultural research, training, and extension activities.",50
ERGP1246902,"SUPPLY OF FERTILIZER TO THE PEOPLE OF BADAKE, KAYAUKI AND SOME SELECTED COMMUNITIES WITHIN THE CONSTITUENCY",215054001,AGRICULTURAL RESEARCH COUNCIL OF NIGERIA,,140000000.0,NO,HIGH,"ARCN's mandate focuses on coordinating and supervising agricultural research, training, and extension activities rather than direct supply and distribution of fertilizers to specific communities.",100
ERGP1246903,"PROVISION OF FARM INPUTS AND IMPLEMENTS TO THE PEOPLE OF MANGU/BOKKOS FEDERAL CONSTITUENCY, PLATEAU. STATE",215054001,AGRICULTURAL RESEARCH COUNCIL OF NIGERIA,,175000000.0,NO,HIGH,"ARCN's mandate focuses on coordinating and supervising agricultural research, training, and extension activities rather than directly providing farm inputs and implements to specific constituencies, which falls outside their core regulatory and coordination functions.",100
ERGP1246904,"CONSTRUCTION/DEVELOPMENT OF RURAL MARKETS/MARKET HOUSE
",215054001,AGRICULTURAL RESEARCH COUNCIL OF NIGERIA,,525000000.0,NO,HIGH,"Construction and development of rural markets/market houses falls under agricultural marketing infrastructure, which is not included in ARCN's mandate that focuses specifically on agricultural research, training, and extension activities rather than market infrastructure development.",100
ERGP1246905,RECONSTRUCTION OF SELECTED DILAPIDATED FARMERS ACCESS ROADS IN ENUGU EZIKE TO ENABLE COMMUNITIES ACCESS-LOTS 1-4,215054001,AGRICULTURAL RESEARCH COUNCIL OF NIGERIA,,1400000000.0,NO,HIGH,"Road reconstruction is infrastructure development that falls outside ARCN's mandate which specifically focuses on agricultural research, training, extension activities, and coordination of research institutes rather than physical infrastructure projects.",100
ERGP1246906,INSTALLATION OF MOTORIZED BOREHOLE WITH OVERHEAD TANK IN SELECTED COMMUNITIES ACROSS THE COUNTRY: LOTS 1-3,215054001,AGRICULTURAL RESEARCH COUNCIL OF NIGERIA,,1050000000.0,NO,HIGH,"Installing motorized boreholes with overhead tanks in communities is a water infrastructure project that falls outside ARCN's mandate, which specifically focuses on agricultural research, training, and extension activities rather than community water supply infrastructure.",100
ERGP1246907,GADING AND ASPHALTING OF SELECTED RURAL FARMING ROAD IN LAGOS (MULTIPLE LOTS),215054001,AGRICULTURAL RESEARCH COUNCIL OF NIGERIA,,1400000000.0,NO,HIGH,"Road grading and asphalting is infrastructure construction work that falls outside ARCN's mandate which focuses specifically on agricultural research, training, extension activities, and coordination of research institutes rather than physical infrastructure development.",100
ERGP1246908,INSTALLATION OF SOLAR HOME SYSTEMS FOR SELECTED AGRICULTURAL RURAL VILLAGES IN SOUTHWEST(multiple lots),215054001,AGRICULTURAL RESEARCH COUNCIL OF NIGERIA,,1400000000.0,PARTIAL,MEDIUM,"While installing solar systems in agricultural villages could indirectly support ARCN's extension activities and rural agricultural development goals, direct infrastructure provision like solar installations is not explicitly within their core mandate of coordinating agricultural research, training, and extension activities.",50
ERGP1246909,CONSTRUCTION AND TARRING (WITH ASPHALT) OF DADINKOWA - MAGANDA ROAD IN DOGUWA LOCAL GOVERNMENT AREA OF KANO STATE (MULTIPLE LOTS),215054001,AGRICULTURAL RESEARCH COUNCIL OF NIGERIA,,1050000000.0,NO,HIGH,"Road construction and tarring falls outside ARCN's mandate which is specifically focused on agricultural research, training, extension activities, and coordination of agricultural research institutes rather than infrastructure development.",100
ERGP1246910,"PROVISION OF GRAINS TO SOME SELECTED COMMUNITIES ACROSS OJU/OBI FEDERAL CONSTITUENCY, BENUE STATE, (MULTIPLE LOTS)",215054001,AGRICULTURAL RESEARCH COUNCIL OF NIGERIA,,140000000.0,NO,HIGH,"ARCN's mandate focuses on coordinating agricultural research, training, and extension activities rather than direct food distribution or relief operations to communities.",100
ERGP1246911,CONSTRUCTION OF HAND PUMP BOREHOLE IN MIKANG /SHENDAM/QUA'AN-PAN FEDERAL CONSTITUENCY PLATEAU STATE.,215054001,AGRICULTURAL RESEARCH COUNCIL OF NIGERIA,,91000000.0,NO,HIGH,"Construction of hand pump boreholes is infrastructure development that falls outside ARCN's mandate of planning, coordinating, and supervising agricultural research, training, and extension activities.",100
ERGP1246912,"CONSTRUCTION OF BLOCKS OF CLASSROOMS IN WUDIL/GARKO FEDERAL CONSTITUENCY, KANO STATE",215054001,AGRICULTURAL RESEARCH COUNCIL OF NIGERIA,,210000000.0,PARTIAL,MEDIUM,"While ARCN's mandate includes supervising Federal Colleges of Agriculture that would require classroom facilities, the budget item specifies construction in a particular federal constituency rather than at a specific agricultural institution under ARCN's supervision.",50
ERGP1246913,"CONSTRUCTION AND RENOVATION OF PRIMARY HEALTH CENTRES IN WUDIL/GARKO FEDERAL CONSTITUENCY, KANO STATE",215054001,AGRICULTURAL RESEARCH COUNCIL OF NIGERIA,,140000000.0,NO,HIGH,"The construction and renovation of primary health centres is a healthcare infrastructure activity that falls entirely outside ARCN's mandate, which is exclusively focused on agricultural research, training, and extension activities.",100
ERGP1246914,"SUPPLY & INSTALLATION OF SOLAR STREET LIGHTS IN WUDIL/GARKO FEDERAL CONSTITUENCY, KANO STATE",215054001,AGRICULTURAL RESEARCH COUNCIL OF NIGERIA,,140000000.0,NO,HIGH,"Installing solar street lights in a specific federal constituency is infrastructure development that falls outside ARCN's mandate of agricultural research, training, and extension coordination.",100
ERGP1246915,"SUPPLY AND DISTRIBUTION OF FARM INPUTS IN WUDIL/GARKO FEDERAL CONSTITUENCY, KANO STATE",215054001,AGRICULTURAL RESEARCH COUNCIL OF NIGERIA,,105000000.0,NO,HIGH,"ARCN's mandate focuses on research coordination, planning, and supervision of agricultural research institutes rather than direct supply and distribution of farm inputs to specific constituencies.",100
ERGP1246916,"PROVISION OF SCHOLARSHIP GRANT TO UNDERGRADUATES IN WUDIL/GARKO FEDERAL CONSTITUENCY, KANO STATE",215054001,AGRICULTURAL RESEARCH COUNCIL OF NIGERIA,,105000000.0,NO,HIGH,"The agency's mandate covers agricultural research, training, and extension activities but does not include providing general undergraduate scholarships to specific constituencies, which falls outside its core functions of coordinating agricultural research institutes and programs.",100
ERGP1246917,"SUPPLY AND INSTALLATIONS OF ALL-IN-ONE SOLAR STREET LIGHTS IN SELECTED AREAS IN ENUGU NORTH AND SOUTH FEDERAL CONSTITUENCY, ENUGU STATE",215054001,AGRICULTURAL RESEARCH COUNCIL OF NIGERIA,,140000000.0,NO,HIGH,"Installing solar street lights in federal constituencies falls outside ARCN's mandate which is specifically focused on agricultural research, training, and extension activities rather than general infrastructure development.",100
ERGP1246918,"SUPPLY OF COCOA SEEDLINGS TO FARMERS IN OBUBRA/ ETUNG FEDERAL CONSTITUENCY, CROSS RIVER STATE.",215054001,AGRICULTURAL RESEARCH COUNCIL OF NIGERIA,,140000000.0,PARTIAL,MEDIUM,"While ARCN supervises cocoa research institutes and coordinates agricultural research activities, direct supply of seedlings to farmers appears more aligned with extension/outreach activities rather than its core mandate of planning, coordinating, and regulating research activities.",50
ERGP1246919,"TRAINING ON DRUG ABUSE FOR YOUTH IN OBUBRA/ETUNG FEDERAL CONSTITUENCY, CROSS RIVER STATE.",215054001,AGRICULTURAL RESEARCH COUNCIL OF NIGERIA,,70000000.0,NO,HIGH,"Drug abuse training for youth falls under public health and social services, not agricultural research, training, and extension which is ARCN's specific mandate.",100
ERGP1246920,"SUPPLY OF FOOD ITEMS TO LOW INCOME EARNERS IN OBUBRA/ETUNG FEDERAL CONSTITUENCY, CROSS RIVER STATE.",215054001,AGRICULTURAL RESEARCH COUNCIL OF NIGERIA,,140000000.0,NO,HIGH,"Direct food supply to low income earners is a welfare/social intervention function that falls outside ARCN's research, training, and extension mandate which focuses on coordinating agricultural research institutes and developing agricultural science capacity.",100
ERGP1246921,"TRAINING ON THE USE OF FERTILIZERS FOR INCREASED YIELD IN OBUBRA/ETUNG FEDERAL CONSTITUENCY, CROSS RIVER STATE.",215054001,AGRICULTURAL RESEARCH COUNCIL OF NIGERIA,,70000000.0,YES,HIGH,Training on fertilizer use for increased agricultural yield directly falls within ARCN's mandate to coordinate and supervise agricultural training and extension activities.,0
ERGP1246922,"SUPPLY OF AGRICULTURAL INPUTS TO FARMERS IN OBUBRA/ETUNG FEDERAL CONSTITUENCY, CROSS RIVER STATE.",215054001,AGRICULTURAL RESEARCH COUNCIL OF NIGERIA,,140000000.0,NO,HIGH,"ARCN's mandate focuses on coordinating and supervising agricultural research, training, and extension activities rather than direct supply of agricultural inputs to farmers, which falls outside their core regulatory and coordination functions.",100
ERGP1246923,"PROVISION OF HOUSEHOLD ITEMS TO THE ELDERLY IN OBUBRA/ETUNG FEDERAL CONSTITUENCY, CROSS RIVER STATE.",215054001,AGRICULTURAL RESEARCH COUNCIL OF NIGERIA,,140000000.0,NO,HIGH,"Providing household items to elderly citizens is a social welfare activity that falls completely outside ARCN's mandate of agricultural research, training, and extension coordination.",100
ERGP1246924,"PROCUREMENTS AND SUPPLY OF SOLAR POWERED STREET LIGHTS IN ETSAKO EAST, WEST AND CENTRAL LGAS IN ETSAKO FEDERAL CONSTITUENCY, EDO STATE",215054001,AGRICULTURAL RESEARCH COUNCIL OF NIGERIA,,140000000.0,NO,HIGH,"Installing solar powered street lights in local government areas falls under infrastructure development and public utilities, which is completely outside ARCN's mandate of agricultural research, training, and extension activities.",100
ERGP1246925,"TRAINING AND PROVISION OF MODERN FARM TOOLS TO FARMERS IN ETSAKO EAST, CENTRAL AND WEST IN ETSAKO FEDERAL CONSTITUENCY, IN EDO STATE",215054001,AGRICULTURAL RESEARCH COUNCIL OF NIGERIA,,70000000.0,YES,HIGH,"This budget item directly aligns with ARCN's mandate to coordinate and supervise agricultural training and extension activities, which includes training farmers and promoting modern agricultural practices.",0
ERGP1246926,"MINI STADIUM IN OKO-ADO COMMUNITY, ALONG AJAH EKPE EXPRESS WAY, HAPPY LAND.",215054001,AGRICULTURAL RESEARCH COUNCIL OF NIGERIA,,350000000.0,NO,HIGH,"Construction of a mini stadium falls completely outside ARCN's mandate which is specifically focused on agricultural research, training, extension activities, and related scientific functions.",100
ERGP1246927,INSTALLATION OF SOLAR STREET LIGHTS TO SELECTED COMMUNITIES IN ORHIONMMWON/UHUNMWODE FEDERAL CONSTITUENCY,215054001,AGRICULTURAL RESEARCH COUNCIL OF NIGERIA,,140000000.0,NO,HIGH,"Installing solar street lights in communities falls outside ARCN's mandate which is specifically focused on agricultural research, training, and extension activities rather than community infrastructure development.",100
ERGP1246928,"CONSTRUCTION OF BOX CULVERTS ALONG RURAL ROADS IN EBONYI AND IZZI LGAS OF EBONYI NORTH SENATORIAL DISTRICT, EBONYI STATE.",215054001,AGRICULTURAL RESEARCH COUNCIL OF NIGERIA,,35000000.0,NO,HIGH,"Construction of box culverts along rural roads is infrastructure development that falls outside ARCN's mandate, which is specifically focused on agricultural research, training, and extension activities rather than road infrastructure projects.",100
ERGP1246929,"WORKSHOP FOR TRADITIONAL RULERS, WOMEN AND COMMUNITY LEADERS IN CONFLICT RESOLUTION IN MIKANG/SHENDAM/QUA'ANPAN FED CONST",215054001,AGRICULTURAL RESEARCH COUNCIL OF NIGERIA,,35000000.0,NO,HIGH,"This budget item focuses on conflict resolution training for traditional rulers and community leaders, which falls outside ARCN's mandate that specifically centers on agricultural research, training, and extension activities.",100
ERGP1246930,"DISTRIBUTION OF EMPOWERMENT ITEMS (MOTORCYCLE, GRINDING MACHINE, SEWING MACHINE) IN MIKANG/SHENDAM/QUA'ANPAN FED CONST",215054001,AGRICULTURAL RESEARCH COUNCIL OF NIGERIA,,105000000.0,NO,HIGH,"The distribution of empowerment items like motorcycles, grinding machines, and sewing machines to specific federal constituencies is not within ARCN's mandate, which focuses specifically on coordinating agricultural research, training, and extension activities rather than direct empowerment or constituency projects.",100
ERGP1246931,"SUPPLY OF FOOD ITEMS (RICE AND BENS) TO LESS PRIVILEGED PERSONS IN BRASS/NEMBE FED CONST, BAYELSA STATE",215054001,AGRICULTURAL RESEARCH COUNCIL OF NIGERIA,,140000000.0,NO,HIGH,"ARCN's mandate is focused on agricultural research, training, and extension activities, not direct food distribution or welfare programs to citizens.",100
ERGP1246932,"PROVISION OF BOREHOLE AND RETICULATION TO SETTLEMENTS AND COMMUNITIES, SOKOTO STATE",215054001,AGRICULTURAL RESEARCH COUNCIL OF NIGERIA,,14000000.0,NO,HIGH,"Providing boreholes and water reticulation to general settlements and communities is a water infrastructure development activity that falls outside ARCN's specific mandate of agricultural research, training, and extension coordination.",100
ERGP1246933,"PROVISION AND INSTALLATION OF ALL-IN-ONE SOLAR STREET LIGHT IN ZENCO GARDEN ESTATE, SABON LUGBE, ABUJA",215054001,AGRICULTURAL RESEARCH COUNCIL OF NIGERIA,,14000000.0,NO,HIGH,"Installing solar street lights in a residential estate falls outside ARCN's mandate, which is specifically focused on agricultural research, training, extension activities, and coordination of agricultural institutes, not residential infrastructure development.",100
ERGP1246934,"PROVISION AND INSTALLATION OF SOLAR POWERED STREET LIGHTS AT RUFAI QUARTERS, MISAU-BAUCHI STATE",215054001,AGRICULTURAL RESEARCH COUNCIL OF NIGERIA,,14000000.0,NO,HIGH,"Installing solar-powered street lights in residential quarters falls outside ARCN's mandate, which is specifically focused on agricultural research, training, and extension activities rather than infrastructure development or community lighting projects.",100
ERGP1246935,"PROVISION AND INSTALLATION OF SOLAR POWERED STREET LIGHTS AT HAVILAH CLOSE, OPPOSITE JEHOVAL WITNESS, AREA I, KARU LGA, NASARAWA STATE",215054001,AGRICULTURAL RESEARCH COUNCIL OF NIGERIA,,14000000.0,NO,HIGH,"Installing solar-powered street lights in a residential area falls outside ARCN's mandate, which is specifically focused on agricultural research, training, and extension activities rather than public infrastructure development.",100
ERGP1246936,"SUPPLY OF QUALITY GRAINS TO TUDUN WADA COMMUNITIES OF SOKOTO SOUTH LGA, SOKOTO STATE",215054001,AGRICULTURAL RESEARCH COUNCIL OF NIGERIA,,35000000.0,NO,HIGH,"ARCN's mandate focuses on coordinating agricultural research, training, and extension activities rather than direct supply or distribution of agricultural commodities to communities.",100
ERGP1246937,PROVISION AND INSTALLATION OF SOLAR POWERED STREET LIGHTS IN SOME SELECTED COMMUNITIES OF GUSAU LGA,215054001,AGRICULTURAL RESEARCH COUNCIL OF NIGERIA,,11787222.0,NO,HIGH,"Installing solar-powered street lights in communities is an infrastructure development activity that falls outside ARCN's mandate which is specifically focused on agricultural research, training, and extension activities.",100
ERGP1246898,"INSTALLATION OF SOLAR STREET LIGHTS AS A MEANS OF DEVELOPMENT IN SEMI - URBAN AREAS IN ENUGU SOUTH LGA, ENUGU STATE",215054001,AGRICULTURAL RESEARCH COUNCIL OF NIGERIA,,175000000.0,NO,HIGH,"Installing solar street lights in semi-urban areas is infrastructure development that falls outside ARCN's mandate which specifically focuses on agricultural research, training, and extension activities rather than general community infrastructure projects.",100
ERGP1246899,"SUPPLY OF (PSN) AGRICULTURAL MATERIALS/TRANSFORMATIONAL TRAINING TO THE DISADVANTAGED PEOPLE IN ENUGU EAST/ISI UZO FEDERAL CONSTITUENCY,",215054001,AGRICULTURAL RESEARCH COUNCIL OF NIGERIA,,105000000.0,PARTIAL,MEDIUM,"While the training component aligns with ARCN's mandate for agricultural training and extension activities, the direct supply of materials to specific constituencies appears to be more of an implementation/distribution function rather than ARCN's core coordinating and supervisory role.",50
ERGP1246900,"SUPPLY OF SOLAR STREET LIGHTS IN SELECTED COMMUNITIES IN (PSN), ENUGU EAST/ISI-UZO FEDERAL CONSTITUENCY, ENUGU STATE",215054001,AGRICULTURAL RESEARCH COUNCIL OF NIGERIA,,210000000.0,NO,HIGH,"Supplying solar street lights to communities falls outside ARCN's mandate which specifically focuses on agricultural research, training, and extension activities rather than infrastructure development or electrification projects.",100
ERGP1246901,SUPPLY OF VEHICLES FOR SPECIAL PURPOSE IN NEED AT SOME SELECTED INSTITUTIONS AND CENTRES AT RIMI AND SOME SELECTED COMMUNITIES WITHIN THE,215054001,AGRICULTURAL RESEARCH COUNCIL OF NIGERIA,,140000000.0,PARTIAL,MEDIUM,"While ARCN supervises various agricultural research institutes and centers that may require vehicles for their operations, the budget item's vague description and reference to ""special purpose"" vehicles in ""selected communities"" lacks clear connection to the agency's core mandate of coordinating agricultural research, training, and extension activities.",50
ERGP1246902,"SUPPLY OF FERTILIZER TO THE PEOPLE OF BADAKE, KAYAUKI AND SOME SELECTED COMMUNITIES WITHIN THE CONSTITUENCY",215054001,AGRICULTURAL RESEARCH COUNCIL OF NIGERIA,,140000000.0,NO,HIGH,"ARCN's mandate focuses on coordinating and supervising agricultural research, training, and extension activities rather than direct supply of fertilizers to communities, which is an operational agricultural input distribution function outside their research coordination role.",100
ERGP1246903,"PROVISION OF FARM INPUTS AND IMPLEMENTS TO THE PEOPLE OF MANGU/BOKKOS FEDERAL CONSTITUENCY, PLATEAU. STATE",215054001,AGRICULTURAL RESEARCH COUNCIL OF NIGERIA,,175000000.0,NO,HIGH,"ARCN's mandate focuses on coordinating and supervising agricultural research, training, and extension activities rather than direct provision of farm inputs and implements to specific constituencies, which is outside their core regulatory and coordinating functions.",100
ERGP1246904,"CONSTRUCTION/DEVELOPMENT OF RURAL MARKETS/MARKET HOUSE
",215054001,AGRICULTURAL RESEARCH COUNCIL OF NIGERIA,,525000000.0,NO,HIGH,"Construction and development of rural markets/market houses falls outside ARCN's mandate, which is specifically focused on agricultural research, training, and extension activities rather than physical market infrastructure development.",100
ERGP1246905,RECONSTRUCTION OF SELECTED DILAPIDATED FARMERS ACCESS ROADS IN ENUGU EZIKE TO ENABLE COMMUNITIES ACCESS-LOTS 1-4,215054001,AGRICULTURAL RESEARCH COUNCIL OF NIGERIA,,1400000000.0,NO,HIGH,"Road reconstruction falls outside ARCN's mandate which focuses specifically on agricultural research, training, extension coordination, and supervision of research institutes rather than infrastructure development or road construction projects.",100
ERGP1246906,INSTALLATION OF MOTORIZED BOREHOLE WITH OVERHEAD TANK IN SELECTED COMMUNITIES ACROSS THE COUNTRY: LOTS 1-3,215054001,AGRICULTURAL RESEARCH COUNCIL OF NIGERIA,,1050000000.0,NO,HIGH,"Installing motorized boreholes with overhead tanks in communities is a water infrastructure development activity that falls outside ARCN's mandate, which is specifically focused on agricultural research, training, and extension activities rather than community water supply projects.",100
ERGP1246907,GADING AND ASPHALTING OF SELECTED RURAL FARMING ROAD IN LAGOS (MULTIPLE LOTS),215054001,AGRICULTURAL RESEARCH COUNCIL OF NIGERIA,,1400000000.0,NO,HIGH,"Road grading and asphalting is infrastructure construction work that falls outside ARCN's mandate which focuses specifically on agricultural research, training, extension activities, and coordination of research institutes rather than physical infrastructure development.",100
ERGP1246908,INSTALLATION OF SOLAR HOME SYSTEMS FOR SELECTED AGRICULTURAL RURAL VILLAGES IN SOUTHWEST(multiple lots),215054001,AGRICULTURAL RESEARCH COUNCIL OF NIGERIA,,1400000000.0,PARTIAL,MEDIUM,"While solar systems for agricultural rural villages could support extension activities and rural development that facilitates agricultural research and training, direct infrastructure installation appears peripheral to ARCN's core mandate of coordinating, supervising and regulating agricultural research, training, and extension activities.",50
ERGP1246909,CONSTRUCTION AND TARRING (WITH ASPHALT) OF DADINKOWA - MAGANDA ROAD IN DOGUWA LOCAL GOVERNMENT AREA OF KANO STATE (MULTIPLE LOTS),215054001,AGRICULTURAL RESEARCH COUNCIL OF NIGERIA,,1050000000.0,NO,HIGH,"Road construction and tarring falls under infrastructure development which is outside ARCN's mandate that specifically focuses on agricultural research, training, extension activities, and coordination of agricultural institutes.",100
ERGP1246910,"PROVISION OF GRAINS TO SOME SELECTED COMMUNITIES ACROSS OJU/OBI FEDERAL CONSTITUENCY, BENUE STATE, (MULTIPLE LOTS)",215054001,AGRICULTURAL RESEARCH COUNCIL OF NIGERIA,,140000000.0,NO,HIGH,"ARCN's mandate focuses on coordinating agricultural research, training, and extension activities rather than direct distribution of grains to communities, which is a relief/welfare function outside their core responsibilities.",100
ERGP1246911,CONSTRUCTION OF HAND PUMP BOREHOLE IN MIKANG /SHENDAM/QUA'AN-PAN FEDERAL CONSTITUENCY PLATEAU STATE.,215054001,AGRICULTURAL RESEARCH COUNCIL OF NIGERIA,,91000000.0,NO,HIGH,"Construction of hand pump boreholes is a water infrastructure project that falls outside ARCN's mandate of planning, coordinating, and regulating agricultural research, training, and extension activities.",100
ERGP1246912,"CONSTRUCTION OF BLOCKS OF CLASSROOMS IN WUDIL/GARKO FEDERAL CONSTITUENCY, KANO STATE",215054001,AGRICULTURAL RESEARCH COUNCIL OF NIGERIA,,210000000.0,PARTIAL,MEDIUM,"While ARCN oversees Federal Colleges of Agriculture that require educational infrastructure, the budget item's specific geographic targeting to a particular constituency suggests political rather than institutional needs-based allocation.",50
ERGP1246913,"CONSTRUCTION AND RENOVATION OF PRIMARY HEALTH CENTRES IN WUDIL/GARKO FEDERAL CONSTITUENCY, KANO STATE",215054001,AGRICULTURAL RESEARCH COUNCIL OF NIGERIA,,140000000.0,NO,HIGH,"The construction and renovation of primary health centres falls under healthcare infrastructure, which is completely outside ARCN's mandate that is strictly focused on agricultural research, training, and extension activities.",100
ERGP1246914,"SUPPLY & INSTALLATION OF SOLAR STREET LIGHTS IN WUDIL/GARKO FEDERAL CONSTITUENCY, KANO STATE",215054001,AGRICULTURAL RESEARCH COUNCIL OF NIGERIA,,140000000.0,NO,HIGH,"Installing solar street lights in a specific federal constituency is infrastructure development outside ARCN's mandate of coordinating agricultural research, training, and extension activities.",100
ERGP1246915,"SUPPLY AND DISTRIBUTION OF FARM INPUTS IN WUDIL/GARKO FEDERAL CONSTITUENCY, KANO STATE",215054001,AGRICULTURAL RESEARCH COUNCIL OF NIGERIA,,105000000.0,NO,HIGH,"ARCN's mandate focuses on research coordination, planning, and supervision of agricultural research institutes rather than direct supply and distribution of farm inputs to specific constituencies, which is an operational/implementation activity outside their research-coordinating role.",100
ERGP1246916,"PROVISION OF SCHOLARSHIP GRANT TO UNDERGRADUATES IN WUDIL/GARKO FEDERAL CONSTITUENCY, KANO STATE",215054001,AGRICULTURAL RESEARCH COUNCIL OF NIGERIA,,105000000.0,NO,HIGH,"The budget item specifies scholarships for undergraduates in a specific federal constituency, which is geographically targeted political spending that falls outside ARCN's technical mandate of coordinating agricultural research, training, and extension activities.",100
ERGP1246917,"SUPPLY AND INSTALLATIONS OF ALL-IN-ONE SOLAR STREET LIGHTS IN SELECTED AREAS IN ENUGU NORTH AND SOUTH FEDERAL CONSTITUENCY, ENUGU STATE",215054001,AGRICULTURAL RESEARCH COUNCIL OF NIGERIA,,140000000.0,NO,HIGH,"Installing solar street lights in federal constituencies is an infrastructure development activity that falls outside ARCN's mandate of agricultural research, training, and extension coordination.",100
ERGP1246918,"SUPPLY OF COCOA SEEDLINGS TO FARMERS IN OBUBRA/ ETUNG FEDERAL CONSTITUENCY, CROSS RIVER STATE.",215054001,AGRICULTURAL RESEARCH COUNCIL OF NIGERIA,,140000000.0,PARTIAL,MEDIUM,"While ARCN supervises cocoa research institutes and coordinates agricultural research activities, direct supply of seedlings to farmers appears to be more of an extension/distribution activity that may fall outside their core mandate of planning, coordinating, and regulating research rather than direct field implementation.",50
ERGP1246919,"TRAINING ON DRUG ABUSE FOR YOUTH IN OBUBRA/ETUNG FEDERAL CONSTITUENCY, CROSS RIVER STATE.",215054001,AGRICULTURAL RESEARCH COUNCIL OF NIGERIA,,70000000.0,NO,HIGH,"Training on drug abuse for youth is not related to agricultural research, training, or extension activities which are ARCN's core mandate areas.",100
ERGP1246920,"SUPPLY OF FOOD ITEMS TO LOW INCOME EARNERS IN OBUBRA/ETUNG FEDERAL CONSTITUENCY, CROSS RIVER STATE.",215054001,AGRICULTURAL RESEARCH COUNCIL OF NIGERIA,,140000000.0,NO,HIGH,"ARCN's mandate focuses on agricultural research, training, extension, and coordination activities, not direct food distribution or welfare programs to specific constituencies.",100
ERGP1246921,"TRAINING ON THE USE OF FERTILIZERS FOR INCREASED YIELD IN OBUBRA/ETUNG FEDERAL CONSTITUENCY, CROSS RIVER STATE.",215054001,AGRICULTURAL RESEARCH COUNCIL OF NIGERIA,,70000000.0,YES,HIGH,Training on fertilizer use for increased agricultural yield directly falls within ARCN's mandate to coordinate and supervise agricultural training and extension activities.,0
ERGP1246922,"SUPPLY OF AGRICULTURAL INPUTS TO FARMERS IN OBUBRA/ETUNG FEDERAL CONSTITUENCY, CROSS RIVER STATE.",215054001,AGRICULTURAL RESEARCH COUNCIL OF NIGERIA,,140000000.0,NO,HIGH,"ARCN's mandate focuses on coordinating and supervising agricultural research, training, and extension activities rather than direct supply of agricultural inputs to farmers, which is typically an implementation function outside their core responsibilities.",100
ERGP1246923,"PROVISION OF HOUSEHOLD ITEMS TO THE ELDERLY IN OBUBRA/ETUNG FEDERAL CONSTITUENCY, CROSS RIVER STATE.",215054001,AGRICULTURAL RESEARCH COUNCIL OF NIGERIA,,140000000.0,NO,HIGH,"Providing household items to elderly citizens is a social welfare activity that falls outside ARCN's specific mandate of agricultural research, training, extension, and coordination of agricultural institutes.",100
ERGP1246924,"PROCUREMENTS AND SUPPLY OF SOLAR POWERED STREET LIGHTS IN ETSAKO EAST, WEST AND CENTRAL LGAS IN ETSAKO FEDERAL CONSTITUENCY, EDO STATE",215054001,AGRICULTURAL RESEARCH COUNCIL OF NIGERIA,,140000000.0,NO,HIGH,"Procuring solar-powered street lights for local government areas falls outside ARCN's mandate, which focuses specifically on agricultural research, training, and extension activities rather than general infrastructure development.",100
ERGP1246925,"TRAINING AND PROVISION OF MODERN FARM TOOLS TO FARMERS IN ETSAKO EAST, CENTRAL AND WEST IN ETSAKO FEDERAL CONSTITUENCY, IN EDO STATE",215054001,AGRICULTURAL RESEARCH COUNCIL OF NIGERIA,,70000000.0,PARTIAL,MEDIUM,"While training farmers aligns with ARCN's mandate for agricultural training and extension activities, the provision of modern farm tools appears to be an implementation activity that falls outside their core coordinating and supervisory role.",50
ERGP1246926,"MINI STADIUM IN OKO-ADO COMMUNITY, ALONG AJAH EKPE EXPRESS WAY, HAPPY LAND.",215054001,AGRICULTURAL RESEARCH COUNCIL OF NIGERIA,,350000000.0,NO,HIGH,"Building a mini stadium in a specific community falls outside ARCN's mandate, which is focused exclusively on agricultural research, training, extension activities, and related scientific functions rather than sports infrastructure development.",100
ERGP1246927,INSTALLATION OF SOLAR STREET LIGHTS TO SELECTED COMMUNITIES IN ORHIONMMWON/UHUNMWODE FEDERAL CONSTITUENCY,215054001,AGRICULTURAL RESEARCH COUNCIL OF NIGERIA,,140000000.0,NO,HIGH,"Installing solar street lights in communities falls outside ARCN's mandate which is specifically focused on agricultural research, training, and extension activities rather than community infrastructure development.",100
ERGP1246928,"CONSTRUCTION OF BOX CULVERTS ALONG RURAL ROADS IN EBONYI AND IZZI LGAS OF EBONYI NORTH SENATORIAL DISTRICT, EBONYI STATE.",215054001,AGRICULTURAL RESEARCH COUNCIL OF NIGERIA,,35000000.0,NO,HIGH,"Construction of box culverts along rural roads is infrastructure development work that falls outside ARCN's mandate of agricultural research, training, extension coordination, and supervision of agricultural research institutes.",100
ERGP1246929,"WORKSHOP FOR TRADITIONAL RULERS, WOMEN AND COMMUNITY LEADERS IN CONFLICT RESOLUTION IN MIKANG/SHENDAM/QUA'ANPAN FED CONST",215054001,AGRICULTURAL RESEARCH COUNCIL OF NIGERIA,,35000000.0,NO,HIGH,"This budget item focuses on conflict resolution training for traditional rulers and community leaders, which falls outside ARCN's specific mandate of coordinating agricultural research, training, and extension activities.",100
ERGP1246930,"DISTRIBUTION OF EMPOWERMENT ITEMS (MOTORCYCLE, GRINDING MACHINE, SEWING MACHINE) IN MIKANG/SHENDAM/QUA'ANPAN FED CONST",215054001,AGRICULTURAL RESEARCH COUNCIL OF NIGERIA,,105000000.0,NO,HIGH,"This budget item involves direct distribution of empowerment items to constituents, which falls outside ARCN's mandate that focuses specifically on coordinating agricultural research, training, and extension activities through research institutes and educational institutions.",100
ERGP1246931,"SUPPLY OF FOOD ITEMS (RICE AND BENS) TO LESS PRIVILEGED PERSONS IN BRASS/NEMBE FED CONST, BAYELSA STATE",215054001,AGRICULTURAL RESEARCH COUNCIL OF NIGERIA,,140000000.0,NO,HIGH,"Direct food distribution to less privileged persons is a welfare/social intervention activity that falls outside ARCN's mandate of agricultural research, training, extension coordination, and supervision of research institutes.",100
ERGP1246932,"PROVISION OF BOREHOLE AND RETICULATION TO SETTLEMENTS AND COMMUNITIES, SOKOTO STATE",215054001,AGRICULTURAL RESEARCH COUNCIL OF NIGERIA,,14000000.0,NO,HIGH,"Providing boreholes and water reticulation to general settlements and communities is a water infrastructure development activity that falls outside ARCN's specific mandate of agricultural research, training, and extension coordination.",100
ERGP1246933,"PROVISION AND INSTALLATION OF ALL-IN-ONE SOLAR STREET LIGHT IN ZENCO GARDEN ESTATE, SABON LUGBE, ABUJA",215054001,AGRICULTURAL RESEARCH COUNCIL OF NIGERIA,,14000000.0,NO,HIGH,"Installing solar street lights in a residential estate falls outside ARCN's mandate, which is specifically focused on agricultural research, training, and extension activities rather than urban infrastructure development.",100
ERGP1246934,"PROVISION AND INSTALLATION OF SOLAR POWERED STREET LIGHTS AT RUFAI QUARTERS, MISAU-BAUCHI STATE",215054001,AGRICULTURAL RESEARCH COUNCIL OF NIGERIA,,14000000.0,NO,HIGH,"Installing solar powered street lights in residential quarters falls outside ARCN's mandate which is specifically focused on agricultural research, training, extension activities, and coordination of agricultural institutes rather than infrastructure development or community lighting projects.",100
ERGP1246935,"PROVISION AND INSTALLATION OF SOLAR POWERED STREET LIGHTS AT HAVILAH CLOSE, OPPOSITE JEHOVAL WITNESS, AREA I, KARU LGA, NASARAWA STATE",215054001,AGRICULTURAL RESEARCH COUNCIL OF NIGERIA,,14000000.0,NO,HIGH,"Installing solar powered street lights in a residential area falls outside ARCN's mandate which is specifically focused on agricultural research, training, extension activities, and coordinating National Agricultural Research Institutes.",100
ERGP1246936,"SUPPLY OF QUALITY GRAINS TO TUDUN WADA COMMUNITIES OF SOKOTO SOUTH LGA, SOKOTO STATE",215054001,AGRICULTURAL RESEARCH COUNCIL OF NIGERIA,,35000000.0,NO,HIGH,"ARCN's mandate focuses on coordinating agricultural research, training, and extension activities rather than direct supply or distribution of agricultural commodities to communities.",100
ERGP1246937,PROVISION AND INSTALLATION OF SOLAR POWERED STREET LIGHTS IN SOME SELECTED COMMUNITIES OF GUSAU LGA,215054001,AGRICULTURAL RESEARCH COUNCIL OF NIGERIA,,11787222.0,NO,HIGH,"Installing solar-powered street lights in communities falls under infrastructure development and public utilities, which is completely outside ARCN's mandate of agricultural research, training, and extension activities.",100
ERGP1246938,"PROVISION AND INSTALLATION OF SOLAR STREET LIGHTS IN SOME SELECTED AREAS OF IMIEGBA, ETSAKO EAST LGA, EDO STATE",215054001,AGRICULTURAL RESEARCH COUNCIL OF NIGERIA,,21000000.0,NO,HIGH,"Installing solar street lights in local government areas falls outside ARCN's mandate, which is specifically focused on coordinating agricultural research, training, and extension activities rather than infrastructure development or community electrification projects.",100
ERGP1246939,PROVISION AND INSTALLATION OF SOLAR STREET LIGHT IN ABIRIBA COMMUNITY IN OHAFIA LG OF ABIA STATE,215054001,AGRICULTURAL RESEARCH COUNCIL OF NIGERIA,,66556533.0,NO,HIGH,"Installing solar street lights in a specific community falls outside ARCN's mandate, which focuses on coordinating agricultural research, training, and extension activities rather than community infrastructure development.",100
ERGP1246940,PROVISION AND INSTALLATION OF SOLAR STREET LIGHT IN SOME SELECTED LOCAL GOVERNMENT AREAS IN OYO STATE,215054001,AGRICULTURAL RESEARCH COUNCIL OF NIGERIA,,105000000.0,NO,HIGH,"Installing solar street lights in local government areas is infrastructure development work that falls outside ARCN's mandate of coordinating agricultural research, training, and extension activities.",100
ERGP1246941,EMPOWERMENT OF YOUTHS WITH EMPOWERMENT ITEMS IN SELECTED COMMUNITIES OF BATAGARAWA/CHARANCHI/RIMI FEDERAL CONSTITUENCY KATSINA STATE TO,215054001,AGRICULTURAL RESEARCH COUNCIL OF NIGERIA,,305392500.0,NO,HIGH,"This budget item appears to be a constituency-based youth empowerment project that falls outside ARCN's specific mandate of coordinating agricultural research, training, and extension activities through scientific institutions and research programs.",100
ERGP1246942,"TRAINING OF YOUTHS ON GRAINS RESEARCH.
",215054001,AGRICULTURAL RESEARCH COUNCIL OF NIGERIA,,21000000.0,YES,HIGH,"Training on grains research directly aligns with ARCN's mandate to coordinate and supervise agricultural research and training activities, particularly through its Plant Resources department and supervision of commodity research institutes including cereals research.",0
ERGP1246943,INSTALLATION OF SOLAR POWERED BOREHOLE TO ENHANCE FOOD PRODUCTION IN SELECTED COMMUNITIES IN RIVERS WEST SENATORIAL DISTRICT.,215054001,AGRICULTURAL RESEARCH COUNCIL OF NIGERIA,,35000000.0,NO,HIGH,"ARCN's mandate focuses on coordinating and regulating agricultural research, training, and extension activities through institutes rather than direct infrastructure provision like solar-powered boreholes to specific communities.",100
ERGP1246944,"CONSTRUCTION OF DRAINAGES AT NWORI MARKET IN EBONYI LGA OF EBONYI NORTH SENATORIAL DISTRICT, EBONYI STATE.",215054001,AGRICULTURAL RESEARCH COUNCIL OF NIGERIA,,84000000.0,NO,HIGH,"Construction of market drainage infrastructure falls outside ARCN's mandate which is specifically focused on agricultural research, training, and extension activities rather than general infrastructure development.",100
ERGP1246945,"SUPPLY OF GRAINS TO NEEDY COMMUNITIES IN OSHIE AND OJEBE OGENE IN UDI LGA, ENUGU STATE",215054001,AGRICULTURAL RESEARCH COUNCIL OF NIGERIA,,70000000.0,NO,HIGH,"ARCN's mandate focuses on agricultural research, training, extension coordination, and policy advisory functions, not direct food distribution or relief supply to communities.",100
ERGP1246946,SUPPLY OF STATIONARIES TO SOME SELECTED SCHOOLS IN ENUGU EAST SENATORIAL DISTRICT.,215054001,AGRICULTURAL RESEARCH COUNCIL OF NIGERIA,,14000000.0,NO,HIGH,"Supplying stationeries to schools in a specific senatorial district is not within ARCN's mandate, which focuses specifically on agricultural research, training, and extension activities through National Agricultural Research Institutes and Federal Colleges of Agriculture, not general education support to schools.",100
ERGP1246947,PURCHASE AND INSTALLATION OF 4 NEW UNITS OF 300KVA TRANSFORMERS IN ENUGU EAST SENATORIAL DISTRICT,215054001,AGRICULTURAL RESEARCH COUNCIL OF NIGERIA,,70000000.0,NO,HIGH,"Installing transformers in a specific senatorial district is infrastructure development work that falls outside ARCN's mandate of coordinating agricultural research, training, and extension activities.",100
ERGP1246948,"SUPPLY OF SOLAR STREETLIGHTS IN ENUGU EAST SENATORIAL DISTRICT
",215054001,AGRICULTURAL RESEARCH COUNCIL OF NIGERIA,,21000000.0,NO,HIGH,"Supply of solar streetlights in a senatorial district is infrastructure development unrelated to ARCN's mandate of coordinating agricultural research, training, and extension activities.",100
ERGP1246949,"SUPPLY OF STATIONARIES TO SOME SELECTED SCHOOLS IN ENUGU EAST SENATORIAL DISTRICT, ENUGU STATE",215054001,AGRICULTURAL RESEARCH COUNCIL OF NIGERIA,,21000000.0,NO,HIGH,"ARCN's mandate focuses specifically on agricultural research, training, and extension activities through agricultural institutions, not general educational support to schools in specific senatorial districts.",100
ERGP1246950,"ECONOMIC EMPOWERMENT OF YOUTH WITH MOTOCYCLES AND GENERATORS IN DELTA SOUTH SENATORIAL DISTRICT, DELTA STATE",215054001,AGRICULTURAL RESEARCH COUNCIL OF NIGERIA,,70000000.0,NO,HIGH,"This budget item involves direct distribution of motorcycles and generators to youth in a specific senatorial district, which falls outside ARCN's mandate of coordinating agricultural research, training, and extension activities rather than implementing economic empowerment programs.",100
ERGP1246951,"ALL-IN-ONE SOLAR STREET LIGHT IN AVIARA COMMUNITY, ISOKO SOUTH LGA DELTA SOUTH SENATORIAL DISTRICT, DELTA STATE",215054001,AGRICULTURAL RESEARCH COUNCIL OF NIGERIA,,35000000.0,NO,HIGH,"Installing solar street lights in a specific community falls under infrastructure development and has no connection to ARCN's mandate of agricultural research, training, extension activities, or supervision of agricultural research institutes.",100
ERGP1246952,"PROVISION AND INSTALLATION OF SOLAR POWERED STREET LIGHTS IN SELECTED COMMUNITIES IN EKWUSIGO AND IHIALA LGA, ANAMBRA STATE",215054001,AGRICULTURAL RESEARCH COUNCIL OF NIGERIA,,70000000.0,NO,HIGH,"Installing solar-powered street lights in communities falls outside ARCN's mandate which is specifically focused on agricultural research, training, extension activities, and coordination of agricultural research institutes rather than infrastructure development or community lighting projects.",100
ERGP1246953,"PROVISION AND INSTALLATION OF SOLAR POWERED STREET LIGHTS IN SELECTED COMMUNITIES IN ORUMBA NORTH AND ORUMBA SOUTH LGA, ANAMBRA STATE",215054001,AGRICULTURAL RESEARCH COUNCIL OF NIGERIA,,70000000.0,NO,HIGH,"Installing solar-powered street lights in communities falls outside ARCN's mandate which is specifically focused on agricultural research, training, extension activities, and coordinating National Agricultural Research Institutes rather than community infrastructure development.",100
ERGP1246954,"PROVISION AND INSTALLATION OF SOLAR POWERED STREET LIGHTS IN SELECTED COMMUNITIES IN AGUATA LGA, ANAMBRA STATE",215054001,AGRICULTURAL RESEARCH COUNCIL OF NIGERIA,,70000000.0,NO,HIGH,"Installing solar powered street lights in communities falls under infrastructure development and rural electrification, which is outside ARCN's mandate that specifically focuses on agricultural research, training, and extension activities.",100
ERGP1246955,"REHABILITATION AND REPAIRS OF FAILING ROADS IN AGUATA LGA, ANAMBRA STATE
",215054001,AGRICULTURAL RESEARCH COUNCIL OF NIGERIA,,210000000.0,NO,HIGH,"Road rehabilitation in a specific local government area falls under infrastructure development responsibilities of transportation or works agencies, not agricultural research coordination which is ARCN's core mandate.",100
ERGP1246956,"CONSTRUCTION OF ALTERNATIVE ENERGY AROUND THE RURAL SCHOOLS IN CROSS RIVER CENTRAL SENATORIAL DISTRICT, CROSS RIVER STATE",215054001,AGRICULTURAL RESEARCH COUNCIL OF NIGERIA,,140000000.0,NO,HIGH,"The budget item involves construction of alternative energy infrastructure for rural schools, which falls outside ARCN's mandate that specifically focuses on agricultural research, training, and extension activities rather than energy infrastructure or general education facility development.",100
ERGP1246957,"LIGHTING UP THE FARM ROADS WITHIN THE RURAL VILLAGES IN CROSS RIVER CENTRAL SENATORIAL DISTRICT, CROSS RIVER STATE.",215054001,AGRICULTURAL RESEARCH COUNCIL OF NIGERIA,,140000000.0,NO,HIGH,"Installing lighting infrastructure on farm roads is a public works/infrastructure development activity that falls outside ARCN's mandate of agricultural research, training, extension coordination, and knowledge management.",100
ERGP1246958,"GRADING OF AGBA 1 & AGBA 2 RURAL ROADS IN BOKI L.G.A, CROSS RIVER CENTRAL SENATORIAL DISTRICT, CROSS RIVER STATE.",215054001,AGRICULTURAL RESEARCH COUNCIL OF NIGERIA,,35000000.0,NO,HIGH,"Road grading and infrastructure development falls outside ARCN's mandate which is specifically focused on agricultural research, training, extension activities, and coordination of agricultural research institutes.",100
ERGP1246959,"RENOVATION OF EMORE GRAMMER SCHOOL OLE IN ISOKO SOUTH LGA, DELTA SOUTH SENATORIAL DISTRICT OF DELTA STATE.",215054001,AGRICULTURAL RESEARCH COUNCIL OF NIGERIA,,35000000.0,NO,HIGH,"Renovating a grammar school falls under basic education infrastructure, which is outside ARCN's mandate that specifically focuses on agricultural research, training, and extension activities in specialized agricultural institutions.",100
ERGP1246960,"RENOVATION OF THE TIMIKURO PRIMARY SCHOOL, OGBOBAGBENE TOWN, BURUTU LGA, IN DELTA SOUTH SENATORIAL DISTRICT, DELTA STATE.",215054001,AGRICULTURAL RESEARCH COUNCIL OF NIGERIA,,35000000.0,NO,HIGH,"Renovating a primary school falls outside ARCN's mandate, which is specifically focused on agricultural research, training, and extension activities rather than general primary education infrastructure.",100
ERGP1246961,"CONSTRUCTION OF LECTURE THEATER AT MARY-MARTHA POLYTECHNIC, AT OTOR- OWHE, ISOKO NORTH LGA, DELTA SOUTH SENATORIAL DISTRICT, DELTA STATE.",215054001,AGRICULTURAL RESEARCH COUNCIL OF NIGERIA,,70000000.0,NO,HIGH,"ARCN's mandate is specifically focused on agricultural research, training, and extension activities through National Agricultural Research Institutes and Federal Colleges of Agriculture, not general polytechnic infrastructure development.",100
ERGP1246962,"CONSTRUCTION OF OZORO INTERNAL ROAD, ISOKO NORTH LGA, DELTA SOUTH SENATORIAL DISTRICT, DELTA STATE.",215054001,AGRICULTURAL RESEARCH COUNCIL OF NIGERIA,,70000000.0,NO,HIGH,"Construction of internal roads in local government areas falls outside ARCN's mandate, which is specifically focused on coordinating agricultural research, training, and extension activities rather than infrastructure development or road construction.",100
ERGP1246963,"CONSTRUCTION OF INTERNAL ROAD IN OWHELOGBO COMMUNITY IN ISOKO NORTH LGA IN DELTA SOUTH SENATORIAL DISTRICT, DELTA STATE.",215054001,AGRICULTURAL RESEARCH COUNCIL OF NIGERIA,,70000000.0,NO,HIGH,"Construction of internal roads in local communities falls outside ARCN's mandate, which is specifically focused on agricultural research, training, extension activities, and coordination of agricultural research institutes rather than infrastructure development in communities.",100
ERGP1246964,"CONSTRUCTION OF INTERNAL ROAD IN OTOR-IYEDE COMMUNITY, IN ISOKO NORTH LGA IN DELTA SOUTH SENATORIAL DISTRICT, DELTA STATE.",215054001,AGRICULTURAL RESEARCH COUNCIL OF NIGERIA,,70000000.0,NO,HIGH,"Construction of internal roads in a specific community falls under infrastructure development responsibilities that are outside ARCN's mandate, which is specifically focused on agricultural research, training, and extension activities coordination and supervision.",100
ERGP1246965,"CONSTRUCTION OF OKOTIEBOH ROAD IN OFAGBE, ISOKO NORTH LGA IN DELTA SOUTH SENATORIAL DISTRICT, DELTA STATE.",215054001,AGRICULTURAL RESEARCH COUNCIL OF NIGERIA,,70000000.0,NO,HIGH,"Road construction in a specific local government area falls outside ARCN's mandate which is specifically focused on agricultural research, training, extension activities, and coordination of agricultural research institutes rather than infrastructure development.",100
ERGP1246966,"SUPPLY AND INSTALLATION OF ALL-IN-ONE STREET LIGHTS IN TORU - ANGIAMA COMMUNITY PATANI LGA, DELTA SOUTH SENATORIAL DISTRICT, DELTA STATE.",215054001,AGRICULTURAL RESEARCH COUNCIL OF NIGERIA,,35000000.0,NO,HIGH,"Installing street lights in a community is infrastructure development work that falls outside ARCN's mandate of coordinating agricultural research, training, and extension activities.",100
ERGP1246967,"SUPPLY AND INSTALLATION OF ALL-IN-ONE STREET LIGHTS IN DEGHELE COMMUNITY WARRI SOUTH WEST LGA, DELTA SOUTH SENATORIAL DISTRICT, DELTA STATE.",215054001,AGRICULTURAL RESEARCH COUNCIL OF NIGERIA,,35000000.0,NO,HIGH,"Installing street lights in a specific community falls under infrastructure development and municipal services, which is completely outside ARCN's mandate of agricultural research, training, and extension activities.",100
ERGP1246968,"CONSTRUCTION OF SIX CLASSROOMS WITH TOILETS AND ONE OFFICE IN BIBOPERE ZION COMMUNITY WARRI SOUTH WEST LGA, IN DELTA SOUTH SENATORIAL DISTRICT,",215054001,AGRICULTURAL RESEARCH COUNCIL OF NIGERIA,,70000000.0,NO,HIGH,"Construction of classrooms and offices in a specific community falls outside ARCN's mandate, which focuses on coordinating agricultural research, training, and extension activities through established National Agricultural Research Institutes and Federal Colleges of Agriculture, not community infrastructure development.",100
ERGP1246969,"CONSTRUCTION OF ROAD IN ENUGU EAST SENATORIAL DISTRICT, ENUGU STATE
",215054001,AGRICULTURAL RESEARCH COUNCIL OF NIGERIA,,280000000.0,NO,HIGH,"Construction of roads falls outside ARCN's mandate which is specifically focused on agricultural research, training, extension activities, and coordination of agricultural institutes, with no authority over infrastructure development projects.",100
ERGP1246970,"PROVISION OF GRAINS FOR THE PEOPLE OF ENUGU EAST SENATORIAL DISTRICT, ENUGU STATE",215054001,AGRICULTURAL RESEARCH COUNCIL OF NIGERIA,,140000000.0,NO,HIGH,"ARCN's mandate focuses on coordinating agricultural research, training, and extension activities rather than direct distribution of food commodities to specific geographic constituencies.",100
ERGP1246971,"CONSTRUCTION OF NOMEH BRIDGE IN NKANU EAST, IN ENUGU EAST SEANTORIAL DISTRICT, ENUGU STATE",215054001,AGRICULTURAL RESEARCH COUNCIL OF NIGERIA,,70000000.0,NO,HIGH,"Bridge construction is infrastructure development that falls outside ARCN's mandate which is specifically focused on agricultural research, training, extension activities, and coordination of agricultural research institutes.",100
ERGP1246972,CONSTRUCTION OF LEVEL 1 PRIMARY HEALTH CENTER IN AMAGUNZE COMMUNITY IN ENUGU EAST SENATORIAL DISTRICT,215054001,AGRICULTURAL RESEARCH COUNCIL OF NIGERIA,,35000000.0,NO,HIGH,"Construction of a primary health center falls under healthcare infrastructure, which is completely outside ARCN's mandate that focuses exclusively on agricultural research, training, and extension activities.",100
ERGP1246973,"CONSTRUCTION AND REHABILITATION OF TOWNSHIP ROADS IN ARKILLA, MAITUTA ROAD AND KALAMBAINA. SOKOTO STATE. (MULTIPLE LOTS)",215054001,AGRICULTURAL RESEARCH COUNCIL OF NIGERIA,,700000000.0,NO,HIGH,"Construction and rehabilitation of township roads is infrastructure development that falls outside ARCN's mandate which is specifically focused on agricultural research, training, extension activities, and coordination of agricultural research institutes.",100
ERGP1246974,"SUPPLY AND INSTALLATION OF TRANSFORMERS AT NEW TOWNSHIP HALL EKISE, PATANI LGA, DELTA SOUTH SENATORIAL DISTRICT.",215054001,AGRICULTURAL RESEARCH COUNCIL OF NIGERIA,,70000000.0,NO,HIGH,"Installing transformers at a township hall in Delta State falls outside ARCN's mandate, which is specifically focused on agricultural research, training, and extension activities rather than general infrastructure development in townships.",100
ERGP1246975,CONSTRUCTION OF OKERE URHOBO CIVIC CENTRE IN WARRI SOUTH SENATORIAL DISTRICT.,215054001,AGRICULTURAL RESEARCH COUNCIL OF NIGERIA,,70000000.0,NO,HIGH,"Construction of a civic centre falls outside ARCN's mandate which is specifically focused on agricultural research, training, and extension activities rather than general civic infrastructure development.",100
ERGP1246976,"RENOVATION OF OGBOBAGBENE HEALTH CENTRE AND THE STAFF QUARTERS, BURUTU LGA, IN DELTA SOUTH SENATORIAL DISTRICT.",215054001,AGRICULTURAL RESEARCH COUNCIL OF NIGERIA,,35000000.0,NO,HIGH,"The renovation of a health centre and staff quarters falls outside ARCN's mandate which is specifically focused on agricultural research, training, and extension activities rather than healthcare infrastructure development.",100
ERGP1246977,"SUPPLY OF SOLAR STREET LIGHTS IN ENUGU EAST SENATORIAL DISTRICT
",215054001,AGRICULTURAL RESEARCH COUNCIL OF NIGERIA,,70000000.0,NO,HIGH,"Supplying solar street lights in a specific senatorial district is infrastructure development unrelated to ARCN's mandate of coordinating agricultural research, training, and extension activities.",100
ERGP1246978,CONSTRUCTION AND PROVISION OF ECO-FRIENDLY POWER SUPPLY THROUGH MINI GRID SOLAR TO POWER SELECTED COMMUNITIES TO ENHANCE PRODUCTIVITY IN THE,215054001,AGRICULTURAL RESEARCH COUNCIL OF NIGERIA,,3500000000.0,PARTIAL,MEDIUM,"While providing power to agricultural communities could indirectly support agricultural productivity and research activities that align with ARCN's mandate, direct infrastructure development like mini-grid solar construction falls outside the agency's core functions of coordinating agricultural research, training, and extension activities.",50
ERGP1246979,SENSITIZATION AGAINST DOMESTIC VIOLENCE IN 3 SELECTED STATES IN THE SOUTH SOUTH REGION,215054001,AGRICULTURAL RESEARCH COUNCIL OF NIGERIA,,700000000.0,NO,HIGH,"Sensitization against domestic violence is a social welfare and human rights issue that falls completely outside ARCN's mandate, which is specifically focused on agricultural research, training, and extension activities.",100
ERGP1246980,"EMPOWERMENT OF YOUTH AND WOMEN IN FOOTWEAR AND LEATHER GOODS MANUFACTURE IN IFEDO ISLAND, IDEGUN AND VARIOUS LOCATION IN NIGERIA",215054001,AGRICULTURAL RESEARCH COUNCIL OF NIGERIA,,1400000000.0,NO,HIGH,"This budget item focuses on footwear and leather goods manufacturing empowerment, which falls outside ARCN's mandate that is specifically limited to agricultural research, training, and extension activities.",100
ERGP1246981,"INSTALLATION OF SOLAR STREETLIGHTS IN VARIOUS LOCATIONS IN OGBARU, ANAMBRA STATE",215054001,AGRICULTURAL RESEARCH COUNCIL OF NIGERIA,,70000000.0,NO,HIGH,"Installing solar streetlights in specific local government areas falls outside ARCN's mandate which focuses on agricultural research, training, and extension activities rather than infrastructure development or municipal services.",100
ERGP1246982,"CONSTRUCTION OF OTSOKPURU/IGBUPHU ROAD IN IZZI LGA OF EBONYI NORTH SENATORIAL DISTRICT, EBONYI STATE.",215054001,AGRICULTURAL RESEARCH COUNCIL OF NIGERIA,,336000000.0,NO,HIGH,"Road construction falls outside ARCN's mandate which is specifically focused on agricultural research, training, extension activities, and coordination of agricultural research institutes, not infrastructure development.",100
ERGP1246983,"CONSTRUCTION OF DRAINAGE AND CULVERTS ALONG OTSOKPURU - IGBUPHU ROAD IN IZZI LGA OF EBONYI NORTH SENATORIAL DISTRICT, EBONYI STATE.",215054001,AGRICULTURAL RESEARCH COUNCIL OF NIGERIA,,70000000.0,NO,HIGH,"Construction of drainage and culverts along a road is infrastructure development work that falls outside ARCN's mandate of agricultural research, training, and extension coordination.",100
ERGP1246984,"CONSTRUCTION OF NKUMORO ISHIEKE ROAD IN EBONYI LGA, EBONYI NORTH SENATORIAL DISTRICT, EBONYI STATE.",215054001,AGRICULTURAL RESEARCH COUNCIL OF NIGERIA,,336000000.0,NO,HIGH,"Road construction falls outside ARCN's mandate which is specifically focused on agricultural research, training, extension activities, and coordination of agricultural institutes, not infrastructure development.",100
ERGP1246985,"CONSTRUCTION OF DRAINAGE AND CULVERTS ALONG NKUMORO ISHIEKE ROAD IN EBONYI LGA, EBONYI NORTH SENATORIAL DISTRICT, EBONYI STATE.",215054001,AGRICULTURAL RESEARCH COUNCIL OF NIGERIA,,70000000.0,NO,HIGH,"Construction of road drainage and culverts is infrastructure development work that falls outside ARCN's mandate, which is specifically focused on agricultural research, training, and extension activities rather than general infrastructure projects.",100
ERGP1246986,"CONSTRUCTION OF 6 CLASSROOM STORIED BUILDING AT COMMUNITY SECONDARY SCHOOL, MBEKE ISHIEKE, EBONYI NORTH SENATORIAL DISTRICT, EBONYI STATE.",215054001,AGRICULTURAL RESEARCH COUNCIL OF NIGERIA,,280000000.0,NO,HIGH,"Constructing classroom buildings at community secondary schools falls outside ARCN's mandate, which focuses specifically on agricultural research, training, and extension activities at specialized agricultural institutions, not general secondary education infrastructure.",100
ERGP1246987,"DRILLING OF MOTORIZED/ HAND PUMP BOREHOLES ACROSS SELECTED COMMUNITIES IN EBONYI NORTH SENATORIAL DISTRICT, EBONYI STATE.",215054001,AGRICULTURAL RESEARCH COUNCIL OF NIGERIA,,210000000.0,NO,HIGH,"Drilling boreholes for water supply in communities falls under water resources/infrastructure development, which is outside ARCN's mandate that specifically focuses on agricultural research, training, and extension activities rather than community water infrastructure projects.",100
ERGP1246988,"EMPOWERMENT OF YOUTHS OF EBONYI AND OHAUKWU LGAS WITH TRICYCLES, MOTORCYCLES AND MINI BUSES, IN EBONYI NORTH SENATORIAL DISTRICT, EBONYI",215054001,AGRICULTURAL RESEARCH COUNCIL OF NIGERIA,,175000000.0,NO,HIGH,"Providing tricycles, motorcycles and mini buses to youths is a transportation/empowerment program that falls outside ARCN's specific mandate of agricultural research, training, extension coordination, and supervision of research institutes.",100
ERGP1246989,"EMPOWERMENT OF YOUTHS OF IZZI AND ABAKALIKI LGAS WITH TRICYCLES, MOTORCYCLES AND MINI BUSES, IN EBONYI NORTH SENATORIAL DISTRICT, EBONYI",215054001,AGRICULTURAL RESEARCH COUNCIL OF NIGERIA,,175000000.0,NO,HIGH,"This budget item involves procuring transportation vehicles for youth empowerment in specific local government areas, which falls outside ARCN's mandate of coordinating agricultural research, training, and extension activities rather than direct vehicle procurement or general youth empowerment programs.",100
ERGP1246990,CONSTRUCTION OF CLASSROOM BLOCKS IN SELECTED PRIMARY AND SECONDARY SCHOOLS ACROSS EBONYI NORTH SENATORIAL DISTRICT OF EBONYI STATE.,215054001,AGRICULTURAL RESEARCH COUNCIL OF NIGERIA,,140000000.0,NO,HIGH,"The construction of primary and secondary school classroom blocks falls outside ARCN's mandate, which is specifically focused on agricultural research, training, and extension activities rather than general education infrastructure.",100
ERGP1246991,"EMPOWERMENT OF FARMERS ON POULTRY FARMING IN EBONYI, IZZI, ABAKALIKI AND OHAUKWU LGAS OF EBONYI NORTH SENATORIAL DISTRICT, EBONYI STATE.",215054001,AGRICULTURAL RESEARCH COUNCIL OF NIGERIA,,245000000.0,YES,HIGH,This budget item directly aligns with ARCN's mandate to coordinate agricultural extension activities and supervise livestock research and training programs through its Livestock and Agricultural Extension & Socio-Economics departments.,0
ERGP1246992,"PROVISION OF FARM INPUTS (RICE SEEDLINGS, HERBICIDES, AND FERTILIZERS) TO FARMERS IN EBONYI AND OHAUKWU LGAS OF EBONYI NORTH SENATORIAL DISTRICT,",215054001,AGRICULTURAL RESEARCH COUNCIL OF NIGERIA,,210000000.0,NO,HIGH,"ARCN's mandate focuses on coordinating and supervising agricultural research, training, and extension activities rather than directly providing farm inputs to farmers, which is typically an implementation function outside their regulatory and coordination role.",100
ERGP1246993,"PROVISION OF FARM INPUTS (RICE SEEDLINGS, HERBICIDES, AND FERTILIZERS) TO FARMERS IN IZZI AND ABAKILIKI LGAS OF EBONYI NORTH SENATORIAL DISTRICT,",215054001,AGRICULTURAL RESEARCH COUNCIL OF NIGERIA,,210000000.0,PARTIAL,MEDIUM,"While ARCN's mandate includes agricultural extension activities which could involve farmer support, the agency primarily coordinates and supervises research institutes rather than directly providing farm inputs to specific local government areas.",50
ERGP1246994,"PROVISION OF SOLAR STREETLIGHTS IN SELECTED COMMUNITIES AND PUBLIC PLACES ACROSS EBONYI NORTH SENATORIAL DISTRICT, EBONYI STATE.",215054001,AGRICULTURAL RESEARCH COUNCIL OF NIGERIA,,350000000.0,NO,HIGH,"Providing solar streetlights in communities falls outside ARCN's specific mandate which focuses on agricultural research, training, and extension activities rather than general infrastructure development.",100
ERGP1246995,"PROVISION OF MODERN SOLAR ELECTRIFICATION SYSTEM FOR THE DEVELOPMENT OF COAL CAMP, ENUGU NORTH LGA OF ENUGU STATE",215054001,AGRICULTURAL RESEARCH COUNCIL OF NIGERIA,,28000000.0,NO,HIGH,"Providing solar electrification for a coal camp falls outside ARCN's mandate which is specifically focused on agricultural research, training, and extension activities rather than energy infrastructure or mining-related development projects.",100
ERGP1246996,"PROVISION AND INSTALLATION OF SOLAR POWERED STREETLIGHTS IN SELECTED COMMUNITIES IN AGBAJA AND GREATER AWGU, ENUGU STATE",215054001,AGRICULTURAL RESEARCH COUNCIL OF NIGERIA,,140000000.0,NO,HIGH,"Installing solar-powered streetlights in communities falls outside ARCN's mandate which is specifically focused on agricultural research, training, and extension activities rather than community infrastructure development.",100
ERGP1246997,"REHABILITATION OF UGBO MARKET FOR EASE OF DISTRIBUTION OF AGRICULTURE PRODUCE, AGWU LOCAL GOVERNMENT, ENUGU STATE.",215054001,AGRICULTURAL RESEARCH COUNCIL OF NIGERIA,,70000000.0,NO,HIGH,"Market rehabilitation and infrastructure development falls outside ARCN's mandate, which is specifically focused on agricultural research, training, and extension activities rather than physical market infrastructure projects.",100
ERGP1246998,"REHABILITATION OF EKEANI MARKET SQUARE NGWO, UDI LGA, ENUGU STATE PHASE 1
",215054001,AGRICULTURAL RESEARCH COUNCIL OF NIGERIA,,140000000.0,NO,HIGH,"Rehabilitating a market square is infrastructure development that falls outside ARCN's mandate of coordinating agricultural research, training, and extension activities rather than physical market infrastructure projects.",100
ERGP1246999,"REHABILITATION OF NKWO AGANA MARKET, EZAMA OLO, EZEAGU LGA ENUGU STATE.
",215054001,AGRICULTURAL RESEARCH COUNCIL OF NIGERIA,,105000000.0,NO,HIGH,"Market rehabilitation is infrastructure development work that falls outside ARCN's mandate, which focuses specifically on agricultural research, training, extension activities, and coordination of research institutes rather than market infrastructure projects.",100
ERGP1247000,"REHABILITATION OF UKWUAKPU AWHUM MARKET SQUARE UDI LGA, ENUGU STATE, PHASE 1",215054001,AGRICULTURAL RESEARCH COUNCIL OF NIGERIA,,35000000.0,NO,HIGH,"Rehabilitating a market square is infrastructure development work that falls outside ARCN's mandate, which is specifically focused on agricultural research, training, and extension activities rather than market infrastructure projects.",100
ERGP1247001,REHABILITATION OF COMMUNITY MARKET/ CENTRES IN ENUGU WEST SENATORIAL DISTRICT.,215054001,AGRICULTURAL RESEARCH COUNCIL OF NIGERIA,,49000000.0,NO,HIGH,"Rehabilitation of community markets falls outside ARCN's mandate which is specifically focused on agricultural research, training, and extension activities rather than infrastructure development or market construction.",100
ERGP1247002,CONSTRUCTION AND ESTABLISHMENT OF POULTRY FARMING IN NIGER SOUTH SENATORIAL DISTRICT,215054001,AGRICULTURAL RESEARCH COUNCIL OF NIGERIA,,21000000.0,NO,HIGH,"ARCN's mandate focuses on research coordination, training, and extension activities rather than direct construction and establishment of commercial farming operations.",100
ERGP1247003,CONSTRUCTION AND INSTALLATION OF SOLAR STREET LIGHTS TO VARIOUS COMMUNITIES TO IMPROVE AGRICULTURAL PRODUCTIONS IN NORTH EAST,215054001,AGRICULTURAL RESEARCH COUNCIL OF NIGERIA,,210000000.0,NO,HIGH,"Installing solar street lights to communities is infrastructure development that falls outside ARCN's mandate of coordinating agricultural research, training, and extension activities rather than direct community infrastructure provision.",100
ERGP1247004,SUPPLY AND INSTALLATION OF ALL-IN- ONE SOLAR STREET LIGHTS TO RURAL COMMUNITIES IN NORTH EAST,215054001,AGRICULTURAL RESEARCH COUNCIL OF NIGERIA,,210000000.0,NO,HIGH,"Installing solar street lights in rural communities is infrastructure development work that falls outside ARCN's mandate, which is specifically focused on agricultural research, training, and extension activities rather than rural electrification or infrastructure projects.",100
ERGP1247005,PROVISION AND INSTALLATION OF SOLAR STREET LIGHTS TO VARIOUS LOCATIONS AND COMMUNITIES IN NORTH EAST,215054001,AGRICULTURAL RESEARCH COUNCIL OF NIGERIA,,140000000.0,NO,HIGH,"Installing solar street lights in communities falls outside ARCN's mandate which specifically focuses on agricultural research, training, and extension activities rather than general infrastructure development or community lighting projects.",100
ERGP1247006,CONSTRUCTION AND INSTALLATION OF SOLAR POWERED STREET LIGHTS TO IMPROVE ACCESS IN RURAL COMMUNITIES OF NORTH EAST,215054001,AGRICULTURAL RESEARCH COUNCIL OF NIGERIA,,140000000.0,NO,HIGH,"Installing solar-powered street lights in rural communities is infrastructure development work that falls outside ARCN's specific mandate of coordinating agricultural research, training, and extension activities.",100
ERGP1247007,"CONSTRUCTION OF RURAL ROADS IN PATANI LOCAL GOVERNMENT AREA, DELTA SOUTH SENATORIAL DISTRICT, DELTA STATE",215054001,AGRICULTURAL RESEARCH COUNCIL OF NIGERIA,,280000000.0,NO,HIGH,"Construction of rural roads is infrastructure development that falls outside ARCN's mandate which is specifically focused on agricultural research, training, extension activities, and coordination of agricultural research institutes.",100
ERGP1247008,"PROCUREMENT OF 3 IN 1 SOLAR STREET LIGHTS IN PATANI AND BAMADI LOCAL GOVERNMENT AREA, DELTA SOUTH SENATORIAL DISTRICT, DELTA STATE",215054001,AGRICULTURAL RESEARCH COUNCIL OF NIGERIA,,140000000.0,NO,HIGH,"Procuring solar street lights for specific local government areas falls under infrastructure development and municipal services, which is outside ARCN's mandate of agricultural research, training, and extension coordination.",100
ERGP1247009,"CONSRUCTION OF RURAL ROADS IN BAMADI LOCAL GOVERNMENT AREA OF DELTA SOUTH SENATORIAL DISTRICT, DELTA STATE",215054001,AGRICULTURAL RESEARCH COUNCIL OF NIGERIA,,280000000.0,NO,HIGH,"Construction of rural roads is infrastructure development work that falls outside ARCN's mandate, which is specifically focused on agricultural research, training, extension activities, and coordination of research institutes rather than physical infrastructure projects.",100
ERGP1247010,"CONSTRUCTION OF RURAL ROADS IN BURUTU LOCAL GOVERNMENT AREA, DELTA SOUTH SENATORIAL DISTRICT, DELTA STATE",215054001,AGRICULTURAL RESEARCH COUNCIL OF NIGERIA,,280000000.0,NO,HIGH,"Construction of rural roads is infrastructure development work that falls outside ARCN's mandate, which is specifically focused on agricultural research, training, and extension activities rather than road construction or general infrastructure projects.",100
ERGP1247011,"PROCUREMENT AND INSTALLATION OF ALL IN ONE SOLAR STREET LIGHTS IN BURUTU/WARRI SOUTH LOCAL GOVERNMENT AREA, DELTA SOUTH SENATORIAL",215054001,AGRICULTURAL RESEARCH COUNCIL OF NIGERIA,,140000000.0,NO,HIGH,"Installing solar street lights in specific local government areas is infrastructure development unrelated to ARCN's mandate of coordinating agricultural research, training, and extension activities.",100
ERGP1247012,"CONSTRUCTION OF RURAL ROADS IN WARRI SOUTH-WEST LOCAL GOVERNMENT AREA, DELTA SOUTH SENATORIAL DISTRICT, DELTA STATE (MULTIPLE LOTS)",215054001,AGRICULTURAL RESEARCH COUNCIL OF NIGERIA,,560000000.0,NO,HIGH,"Construction of rural roads is infrastructure development that falls outside ARCN's mandate, which is specifically focused on agricultural research, training, and extension activities rather than road construction or general infrastructure projects.",100
ERGP1247013,"PROVISION OF GREEN ENERGY THROUGH SOLAR STREET LIGHTS IN WARRI SOUTH- WEST/WARRI NORTH LOCAL GOVERNMENT AREA, DELTA SOUTH SENATORIAL",215054001,AGRICULTURAL RESEARCH COUNCIL OF NIGERIA,,140000000.0,NO,HIGH,"Installing solar street lights in specific local government areas falls outside ARCN's mandate which focuses on agricultural research, training, and extension coordination rather than infrastructure development or energy provision.",100
ERGP1247014,"CONSTRUCTION OF RURAL ROADS IN WARRI NORTH LOCAL GOVERNMENT AREA, DELTA SOUTH SENATORIAL DISTRICT, DELTA STATE",215054001,AGRICULTURAL RESEARCH COUNCIL OF NIGERIA,,280000000.0,NO,HIGH,"Construction of rural roads is infrastructure development that falls outside ARCN's mandate which is specifically focused on agricultural research, training, extension activities, and coordination of agricultural research institutes.",100
ERGP1247015,STRATEGIC TRAINING OF SELECTED YOUTHS IN SOLAR STREETLIGHT INSTALLATION AND MAINTENANCE IN AKWA IBOM NORTH-SENATORIAL DISTRICT.,215054001,AGRICULTURAL RESEARCH COUNCIL OF NIGERIA,,35000000.0,NO,HIGH,"Solar streetlight installation and maintenance training falls outside ARCN's mandate which is specifically focused on agricultural research, training, and extension activities rather than renewable energy infrastructure projects.",100
ERGP1247016,CONSTRUCTION OF ALTERNATIVE RENEW ENERGY IN RURAL COMMUNITIES OF ISALU TO BOOST AGRICULTURAL PRODUCTIONS,215054001,AGRICULTURAL RESEARCH COUNCIL OF NIGERIA,,140000000.0,PARTIAL,MEDIUM,"While the budget item aims to boost agricultural production which relates to ARCN's research and extension mandate, direct construction of renewable energy infrastructure in rural communities falls outside their core functions of planning, coordinating, and supervising agricultural research, training, and extension activities.",50
ERGP1247017,"CONSTRUCTION AND RECONSTRUCTION OF INNER RURAL ROADS IN ISALU, OWODE YEWA-DIFFERENT LOTS",215054001,AGRICULTURAL RESEARCH COUNCIL OF NIGERIA,,350000000.0,NO,HIGH,"Construction and reconstruction of inner rural roads is infrastructure development work that falls outside ARCN's mandate, which is specifically focused on agricultural research, training, and extension activities rather than road construction projects.",100
ERGP1247018,"GRADING & ASPHALTING OF MEGA ROAD ITOLU IN OGUN STATE(A,B,C).
",215054001,AGRICULTURAL RESEARCH COUNCIL OF NIGERIA,,350000000.0,NO,HIGH,"Road construction and asphalting activities fall completely outside ARCN's mandate which is specifically focused on agricultural research, training, extension services, and coordination of agricultural institutes.",100
ERGP1247019,EMPOWERMENT OF YOUTHSAND MEN WITH MINI BUSES AND COASTER BUSES TO ENCOURAGE TRANSPORTATION BUSINESS IN SELECTED COMMUNITIES IN PAHAYI.,215054001,AGRICULTURAL RESEARCH COUNCIL OF NIGERIA,,350000000.0,NO,HIGH,"Providing mini buses and coaster buses for transportation business empowerment falls outside ARCN's mandate which is specifically focused on agricultural research, training, and extension activities rather than transportation sector development.",100
ERGP1247020,ENHANCEMENT OF SECURITY PERSONNEL WITH SECURITY VHEICLES; HILUX TO EASE MOVEMENT DURING SECURITY CHECKS AND ASSESEMENTS IN SELECTED AREAS OF,215054001,AGRICULTURAL RESEARCH COUNCIL OF NIGERIA,,350000000.0,PARTIAL,MEDIUM,"While security vehicles for protecting agricultural research facilities and personnel could support ARCN's core mandate of supervising and coordinating research activities, the budget item lacks specificity about how this directly relates to agricultural research, training, or extension functions.",50
ERGP1247021,"PROVISION OF CLEAN ACCESS ROAD IN AJEGUNLE, IN THE OLORUNSOGO AREA (A & B)
",215054001,AGRICULTURAL RESEARCH COUNCIL OF NIGERIA,,700000000.0,NO,HIGH,"Providing clean access roads in specific local areas falls outside ARCN's mandate, which focuses on agricultural research coordination, training, and extension activities rather than infrastructure development or road construction.",100
ERGP1247022,"GRADING/ASPHALTING OF FARM SETTLEMENT ROAD WITH DRAINAGE CONSTRUCTION FOR EASY ACCESS TO FARMING AREAS IN THE SOUTHWEST: IBIO ROAD, YEWA SOUTH",215054001,AGRICULTURAL RESEARCH COUNCIL OF NIGERIA,,1050000000.0,NO,HIGH,"Road construction and infrastructure development falls outside ARCN's mandate which focuses on coordinating agricultural research, training, and extension activities rather than physical infrastructure projects.",100
ERGP1247023,CONSTRUCTION OF MARKET STALLS IN RURAL FARMING COMMUNITIES ACROSS OGUN STATE TO INCREASE AGRO-ECONOMIC OUTPUT IN THE STATE (MULTIPLE LOTS OF,215054001,AGRICULTURAL RESEARCH COUNCIL OF NIGERIA,,1400000000.0,NO,HIGH,"Construction of market stalls is infrastructure development outside ARCN's mandate, which focuses specifically on coordinating agricultural research, training, and extension activities rather than building commercial infrastructure.",100
ERGP1247024,CONSTRUCTION OF SCHOOL IN DIFFERENT COMMUNITIES IN OGUN STATE TO DISCOURAGE OUT OF SCHOOL CHILDREN OF FARMERS @500M PER LOT,215054001,AGRICULTURAL RESEARCH COUNCIL OF NIGERIA,,1400000000.0,NO,HIGH,"Construction of general schools to discourage out-of-school children falls under basic education mandate, not agricultural research, training, and extension activities which are ARCN's core functions.",100
ERGP1247025,CONSTRUCTION OF RURAL FARM ROADS IN SELECTED COMMUNITIES OF OGUN STATE TO FACILITATE INCREASED AGRICULTURAL OUTPUT (MULTIPLE LOTS),215054001,AGRICULTURAL RESEARCH COUNCIL OF NIGERIA,,1400000000.0,NO,HIGH,"ARCN's mandate focuses on agricultural research, training, extension coordination, and supervision of research institutes, but does not include infrastructure construction like farm roads, which falls outside their core functions of research coordination and policy advisory roles.",100
ERGP1247026,"CONSTRUCTION OF AFOR-UGWU MARKET AND OTHERS FOR THE DISTRIBUTION OF AGRICULTURAL PRODUCE IN EZEAGU LGA, ENUGU STATE. (AT 500M PER LOT)",215054001,AGRICULTURAL RESEARCH COUNCIL OF NIGERIA,,700000000.0,NO,HIGH,"ARCN's mandate focuses on agricultural research, training, and extension activities rather than infrastructure development like market construction, which falls outside their core functions of coordinating research institutes and scientific activities.",100
ERGP1247027,SUPPLY OF AGRICULTURAL INPUTS TO FARMERS FOR PRODUCTIVITY IN KWARA NORTH SENATORIAL DISTRICT,215054001,AGRICULTURAL RESEARCH COUNCIL OF NIGERIA,,140000000.0,NO,HIGH,"ARCN's mandate focuses on coordinating and supervising agricultural research, training, and extension activities rather than directly supplying agricultural inputs to farmers, which is typically an implementation function outside their regulatory and coordination role.",100
ERGP1247028,"MEDICAL AND SURGICAL OUTREACH TO COMMUNITIES IN KWARA NORTH
",215054001,AGRICULTURAL RESEARCH COUNCIL OF NIGERIA,,70000000.0,NO,HIGH,"Medical and surgical outreach activities fall outside ARCN's mandate, which is specifically focused on agricultural research, training, and extension activities rather than healthcare services.",100
ERGP1247029,"SUPPLY OF HOSPITAL EQUIPMENTS TO ENHANCE HEALTH CARE DELIVERY
",215054001,AGRICULTURAL RESEARCH COUNCIL OF NIGERIA,,70000000.0,NO,HIGH,"The supply of hospital equipment for healthcare delivery falls completely outside ARCN's mandate, which is specifically focused on agricultural research, training, and extension activities rather than healthcare services.",100
ERGP1247030,"CONSTRUCTION OF RURAL ROAD AT OBI EZENWILE ROYAL COMMUNITY OTOLO NNEWI, NNEWI NORTH LGA, ANAMBRA STATE.",215054001,AGRICULTURAL RESEARCH COUNCIL OF NIGERIA,,175000000.0,NO,HIGH,"Construction of rural roads is infrastructure development that falls outside ARCN's mandate, which is specifically focused on agricultural research, training, and extension activities rather than general infrastructure projects.",100
ERGP1247031,"""SUPPLY AND INSTALLATION OF ALL IN ONE SOLAR STREET LIGHT IN SOME SELECTED COMMUNITES IN OSUN STATE """,215054001,AGRICULTURAL RESEARCH COUNCIL OF NIGERIA,,105000000.0,NO,HIGH,"Installing solar street lights in communities falls outside ARCN's mandate, which is specifically focused on agricultural research, training, and extension activities rather than community infrastructure development.",100
ERGP1247032,EMPOWERMENT OF YOUTHS ON AQUACULTURE AND MODERN FISHING TECHNIQUES IN SAKI EAST/ SAKI WEST/ ATISBO FEDERAL CONSTITUENCY,215054001,AGRICULTURAL RESEARCH COUNCIL OF NIGERIA,,35000000.0,YES,HIGH,"This budget item directly aligns with ARCN's mandate to coordinate and supervise fisheries and aquaculture research, training, and extension activities through its dedicated Fisheries & Aquaculture technical department.",0
ERGP1247033,TRAINING AND ENHANCED AGRICULTURAL PRODUCTIVITY FOR YOUNG AND SMALLHOLDER FARMERS PRODUCTION IN OGO OLUWA/ SURULERE,215054001,AGRICULTURAL RESEARCH COUNCIL OF NIGERIA,,35000000.0,YES,HIGH,"This budget item directly aligns with ARCN's mandate to coordinate and supervise agricultural training and extension activities aimed at enhancing agricultural productivity, which explicitly includes training programs for farmers.",0
ERGP1247034,TRAINING OF WOMEN AND YOUTHS IN VEGETABLES AND FRUITS PRODUCTION IN OGO OLUWA/ SURULERE FEDERAL CONSTITUENCY,215054001,AGRICULTURAL RESEARCH COUNCIL OF NIGERIA,,35000000.0,YES,HIGH,"This budget item directly aligns with ARCN's mandate to coordinate agricultural research, training, and extension activities, specifically targeting horticultural crops (vegetables and fruits) and agricultural training programs.",0
ERGP1247035,EMPOWERMENT/ TRAINING OF WOMEN AND YOUTHS IN BOMADI FEDERAL CONSTITUENCY,215054001,AGRICULTURAL RESEARCH COUNCIL OF NIGERIA,,35000000.0,PARTIAL,MEDIUM,"While the item involves training which falls under ARCN's mandate for agricultural training and extension activities, it appears geographically constrained to a specific federal constituency rather than being part of a broader agricultural research, training, or extension program that would typically align with ARCN's national coordination role.",50
ERGP1247036,"PROVISION OF SOLAR STREETLIGHT IN ENUGU NORTH FEDERAL CONSTITUENCY
",215054001,AGRICULTURAL RESEARCH COUNCIL OF NIGERIA,,35000000.0,NO,HIGH,"Providing solar streetlights in a federal constituency is infrastructure development unrelated to ARCN's specific mandate of planning, coordinating, and regulating agricultural research, training, and extension activities.",100
ERGP1247037,"SUPPLY AND INSTALLATION OF SOLAR STREET LIGHTS ACROSS ETI-OSA FED CONST, LAGOS STATE",215054001,AGRICULTURAL RESEARCH COUNCIL OF NIGERIA,,35000000.0,NO,HIGH,"Installing solar street lights in a specific federal constituency is an infrastructure development activity that falls outside ARCN's mandate of coordinating agricultural research, training, and extension activities.",100
ERGP27228039,"CONSTRUCTION OF DRAINAGES IN ARCN, HEADQUARTERS' ABUJA
",215054001,AGRICULTURAL RESEARCH COUNCIL OF NIGERIA,,17500000.0,PARTIAL,MEDIUM,"While drainage construction is not explicitly part of ARCN's agricultural research coordination mandate, it could be justified as necessary infrastructure to support the headquarters' operations in fulfilling its core functions.",50
ERGP29228062,"PROVISION OF ICT FACILITIES, VIDEO CONFERENCE AND NETWORKING EQUIPMENT
",215054001,AGRICULTURAL RESEARCH COUNCIL OF NIGERIA,,14000000.0,YES,HIGH,"The provision of ICT facilities, video conference and networking equipment directly supports ARCN's mandate to coordinate agricultural research activities, promote collaboration between Nigerian and international agricultural scientists, and operate its Knowledge Management & Communications department.",0
ERGP30206386,"ESTABLISHMENT OF COMPETATIVE AGRICULTURAL RESEARCH GRANTS SCHEME
",215054001,AGRICULTURAL RESEARCH COUNCIL OF NIGERIA,,63000000.0,YES,HIGH,"The establishment of a competitive agricultural research grants scheme directly aligns with ARCN's core mandate to allocate research grants to institutes, universities, and other bodies for agricultural research advancement.",0
ERGP30206399,"ESTABLISHMENT OF NATIONAL AGRICULTURAL RESEARCH COMMUNICATION SYSTEM
",215054001,AGRICULTURAL RESEARCH COUNCIL OF NIGERIA,,28000000.0,YES,HIGH,"This budget item directly aligns with ARCN's mandate to establish and maintain knowledge management systems and promote communication of agricultural research, as evidenced by their Knowledge Management & Communications department and responsibility for publishing research results.",0
ERGP30206450,"COORDINATION, MONITORING AND EVALUATION OF AGRICULTURAL RESEARCH, TRAINING AND EXTENTION ACTIVITIES IN NARIS AND FCAS",215054001,AGRICULTURAL RESEARCH COUNCIL OF NIGERIA,,28000000.0,YES,HIGH,"This budget item directly matches ARCN's core mandate to coordinate, supervise, and monitor agricultural research, training, and extension activities in National Agricultural Research Institutes (NARIs) and Federal Colleges of Agriculture (FCAs).",0
ERGP30228010,MAINSTREAMING CLIMATE -SMART AGRICULTURAL STRATEGIES ACTIVITIES IN NARIS & FCAS,215054001,AGRICULTURAL RESEARCH COUNCIL OF NIGERIA,,56000000.0,YES,HIGH,"This budget item directly aligns with ARCN's mandate to coordinate and supervise activities in National Agricultural Research Institutes (NARIs) and Federal Colleges of Agriculture (FCAs), including implementing agricultural research and training programs.",0
ERGP30228051,"PROVISION OF LIBRARY BOOKS AND STRENGTHENING E-LIBRARY SYSTEM
",215054001,AGRICULTURAL RESEARCH COUNCIL OF NIGERIA,,5600000.0,YES,HIGH,The budget item directly aligns with ARCN's mandate to establish and maintain a National Agricultural Science Library and Documentation Centre as explicitly stated in their core functions.,0
ERGP30228071,"JOURNAL OF APPLIED AGRICULTURAL RESEARCH (JAAR)
",215054001,AGRICULTURAL RESEARCH COUNCIL OF NIGERIA,,6237633.0,YES,HIGH,Publishing or sponsoring publication of research results in agricultural sciences is explicitly listed as one of ARCN's core mandated functions.,0
ERGP30228081,"DEVELOPMENT OF AGRICULTURAL RESEARCH POLICY DOCUMENTS
",215054001,AGRICULTURAL RESEARCH COUNCIL OF NIGERIA,,7000000.0,YES,HIGH,"Developing agricultural research policy documents directly aligns with ARCN's core mandate to advise the Federal Government on national policies and priorities in agricultural research, training, and extension.",0
ERGP30228089,"STRENGTHENING OF AGRICULTURAL TECHNOLOGY ADOPTION PROGRAM
",215054001,AGRICULTURAL RESEARCH COUNCIL OF NIGERIA,,210000000.0,YES,HIGH,Strengthening agricultural technology adoption directly aligns with ARCN's mandate to coordinate agricultural extension activities and promote the implementation of research findings through its Agricultural Extension & Socio-Economics department.,0
ERGP5206471,"SUPPORT FOR ARCN REFORM ACTIVITIES AND CHANGE MANAGEMENT
",215054001,AGRICULTURAL RESEARCH COUNCIL OF NIGERIA,,10500000.0,YES,HIGH,"Reform activities and change management directly support ARCN's core mandate of planning, coordinating, and supervising agricultural research institutions, as organizational improvements are essential for effectively carrying out these regulatory and oversight functions.",0
ERGP5228092,"PURCHASE OF UTILITY VEHICLES
",215054001,AGRICULTURAL RESEARCH COUNCIL OF NIGERIA,,70000000.0,YES,HIGH,"Utility vehicles are necessary operational assets for ARCN to effectively supervise, coordinate, and monitor agricultural research, training, and extension activities across multiple National Agricultural Research Institutes and Federal Colleges of Agriculture under its mandate.",0
ERGP10223255,"DEVELOPMENT OF FACILITIES (UPGRADE OF ALTERNATIVE POWER SUPPLY SYSTEM, EXPANSION OF OFFICE SPACE AND CAR PARK) AT NORTH WEST ZONAL OFFICE , KANO",228009001,BOARD FOR TECHNOLOGY BUSINESS INCUBATOR CENTRE - ABUJA,,21000000.0,YES,HIGH,"The budget item for developing facilities at the North West Zonal Office in Kano aligns with NBTI's mandate to establish and maintain Technology Incubation Centres across the country, as the agency operates facilities in each state of the Federation and requires proper infrastructure to support technology incubation services.",0
ERGP10223257,ALTERNATIVE POWER SUPPLY FOR LABORATORY WORKSHOP (15KVA GENARATOR) AT TIC KANO,228009001,BOARD FOR TECHNOLOGY BUSINESS INCUBATOR CENTRE - ABUJA,,7000000.0,YES,HIGH,Providing alternative power supply for laboratory workshops at Technology Incubation Centres directly supports NBTI's core mandate of developing necessary infrastructure for nurturing technology start-ups and providing support services to incubatees.,0
ERGP10223262,"PROCUREMENT OF ALTERNATIVE POWER SUPPLY (SOLAR) AT TIC SOKOTO
",228009001,BOARD FOR TECHNOLOGY BUSINESS INCUBATOR CENTRE - ABUJA,,7000000.0,YES,HIGH,Procuring alternative power supply (solar) for Technology Incubation Centre Sokoto directly supports NBTI's mandate to develop necessary infrastructure for nurturing technology start-ups at their established TIC facilities nationwide.,0
ERGP10223303,"ALTERNATIVE POWER SUPPLY SYSTEM (SOLAR) AT TIC JIGAWA
",228009001,BOARD FOR TECHNOLOGY BUSINESS INCUBATOR CENTRE - ABUJA,,7000000.0,YES,HIGH,Installing alternative power supply systems at Technology Incubation Centres directly supports NBTI's mandate to develop necessary infrastructure for nurturing technology start-ups and creating an enabling environment for incubatees.,0
ERGP10223309,"RENOVATION /METERING OF 53 UNITS AT TIC ABEOKUTA AND EXTENSIONS
",228009001,BOARD FOR TECHNOLOGY BUSINESS INCUBATOR CENTRE - ABUJA,,15750000.0,YES,HIGH,Renovating and metering facilities at Technology Incubation Centres directly supports NBTI's core mandate to develop necessary infrastructure for nurturing technology start-ups and maintain the network of TICs established nationwide.,0
ERGP10223313,"CONNECTING NORTH CENTRAL ZONAL OFFICE TO THE NATIONAL GRID
",228009001,BOARD FOR TECHNOLOGY BUSINESS INCUBATOR CENTRE - ABUJA,,14000000.0,YES,HIGH,Connecting the North Central Zonal Office to the national grid provides essential infrastructure to support NBTI's mandate of developing necessary infrastructure for nurturing technology start-ups and facilitating the establishment of Technology Incubation Centres across the country.,0
ERGP10223329,EXTENSION OF ELECTRICITY SUPPLY TO THE BLOCK OF UNITS AND METERING OF EACH UNIT AT TIC JOS,228009001,BOARD FOR TECHNOLOGY BUSINESS INCUBATOR CENTRE - ABUJA,,7000000.0,YES,HIGH,This budget item directly supports NBTI's core mandate of facilitating the establishment and operation of Technology Incubation Centres (TICs) across the country by providing essential infrastructure for the TIC Jos facility.,0
ERGP10223331,"PROVISION OF ALTERNATIVE POWER SUPPLY AT THE SOUTH EAST ZONAL OFFICE
",228009001,BOARD FOR TECHNOLOGY BUSINESS INCUBATOR CENTRE - ABUJA,,7000000.0,YES,HIGH,Providing alternative power supply at the South East Zonal Office is necessary infrastructure to support the agency's core mandate of operating Technology Incubation Centres nationwide and nurturing technology-based enterprises.,0
ERGP10223343,PROVISION ANS INSTALLATION OF GAS PIPING AND ELECTRICAL FACILITY FOR THE CHEMISTRY LABORATORY AT TIC OWERRI,228009001,BOARD FOR TECHNOLOGY BUSINESS INCUBATOR CENTRE - ABUJA,,3834950.0,YES,HIGH,Installing gas piping and electrical facilities for a chemistry laboratory at TIC Owerri directly supports NBTI's mandate to develop necessary infrastructure for nurturing technology start-ups and facilitating the establishment of Technology Incubation Centres across the country.,0
ERGP10223348,"INSTALLATION OF SOLAR POWER UNIT FOR SOUTH-SOUTH ZONAL OFFICE, BENIN
",228009001,BOARD FOR TECHNOLOGY BUSINESS INCUBATOR CENTRE - ABUJA,,10500000.0,YES,HIGH,Installing solar power infrastructure for the South-South Zonal Office directly supports NBTI's mandate to develop necessary infrastructure for nurturing technology start-ups and facilitating the establishment of Technology Incubation Centres across the country.,0
ERGP10223367,"SUPPLY AND INSTALLATION OF SOLAR POWERED INVERTER SYSTEM AT TIC MAIDUGURI
",228009001,BOARD FOR TECHNOLOGY BUSINESS INCUBATOR CENTRE - ABUJA,,7000000.0,YES,HIGH,Installing solar powered inverter systems at Technology Incubation Centres directly supports NBTI's mandate to develop necessary infrastructure for nurturing technology start-ups and facilitating the establishment of TICs across the country.,0
ERGP10223370,"ALTERNATIVE POWER SUPPLY AT TIC DAMATURU
",228009001,BOARD FOR TECHNOLOGY BUSINESS INCUBATOR CENTRE - ABUJA,,7000000.0,YES,HIGH,Providing alternative power supply at Technology Incubation Centre Damaturu directly supports NBTI's core mandate to develop necessary infrastructure for nurturing technology start-ups and facilitate the establishment of Technology Incubation Centres across the country.,0
ERGP10223371,SUPPLY OF ELECTRICAL EQUIPMENT AND SOLAR ALTERNATIVE SOURCE OF ENERGY FOR COMMERCIALIZATION AT TIC GOMBE,228009001,BOARD FOR TECHNOLOGY BUSINESS INCUBATOR CENTRE - ABUJA,,7000000.0,YES,HIGH,"Supplying electrical equipment and solar energy systems for commercialization at a Technology Incubation Centre directly supports NBTI's core mandate to create, nurture and develop value-added technology-based enterprises and facilitate the commercialization of research and development results.",0
ERGP10223375,"UPGRADEMENT OF LABORATORY AT TIC TARABA
",228009001,BOARD FOR TECHNOLOGY BUSINESS INCUBATOR CENTRE - ABUJA,,7000000.0,YES,HIGH,Upgrading laboratory facilities at Technology Incubation Centres directly supports NBTI's core mandate to develop necessary infrastructure for nurturing technology start-ups and providing support services to incubatees.,0
ERGP10223377,"UPGRADING OF OFFICE SOLAR POWER AT TIC YOLA
",228009001,BOARD FOR TECHNOLOGY BUSINESS INCUBATOR CENTRE - ABUJA,,7000000.0,YES,HIGH,Upgrading solar power infrastructure at a Technology Incubation Centre directly supports NBTI's mandate to develop necessary infrastructure for nurturing technology start-ups and maintaining operational TIC facilities nationwide.,0
ERGP10226011,PROCUREMENT AND INSTALLATION OF ALL-IN-ONE SOLAR POWERED STREET LIGHTS IN SW ZONAL OFFICE LAGOS,228009001,BOARD FOR TECHNOLOGY BUSINESS INCUBATOR CENTRE - ABUJA,,4200000.0,PARTIAL,MEDIUM,"While street lighting infrastructure could support the agency's SW Zonal Office operations in Lagos, this procurement appears to be general facility maintenance rather than directly advancing NBTI's core mandate of technology incubation and commercialization.",50
ERGP10227096,"UPGRADING OF ALTERNATIVE POWER SUPPLY AT TIC ABA
",228009001,BOARD FOR TECHNOLOGY BUSINESS INCUBATOR CENTRE - ABUJA,,7000000.0,YES,HIGH,Upgrading alternative power supply at TIC Aba directly supports NBTI's mandate to develop necessary infrastructure for nurturing technology start-ups at their established Technology Incubation Centres nationwide.,0
ERGP10227196,"PROVISION OF ALTERNATIVE POWER SUPPLY AT T.I.C ABAKILIKI EBONYI STATE
",228009001,BOARD FOR TECHNOLOGY BUSINESS INCUBATOR CENTRE - ABUJA,,7000000.0,YES,HIGH,Providing alternative power supply at the Technology Incubation Centre in Abakiliki directly supports NBTI's mandate to develop necessary infrastructure for nurturing technology start-ups and facilitating the establishment of TICs across the country.,0
ERGP10227296,"ALTERNATIVE POWER SUPPLY AT TIC BENIN
",228009001,BOARD FOR TECHNOLOGY BUSINESS INCUBATOR CENTRE - ABUJA,,10500000.0,YES,HIGH,Providing alternative power supply at TIC Benin directly supports NBTI's mandate to develop necessary infrastructure for nurturing technology start-ups at their established Technology Incubation Centres nationwide.,0
ERGP10227550,"PROVISION AND INSTALLATION OF 10KVA GENERATOR SET AT MABUDI EXT
",228009001,BOARD FOR TECHNOLOGY BUSINESS INCUBATOR CENTRE - ABUJA,,5950000.0,YES,HIGH,The provision and installation of a generator set at the Mabudi extension facility directly supports NBTI's mandate to develop necessary infrastructure for nurturing technology start-ups and maintaining operational Technology Incubation Centres nationwide.,0
ERGP10227579,PURCHASE AND INSTALLATION OF ALTERNATIVE POWER SUPPLY AT TIC IGBOTAKO EXT,228009001,BOARD FOR TECHNOLOGY BUSINESS INCUBATOR CENTRE - ABUJA,,7000000.0,YES,HIGH,Installing alternative power supply at a Technology Incubation Centre extension directly supports NBTI's mandate to develop necessary infrastructure for nurturing technology start-ups and facilitating the establishment of TICs across the country.,0
ERGP10227685,"PROVISION AND INSTALLATION OF 10KVA GEN SET AND SOLAR POWER AT TIC IZZI
",228009001,BOARD FOR TECHNOLOGY BUSINESS INCUBATOR CENTRE - ABUJA,,10500000.0,YES,HIGH,Providing power infrastructure (generator and solar) at Technology Incubation Centre (TIC) Izzi directly supports NBTI's core mandate to develop necessary infrastructure for nurturing technology start-ups and facilitate the establishment of TICs across the country.,0
ERGP10229467,PROCUREMENT OF FIRE EXTINGUISHER AND SOLAR STREET LIGHT AT HEADQUATERS BUILDING JAHI,228009001,BOARD FOR TECHNOLOGY BUSINESS INCUBATOR CENTRE - ABUJA,,21000000.0,YES,HIGH,Procurement of fire extinguishers and solar street lights for the headquarters building represents essential safety and operational infrastructure necessary for NBTI to effectively carry out its mandate of nurturing technology-based enterprises and providing support services to incubatees.,0
ERGP10232473,"CONNECTION TO NATIONAL GRID AT TIC PORTHARCOURT
",228009001,BOARD FOR TECHNOLOGY BUSINESS INCUBATOR CENTRE - ABUJA,,7000000.0,YES,HIGH,Connecting the Technology Incubation Centre in Port Harcourt to the national electricity grid is essential infrastructure development that directly supports NBTI's mandate to develop necessary infrastructure for nurturing technology start-ups and maintaining their nationwide TIC facilities.,0
ERGP10232474,"PROVISION OF SOLAR ALTERNATIVE POWER AT TIC PORTHARCOURT
",228009001,BOARD FOR TECHNOLOGY BUSINESS INCUBATOR CENTRE - ABUJA,,7000000.0,YES,HIGH,Providing solar alternative power at TIC Port Harcourt directly supports the agency's mandate to develop necessary infrastructure for nurturing technology start-ups and facilitate the establishment of Technology Incubation Centres across the country.,0
ERGP10241838,"SUPPLY AND INSTALLATION OF ALL IN ONE SOLAR STREET LIGHTS IN YABA COMMUNITY, ONDO WEST LGA, ONDO STATE",228009001,BOARD FOR TECHNOLOGY BUSINESS INCUBATOR CENTRE - ABUJA,,140000000.0,NO,HIGH,"Installing solar street lights in a community is a basic infrastructure project that falls outside NBTI's mandate of technology incubation, commercializing R&D results, and nurturing technology-based enterprises.",100
ERGP10241842,"PROVISION AND INSTALLATION OF ALL IN ONE SOLAR STREET LIGHTS IN OKPARA WEST SIDE, EGBO-KOKORI AND EKU COMMUNITIES, ETHIOPE EAST, DELTA STATE",228009001,BOARD FOR TECHNOLOGY BUSINESS INCUBATOR CENTRE - ABUJA,,140000000.0,NO,HIGH,"Installing solar street lights in specific communities is a basic infrastructure project that does not align with NBTI's mandate of technology incubation, commercializing research and development results, or nurturing technology-based enterprises.",100
ERGP10241867,PROVISION OF ALL IN ONE SOLAR STREET LIGHTS IN EDOMIA-NDIABOR (ISHIEKE COMMUNITY) EBONYI IGA OF EBONYI STATE,228009001,BOARD FOR TECHNOLOGY BUSINESS INCUBATOR CENTRE - ABUJA,,14000000.0,NO,HIGH,"Installing solar street lights in a specific community is infrastructure development work that falls outside NBTI's mandate of technology incubation, commercialization of R&D results, and nurturing technology-based enterprises.",100
ERGP10241869,"PROVISION AND INSTALLATION OF SOLAR STREET LIGHTS IN AMABA VILLAGE UGWUAKWU, UMUCHU",228009001,BOARD FOR TECHNOLOGY BUSINESS INCUBATOR CENTRE - ABUJA,,7000000.0,NO,HIGH,"Installing solar street lights in a specific village is basic infrastructure provision that falls outside NBTI's mandate of technology incubation, commercializing R&D results, and nurturing technology-based enterprises.",100
ERGP10241881,PROVISION OF SOLAR STREETLIGHT IN UMUOZOEZE UMUEZEDUME VILLAGE IMEZI- OWA,228009001,BOARD FOR TECHNOLOGY BUSINESS INCUBATOR CENTRE - ABUJA,,42000000.0,NO,HIGH,"Installing solar streetlights in a village is basic infrastructure provision that falls outside NBTI's mandate of technology commercialization, business incubation, and nurturing technology-based enterprises.",100
ERGP10241888,"CONSTRUCTION OF SOLAR POWERED BOREHOLES IN OYO NORTH SENATORIAL DISTRICT, OYO STATE",228009001,BOARD FOR TECHNOLOGY BUSINESS INCUBATOR CENTRE - ABUJA,,280000000.0,NO,HIGH,"Construction of solar powered boreholes is a water infrastructure project that falls outside NBTI's specific mandate of technology incubation, commercialization of R&D results, and nurturing technology-based enterprises.",100
ERGP10241892,"INSTALLATION OF SOLAR MINI GRIDS IN ALL VILLAGES ACROSS ZAMFARA WEST SENATORIAL DISTRICT, ZAMFARA STATE",228009001,BOARD FOR TECHNOLOGY BUSINESS INCUBATOR CENTRE - ABUJA,,700000000.0,NO,HIGH,"Installing solar mini grids in villages is infrastructure development work that falls outside NBTI's mandate of technology incubation, commercializing R&D results, and nurturing technology-based enterprises.",100
ERGP1179505,"CONSTRUCTION OF DRAINAGES,SAND FILLING, INTERLOCKING OF THE ENTIRE PREMISES OF ABOUT 20000sqm",228009001,BOARD FOR TECHNOLOGY BUSINESS INCUBATOR CENTRE - ABUJA,,1165829.0,PARTIAL,MEDIUM,"While infrastructure development at NBTI facilities could support their mandate to develop necessary infrastructure for nurturing technology start-ups, this item lacks specificity about which facility or how it directly relates to technology incubation activities.",50
ERGP12241830,"CONSTRUCTION OF PHASE 1 KADUPE-OLOOLA ROAD, SOKA AREA IBADAN
",228009001,BOARD FOR TECHNOLOGY BUSINESS INCUBATOR CENTRE - ABUJA,,70000000.0,NO,HIGH,"Road construction falls outside NBTI's mandate which focuses specifically on technology incubation, commercializing R&D results, and supporting technology-based enterprises rather than infrastructure development.",100
ERGP12241862,"REPAIRS OF ROADS WITH SOLAR LIGHTENING IN SELECTED RURAL AREAS IN OYO NORTH SENATORIAL DISTRICT, OYO STATE.",228009001,BOARD FOR TECHNOLOGY BUSINESS INCUBATOR CENTRE - ABUJA,,350000000.0,NO,HIGH,"Road repairs and solar lighting infrastructure projects fall outside NBTI's core mandate of technology incubation, commercializing R&D results, and nurturing technology-based enterprises.",100
ERGP12241878,REPAIRS OF ROADS WITH SOLAR LIGHTENING IN SELECTED RURAL AREAS IN OYO NORTH SENATORIAL DISTRICT,228009001,BOARD FOR TECHNOLOGY BUSINESS INCUBATOR CENTRE - ABUJA,,56000000.0,NO,HIGH,"Road repairs and solar lighting infrastructure in rural areas falls outside NBTI's mandate of technology incubation, commercialization of R&D results, and supporting technology-based enterprises.",100
ERGP1241820,"PROCUREMENT AND DISTRIBUTION OF GRINDING MACHINE RURAL WOMEN IN OYO CENTRAL SENATORIAL DISTRICT, OYO STATE",228009001,BOARD FOR TECHNOLOGY BUSINESS INCUBATOR CENTRE - ABUJA,,70000000.0,PARTIAL,MEDIUM,"While the procurement of grinding machines for rural women could potentially support technology-based entrepreneurship and value-added activities that align with NBTI's mandate to nurture technology enterprises, the item appears to focus on direct equipment distribution rather than the structured incubation process and commercialization of research and development results that is central to the agency's core mission.",50
ERGP15229469,PROCUREMENT AND INSTALLATION OF CCTV SECURITY CAMERAS AT HEADQUATERS BUILDING JAHI,228009001,BOARD FOR TECHNOLOGY BUSINESS INCUBATOR CENTRE - ABUJA,,21000000.0,YES,HIGH,"Installing CCTV security cameras at the headquarters building is a necessary administrative and security measure that supports the agency's operations and infrastructure maintenance, which is essential for carrying out its technology incubation mandate.",0
ERGP16227937,PROCUREMENT OF VARIOUS DEPARTMENT REGULATORY GUIDE FOR EFFECTIVE SERVICE DELIVERY,228009001,BOARD FOR TECHNOLOGY BUSINESS INCUBATOR CENTRE - ABUJA,,10500000.0,PARTIAL,MEDIUM,"While regulatory guides for effective service delivery could support NBTI's mandate to provide business advice and support services to technology incubatees, the vague nature of ""various department regulatory guide"" makes it unclear if these are specifically related to technology incubation and commercialization activities.",50
ERGP16229175,SERVICOM ADVOCACY/SENSITIZATION AND PROVISION OF SIGNAGES AND SUGGESTION BOXES AT THE 36 TICS,228009001,BOARD FOR TECHNOLOGY BUSINESS INCUBATOR CENTRE - ABUJA,,5250000.0,PARTIAL,MEDIUM,"While SERVICOM advocacy and provision of signages/suggestion boxes at the 36 TICs relates to improving service delivery at NBTI's technology incubation centers, SERVICOM compliance appears to be an administrative/service quality function rather than a core technology commercialization and incubation mandate.",50
ERGP16229188,SENSITIZATION & AWARENESS CAMPAIGN ON ACTU AT NBTI AND ACROSS THE SIX ZONAL OFFICES,228009001,BOARD FOR TECHNOLOGY BUSINESS INCUBATOR CENTRE - ABUJA,,5250000.0,PARTIAL,MEDIUM,"While NBTI's mandate includes promoting awareness of technology incubation and indigenous technologies, the budget item references ""ACTU"" which is not clearly defined or directly connected to the agency's core technology incubation and commercialization mandates.",50
ERGP16232528,"NBTI BILL PREPARATION AND LOGISTICS
",228009001,BOARD FOR TECHNOLOGY BUSINESS INCUBATOR CENTRE - ABUJA,,14000000.0,YES,HIGH,"Bill preparation and logistics are necessary administrative and legislative functions that support NBTI's core mandate of coordinating and managing the Technology Incubation Programme nationwide, including potential legislative updates to strengthen their operational framework.",0
ERGP20227384,"EROSION CONTROL AND REINFORCEMENT OF COLLAPSED FENCE AT CALABAR
",228009001,BOARD FOR TECHNOLOGY BUSINESS INCUBATOR CENTRE - ABUJA,,17500000.0,PARTIAL,MEDIUM,"While erosion control and fence reinforcement at Calabar could relate to maintaining a Technology Incubation Centre facility (as NBTI operates facilities nationwide), this appears to be basic infrastructure maintenance rather than core technology incubation activities.",50
ERGP22227275,"GRANT/SUPPORT TO ENTREPRENEURS AT TIC BENIN
",228009001,BOARD FOR TECHNOLOGY BUSINESS INCUBATOR CENTRE - ABUJA,,10500000.0,YES,HIGH,"Providing grants and support to entrepreneurs at Technology Incubation Centres directly aligns with NBTI's core mandate to create, nurture, and develop value-added technology-based enterprises and provide support services including funding to incubatees.",0
ERGP23179188,"DEVELOPMENT OF FACILITIES AND TEN (10) INCUBATION UNIT(ADO-EKITI TIC)
",228009001,BOARD FOR TECHNOLOGY BUSINESS INCUBATOR CENTRE - ABUJA,,7000000.0,YES,HIGH,The development of facilities and incubation units at Ado-Ekiti TIC directly aligns with NBTI's core mandate to facilitate the establishment of Technology Incubation Centres across the country and provide necessary infrastructure for nurturing technology start-ups.,0
ERGP23179681,"DEVELOPMENT OF CHEMICAL LABORATORY AT TIC BIRNIN KEBBI
",228009001,BOARD FOR TECHNOLOGY BUSINESS INCUBATOR CENTRE - ABUJA,,7000000.0,YES,HIGH,Developing a chemical laboratory at a Technology Incubation Centre directly supports NBTI's mandate to develop necessary infrastructure for nurturing technology start-ups and providing support services to incubatees in technology-based enterprises.,0
ERGP23229097,CONSTRUCTION OF CLASSROOM BLOCK AT SANTA MARIA TECHNICAL COLLEGE NIBO AWKA SOUTH ANAMBRA STATE (MOOT),228009001,BOARD FOR TECHNOLOGY BUSINESS INCUBATOR CENTRE - ABUJA,,700000.0,NO,HIGH,"The construction of a classroom block at a technical college falls outside NBTI's mandate, which focuses specifically on technology incubation, commercializing R&D results, and supporting technology-based enterprises rather than general educational infrastructure development.",100
ERGP23229475,"CONSTRUCTION OF 500 CAPACITY CONFERENCE HALL AT HEADQUATERS JAHI
",228009001,BOARD FOR TECHNOLOGY BUSINESS INCUBATOR CENTRE - ABUJA,,336000000.0,PARTIAL,MEDIUM,"While a conference hall could support NBTI's training and business advisory services to incubatees and facilitate linkages between entrepreneurs and investors, the large 500-capacity facility appears primarily focused on administrative infrastructure rather than directly advancing technology incubation activities.",50
ERGP23241833,"RENOVATION AND CONSTRUCTION OF CLASSROOMS WITH FURNITURES BOREHOLES, SOLAR STREETLIGHTS AT LAGUNNA COMMUNITY SECONDARY SCHOOL, OYO STATE",228009001,BOARD FOR TECHNOLOGY BUSINESS INCUBATOR CENTRE - ABUJA,,105000000.0,NO,HIGH,"The budget item involves renovating a secondary school facility which falls outside NBTI's mandate of technology incubation, commercialization of R&D results, and nurturing technology-based enterprises.",100
ERGP23241908,RENOVATION AND FURNISHING OF SELECTED PUBLIC SCHOOLS IN VARIOUS LOCATIONS IN ISIYIN/ITESIWAJU/KAJOLA/WAJOWA FEDERAL CONSTITUENCY OF OYO,228009001,BOARD FOR TECHNOLOGY BUSINESS INCUBATOR CENTRE - ABUJA,,35000000.0,NO,HIGH,"The renovation and furnishing of public schools falls outside NBTI's mandate, which is specifically focused on technology business incubation, commercialization of R&D results, and nurturing technology-based enterprises rather than general education infrastructure development.",100
ERGP24241913,"EDUCATIONAL SUPPORT SCHEME FOR STUDENTS, GRANTS, GRANTS FOR WIDOW AND VULNERABLE PEOPLE. PROVISIONS OF EDUCATIONAL MATERIALS IN",228009001,BOARD FOR TECHNOLOGY BUSINESS INCUBATOR CENTRE - ABUJA,,35000000.0,NO,HIGH,"The budget item focuses on general educational support, grants for widows and vulnerable people, which falls outside NBTI's specific mandate of technology incubation, commercialization of R&D results, and supporting technology-based enterprises.",100
ERGP27179236,"ERECTION OF SECURITY FENCE & GATE HOUSE(ADO-EKITI TIC)
",228009001,BOARD FOR TECHNOLOGY BUSINESS INCUBATOR CENTRE - ABUJA,,7992600.0,YES,HIGH,"The erection of security fence and gate house for the Ado-Ekiti Technology Incubation Centre falls directly within NBTI's mandate to establish and maintain Technology Incubation Centres across Nigeria, as security infrastructure is essential for protecting the facilities and incubatees.",0
ERGP27203793,"CONSTRUCTION OF ACCESS ROAD, COVETS, SECURITY LIGHTS/ BARBED WIRING/ LANDSCAPING AND CONNECTING TO NATIONAL GRID AT TIC IZZI",228009001,BOARD FOR TECHNOLOGY BUSINESS INCUBATOR CENTRE - ABUJA,,16373045.0,YES,HIGH,"The construction of infrastructure including access roads, security features, and utilities at Technology Incubation Centre (TIC) Izzi directly supports NBTI's core mandate to facilitate the establishment of TICs and develop necessary infrastructure for nurturing technology start-ups.",0
ERGP27204543,"RENOVATION OF FIVE INCUBATION UNITS, ADMIN BLOCK AND CONFERENCE HALL AT TIC GUSAU",228009001,BOARD FOR TECHNOLOGY BUSINESS INCUBATOR CENTRE - ABUJA,,7000000.0,YES,HIGH,"Renovating incubation units, administrative blocks, and conference halls at Technology Incubation Centres directly supports NBTI's core mandate to maintain and develop the necessary infrastructure for nurturing technology start-ups across their nationwide network of TICs.",0
ERGP27207344,DEVELOPMENT OF TECHNOLOGY INCUBATION CENTRE KADUNA- KAFANCHAN EXTENSION,228009001,BOARD FOR TECHNOLOGY BUSINESS INCUBATOR CENTRE - ABUJA,,24500000.0,YES,HIGH,"The development of a Technology Incubation Centre extension in Kaduna-Kafanchan directly aligns with NBTI's core mandate to facilitate the establishment of Technology Incubation Centres across the country, as evidenced by their existing network of 37 facilities nationwide including six extensions.",0
ERGP27223246,"PERIMETER FENCING AT TIC AKURE
",228009001,BOARD FOR TECHNOLOGY BUSINESS INCUBATOR CENTRE - ABUJA,,14000000.0,YES,HIGH,"Perimeter fencing at TIC Akure directly supports the agency's mandate to establish and maintain Technology Incubation Centres across Nigeria, as physical infrastructure security is essential for protecting incubatee enterprises and equipment.",0
ERGP27223249,"CONSTRUCTION OF ADDITIONAL FIVE (5) INCUBATION UNITS AT TIC IBADAN
",228009001,BOARD FOR TECHNOLOGY BUSINESS INCUBATOR CENTRE - ABUJA,,9800000.0,YES,HIGH,The construction of additional incubation units at TIC Ibadan directly supports NBTI's core mandate to facilitate the establishment of Technology Incubation Centres and develop necessary infrastructure for nurturing technology start-ups.,0
ERGP27223264,RENOVATION OF STAFF/ENTREPRENEURS' TOILETS AND TWO (2) BLOCKS OF INCUBATION UNITS AT TIC SOKOTO,228009001,BOARD FOR TECHNOLOGY BUSINESS INCUBATOR CENTRE - ABUJA,,7000000.0,YES,HIGH,Renovating incubation units and facilities at Technology Incubation Centres directly supports NBTI's core mandate to develop infrastructure for nurturing technology start-ups and maintain the 37+ TIC facilities nationwide.,0
ERGP27223317,CONSTRUCTION/INSTALLATION OF BEFITTING ENTRY/EXIT GATE AND POWER HOUSE AT TIC LOKOJA,228009001,BOARD FOR TECHNOLOGY BUSINESS INCUBATOR CENTRE - ABUJA,,10500000.0,YES,HIGH,The construction of infrastructure at Technology Incubation Centres falls directly within NBTI's mandate to develop necessary infrastructure for nurturing technology start-ups and facilitate the establishment of TICs across the country.,0
ERGP27223334,"DEVELOPMENT OF FACILITIES/ EROSION CONTROL AT SOUTH EAST ZONAL OFFICE
",228009001,BOARD FOR TECHNOLOGY BUSINESS INCUBATOR CENTRE - ABUJA,,14000000.0,PARTIAL,MEDIUM,"While developing facilities at a zonal office could support NBTI's mandate to establish Technology Incubation Centres nationwide, the erosion control component appears to be general infrastructure maintenance rather than technology incubation-specific development.",50
ERGP27223344,"HEIGHT ELEVATION OF PERIMETER FENCING AT TIC OKWE ONUIMO
",228009001,BOARD FOR TECHNOLOGY BUSINESS INCUBATOR CENTRE - ABUJA,,10500000.0,YES,HIGH,The budget item for height elevation of perimeter fencing at TIC Okwe Onuimo directly supports NBTI's mandate to facilitate the establishment and operation of Technology Incubation Centres (TICs) across the country by maintaining essential infrastructure security at one of their facilities.,0
ERGP27223351,"RENOVATION AND DEVELOPMENT OF FACILITIES AT THE TIC WARRI CENTRE
",228009001,BOARD FOR TECHNOLOGY BUSINESS INCUBATOR CENTRE - ABUJA,,8400000.0,YES,HIGH,"The renovation and development of facilities at TIC Warri directly supports NBTI's core mandate of facilitating the establishment and maintenance of Technology Incubation Centres across the country, as the agency operates TICs in each state including extensions totaling over 37 facilities nationwide.",0
ERGP27223363,REPLACEMENT OF OFFICE FURNTIURE AND EQUIPMENT DESTROYED BY FLOOD AT NORTH EAST ZONAL OFFICE BAUCHI,228009001,BOARD FOR TECHNOLOGY BUSINESS INCUBATOR CENTRE - ABUJA,,14000000.0,YES,HIGH,Replacing flood-damaged office furniture and equipment at a regional office is necessary for maintaining operational capacity to deliver the agency's technology incubation services across the country.,0
ERGP27223365,"RENOVATION OF ADMIN BLOCK AT TIC BAUCHI
",228009001,BOARD FOR TECHNOLOGY BUSINESS INCUBATOR CENTRE - ABUJA,,10500000.0,YES,HIGH,"Renovating the administrative block at TIC Bauchi directly supports NBTI's mandate to facilitate the establishment and operation of Technology Incubation Centres across Nigeria, as maintaining proper infrastructure is essential for providing support services to technology entrepreneurs.",0
ERGP27223373,RECONSTRUCTION OF FIVE INCUBATION UNITS DESTROYED BY FIRE OUTBREAK AT TIC GOMBE,228009001,BOARD FOR TECHNOLOGY BUSINESS INCUBATOR CENTRE - ABUJA,,7000000.0,YES,HIGH,The reconstruction of incubation units at Technology Incubation Centre Gombe directly supports NBTI's core mandate to establish and maintain Technology Incubation Centres across the country and provide necessary infrastructure for nurturing technology start-ups.,0
ERGP27223374,"RENOVATION AND DEVELOPMENT OF EXISTING FACILITIES AT TIC TARABA
",228009001,BOARD FOR TECHNOLOGY BUSINESS INCUBATOR CENTRE - ABUJA,,14000000.0,YES,HIGH,"The renovation and development of existing facilities at TIC Taraba directly supports NBTI's core mandate to facilitate the establishment and maintenance of Technology Incubation Centres across the country, as the agency has established TICs in each state of the Federation.",0
ERGP27226700,"RENOVATION OF EXISITING MULTIPURPOSE HALL, DAMAGED PERIMETRE FENCE AT TIC ILE IFE",228009001,BOARD FOR TECHNOLOGY BUSINESS INCUBATOR CENTRE - ABUJA,,10500000.0,YES,HIGH,Renovating infrastructure at Technology Incubation Centres falls directly within NBTI's mandate to develop necessary infrastructure for nurturing technology start-ups and maintain its network of TICs across the country.,0
ERGP27226782,"HEIGHT ELEVATION OF PERIMETER FENCING AT TIC GUSAU
",228009001,BOARD FOR TECHNOLOGY BUSINESS INCUBATOR CENTRE - ABUJA,,7000000.0,YES,HIGH,"The budget item for height elevation of perimeter fencing at TIC Gusau directly supports NBTI's mandate to facilitate the establishment and operation of Technology Incubation Centres across the country, as security infrastructure is essential for protecting the physical facilities where technology incubation activities take place.",0
ERGP27226925,"RECONSTRUCTION DILAPIDATED BUILDING (TIC ILORIN)
",228009001,BOARD FOR TECHNOLOGY BUSINESS INCUBATOR CENTRE - ABUJA,,10500000.0,YES,HIGH,Reconstructing a dilapidated Technology Incubation Centre building directly supports NBTI's mandate to develop necessary infrastructure for nurturing technology start-ups and maintain its network of TIC facilities nationwide.,0
ERGP27227080,PAINTING OF NEW ADMIN BLOCK AND PURCHASE OF CONFERENCE CHAIRS AND FAN AT TIC ABA,228009001,BOARD FOR TECHNOLOGY BUSINESS INCUBATOR CENTRE - ABUJA,,10500000.0,YES,HIGH,"The budget item supports the infrastructure needs of Technology Incubation Centre (TIC) Aba, which is part of NBTI's mandate to establish and maintain TICs across the country and provide necessary infrastructure for nurturing technology start-ups.",0
ERGP27227424,"CONSTRUCTION OF RETAINING WALL, RECLAIMING OF THE LAND (SANDFILLING), CONSTRUCTION OF DRAINAGE CHANNEL AT TIC YENAGOA",228009001,BOARD FOR TECHNOLOGY BUSINESS INCUBATOR CENTRE - ABUJA,,28000000.0,YES,HIGH,"The construction and land reclamation activities at TIC Yenagoa directly support NBTI's core mandate to establish and maintain Technology Incubation Centres across the country, as the agency operates TICs in each state including Bayelsa where Yenagoa is located.",0
ERGP27227566,"PROVISION OF TOILET FACILITIES AT IGBOTAKO EXT
",228009001,BOARD FOR TECHNOLOGY BUSINESS INCUBATOR CENTRE - ABUJA,,8400000.0,PARTIAL,MEDIUM,"While providing toilet facilities at an extension center could support NBTI's mandate to establish and maintain Technology Incubation Centre facilities nationwide, basic infrastructure like toilets is only indirectly related to the core technology incubation and commercialization activities.",50
ERGP27227657,"DEVELOPMENT AND RENOVATION OF EXISTING FACILITIES AT TIC IZZI
",228009001,BOARD FOR TECHNOLOGY BUSINESS INCUBATOR CENTRE - ABUJA,,14000000.0,YES,HIGH,The development and renovation of existing facilities at Technology Incubation Centres directly supports NBTI's core mandate to facilitate the establishment and maintenance of TICs across the country and provide necessary infrastructure for nurturing technology start-ups.,0
ERGP27229818,CONSTRUCTION OF STATE OF THE ART CONFERENCE HALL AND EXHIBITION CENTRE FOR AT TIC LAGOS,228009001,BOARD FOR TECHNOLOGY BUSINESS INCUBATOR CENTRE - ABUJA,,140000000.0,YES,HIGH,"The construction of a conference hall and exhibition centre at TIC Lagos directly supports NBTI's mandate to develop necessary infrastructure for nurturing technology start-ups and facilitating linkages between technology providers, entrepreneurs, and investors.",0
ERGP27232414,UPGRADING OF CONFERENCE ROOM AND RENOVATION OF ADMIN BLOCK AND BLOCK C AT TIC AKURE,228009001,BOARD FOR TECHNOLOGY BUSINESS INCUBATOR CENTRE - ABUJA,,7000000.0,YES,HIGH,Upgrading conference facilities and renovating administrative blocks at Technology Incubation Centres directly supports NBTI's mandate to develop necessary infrastructure for nurturing technology start-ups and maintaining the operational facilities of their nationwide TIC network.,0
ERGP27232529,"JAHI HEADQUATERS BUILDING ENGINEERING VALUATION/ BILL
",228009001,BOARD FOR TECHNOLOGY BUSINESS INCUBATOR CENTRE - ABUJA,,14000000.0,PARTIAL,MEDIUM,"While engineering valuation of headquarters building infrastructure could support NBTI's mandate to develop necessary infrastructure for nurturing technology start-ups, the item lacks specificity about how this directly relates to technology incubation activities.",50
ERGP27232532,CONSTRUCTION OF 7.5 MILLION LITRES WATER TANK WITH CONCRETE PILLAR AND GALVINIZED STILL TANK AT JAHI HEADQUATERS,228009001,BOARD FOR TECHNOLOGY BUSINESS INCUBATOR CENTRE - ABUJA,,140000000.0,PARTIAL,MEDIUM,"While water infrastructure could support the agency's technology incubation facilities at their headquarters, constructing a 7.5 million liter water tank appears disproportionately large for typical office/incubation center operations and may not directly relate to their core mandate of nurturing technology-based enterprises.",50
ERGP27232534,RECONSTRUCTION OF DILAPIDATED POWER HOUSE AND CONNECTION TO NATIONAL GRID AT JAHI HEADQUATERS,228009001,BOARD FOR TECHNOLOGY BUSINESS INCUBATOR CENTRE - ABUJA,,140000000.0,YES,HIGH,Reconstructing power infrastructure at the agency's headquarters is essential for maintaining the operational capacity needed to fulfill NBTI's mandate of developing technology incubation infrastructure and supporting technology-based enterprises.,0
ERGP27232535,CONSTRUCTION OF EXHIBITION/DISPLAY CENTRE FOR COMMERCIALIZATION OF R&D OUTPUT AT JAHI HEADQUATERS,228009001,BOARD FOR TECHNOLOGY BUSINESS INCUBATOR CENTRE - ABUJA,,140000000.0,YES,HIGH,Constructing an exhibition/display centre directly supports NBTI's core mandate to commercialize research and development results and promote technology-based enterprises by providing infrastructure to showcase R&D outputs to potential investors and partners.,0
ERGP28223304,"PROVISION OF DRAINAGE LAYOUT WITHIN THE CENTRE PREMISES (TIC JIGAWA)
",228009001,BOARD FOR TECHNOLOGY BUSINESS INCUBATOR CENTRE - ABUJA,,7000000.0,YES,HIGH,Providing drainage layout within the TIC Jigawa premises is necessary infrastructure development that directly supports NBTI's mandate to develop the necessary infrastructure for nurturing technology start-ups and facilitate the establishment of Technology Incubation Centres across the country.,0
ERGP28223312,"FENCING OF ADDITIONAL LAND SPACE AT MINNA ZONAL OFFICE
",228009001,BOARD FOR TECHNOLOGY BUSINESS INCUBATOR CENTRE - ABUJA,,14000000.0,YES,HIGH,Fencing additional land space at the Minna Zonal Office directly supports NBTI's mandate to develop necessary infrastructure for nurturing technology start-ups and establishing Technology Incubation Centres across the country.,0
ERGP28223328,DEVELOPMENT OF FACILITIES (RENOVATION OF TOILETS AND RETICULATION OF WATER SUPPLY) AT TIC JOS,228009001,BOARD FOR TECHNOLOGY BUSINESS INCUBATOR CENTRE - ABUJA,,14000000.0,YES,HIGH,The renovation of facilities at Technology Incubation Centre (TIC) Jos directly supports NBTI's mandate to develop necessary infrastructure for nurturing technology start-ups and maintain its network of TICs established nationwide.,0
ERGP28223340,"REHABILITATION OF EXISTING BOREHOLE, INSTALLATION OF WATER TREATMENT PLANT AND 10,000 LITRES OF GP TANKS AT TIC NNEWI",228009001,BOARD FOR TECHNOLOGY BUSINESS INCUBATOR CENTRE - ABUJA,,14000000.0,YES,HIGH,"This budget item directly supports the infrastructure needs of the Technology Incubation Centre (TIC) in Nnewi, which is part of NBTI's mandate to develop necessary infrastructure for nurturing technology start-ups and operate TICs across the country.",0
ERGP28223357,"RE-ROOFING OF THE CENTRE'S ROOF AT TIC CALABAR
",228009001,BOARD FOR TECHNOLOGY BUSINESS INCUBATOR CENTRE - ABUJA,,14000000.0,YES,HIGH,Re-roofing of TIC Calabar falls within NBTI's mandate to maintain and develop the necessary infrastructure for Technology Incubation Centres across the country.,0
ERGP28223362,"RENOVATION OF FACILITIES AT NORTH EAST ZONAL OFFICE
",228009001,BOARD FOR TECHNOLOGY BUSINESS INCUBATOR CENTRE - ABUJA,,14000000.0,YES,HIGH,Renovating facilities at the North East Zonal Office directly supports NBTI's mandate to develop necessary infrastructure for nurturing technology start-ups and maintaining its nationwide network of Technology Incubation Centres.,0
ERGP28223368,"PROVISION OF BOREHOLE AT TIC DAMATURU
",228009001,BOARD FOR TECHNOLOGY BUSINESS INCUBATOR CENTRE - ABUJA,,10500000.0,PARTIAL,MEDIUM,"While providing borehole infrastructure at a Technology Incubation Centre supports the agency's mandate to develop necessary infrastructure for nurturing technology start-ups, it represents basic utility infrastructure rather than technology-specific incubation services.",50
ERGP28226039,INSTALLATION OF WATER TREATMENT PLANT AND RENOVATION OF OVER HEAD TANK AT TIC LAGOS,228009001,BOARD FOR TECHNOLOGY BUSINESS INCUBATOR CENTRE - ABUJA,,28000000.0,YES,HIGH,Installing water treatment infrastructure at the Technology Incubation Centre Lagos directly supports NBTI's mandate to develop necessary infrastructure for nurturing technology start-ups and maintaining operational facilities for incubatees.,0
ERGP29223254,"RENOVATION OF ADMINISTRATIVE BUILDING AT TIC ADO EKITI
",228009001,BOARD FOR TECHNOLOGY BUSINESS INCUBATOR CENTRE - ABUJA,,14000000.0,YES,HIGH,"The renovation of administrative building at TIC Ado Ekiti directly supports NBTI's mandate to establish and maintain Technology Incubation Centres across all states of the Federation, as the administrative infrastructure is essential for operating these facilities.",0
ERGP29227533,"SUPPLY AND PROVISION OF ICT EQUIPMENT AT TIC MABUDI EXT
",228009001,BOARD FOR TECHNOLOGY BUSINESS INCUBATOR CENTRE - ABUJA,,8400000.0,YES,HIGH,Supplying ICT equipment at a Technology Incubation Centre extension directly supports NBTI's core mandate to develop infrastructure for nurturing technology start-ups and provide support services to incubatees.,0
ERGP29227975,"E-COMMERCE DEPLOYMENT,WEBSITE UPGRADE AND DIGITILIZATION OF NBTI PROCESSES,FILES AND RECORDS",228009001,BOARD FOR TECHNOLOGY BUSINESS INCUBATOR CENTRE - ABUJA,,10500000.0,YES,HIGH,"The e-commerce deployment, website upgrade, and digitization of processes directly supports NBTI's mandate to create enabling environments for technology-based enterprises and provide modern support services to incubatees.",0
ERGP29227995,"DEVELOPMENT OF PROCUREMENT SOFTWARE AND DATABASE FOR NBTI
",228009001,BOARD FOR TECHNOLOGY BUSINESS INCUBATOR CENTRE - ABUJA,,10500000.0,YES,HIGH,"Developing procurement software and database directly supports NBTI's mandate to develop necessary infrastructure for nurturing technology start-ups and providing support services to incubatees, as efficient procurement systems are essential for the Board's operations across its 37+ facilities nationwide.",0
ERGP29229073,"CAPACITY BUILDING ON AI TECHNOLOGY FOR YOUTH IN NIGERIA
",228009001,BOARD FOR TECHNOLOGY BUSINESS INCUBATOR CENTRE - ABUJA,,231000000.0,YES,HIGH,"Capacity building on AI technology for youth directly aligns with NBTI's mandate to nurture technology-based enterprises, promote indigenous technologies, and provide training and technology knowledge support services to develop Nigeria's technological competitiveness.",0
ERGP29232475,"PROVISION OF EQUIPMENT FOR PUBLIC RELATION UNIT
",228009001,BOARD FOR TECHNOLOGY BUSINESS INCUBATOR CENTRE - ABUJA,,3500000.0,PARTIAL,MEDIUM,"While public relations equipment supports organizational operations and could help promote NBTI's technology incubation programs and success stories, it is not directly aligned with the core mandate of commercializing research, developing technology enterprises, or providing incubation services.",50
ERGP29232478,"CAPACITY BUILDING ON ICT FOR YOUTH AND WOMEN IN IMO STATE (SUE)
",228009001,BOARD FOR TECHNOLOGY BUSINESS INCUBATOR CENTRE - ABUJA,,10500000.0,PARTIAL,MEDIUM,"While ICT capacity building for youth and women could relate to NBTI's mandate to nurture technology-based enterprises and provide training support, the item lacks clear connection to technology incubation, commercialization of R&D results, or establishment of technology enterprises which are the Board's core functions.",50
ERGP29232479,"CAPACITY BUILDING ON ICT FOR YOUTH AND WOMEN IN ANAMBRA STATE (SUE)
",228009001,BOARD FOR TECHNOLOGY BUSINESS INCUBATOR CENTRE - ABUJA,,10500000.0,YES,HIGH,"This budget item aligns with NBTI's mandate to promote indigenous technological potentials, provide training and support services, and develop technology-based enterprises, particularly as ICT capacity building for youth and women directly supports the creation and nurturing of technology entrepreneurs.",0
ERGP30143674,"MINISTERIAL SCIENCE TECHNOLOGY AND INNOVATION EXPO
",228009001,BOARD FOR TECHNOLOGY BUSINESS INCUBATOR CENTRE - ABUJA,,35000000.0,YES,HIGH,"Organizing a ministerial science, technology and innovation expo directly aligns with NBTI's mandate to promote indigenous technologies, facilitate linkages between technology providers and entrepreneurs, and showcase technology-based enterprises they incubate.",0
ERGP30156088,PROVISION OF LOGISTICS SUPPORT FOR TECHNOLOGY SOURCING AND JOINT RESEARCH COMMERCIALIZATION EFFORTS WITH ACADEMIA AND INDUSTRY,228009001,BOARD FOR TECHNOLOGY BUSINESS INCUBATOR CENTRE - ABUJA,,70000000.0,YES,HIGH,"This budget item directly aligns with NBTI's core mandate to promote and facilitate the application of indigenous technologies, commercialize research and development results, and create effective linkages between technology providers, entrepreneurs, and industry.",0
ERGP30176071,"DEVELOPMENT OF 5 INCUBATION UNIT AND CONFERENCE HALL AT TIC B/KEBBI
",228009001,BOARD FOR TECHNOLOGY BUSINESS INCUBATOR CENTRE - ABUJA,,21000000.0,YES,HIGH,Developing incubation units and conference facilities at Technology Incubation Centres directly supports NBTI's core mandate to establish and develop TICs nationwide and provide infrastructure for nurturing technology start-ups.,0
ERGP30179145,CONSTRUCTION OF QUALITY CONTROL LABORATORY AND PROVISION OF LABORATORY EQUIPMENTS(ILE-IFE TIC),228009001,BOARD FOR TECHNOLOGY BUSINESS INCUBATOR CENTRE - ABUJA,,3313863.0,YES,HIGH,Construction of a quality control laboratory and provision of equipment at the Ile-Ife Technology Incubation Centre directly supports NBTI's mandate to develop necessary infrastructure for nurturing technology start-ups and provide support services including technology knowledge to incubatees.,0
ERGP30179228,PROCESS PLANT DEVELOPMENT AND UP-SCALING OF SOME SELECTED R&D PRODUCTS (ADO-EKITI TIC),228009001,BOARD FOR TECHNOLOGY BUSINESS INCUBATOR CENTRE - ABUJA,,2507400.0,YES,HIGH,This budget item directly aligns with NBTI's core mandate to commercialize research and development results and create value-added technology-based enterprises through their established Technology Incubation Centres.,0
ERGP30193212,"CAPITAL PROJECTS BUDGET IMPLEMENTATION , MONITORING AND EVALUTAION ACROSS THE 36 TICS AND SIX ZONAL OFFICES.",228009001,BOARD FOR TECHNOLOGY BUSINESS INCUBATOR CENTRE - ABUJA,,31500000.0,YES,HIGH,This budget item directly supports NBTI's core mandate to establish and manage Technology Incubation Centres across all states and coordinate the national Technology Incubation Programme through proper project implementation and monitoring.,0
ERGP30193461,DEVELOPMENT OF ADMINISTRATIVE BLOCK AND 10 INCUBATION UNITS AT AHUWA OBORO IKWUANO LGA ABIA STATE,228009001,BOARD FOR TECHNOLOGY BUSINESS INCUBATOR CENTRE - ABUJA,,35000000.0,YES,HIGH,The development of incubation units directly aligns with NBTI's core mandate to facilitate the establishment of Technology Incubation Centres (TICs) across the country and provide infrastructure for nurturing technology start-ups.,0
ERGP30193691,"ESTABLISHMENT AND EQUIPPING OF COMMON FACILITY CENTRE FOR FOOD PROCESSING AT IBADAN,LAFIA, OWERRI, KANO AND CALABAR",228009001,BOARD FOR TECHNOLOGY BUSINESS INCUBATOR CENTRE - ABUJA,,49000000.0,YES,HIGH,"Establishing and equipping common facility centres for food processing aligns with NBTI's mandate to create infrastructure for nurturing technology start-ups and develop value-added technology-based enterprises, as food processing involves technology applications that can be incubated and commercialized.",0
ERGP30206048,"SUBSIDIZING R&D PRODUCT CERTIFICATION, INTELLECTUAL PROPERTY (IP) REGISTRATION, BRANDING AND PACKEGING",228009001,BOARD FOR TECHNOLOGY BUSINESS INCUBATOR CENTRE - ABUJA,,35000000.0,YES,HIGH,"This budget item directly aligns with NBTI's core mandate to support technology-based enterprises through commercialization services, as R&D product certification, IP registration, branding and packaging are essential components of the technology commercialization process that the agency is specifically mandated to facilitate.",0
ERGP30206151,"PURCHASE OF UTILITY VEHICLE FOR NBTI HEADQUATERS
",228009001,BOARD FOR TECHNOLOGY BUSINESS INCUBATOR CENTRE - ABUJA,,56000000.0,YES,HIGH,A utility vehicle for NBTI headquarters is necessary operational infrastructure to support the agency's coordination and management of the national Technology Incubation Programme across 37 facilities nationwide.,0
ERGP30207319,INSTALLATION AND USERS SENSITIZATION ON 3D MACHINERIES AT THE ZONAL OFFICES,228009001,BOARD FOR TECHNOLOGY BUSINESS INCUBATOR CENTRE - ABUJA,,14000000.0,YES,HIGH,Installing and providing user sensitization on 3D machineries at zonal offices directly supports NBTI's mandate to develop necessary infrastructure for nurturing technology start-ups and provide technology knowledge and training to incubatees.,0
ERGP30207324,"UPGRADMENT OF LABORATORIES FOR ACCREDITATION AND REGISTRATION AT TIC NNEWI, KANO AND LAGOS",228009001,BOARD FOR TECHNOLOGY BUSINESS INCUBATOR CENTRE - ABUJA,,14000000.0,YES,HIGH,Upgrading laboratories for accreditation and registration at Technology Incubation Centres directly supports NBTI's core mandate to develop infrastructure for nurturing technology start-ups and provide support services to incubatees.,0
ERGP30223248,PROVISION AND INSTALLATION OF QUALITY CONTROL LABORATORY EQUIPMENTS AT TIC ILE-IFE,228009001,BOARD FOR TECHNOLOGY BUSINESS INCUBATOR CENTRE - ABUJA,,10500000.0,YES,HIGH,"Installing quality control laboratory equipment at a Technology Incubation Centre directly supports NBTI's mandate to provide support services and infrastructure for nurturing technology start-ups, as quality control is essential for technology-based enterprises to develop competitive products.",0
ERGP30223250,UPSCALING AND SUPPLY OF BRANDING AND PACKAGING MACHINES AND ITS COMPONENTS AT TIC IBADAN,228009001,BOARD FOR TECHNOLOGY BUSINESS INCUBATOR CENTRE - ABUJA,,5600000.0,YES,HIGH,Providing branding and packaging machines and components to Technology Incubation Centres directly supports NBTI's core mandate of nurturing technology-based enterprises and providing necessary infrastructure and equipment support to incubatees.,0
ERGP30223251,"SUPPLY OF OFFICE FURNITURE AND EQUIPMENT AT TIC IBADAN AND EXTENSION
",228009001,BOARD FOR TECHNOLOGY BUSINESS INCUBATOR CENTRE - ABUJA,,6650000.0,YES,HIGH,Supplying office furniture and equipment for Technology Incubation Centres directly supports NBTI's core mandate to develop necessary infrastructure for nurturing technology start-ups and facilitate the establishment of TICs across the country.,0
ERGP30223253,"REFURBISHING OF UTILITY VEHICLE AT TIC ABEOKUTA
",228009001,BOARD FOR TECHNOLOGY BUSINESS INCUBATOR CENTRE - ABUJA,,5250000.0,YES,HIGH,Refurbishing utility vehicles at Technology Incubation Centres directly supports NBTI's mandate to develop necessary infrastructure for nurturing technology start-ups and maintaining operational facilities across the country.,0
ERGP30223256,"CAPACITY BUILDING FOR STAFF, ENTREPRENEURS AND INNOVATORS AT NORTH WEST ZONAL OFFICE , KANO",228009001,BOARD FOR TECHNOLOGY BUSINESS INCUBATOR CENTRE - ABUJA,,9100000.0,YES,HIGH,"Capacity building for staff, entrepreneurs and innovators directly aligns with NBTI's core mandate to provide support services including training and business advice to incubatees and promote technology-based enterprise development.",0
ERGP30223258,"RENOVATION OF MULTI PURPOSE CONFERNCE HALL AT TIC KANO
",228009001,BOARD FOR TECHNOLOGY BUSINESS INCUBATOR CENTRE - ABUJA,,10500000.0,YES,HIGH,Renovating a multi-purpose conference hall at TIC Kano directly supports NBTI's mandate to develop necessary infrastructure for nurturing technology start-ups and facilitating the establishment and operation of Technology Incubation Centres across the country.,0
ERGP30223260,"PROVISION OF MUREX SAFFIRE CUTTER ISO 5172, DIGITAL WEIGHING SCALE, WATER DISTILLER MACHINE AND FTIR MACHINE AT TIC B/KEBBI",228009001,BOARD FOR TECHNOLOGY BUSINESS INCUBATOR CENTRE - ABUJA,,10500000.0,YES,HIGH,"The provision of specialized equipment like FTIR machines, cutters, weighing scales, and water distillers at the Technology Incubation Centre in Bauchi/Kebbi directly supports NBTI's core mandate to provide infrastructure and support services for nurturing technology-based enterprises and facilitating the establishment of TICs across the country.",0
ERGP30223263,"PROCUMENT OF CONFERENCE HALL FACILITIES AT TIC SOKOTO
",228009001,BOARD FOR TECHNOLOGY BUSINESS INCUBATOR CENTRE - ABUJA,,7000000.0,YES,HIGH,Procuring conference hall facilities at TIC Sokoto directly supports NBTI's mandate to develop necessary infrastructure for nurturing technology start-ups and facilitate the establishment of Technology Incubation Centres across the country.,0
ERGP30223305,"UPGRADING OF TEA BAG PACKAGING MACHINE AT TIC KATSINA
",228009001,BOARD FOR TECHNOLOGY BUSINESS INCUBATOR CENTRE - ABUJA,,10500000.0,YES,HIGH,Upgrading equipment at a Technology Incubation Centre directly supports NBTI's core mandate of providing infrastructure and support services to nurture technology-based enterprises and facilitate the operations of TICs nationwide.,0
ERGP30223306,"AUTOMATIC POWDER PACKAGING MACHINE AT TIC KATSINA
",228009001,BOARD FOR TECHNOLOGY BUSINESS INCUBATOR CENTRE - ABUJA,,10500000.0,YES,HIGH,An automatic powder packaging machine at TIC Katsina directly supports NBTI's mandate to develop necessary infrastructure for nurturing technology start-ups and providing support services to incubatees at their Technology Incubation Centres.,0
ERGP30223308,"PROVISION OF OFFICE FURNITURE AT TIC KADUNA.
",228009001,BOARD FOR TECHNOLOGY BUSINESS INCUBATOR CENTRE - ABUJA,,14000000.0,YES,HIGH,"Providing office furniture at TIC Kaduna directly supports NBTI's mandate to establish and operate Technology Incubation Centres nationwide, as proper infrastructure including furniture is necessary for the functioning of these facilities that nurture technology-based enterprises.",0
ERGP30223314,"PROCUREMENT OF OFFICE EQUIPMENT AT TIC MINNA
",228009001,BOARD FOR TECHNOLOGY BUSINESS INCUBATOR CENTRE - ABUJA,,10500000.0,YES,HIGH,"The procurement of office equipment at TIC Minna directly supports NBTI's mandate to establish and operate Technology Incubation Centres across the country, as TIC Minna is one of their state-level facilities requiring proper equipment to function effectively.",0
ERGP30223316,PROVISION AND INSTALLATION OF MODERN QUALITY CONTROL LABORATORY EQUIPMENT FOR TIC LOKOJA.,228009001,BOARD FOR TECHNOLOGY BUSINESS INCUBATOR CENTRE - ABUJA,,7000000.0,YES,HIGH,Providing modern quality control laboratory equipment for Technology Incubation Centres directly supports NBTI's mandate to develop necessary infrastructure for nurturing technology start-ups and providing support services including technology knowledge to incubatees.,0
ERGP30223320,PURCHASE OF DISTILLED WATER MAKING MACHINE AND INSTALLATION OF LABORATORY EQUIPMENT AT TIC MARKUDI,228009001,BOARD FOR TECHNOLOGY BUSINESS INCUBATOR CENTRE - ABUJA,,7000000.0,YES,HIGH,The purchase and installation of laboratory equipment at a Technology Incubation Centre directly supports NBTI's core mandate of providing infrastructure and support services to nurture technology-based enterprises and facilitate the establishment of TICs across the country.,0
ERGP30223321,"INSTALLATION OF PET BOTTLE MACHINE AT TIC ILORIN
",228009001,BOARD FOR TECHNOLOGY BUSINESS INCUBATOR CENTRE - ABUJA,,5600000.0,YES,HIGH,Installing a PET bottle machine at TIC Ilorin directly supports NBTI's core mandate of providing infrastructure and equipment to nurture technology-based enterprises within their established Technology Incubation Centres.,0
ERGP30223323,"SUPPLY AND INSTALLATION OF MODERN LABORATORY EQUIPMENT (TIC ILORIN)
",228009001,BOARD FOR TECHNOLOGY BUSINESS INCUBATOR CENTRE - ABUJA,,4900000.0,YES,HIGH,The supply and installation of modern laboratory equipment for TIC Ilorin directly supports NBTI's core mandate of developing infrastructure for nurturing technology start-ups and facilitating the establishment of Technology Incubation Centres across the country.,0
ERGP30223338,"PROCUREMENT OF OFFICE FURNITURE AND EQUIPMENT AT TIC NNEWI
",228009001,BOARD FOR TECHNOLOGY BUSINESS INCUBATOR CENTRE - ABUJA,,7000000.0,YES,HIGH,"Procuring office furniture and equipment for Technology Incubation Centre (TIC) Nnewi directly supports NBTI's mandate to establish and operate TICs nationwide, as these facilities require proper equipment to provide incubation services to technology entrepreneurs.",0
ERGP30223342,"SUPPLY OF EQUIPMENTS TO THE MECHANICAL WORKSHOP AT TIC ABA
",228009001,BOARD FOR TECHNOLOGY BUSINESS INCUBATOR CENTRE - ABUJA,,10500000.0,YES,HIGH,Supplying equipment to mechanical workshops at Technology Incubation Centres directly supports NBTI's core mandate of developing necessary infrastructure for nurturing technology start-ups and providing support services to incubatees.,0
ERGP30223350,"PROCUREMENT AND INSTALLATION OF NYLON CUTTING MACHINE AT TIC UYO
",228009001,BOARD FOR TECHNOLOGY BUSINESS INCUBATOR CENTRE - ABUJA,,14000000.0,YES,HIGH,The procurement of a nylon cutting machine for Technology Incubation Centre (TIC) Uyo directly supports NBTI's mandate to provide infrastructure and equipment for nurturing technology-based enterprises at their established TICs nationwide.,0
ERGP30223353,UPGRADING THE LABORATORY WITH STANDARDIZED ANALYTICAL EQUIPMENT FOR SCIENTIFIC ANALYSIS AT TIC WARRI,228009001,BOARD FOR TECHNOLOGY BUSINESS INCUBATOR CENTRE - ABUJA,,9100000.0,YES,HIGH,Upgrading laboratory equipment at a Technology Incubation Centre directly supports NBTI's core mandate to provide infrastructure and support services for nurturing technology-based enterprises and facilitating the commercialization of research and development results.,0
ERGP30223364,SUPPLY AND INSTALLATION OF PACKAGING EQUIPMENT FOR COMMERCIALIZATION AT TIC BAUCHI,228009001,BOARD FOR TECHNOLOGY BUSINESS INCUBATOR CENTRE - ABUJA,,10500000.0,YES,HIGH,The supply and installation of packaging equipment for commercialization at TIC Bauchi directly supports NBTI's core mandate of creating and developing value-added technology-based enterprises and providing necessary infrastructure and support services to incubatees for technology commercialization.,0
ERGP30223366,PROCUREMENT OF EQUIPMENT FOR PACKAGING AND LABELING OF PRODUCTS FOR COMMERCIALIZATION AT TIC MAIDUGURI,228009001,BOARD FOR TECHNOLOGY BUSINESS INCUBATOR CENTRE - ABUJA,,10500000.0,YES,HIGH,Procurement of packaging and labeling equipment for product commercialization at a Technology Incubation Centre directly supports NBTI's core mandate to commercialize research and development results and nurture technology-based enterprises through their established TIC network.,0
ERGP30223378,"PROCUREMENT OF AN INDUSTRIAL SEWING MACHINE/FILING, SHOE LACE AND LOGO STAMPING MACHINE AT TIC YOLA",228009001,BOARD FOR TECHNOLOGY BUSINESS INCUBATOR CENTRE - ABUJA,,7000000.0,YES,HIGH,The procurement of industrial equipment for technology incubation centers directly supports NBTI's core mandate of creating and nurturing value-added technology-based enterprises through their established TIC facilities nationwide.,0
ERGP30224267,HUMAN CAPITAL DEVELOPMENT FOR STAFF AND ENTREPRENEURS AT SW ZONAL OFFICE LAGOS,228009001,BOARD FOR TECHNOLOGY BUSINESS INCUBATOR CENTRE - ABUJA,,8400000.0,YES,HIGH,"Human capital development for staff and entrepreneurs directly aligns with NBTI's core mandate to provide support services including training and business advice to incubatees, and the Lagos zonal office falls within their established network of Technology Incubation Centres nationwide.",0
ERGP30224275,"MONITORING,EVALUATION AND TECHNICAL SUPPORT FOR RESIDENT ENTREPRENEURS, GRADUATES AND POST INCUBATEES AT SW ZONAL OFFICE LAGOS",228009001,BOARD FOR TECHNOLOGY BUSINESS INCUBATOR CENTRE - ABUJA,,12600000.0,YES,HIGH,This budget item directly aligns with NBTI's core mandate to provide support services to incubatees and the Post Incubation and Extension Services Department's responsibility to monitor graduated entrepreneurs.,0
ERGP30224316,"PURCHASE AND INSTALATION OF CONFERENCE TABLE, CHAIRS, ELECTRICAL FITTINGS, SPLIT AC ETC AT TIC LAFIA",228009001,BOARD FOR TECHNOLOGY BUSINESS INCUBATOR CENTRE - ABUJA,,6230000.0,YES,HIGH,"The purchase and installation of conference facilities and equipment at TIC Lafia directly supports NBTI's mandate to establish and operate Technology Incubation Centres across the country, providing necessary infrastructure for nurturing technology start-ups.",0
ERGP30226092,"PROCUREMENT OF LABORATORY EQUIPMENT AT TIC LAGOS
",228009001,BOARD FOR TECHNOLOGY BUSINESS INCUBATOR CENTRE - ABUJA,,7000000.0,YES,HIGH,Procuring laboratory equipment for Technology Incubation Centres directly supports NBTI's core mandate of developing infrastructure for nurturing technology start-ups and providing support services to incubatees.,0
ERGP30226897,PURCHASE OF DISTILLED WATER MAKING MACHINE AND INSTALLATION OF LABORATORY EQUIPMENT AT TIC LAFIA,228009001,BOARD FOR TECHNOLOGY BUSINESS INCUBATOR CENTRE - ABUJA,,10500000.0,YES,HIGH,Installing laboratory equipment at Technology Incubation Centres directly supports NBTI's mandate to provide infrastructure and support services for nurturing technology-based enterprises and facilitating the establishment of TICs across the country.,0
ERGP30226968,"CAPACITY DEVELOPMENT OF STAFF, ENTREPRENEURS, YOUTHS AND WOMEN WITHIN SOUTH EAST",228009001,BOARD FOR TECHNOLOGY BUSINESS INCUBATOR CENTRE - ABUJA,,7000000.0,YES,HIGH,"The budget item directly aligns with NBTI's core mandate to provide support services including training to incubatees and entrepreneurs, and to nurture technology-based enterprises through capacity development programs.",0
ERGP30227143,FURNISHING & UPGRADING OF TEMPORAL TRAINING/CONFERENCE HALL AT TIC ENUGU,228009001,BOARD FOR TECHNOLOGY BUSINESS INCUBATOR CENTRE - ABUJA,,4200000.0,YES,HIGH,"Furnishing and upgrading a training/conference hall at a Technology Incubation Centre directly supports NBTI's core mandate to provide support services including training and business advice to incubatees, and to develop necessary infrastructure for nurturing technology start-ups.",0
ERGP30227160,RENOVATION/ UPGRADE OF LABELLING AND PACKAGING EQUIPMENT UNIT FOR COMMERCIALIZATION AT TIC ENUGU,228009001,BOARD FOR TECHNOLOGY BUSINESS INCUBATOR CENTRE - ABUJA,,10500000.0,YES,HIGH,This budget item directly supports NBTI's core mandate of creating and nurturing value-added technology-based enterprises by providing essential infrastructure for commercializing products at their Technology Incubation Centre.,0
ERGP30227178,"PROCUREMENT OF LABORATORY EQUIPMENT AT TIC ENUGU
",228009001,BOARD FOR TECHNOLOGY BUSINESS INCUBATOR CENTRE - ABUJA,,7000000.0,YES,HIGH,Procuring laboratory equipment for Technology Incubation Centres directly supports NBTI's core mandate to develop necessary infrastructure for nurturing technology start-ups and provide support services to incubatees.,0
ERGP30227218,"PROCUREMENT OF RICE PROCESSING AND PACKAGING EQUIPMENT AT TIC EBONYI
",228009001,BOARD FOR TECHNOLOGY BUSINESS INCUBATOR CENTRE - ABUJA,,10500000.0,YES,HIGH,Procuring rice processing and packaging equipment for a Technology Incubation Centre directly supports NBTI's mandate to create necessary infrastructure for nurturing technology start-ups and developing value-added technology-based enterprises in the agricultural sector.,0
ERGP30227248,"DIGITAL SKILLS TO IMPROVE THE DIGITAL SPACE AND ECONOMY AMONG STAFF, ENTERPRENURES AND YOUTHS IN EDO STATE, BY THE SOUTH-SOUTH ZONAL OFFICE,",228009001,BOARD FOR TECHNOLOGY BUSINESS INCUBATOR CENTRE - ABUJA,,7000000.0,YES,HIGH,"This budget item directly aligns with NBTI's mandate to provide training and support services to entrepreneurs and create an enabling environment for technology-based enterprises, as digital skills development is essential for nurturing technology start-ups and promoting value-added technology-related activities.",0
ERGP30227350,"EQUIPPING OF CONFERENCE HALL AND FACILITY AT TIC WARRI
",228009001,BOARD FOR TECHNOLOGY BUSINESS INCUBATOR CENTRE - ABUJA,,7000000.0,YES,HIGH,Equipping conference halls and facilities at Technology Incubation Centres directly supports NBTI's mandate to develop necessary infrastructure for nurturing technology start-ups and providing support services to incubatees.,0
ERGP30227515,"ENTREPRENUERSHIP DEVELOPMENT AT TIC MABUDI EXT
",228009001,BOARD FOR TECHNOLOGY BUSINESS INCUBATOR CENTRE - ABUJA,,7000000.0,YES,HIGH,"Entrepreneurship development at TIC facilities directly aligns with NBTI's core mandate to create, nurture, and develop technology-based enterprises through their established Technology Incubation Centres nationwide.",0
ERGP30227589,CAPACITY BUILDING ON FABRICATION OF PALM OIL PROCESSING PROCESSING MACHINES AT TIC IGBOTAKO EXT,228009001,BOARD FOR TECHNOLOGY BUSINESS INCUBATOR CENTRE - ABUJA,,7000000.0,YES,HIGH,"This budget item directly aligns with NBTI's mandate to provide training and support services to technology-based enterprises through their Technology Incubation Centres, as capacity building on fabrication of processing machines represents exactly the type of indigenous technology development and value-added activities the agency was established to promote.",0
ERGP30227673,"PROVISION OF OFFICE FURNITURE AND EQUIPMENTS AT TIC IZZI
",228009001,BOARD FOR TECHNOLOGY BUSINESS INCUBATOR CENTRE - ABUJA,,7000000.0,YES,HIGH,Providing office furniture and equipment at Technology Incubation Centre (TIC) Izzi directly supports NBTI's core mandate to establish and operate TICs nationwide and develop necessary infrastructure for nurturing technology start-ups.,0
ERGP30227794,DOCUMENTARY AND COMPENDIUM OF POST AND EXTENTION SERVICES SUCCESS STORIES AND OTHER TIP,228009001,BOARD FOR TECHNOLOGY BUSINESS INCUBATOR CENTRE - ABUJA,,9100000.0,YES,HIGH,This budget item directly aligns with NBTI's Post Incubation and Extension Services Department mandate to monitor graduated entrepreneurs and document success stories of the Technology Incubation Programme (TIP).,0
ERGP30227832,"MONITORING AND R&Ds EVALUATION OF RESIDENT INCUBATEE
",228009001,BOARD FOR TECHNOLOGY BUSINESS INCUBATOR CENTRE - ABUJA,,10500000.0,YES,HIGH,"Monitoring and R&D evaluation of resident incubatees directly aligns with NBTI's core mandate to create, nurture, and develop technology-based enterprises through their established 3-4 year resident incubation program.",0
ERGP30227865,VALUE FOR MONEY VERIFICATION EXERCISE OF CAPITAL PROJECTS IN 36 TICS AND ZONAL OFFICES,228009001,BOARD FOR TECHNOLOGY BUSINESS INCUBATOR CENTRE - ABUJA,,10500000.0,YES,HIGH,This budget item directly supports NBTI's core mandate of establishing and managing Technology Incubation Centres (TICs) across all states by ensuring proper verification and accountability of capital projects in these facilities.,0
ERGP30227904,DATA VERIFICTION ON THE IMPLEMENTATION OF THE PRESIDENTIAL PRIORITY AREAS AND MINISTERIAL DELIVERABLES,228009001,BOARD FOR TECHNOLOGY BUSINESS INCUBATOR CENTRE - ABUJA,,10500000.0,NO,HIGH,"Data verification on presidential priority areas and ministerial deliverables is an administrative oversight function that falls outside NBTI's specific mandate of technology incubation, commercialization of R&D results, and supporting technology-based enterprises.",100
ERGP30227955,CAPITAL BUDGET PERFORMANCE AND FIXED ASSET/INVENTORY MANAGEMENT ACROSS THE SIX (6) ZONAL OFFICES AND 36 TICS,228009001,BOARD FOR TECHNOLOGY BUSINESS INCUBATOR CENTRE - ABUJA,,10500000.0,YES,HIGH,"This budget item directly supports NBTI's core mandate of establishing and managing Technology Incubation Centres (TICs) across the country, as the agency operates 37 facilities nationwide through zonal offices and requires proper capital budget performance monitoring and asset management for these facilities.",0
ERGP30229021,TRAINING AND EMPOWERMENT OF YOUNG SCIENTISTS IN SCHOOLS ACROSS SOUTH EAST,228009001,BOARD FOR TECHNOLOGY BUSINESS INCUBATOR CENTRE - ABUJA,,210000000.0,PARTIAL,MEDIUM,"While training aligns with NBTI's mandate to provide training and support services, the focus on ""young scientists in schools"" is broader than their specific mandate to support technology entrepreneurs and incubatees in commercializing research and development results.",50
ERGP30229034,TRAINING AND EMPOWERMENT OF YOUNG SCIENTISTS IN SCHOOLS ACROSS NORTHEAST AND NORTH CENTRAL,228009001,BOARD FOR TECHNOLOGY BUSINESS INCUBATOR CENTRE - ABUJA,,210000000.0,PARTIAL,MEDIUM,"While training young scientists relates to NBTI's broader technology development mission, the agency's core mandate focuses on commercializing research through technology incubation and supporting entrepreneurs rather than direct educational training in schools.",50
ERGP30229321,"ABUJA INTERNATIONAL TRADEFAIR AND EXHIBITION FOR ENTRPRENEURS AND STAFF
",228009001,BOARD FOR TECHNOLOGY BUSINESS INCUBATOR CENTRE - ABUJA,,10500000.0,PARTIAL,MEDIUM,"While the trade fair and exhibition could support NBTI's mandate to promote technology-based enterprises and link entrepreneurs with investors, it's not clearly focused on technology incubation or commercialization of R&D results which are the agency's core functions.",50
ERGP30229380,SENSITIZATION AND AWARENESS ON INTELLECTUAL PROPERTY RIGHTS IN THE SIX ZONAL OFFICES,228009001,BOARD FOR TECHNOLOGY BUSINESS INCUBATOR CENTRE - ABUJA,,10500000.0,YES,HIGH,"Sensitization and awareness on intellectual property rights directly supports NBTI's core mandate of promoting indigenous technologies, facilitating technology commercialization, and providing support services to technology-based entrepreneurs who need IP protection for their innovations.",0
ERGP30229478,CONSTRUCTION AND PROVISION OF LIFT ELEVATOR AT THE HEADQUATERS BUILDING JAHI,228009001,BOARD FOR TECHNOLOGY BUSINESS INCUBATOR CENTRE - ABUJA,,140000000.0,YES,HIGH,Installing a lift elevator at the headquarters building is necessary infrastructure development that directly supports NBTI's mandate to develop the necessary infrastructure for nurturing technology start-ups and providing support services to incubatees.,0
ERGP30229482,"HUMAN CAPITAL DEVELOPMENT FOR STAFF AT THE HEADQUATERS
",228009001,BOARD FOR TECHNOLOGY BUSINESS INCUBATOR CENTRE - ABUJA,,14000000.0,YES,HIGH,"Human capital development for staff is essential for NBTI to effectively fulfill its mandate of providing training, business advice, and support services to technology entrepreneurs and managing the national technology incubation programme.",0
ERGP30229490,"PROVISION OF OFFICE FURNITURE AND EQUIPMENT FOR HEADQUATERS
",228009001,BOARD FOR TECHNOLOGY BUSINESS INCUBATOR CENTRE - ABUJA,,45500000.0,YES,HIGH,Office furniture and equipment for headquarters is necessary operational infrastructure that enables NBTI to carry out its core mandate of coordinating and managing the Technology Incubation Programme nationwide.,0
ERGP30229807,REGIONAL RETREAT OF NATIONAL ASSOCIATION OF TECHNOLOGY INCUBATION ENTREPRENEURS (NATIE) ON GLOBALLY COMPETITIVE PRODUCTS AND,228009001,BOARD FOR TECHNOLOGY BUSINESS INCUBATOR CENTRE - ABUJA,,28000000.0,YES,HIGH,This budget item directly supports NBTI's core mandate of nurturing technology-based enterprises and providing support services to entrepreneurs through the national association of technology incubation entrepreneurs.,0
ERGP30229821,"RETREAT ON EMBRACING NEW MODALITIES FOR THE COMMERCIALIZATION ON R&D
",228009001,BOARD FOR TECHNOLOGY BUSINESS INCUBATOR CENTRE - ABUJA,,21000000.0,YES,HIGH,"The retreat directly aligns with NBTI's core mandate as the only government agency responsible for commercializing research and development results, and exploring new modalities would enhance their primary function of technology commercialization.",0
ERGP30229825,"ENTREPRENEURSHIP SUPPORT FACILITY-GRANT
",228009001,BOARD FOR TECHNOLOGY BUSINESS INCUBATOR CENTRE - ABUJA,,35000000.0,YES,HIGH,The budget item directly aligns with NBTI's core mandate to provide support services including funding to technology-based entrepreneurs and incubatees through grants and financial assistance.,0
ERGP30229826,SUPPORT FACILITES TO AGRO-PROCESSING AND POST HARVEST TO BOOST FOOD PRODUCTION,228009001,BOARD FOR TECHNOLOGY BUSINESS INCUBATOR CENTRE - ABUJA,,14000000.0,YES,HIGH,"The budget item aligns with NBTI's mandate to create and nurture value-added technology-based enterprises and promote indigenous technologies, as agro-processing and post-harvest support facilities directly support technology-based agricultural enterprises that the agency incubates.",0
ERGP30229827,IMPROVED POST HARVEST LOSSES AND FOOD SECURITY(LARGE SCALE PRODUCTION OF PESTICIDIES ETC FOR AGRO INDUSTRY),228009001,BOARD FOR TECHNOLOGY BUSINESS INCUBATOR CENTRE - ABUJA,,14000000.0,YES,HIGH,"This budget item aligns with NBTI's mandate to create and nurture value-added technology-based enterprises and promote indigenous technologies, as large-scale production of pesticides for agro-industry represents technology commercialization that the Board is specifically mandated to facilitate.",0
ERGP30229840,STAKEHOLDERS SENSITIZATION/ AWARENESS SEMINAR ON NBTI MANDATE -ASURI NAT,228009001,BOARD FOR TECHNOLOGY BUSINESS INCUBATOR CENTRE - ABUJA,,10500000.0,YES,HIGH,"Stakeholder sensitization and awareness seminars directly support NBTI's mandate to promote indigenous technologies, create enabling environments for technology entrepreneurs, and facilitate linkages between technology providers, entrepreneurs, and investors.",0
ERGP30230670,"PROCUREMENT OF OFFICE FURNITURE AND FITTINGS AT TIC OWERRI
",228009001,BOARD FOR TECHNOLOGY BUSINESS INCUBATOR CENTRE - ABUJA,,10500000.0,YES,HIGH,"Procuring office furniture and fittings for TIC Owerri directly supports NBTI's mandate to establish and operate Technology Incubation Centres nationwide, as the agency has established TICs in each state including facilities that require proper furnishing to function effectively.",0
ERGP30230679,"MONITORING, EVALUATION AND TECHNICAL SUPPORT FOR RESIDENT ENTREPRENEURS, GRADUATES AND POST INCUBATEES AT SS ZONAL OFFICE",228009001,BOARD FOR TECHNOLOGY BUSINESS INCUBATOR CENTRE - ABUJA,,7000000.0,YES,HIGH,This budget item directly aligns with NBTI's core mandate to provide support services to incubatees and the Post Incubation and Extension Services Department's responsibility to monitor graduated entrepreneurs.,0
ERGP30230703,RESEARCH AND DEVELOPMENT ON IMPROVED FOOD PRESERVATION TECHNIQUES AT TIC YOLA,228009001,BOARD FOR TECHNOLOGY BUSINESS INCUBATOR CENTRE - ABUJA,,3500000.0,YES,HIGH,"Research and development on improved food preservation techniques directly aligns with NBTI's core mandate to promote indigenous technologies, facilitate technology commercialization, and support value-added technology-based enterprises through their Technology Incubation Centres.",0
ERGP30231309,"GRANTS/SUPPORT TO ENTREPRENUERS AT TIC GOMBE
",228009001,BOARD FOR TECHNOLOGY BUSINESS INCUBATOR CENTRE - ABUJA,,7000000.0,YES,HIGH,Providing grants and support to entrepreneurs at Technology Incubation Centres directly aligns with NBTI's core mandate to provide support services including funding to incubatees and nurture technology-based enterprises through its nationwide TIC network.,0
ERGP30231323,R & D SOURCING AND LOCAL CONTENT ASSESSMENT FOR COMMERCIALIZATION AT UYO,228009001,BOARD FOR TECHNOLOGY BUSINESS INCUBATOR CENTRE - ABUJA,,7000000.0,YES,HIGH,R&D sourcing and local content assessment for commercialization directly aligns with NBTI's core mandate to commercialize research and development results and promote indigenous technologies through value-added activities.,0
ERGP30232415,"ENTREPRENUERSHIP DEVELOPMENT AT TIC KANO
",228009001,BOARD FOR TECHNOLOGY BUSINESS INCUBATOR CENTRE - ABUJA,,3500000.0,YES,HIGH,"Entrepreneurship development at TIC Kano directly aligns with NBTI's core mandate to create, nurture, and develop technology-based enterprises through its established Technology Incubation Centres nationwide, including the one in Kano state.",0
ERGP30232416,SKILLS ACQUISITION TRAINING PROGRAM FOR WOMEN AND YOUTH ON PERISHABLE FOOD AND PRESERVATION AT TIC B/KEBBI NE ZONE,228009001,BOARD FOR TECHNOLOGY BUSINESS INCUBATOR CENTRE - ABUJA,,7000000.0,YES,HIGH,The budget item directly aligns with NBTI's core mandate to provide support services including training to incubatees and promote indigenous technologies through value-added activities at their established Technology Incubation Centres.,0
ERGP30232417,DEVELOPMENT OF YOUTH AND WOMEN ON MODERN TECHNOLOGY OF AGRO FOOD PROCESSING AND PRESERVATION AT TIC KATSINA NE ZONE,228009001,BOARD FOR TECHNOLOGY BUSINESS INCUBATOR CENTRE - ABUJA,,7000000.0,YES,HIGH,"This budget item directly aligns with NBTI's core mandate to create and nurture technology-based enterprises through their Technology Incubation Centres, specifically targeting agro food processing technology which falls under their responsibility to promote indigenous technologies and provide training support to entrepreneurs.",0
ERGP30232469,"ENTREPRENUERSHIP DEVELOPMENT AT TIC MINNA
",228009001,BOARD FOR TECHNOLOGY BUSINESS INCUBATOR CENTRE - ABUJA,,3500000.0,YES,HIGH,"Entrepreneurship development at TIC Minna directly aligns with NBTI's core mandate to create, nurture, and develop technology-based enterprises through its established Technology Incubation Centres in each state, including Niger State where Minna is located.",0
ERGP30232471,"PROCUREMENT OF DRYER FOR FOOD PROCESSING AT TIC MARKUDI
",228009001,BOARD FOR TECHNOLOGY BUSINESS INCUBATOR CENTRE - ABUJA,,7000000.0,YES,HIGH,Procuring a dryer for food processing at a Technology Incubation Centre directly supports NBTI's mandate to provide infrastructure and support services for nurturing technology-based enterprises in food processing and value-added activities.,0
ERGP30232472,"INSTALLATION OF CUSTOMIZED ALLUMINIUM FOIL PRINTING MACHINE, COMPUTER SLITTING AND CUTTING MACHINE, EDM AND CNC MACHINES AT TIC NNEWI",228009001,BOARD FOR TECHNOLOGY BUSINESS INCUBATOR CENTRE - ABUJA,,7000000.0,YES,HIGH,Installing specialized manufacturing equipment at a Technology Incubation Centre directly supports NBTI's core mandate of creating and nurturing value-added technology-based enterprises by providing essential infrastructure for incubatees.,0
ERGP30232476,"DEVELOPMENT OF SECRETARIAT AND OFFICE MANAGERS AT HEADQUATERS
",228009001,BOARD FOR TECHNOLOGY BUSINESS INCUBATOR CENTRE - ABUJA,,7000000.0,YES,HIGH,Developing secretariat and office management capacity at headquarters is necessary administrative infrastructure that directly supports NBTI's core mandate to coordinate and manage the Technology Incubation Programme across Nigeria's 37+ facilities nationwide.,0
ERGP30232477,PILOT SCHEME ON THE ESTABLISHMENT OF CLASSROOM INCUBATORS (CATCH THEM YOUNG) IN ASANG ENIONG ODUKPNI LGA OF CROSS RIVERS STATE,228009001,BOARD FOR TECHNOLOGY BUSINESS INCUBATOR CENTRE - ABUJA,,35000000.0,YES,HIGH,"This budget item aligns with NBTI's core mandate to facilitate the establishment of Technology Incubation Centres across the country and develop infrastructure for nurturing technology start-ups, with the ""catch them young"" approach supporting early entrepreneurship development.",0
ERGP30232480,"HARNESSING LOCAL TECHNOLOGY IN CASSAVA, GROUNDNUT AND TIGER NUTS FOR MASS PRODUCTION AT EMI-GUNI COMMUNITY IN KOGI STATE",228009001,BOARD FOR TECHNOLOGY BUSINESS INCUBATOR CENTRE - ABUJA,,7000000.0,YES,HIGH,"This budget item directly aligns with NBTI's core mandate to promote and facilitate the application of indigenous technologies and knowledge, create value-added technology-based enterprises, and support technology commercialization in local communities.",0
ERGP30232481,TRAINING AND EMPOWERMENT OF YOUTH IN MODERN CASSAVA AND STARCH PROCESSING IN ABIA STATE,228009001,BOARD FOR TECHNOLOGY BUSINESS INCUBATOR CENTRE - ABUJA,,35000000.0,PARTIAL,MEDIUM,"While the training involves technology-based processing which aligns with NBTI's mandate to promote indigenous technologies and support entrepreneurs, the focus on agricultural processing may be outside their core technology incubation expertise, though it could potentially lead to technology-based enterprises.",50
ERGP30232482,TRAINING AND EMPOWERMENT OF YOUTH IN MODERN POULTRY TECHNOLOGY IN ABIA STATE,228009001,BOARD FOR TECHNOLOGY BUSINESS INCUBATOR CENTRE - ABUJA,,35000000.0,YES,HIGH,"Training and empowerment of youth in modern poultry technology directly aligns with NBTI's mandate to nurture technology-based enterprises, provide training and support services to entrepreneurs, and promote indigenous technologies through their established Technology Incubation Centre network including the facility serving Abia State.",0
ERGP30232483,DIRECT COMMERCIALIZATION OF LOCAL FOOD SPICES FOR JOB CREATION AT ATTA IKEDURU LOCAL GOVERNMENT IMO STATE,228009001,BOARD FOR TECHNOLOGY BUSINESS INCUBATOR CENTRE - ABUJA,,10500000.0,YES,HIGH,"The commercialization of local food spices directly aligns with NBTI's core mandate to create value-added technology-based enterprises, promote indigenous technologies and knowledge, and support job creation through technology incubation programs.",0
ERGP30232484,"HARNESSING LOCAL TECHNOLOGY IN CASSAVA PRODUCTION AT OSETE VILLAGE UMUCHU, AGUATA LGA ANAMBRA STATE",228009001,BOARD FOR TECHNOLOGY BUSINESS INCUBATOR CENTRE - ABUJA,,4900000.0,YES,HIGH,"This budget item directly aligns with NBTI's core mandate to promote and facilitate the application of indigenous technologies and knowledge, particularly in developing value-added technology-based enterprises in local communities.",0
ERGP30232499,TECHNOLOGY SKILL ACQUISITION ON MODERN METHOD OF AGRO FOOD PROCESSING AND PACKAGING FOR EXPORT DC,228009001,BOARD FOR TECHNOLOGY BUSINESS INCUBATOR CENTRE - ABUJA,,10500000.0,YES,HIGH,"This budget item directly aligns with NBTI's mandate to promote indigenous technologies, provide training and support services to entrepreneurs, and facilitate value-added technology-based enterprises, particularly in agro-food processing which falls under their technology incubation and commercialization objectives.",0
ERGP30232500,TECHNOLOGY SKILL TRANSFER ON FABRICATION OF AGRO PROCESSING MACHINES IN YENUSARI LOCAL GOVERNMENT AREA,228009001,BOARD FOR TECHNOLOGY BUSINESS INCUBATOR CENTRE - ABUJA,,7000000.0,YES,HIGH,"This budget item directly aligns with NBTI's core mandate to promote and facilitate the application of indigenous technologies and knowledge, particularly in agro-processing which falls under their technology incubation and skill development programs.",0
ERGP30232502,TECHNOLOGY SKILL TRANSFER FOR YOUTH ON ENGINEERING AND FABRICATION SKILL DEVELOPMENT IN ADAMAWA CENTRAL SENATORIAL DISTRICT,228009001,BOARD FOR TECHNOLOGY BUSINESS INCUBATOR CENTRE - ABUJA,,10500000.0,YES,HIGH,"This budget item directly aligns with NBTI's core mandate to promote indigenous technologies, provide training and support services, and nurture technology-based enterprises through skill development programs.",0
ERGP30232504,COLLABORATION-INNOVATION IN AGRICULTURAL BIOTECHNOLOGY FOR MASSIVE FOOD PRODUCTION IN ADAMAWA CENTRAL SENATORIAL DISTRICT,228009001,BOARD FOR TECHNOLOGY BUSINESS INCUBATOR CENTRE - ABUJA,,10500000.0,YES,HIGH,"This budget item aligns with NBTI's core mandate to promote and facilitate the application of indigenous technologies and knowledge, particularly in creating value-added technology-based enterprises in agricultural biotechnology.",0
ERGP30232506,"QUATERLY NBTI TECHNOLOGY EXPO IN THE SIX GEO-POLITICAL ZONES
",228009001,BOARD FOR TECHNOLOGY BUSINESS INCUBATOR CENTRE - ABUJA,,21000000.0,YES,HIGH,"Organizing quarterly technology expos across Nigeria's six geo-political zones directly supports NBTI's mandate to promote indigenous technologies, showcase incubated enterprises, and facilitate linkages between entrepreneurs, investors, and larger industries.",0
ERGP30232512,HUMAN CAPITAL DEVELOPMENT FOR STAFF AND ENTREPENUERS AT THE ZONAL OFFICES AND TICS,228009001,BOARD FOR TECHNOLOGY BUSINESS INCUBATOR CENTRE - ABUJA,,14000000.0,YES,HIGH,Human capital development for staff and entrepreneurs at zonal offices and TICs directly supports NBTI's core mandate to provide training and business advice to incubatees while building institutional capacity to deliver technology incubation services.,0
ERGP30232513,PILOT SCHEME ON THE ESTABLISHMENT OF CLASSROOM INCUBATORS (CATCH THEM YOUNG) WITHIN THE FCT,228009001,BOARD FOR TECHNOLOGY BUSINESS INCUBATOR CENTRE - ABUJA,,21000000.0,YES,HIGH,"The pilot scheme for classroom incubators aligns directly with NBTI's mandate to create and nurture technology-based enterprises and facilitate the establishment of Technology Incubation Centres, extending their reach to educational settings to identify and develop young entrepreneurs early.",0
ERGP30232515,"PROVISION OF COMMON FOOD PROCESSING AND PACKAGING MACHINES AT AHUWA OBORA, IKWUANO ABIA STATE",228009001,BOARD FOR TECHNOLOGY BUSINESS INCUBATOR CENTRE - ABUJA,,21000000.0,YES,HIGH,Providing food processing and packaging machines aligns with NBTI's core mandate to create and nurture value-added technology-based enterprises and support technology incubation activities across the states.,0
ERGP30232516,"EMPOWERMENT OF YOUTH AND WOMEN PREVIOUSLY TRAINED ON FOOD SPICES AT AHUWA OBORA, IKWUANO ABIA STATE",228009001,BOARD FOR TECHNOLOGY BUSINESS INCUBATOR CENTRE - ABUJA,,14000000.0,PARTIAL,MEDIUM,"While the empowerment activity could relate to supporting technology-based entrepreneurs if the food spices training involved value-added processing technologies, the budget item lacks clear indication that it involves technology incubation, commercialization of R&D results, or technology-based enterprise development which are NBTI's core mandates.",50
ERGP30232517,"FURNISHING AND EQUIPPING OF AHUWA OBORA, IKWUANO ABIA STATE
",228009001,BOARD FOR TECHNOLOGY BUSINESS INCUBATOR CENTRE - ABUJA,,10500000.0,PARTIAL,MEDIUM,"While NBTI has mandate to establish Technology Incubation Centres nationwide and this could be furnishing/equipping a TIC facility in Abia State, the budget item lacks specific mention of technology incubation purposes or equipment.",50
ERGP30232518,"COLLABORATION WITH NACEMA/WOCCIMA BUSINESS WOMEN GROUP
",228009001,BOARD FOR TECHNOLOGY BUSINESS INCUBATOR CENTRE - ABUJA,,7000000.0,PARTIAL,MEDIUM,"While collaboration with business women groups could potentially support NBTI's mandate to nurture technology-based enterprises and provide entrepreneur support services, the alignment depends on whether this collaboration specifically involves technology incubation activities rather than general business development.",50
ERGP30232522,TECHNOLOGY SKILL TRANSFER FOR YOUTH AND WOMEN ON AGRO PROCESSING AND PRESERVATION JALINGO TARABA STATE.,228009001,BOARD FOR TECHNOLOGY BUSINESS INCUBATOR CENTRE - ABUJA,,14000000.0,YES,HIGH,"This budget item directly aligns with NBTI's mandate to provide training and support services to entrepreneurs, promote indigenous technologies in value-added activities, and facilitate technology incubation centers across all states including Taraba State.",0
ERGP30232523,SOURCING OF INCUBATEES FROM VARIOUS COMMUNITY WITHIN THE SOUTH EAST ZONE.,228009001,BOARD FOR TECHNOLOGY BUSINESS INCUBATOR CENTRE - ABUJA,,14000000.0,YES,HIGH,"Sourcing incubatees from communities in the South East Zone directly aligns with NBTI's core mandate to create, nurture, and develop technology-based enterprises and promote indigenous potentials through their nationwide technology incubation program.",0
ERGP30232524,COMMUNITY INCUBATION PROGRAMME ON HARNESSING LOCAL TECHNOLOGY FOR JOB CREATION AT ENUGU MUNICIPAL,228009001,BOARD FOR TECHNOLOGY BUSINESS INCUBATOR CENTRE - ABUJA,,14000000.0,YES,HIGH,"This budget item directly aligns with NBTI's core mandate to create and develop technology-based enterprises, promote indigenous technologies, and operate Technology Incubation Centres nationwide including facilitating job creation through technology commercialization.",0
ERGP30232525,"COLLABORATION WITH INDUSTRIES AND ACADEMIA ON COMMERCIALIZABLE R & D RESULTS ACROSS SHELVES IN UNIVERSITIES, POLYTHENICS AND TECHNICL",228009001,BOARD FOR TECHNOLOGY BUSINESS INCUBATOR CENTRE - ABUJA,,14000000.0,YES,HIGH,This budget item directly aligns with NBTI's core mandate to commercialize research and development results and promote the application of indigenous technologies and knowledge from academic institutions.,0
ERGP30232526,LINKAGES AND COLLABORATION WITH STAKEHOLDERS ON TECHNOLOGY INNOVATION AND DEVELOPMENT OF R & D ( NORTH WEST AND NORTH EAST ZONE),228009001,BOARD FOR TECHNOLOGY BUSINESS INCUBATOR CENTRE - ABUJA,,14000000.0,YES,HIGH,"This budget item directly aligns with NBTI's core mandate to facilitate linkages amongst technology providers, entrepreneurs, and stakeholders, and to promote the application of indigenous technologies through collaboration and R&D commercialization.",0
ERGP30232527,LINKAGES AND COLLABORATION WITH STAKEHOLDERS ON TECHNOLOGY INNOVATION AND DEVELOPMENT OF R & D ( SOUTH-SOUTH AND SOUTH EAST ZONE),228009001,BOARD FOR TECHNOLOGY BUSINESS INCUBATOR CENTRE - ABUJA,,14000000.0,YES,HIGH,"This budget item directly aligns with NBTI's core mandate to facilitate linkages among technology providers, entrepreneurs, and stakeholders, and to promote the application of indigenous technologies through collaboration and development of R&D activities.",0
ERGP30241823,"CAPACITY BUILDING FOR YOUTH ON THE REPAIR SND INSTALLATION OF SOLAR PANEL IN OKENE LGA, KOGI STATE",228009001,BOARD FOR TECHNOLOGY BUSINESS INCUBATOR CENTRE - ABUJA,,14000000.0,YES,HIGH,"This budget item aligns with NBTI's mandate to nurture technology-based enterprises, provide training and support services to entrepreneurs, and promote indigenous technology applications through their established Technology Incubation Centres nationwide.",0
ERGP30241826,ENTERPRENEURSHIP INITIATIVE FOR WOMEN EMPOWERMENT IN TEXTILE TECHNOLOGY HUB AT OKENE LGA,228009001,BOARD FOR TECHNOLOGY BUSINESS INCUBATOR CENTRE - ABUJA,,105000000.0,YES,HIGH,"This budget item directly aligns with NBTI's core mandate to create and nurture value-added technology-based enterprises, provide support services to entrepreneurs, and facilitate the establishment of Technology Incubation Centres across the country, specifically targeting women empowerment in textile technology.",0
ERGP30241828,"CONSTRUCTION OF TECHNOLOGY INCUBATION CENTRE IN ZARIA, KADUNA STATE
",228009001,BOARD FOR TECHNOLOGY BUSINESS INCUBATOR CENTRE - ABUJA,,700000000.0,YES,HIGH,"The construction of a Technology Incubation Centre in Zaria directly aligns with NBTI's core mandate to facilitate the establishment of Technology Incubation Centres across the country, as the agency has already established TICs in each state with extensions totaling over 37 facilities nationwide.",0
ERGP30241845,"TRAINING AND EMPOWERMENT OF WOMEN AND YOUTHS IN SELECTED COMMUNITIES IN OWAN WEST LGA, EDO STATE",228009001,BOARD FOR TECHNOLOGY BUSINESS INCUBATOR CENTRE - ABUJA,,140000000.0,PARTIAL,MEDIUM,"While the agency's mandate includes providing training and support services to entrepreneurs and nurturing technology start-ups, this budget item appears to focus on general community empowerment rather than technology-based incubation activities that are central to NBTI's core mission.",50
ERGP30241849,"EMPOWERMENT FOR YOUTHS AND WOMEN IN SELECTED WARDS IN SURULERE TOWN, SURULERE LGA, LAGOS STATE",228009001,BOARD FOR TECHNOLOGY BUSINESS INCUBATOR CENTRE - ABUJA,,140000000.0,PARTIAL,MEDIUM,"While youth and women empowerment could involve technology-based entrepreneurship training and incubation services that align with NBTI's mandate, the budget item lacks specificity about technology focus and appears geographically limited to one LGA rather than supporting the agency's nationwide technology incubation infrastructure.",50
ERGP30241853,"ENTERPRENEURSHIP TRAINING AND TAKE OFF GRANTS FOR WOMEN AND YOUTHS IN SELECTED COMMUNITIES IN ONDO WEST LGA, ONDO STATE",228009001,BOARD FOR TECHNOLOGY BUSINESS INCUBATOR CENTRE - ABUJA,,280000000.0,YES,HIGH,"The budget item directly aligns with NBTI's core mandate to create and nurture technology-based enterprises by providing entrepreneurship training and take-off grants, which are explicitly mentioned as support services the agency provides to incubatees.",0
ERGP30241857,"CONSTRUCTION OF ICT HALL WITH DRILLING OF MOTORISED BOREHOLE FOR TECHNOLOGY INCUBATION CENTRE ADIKPO, KWANDE/ USHONGO FEDERAL",228009001,BOARD FOR TECHNOLOGY BUSINESS INCUBATOR CENTRE - ABUJA,,70000000.0,YES,HIGH,The construction of an ICT hall and drilling of a borehole for a Technology Incubation Centre directly supports NBTI's core mandate to establish and develop Technology Incubation Centres across the country and provide necessary infrastructure for nurturing technology start-ups.,0
ERGP30241874,COMMUNITY INCUBATION PROGRAMME ON TECHNOLOGY SKILL TRANSFER FOR YOUTH AND WOMEN IN NYAYA COMMUNITY FCT,228009001,BOARD FOR TECHNOLOGY BUSINESS INCUBATOR CENTRE - ABUJA,,14000000.0,YES,HIGH,"This budget item directly aligns with NBTI's core mandate to promote indigenous technologies, provide training and support services, and create enabling environments for technology-based enterprises, specifically targeting youth and women in community-based technology skill transfer programs.",0
ERGP30241886,"UPSKILLING ARTISANS AND SKILLS ACQUISITION TRAINING AND EMPOWERMENT FOR YOUTH AND WOMEN ACROSS KADUNA NORTH SENATORIAL DISTRICT, KADUNA",228009001,BOARD FOR TECHNOLOGY BUSINESS INCUBATOR CENTRE - ABUJA,,70000000.0,PARTIAL,MEDIUM,"While skills acquisition training aligns with NBTI's mandate to provide training and support services to entrepreneurs, the geographic specificity to Kaduna North Senatorial District appears to contradict the agency's national scope and technology-focused mission of commercializing research and nurturing technology-based enterprises.",50
ERGP30241895,"DATA CENTRE EXPANSION IN GALAXY BACKBONE
",228009001,BOARD FOR TECHNOLOGY BUSINESS INCUBATOR CENTRE - ABUJA,,700000000.0,NO,HIGH,"Data centre expansion for Galaxy Backbone is outside NBTI's mandate, which focuses specifically on technology incubation, commercializing R&D results, and supporting technology startups rather than expanding telecommunications infrastructure for other government entities.",100
ERGP30241898,"RELOCATION OF GALAXY BACKBONE OFFICE IN LAGOS
",228009001,BOARD FOR TECHNOLOGY BUSINESS INCUBATOR CENTRE - ABUJA,,700000000.0,NO,HIGH,"Relocating Galaxy Backbone office in Lagos is an administrative matter for a different government agency and does not relate to NBTI's core mandate of technology incubation, commercialization of research results, or supporting technology-based enterprises.",100
ERGP30241901,"EMPOWERMENT/POVERTY ALLEVIATION THROUGH TECHNOLOGY AND INNOVATIVE MATERIALS ACROSS ALL LGAs IN ZAMFARA WEST SENATORIAL DISTRICT, ZAMFARA",228009001,BOARD FOR TECHNOLOGY BUSINESS INCUBATOR CENTRE - ABUJA,,700000000.0,YES,HIGH,"The budget item directly aligns with NBTI's core mandate to promote indigenous technologies, create value-added technology-based enterprises, and support technology incubation activities that enhance economic competitiveness and improve citizens' quality of life through poverty alleviation.",0
ERGP30241904,TRAINING AND EMPOWERMENT OF WOMEN AND YOUTHS IN OYO NORTH SENATORIAL DISTRICT (MULTIPLE LOTS),228009001,BOARD FOR TECHNOLOGY BUSINESS INCUBATOR CENTRE - ABUJA,,175000000.0,PARTIAL,MEDIUM,"While NBTI's mandate includes training and support services for technology-based entrepreneurs which could encompass women and youth, the budget item lacks specific reference to technology incubation, commercialization, or technology-based enterprises that are core to the agency's mandate.",50
ERGP30241916,"CONSTRUCTION OF BRIDGE IN KOGUM RIVER TO GADA BIYU ARAK IN JEMA'A LGA, KADUNA STATE",228009001,BOARD FOR TECHNOLOGY BUSINESS INCUBATOR CENTRE - ABUJA,,245000000.0,NO,HIGH,"Constructing a bridge is a civil infrastructure project that falls outside NBTI's mandate of technology incubation, commercializing R&D results, and nurturing technology-based enterprises.",100
ERGP30241920,""" STRATEGIC EMPOWERMENT FOR ARTISANS, WOMEN AND UNEMPLOYED YOUTHS OF OYO NORTH SENATORIAL DISTRICT, OYO STATE """,228009001,BOARD FOR TECHNOLOGY BUSINESS INCUBATOR CENTRE - ABUJA,,140000000.0,PARTIAL,MEDIUM,"While the budget item involves empowerment activities that could potentially include technology-based entrepreneurship development which aligns with NBTI's mandate to nurture technology start-ups, the specific focus on general artisan and youth empowerment in a particular senatorial district appears broader than NBTI's core technology incubation and commercialization mandate.",50
ERGP4223315,"INSTALLATION OF MACHINES AT TIC MINNA
",228009001,BOARD FOR TECHNOLOGY BUSINESS INCUBATOR CENTRE - ABUJA,,7000000.0,YES,HIGH,Installing machines at Technology Incubation Centre (TIC) Minna directly supports NBTI's core mandate to develop necessary infrastructure for nurturing technology start-ups and provide support services to incubatees at their established TIC facilities nationwide.,0
ERGP8229085,"TRAINING AND EMPOWERMENT OF YOUTHS AND WOMEN IN CASSAVA VALUE CHAIN, TAILORING AND CONFECTIONERY AT OBIZI, AWKA SOUTH ANAMBRA STATE (MOOT)",228009001,BOARD FOR TECHNOLOGY BUSINESS INCUBATOR CENTRE - ABUJA,,700000.0,PARTIAL,MEDIUM,"While the training and empowerment activities align with NBTI's mandate to provide training and support services to entrepreneurs, the focus on traditional sectors like cassava, tailoring, and confectionery may not fully align with the agency's core mission of nurturing technology-based enterprises and commercializing research and development results.",50
ERGP8229109,"TECHNOLOGY SKILL TRANSFER ON RICE, BEAN AND MILLET PROCESSING AT MACHINA/NGURU/YUSUFARI AND KARUSUWA FEDERAL CONSTITUENCY",228009001,BOARD FOR TECHNOLOGY BUSINESS INCUBATOR CENTRE - ABUJA,,21000000.0,YES,HIGH,"This budget item directly aligns with NBTI's core mandate to promote and facilitate the application of indigenous technologies and knowledge, particularly in value-added technology-related activities such as agricultural processing.",0
ERGP8229120,"TECHNOLOGY SKILL TRANSFER ON RICE, EGUSI, PALM OIL PROCESSING AT IVO LGA
",228009001,BOARD FOR TECHNOLOGY BUSINESS INCUBATOR CENTRE - ABUJA,,7000000.0,YES,HIGH,"This budget item directly aligns with NBTI's core mandate to promote and facilitate the application of indigenous technologies and knowledge, particularly in agricultural processing which creates value-added technology-based enterprises.",0
ERGP8229139,"TECHNOLOGY SKILL TRANSFER ON PALM OIL, CASSAVA, PEPPER PROCESSING AT ISOKO NORTH/ ISOKO SOUTH FEDERAL CONSTITUENCY",228009001,BOARD FOR TECHNOLOGY BUSINESS INCUBATOR CENTRE - ABUJA,,10500000.0,YES,HIGH,"Technology skill transfer on agricultural processing (palm oil, cassava, pepper) directly aligns with NBTI's mandate to promote and facilitate the application of indigenous technologies, provide training and technology knowledge support, and develop value-added technology-based enterprises.",0
ERGP8232521,"COLLABORATION WITH NYSC CORP MEMBER FOR JOB CREATION
",228009001,BOARD FOR TECHNOLOGY BUSINESS INCUBATOR CENTRE - ABUJA,,10500000.0,YES,HIGH,"Collaborating with NYSC corps members for job creation directly aligns with NBTI's mandate to nurture technology start-ups, support entrepreneurs, and create an enabling environment for developing new enterprises that enhance economic competitiveness.",0
ERGP22233193,PURCHASE OF SECURITY EQUIPMENTS-PROTECTIVE WEARS AND UNIFORMS,229006001,COUNCIL FOR THE REGULATION OF FREIGHT FORWARDING IN NIGERIA,,9100000.0,PARTIAL,MEDIUM,"While CRFFN's mandate focuses on regulating freight forwarding practices and education rather than security operations, protective equipment may be reasonably necessary for staff conducting inspections and regulatory activities at ports and border stations where freight forwarding occurs.",50
ERGP27233195,"PURCHASE OF OFFICE FURNITURE, FITTINGS/SETTLEMENT OF OFFICE LIABILITIES",229006001,COUNCIL FOR THE REGULATION OF FREIGHT FORWARDING IN NIGERIA,,51176300.0,YES,HIGH,Office furniture and fittings are essential administrative resources needed for CRFFN to operate its regulatory functions and maintain offices in major port cities as mandated.,0
ERGP27233196,REHABILITATION OF NIGERIAN INSTITUTE OF FREIGHT FORWARDERS,229006001,COUNCIL FOR THE REGULATION OF FREIGHT FORWARDING IN NIGERIA,,182000000.0,YES,HIGH,"The rehabilitation of the Nigerian Institute of Freight Forwarders directly supports CRFFN's mandate to ensure uniform standards of professional education, determine knowledge and skill standards for freight forwarders, and secure the establishment and maintenance of training infrastructure for the profession.",0
ERGP27233197,REHABILITATION OF PORTHARCOURT AND LUGBE OUTPOST OFFICE,229006001,COUNCIL FOR THE REGULATION OF FREIGHT FORWARDING IN NIGERIA,,25200000.0,YES,HIGH,The rehabilitation of offices in Port Harcourt (a major port city) and Lugbe aligns with CRFFN's mandate to maintain offices in major port cities for regulating freight forwarding operations at seaports and cargo airports.,0
ERGP28233198,"SURVEY OF PORTS TERMINALS
",229006001,COUNCIL FOR THE REGULATION OF FREIGHT FORWARDING IN NIGERIA,,7000000.0,YES,HIGH,Surveying port terminals directly supports CRFFN's mandate to regulate freight forwarding operations at seaports and ensure uniform standards of professional conduct in the industry.,0
ERGP30233191,"FREIGHT FORWADERS CAPACITY BUILDING
",229006001,COUNCIL FOR THE REGULATION OF FREIGHT FORWARDING IN NIGERIA,,70000000.0,YES,HIGH,"The budget item directly aligns with CRFFN's mandate to promote the highest standards of competence, practice, and conduct among freight forwarding practitioners and to determine and raise standards of knowledge and skill for persons in the profession.",0
ERGP30233199,"EVALUATION OF COUNCIL OPERATION BY THE GOVERNING BOARD AND ITS MEETINGS
",229006001,COUNCIL FOR THE REGULATION OF FREIGHT FORWARDING IN NIGERIA,,15400000.0,YES,HIGH,The evaluation of council operations by the governing board and its meetings is a core governance function necessary for CRFFN to fulfill its regulatory mandate over freight forwarding practice in Nigeria.,0
ERGP30233200,"IPSAS IMPLEMENTATION
",229006001,COUNCIL FOR THE REGULATION OF FREIGHT FORWARDING IN NIGERIA,,10500000.0,PARTIAL,MEDIUM,"IPSAS (International Public Sector Accounting Standards) implementation is a general government financial management requirement that applies to all public agencies including CRFFN, but it is not directly related to the agency's core mandate of regulating freight forwarding practices.",50
ERGP30233201,"HUMAN CAPITAL DEVELOPMENT FOR REVENUE GENERATION ENHANCEMENT
",229006001,COUNCIL FOR THE REGULATION OF FREIGHT FORWARDING IN NIGERIA,,52500000.0,YES,HIGH,"The budget item directly aligns with CRFFN's mandate to determine standards of knowledge and skill for freight forwarders, promote professional competence, and operate accredited training programmes that generate revenue through certification and education services.",0
ERGP7233202,"TRANSPORTATION RISK MANAGEMENT
",229006001,COUNCIL FOR THE REGULATION OF FREIGHT FORWARDING IN NIGERIA,,51723700.0,YES,HIGH,Transportation risk management directly relates to CRFFN's mandate to regulate freight forwarding practices and ensure the highest standards of competence and conduct in the movement of goods across international boundaries.,0
ERGP9233194,"CRFFN INTERNATIONAL CURRICULUM DEVELOPMENT BY FIATA AND TIACA
",229006001,COUNCIL FOR THE REGULATION OF FREIGHT FORWARDING IN NIGERIA,,15400000.0,YES,HIGH,"The budget item directly supports CRFFN's mandate to determine standards of knowledge and skill for freight forwarders and raise those standards in accordance with international standards, particularly given that CRFFN is already accredited by FIATA to run professional diploma programmes.",0
ERGP1168044,PROVISION OF WATER FACILITIES,233011001,AJAOKUTA STEEL COMPANY LIMITED,,73191743.0,YES,HIGH,"Water facilities are essential infrastructure required for steel production operations including cooling systems, steam generation, and processing activities at an integrated steel mill.",0
ERGP1168053,MAINTENANCE OF POWER FACILITIES,233011001,AJAOKUTA STEEL COMPANY LIMITED,,50211974.0,YES,HIGH,"Maintenance of power facilities is essential for operating an integrated steel mill with blast furnaces, steel-making converters, and rolling mills, which are core to Ajaokuta's mandate of steel production.",0
ERGP1168058,LIGHTING SAFETY AND SECURITY OF ASCL,233011001,AJAOKUTA STEEL COMPANY LIMITED,,28228025.0,YES,HIGH,"Lighting, safety and security are essential operational requirements for maintaining and protecting the steel production facilities, equipment, and personnel at the Ajaokuta Steel Complex.",0
ERGP12226056,"REPAIRS OF ROADS, DRAINAGES AND COLLAPSED CULVERTS",233011001,AJAOKUTA STEEL COMPANY LIMITED,,42000000.0,PARTIAL,MEDIUM,"While road and drainage repairs are not part of the core steel production mandate, maintaining infrastructure within the industrial complex is necessary to support steel manufacturing operations and facility access.",50
ERGP1235817,PROVISION OF GRANTS FOR MARKET WOMEN AND YOUTHS IN MORO LOCAL GOVERNMENT AREA OF KWARA NORTH SENATORIAL DISTRICT,233011001,AJAOKUTA STEEL COMPANY LIMITED,,14000000.0,NO,HIGH,Providing grants to market women and youths in a specific local government area is completely outside the mandate of a steel production company focused on iron and steel manufacturing for industrial development.,100
ERGP27225986,MAINTENANCE OF MAIN ADMIN AND WELFARE BUILDING (MAWB) AND ITS FACILITIES,233011001,AJAOKUTA STEEL COMPANY LIMITED,,35000000.0,YES,HIGH,"Maintaining administrative and welfare buildings is essential infrastructure support for the steel company's operations and employee welfare, directly enabling the agency to fulfill its core steel production mandate.",0
ERGP29203534,COMPUTERIZATION OF FINANCE AND ACCOUNT DEPARTMENT IN COMPLIANCE WITH IPSAS,233011001,AJAOKUTA STEEL COMPANY LIMITED,,21169569.0,PARTIAL,MEDIUM,"While computerizing finance and accounts supports the company's operational infrastructure needed for steel production activities, it is not directly related to the core mandate of producing iron and steel products for Nigeria's industrialization.",50
ERGP29225959,COMPUTERIZATION OF COMMERCE /PROCUREMENT DEPARTMENT IN COMPLIANCE WITH BPP STANDARD,233011001,AJAOKUTA STEEL COMPANY LIMITED,,7000000.0,PARTIAL,MEDIUM,"While computerizing procurement systems supports operational efficiency and compliance standards that could benefit steel production operations, it is an administrative function rather than a core steel manufacturing mandate activity.",50
ERGP12188937,"CONSTRUCTION OF OFFICE BUILDING AND PROVISION OF OFFICE EQUIPMENT FOR COREN,MAIDUGURI, BORNO STATE",234005001,COUNCIL FOR THE REGULATION OF ENGINEERING IN NIGERIA (COREN),,104198872.0,YES,HIGH,The construction of an office building and provision of equipment for COREN's Maiduguri office directly supports the agency's mandate by enabling it to maintain regional offices across Nigeria for conducting professional examinations and regulatory activities.,0
ERGP27167960,"CONSTRUCTION OF OFFICE BUILDING AND PROVISION OF OFFICE EQUIPMENT FOR COREN STATE OFFICE,IBADAN, OYO STATE.",234005001,COUNCIL FOR THE REGULATION OF ENGINEERING IN NIGERIA (COREN),,80392814.0,YES,HIGH,The construction of a state office building in Ibadan directly supports COREN's mandate to regulate engineering practice nationwide through its regional offices across Nigeria.,0
ERGP27167961,"CONSTRUCTION OF OFFICE BUILDING AND PROVISION OF OFFICE EQUIPMENT FOR COREN STATE OFFICE,AKURE, ONDO STATE",234005001,COUNCIL FOR THE REGULATION OF ENGINEERING IN NIGERIA (COREN),,15880212.0,YES,HIGH,"The construction of a state office building and provision of equipment in Akure, Ondo State directly supports COREN's mandate as the agency maintains regional offices across Nigeria to carry out its engineering regulation and monitoring functions.",0
ERGP27167964,"CONSTRUCTION OF OFFICE BUILDING AND PROVISION OF OFFICE EQUIPMENT FOR COREN STATE OFFICE,ASABA, DELTA STATE",234005001,COUNCIL FOR THE REGULATION OF ENGINEERING IN NIGERIA (COREN),,49477902.0,YES,HIGH,"The construction of a state office building in Asaba, Delta State directly supports COREN's mandate to regulate engineering practice nationwide through its established regional offices across Nigeria.",0
ERGP27167967,"CONSTRUCTION OF OFFICE BUILDING AND PROVISION OF OFFICE EQUIPMENT FOR COREN STATE OFFICE,JOS, PLATEAU STATE",234005001,COUNCIL FOR THE REGULATION OF ENGINEERING IN NIGERIA (COREN),,50050200.0,YES,HIGH,The construction of a state office building in Jos aligns with COREN's mandate as the agency maintains regional offices across Nigeria to carry out its regulatory functions for engineering practice nationwide.,0
ERGP10237189,PROVISION OF 3-IN-1 INTEGRATED SOLAR STREETLIGHTS IN SELECTED LOCATIONS OF KANO STATE,238003001,CENTRE FOR MANAGEMENT DEVELOPMENT,,35000000.0,NO,HIGH,"Installing solar streetlights in Kano State is infrastructure development that falls outside CMD's mandate of management development, training, consultancy services, and economic administration capacity building.",100
ERGP10237200,"PROVISION OF SOLAR POWERED STREET LIGHTS IN SCHOOL AREAS OF ANKPA LOCAL GOVERNMENT, KOGI STATE",238003001,CENTRE FOR MANAGEMENT DEVELOPMENT,,35000000.0,NO,HIGH,"Installing solar-powered street lights in school areas is infrastructure development work that falls outside CMD's mandate of management development, training coordination, and economic administration capacity building.",100
ERGP10237798,"PROVISION AND INSTALLATION OF SOLAR POWERED STREET LIGHTS IN DIFFERENT LOCATION IN KACHIA LGA, KADUNA STATE",238003001,CENTRE FOR MANAGEMENT DEVELOPMENT,,350000000.0,NO,HIGH,"Installing solar-powered street lights in Kachia LGA is infrastructure development work that falls completely outside CMD's mandate of management development, training coordination, and economic administration capacity building.",100
ERGP10237842,"PROVISION AND INSTALLATION OF SOLAR STREET LIGHTS IN DIFFERENT LOCATION IN KAGARKO LGA, KADUNA STATE.",238003001,CENTRE FOR MANAGEMENT DEVELOPMENT,,315000000.0,NO,HIGH,"Installing solar street lights in a local government area is infrastructure development work that falls outside CMD's mandate of management development, training, consultancy services, and economic administration capacity building.",100
ERGP10237990,PROVISION OF IRESS INVERTER SOLAR BACKPACK TO UNSERVED COMMUNITIES ARTISANS/FARMERS/STUDENTS/PRIMARY HEALTH CARE WORKERS IN,238003001,CENTRE FOR MANAGEMENT DEVELOPMENT,,105000000.0,NO,HIGH,"Providing solar backpacks to rural communities falls outside CMD's mandate which focuses on management development, training coordination, and economic administration rather than direct provision of equipment to communities.",100
ERGP10237996,SUPPLY AND INSTALLATION OF SOLAR STREET LIGHT (ALL IN ONE) TO MAGAMA LGA IN MAGAMA/RIJAU FEDERAL CONSTITUENCY OF NIGER STATE,238003001,CENTRE FOR MANAGEMENT DEVELOPMENT,,70000000.0,NO,HIGH,"Installing solar street lights in a local government area is infrastructure development work that falls completely outside CMD's mandate of management development, training, and economic administration capacity building.",100
ERGP10238002,"PROVISION AND INSTALLATION OF ALL-IN-ONE- SOLAR STREET LIGHTS IN SELECTED AREA IN AGHARA, KOGI STATE (TUNARI)",238003001,CENTRE FOR MANAGEMENT DEVELOPMENT,,14000000.0,NO,HIGH,"Installing solar street lights in a specific location in Kogi State is infrastructure development work that falls completely outside CMD's mandate of management training, development, consultancy services, and coordination of management education programs.",100
ERGP10238252,ELECTRIFICATION WORKS IN MARTE/MUNGUNO/NGANZAI FEDERAL CONSTITUENCY BORNO STATE,238003001,CENTRE FOR MANAGEMENT DEVELOPMENT,,210000000.0,NO,HIGH,"Electrification works are infrastructure development activities that fall completely outside CMD's mandate of management development, training, consultancy, and economic administration capacity building.",100
ERGP10238265,"CONSTRUCTION OF SOLAR STREET LIGHT IN BORNO NORTH SENATORIAL DISTRICT, AND BAMA LGA BORNO STATE (MULTIPLE LOTS)",238003001,CENTRE FOR MANAGEMENT DEVELOPMENT,,700000000.0,NO,HIGH,"Construction of solar street lights is infrastructure development work that falls outside CMD's mandate of management training, capacity building, and economic administration support services.",100
ERGP10238312,PROVISION AND INSTALLATION OF 300KVA TRANSFORMERS IN COMMUNITIES IN IBARAPA CENTRAL/IBARAPA NORTH FEDERAL CONSTITUENCY,238003001,CENTRE FOR MANAGEMENT DEVELOPMENT,,35000000.0,NO,HIGH,"Providing and installing electrical transformers in communities is an infrastructure development function that falls completely outside CMD's mandate of management development, training, and economic administration capacity building.",100
ERGP10238711,"PROVISION OF ALL-IN-ONE SOLAR STREETS LIGHT IN SELECTED AL AREAS ACROSS EDO, DELTA AND CROSS RIVER STATE",238003001,CENTRE FOR MANAGEMENT DEVELOPMENT,,140000000.0,NO,HIGH,"Installing solar street lights in various states falls completely outside CMD's mandate, which focuses exclusively on management development, training, consultancy services, and economic administration capacity building rather than infrastructure projects.",100
ERGP10238714,"PROVISION OF ALL-IN-ONE SOLAR STREETS LIGHT IN SELECTED AL AREAS IN ABUDU, UGBOKO AND CALABAR",238003001,CENTRE FOR MANAGEMENT DEVELOPMENT,,140000000.0,NO,HIGH,"Installing solar street lights in specific locations falls outside CMD's mandate, which focuses exclusively on management development, training, consultancy services, and economic administration capacity building rather than infrastructure projects.",100
ERGP10238728,"PROVISION OF ALL-IN-ONE SOLAR STREETS LIGHT IN SELECTED AL AREAS OF ABEOKUTA, IGBETI AND KISI COMMUNITIES",238003001,CENTRE FOR MANAGEMENT DEVELOPMENT,,140000000.0,NO,HIGH,"Installing solar street lights in specific communities falls outside CMD's mandate, which is focused on management development, training, consultancy services, and economic administration rather than infrastructure development or community lighting projects.",100
ERGP10238729,"""PROVISION OF INTEGRATED 3-IN-1 SOLAR STREET LIGHTS IN RIVERS, FCT, AND OTHER SELECTED LOCATIONS """,238003001,CENTRE FOR MANAGEMENT DEVELOPMENT,,140000000.0,NO,HIGH,"Installing solar street lights is infrastructure development work that falls completely outside CMD's mandate of management training, development, consultancy services, and coordination of managerial manpower development programs.",100
ERGP10238747,"CONSTRUCTION OF SOLAR STREET LIGHTS IN BORNO NORTH, BORNO STATE
",238003001,CENTRE FOR MANAGEMENT DEVELOPMENT,,350000000.0,NO,HIGH,"The construction of solar street lights is an infrastructure project that falls outside CMD's mandate of management development, training, consultancy services, and economic administration capacity building.",100
ERGP12237927,"CONSTRUCTION/DRAINAGE OF ROADS IN AGBAW/KUKUM & KPAK FAFAN SAFIO COMMUNITIES IN KAURA FEDERAL CONSTITUENCY, KADUNA STATE",238003001,CENTRE FOR MANAGEMENT DEVELOPMENT,,350000000.0,NO,HIGH,"Road construction and drainage projects fall outside CMD's mandate, which is specifically focused on management development, training, consultancy services, and economic administration rather than infrastructure development.",100
ERGP12237957,"CONSTRUCTION OF STEEL BRIDGE BUKKUYUM IN GUMMI/BUKKUYUM FEDERAL CONSTITUENCY, ZAMFARA STATE",238003001,CENTRE FOR MANAGEMENT DEVELOPMENT,,70000000.0,NO,HIGH,"Construction of a steel bridge is infrastructure development work that falls completely outside CMD's mandate of management development, training, and economic administration capacity building.",100
ERGP12238043,"CONSTRUCTION OF CONCRETE ROAD 1 AT OLOGOGHE, OGBIA LGA IN BAYELSA EAST SENATORIAL DISTRICT, BAYELSA STATE.",238003001,CENTRE FOR MANAGEMENT DEVELOPMENT,,315000000.0,NO,HIGH,"The construction of a concrete road in Bayelsa State falls completely outside CMD's mandate, which is focused on management development, training, consultancy services, and economic administration rather than infrastructure development or road construction.",100
ERGP23237197,PROVISION OF EDUCATIONAL MATERIALS TO SELECTED SECONDARY SCHOOLS IN ANKPA/OMALA/OLAMABORO FEDERAL CONSTITUENCY KOGI STATE,238003001,CENTRE FOR MANAGEMENT DEVELOPMENT,,70000000.0,NO,HIGH,"CMD's mandate focuses on management development, training coordination, and economic administration for enterprises and public officers, not on providing educational materials to secondary schools.",100
ERGP23237970,"RENOVATION OF EQUIPPING OF ICT CENTRE GUMMI IN GUMMI/BUKKUYUM FEDERAL CONSTITUENCY, ZAMFARA STATE",238003001,CENTRE FOR MANAGEMENT DEVELOPMENT,,70000000.0,YES,HIGH,"Renovating and equipping an ICT centre directly supports CMD's mandate to provide training facilities and coordinate management development programs, as ICT infrastructure is essential for modern management training and skills development.",0
ERGP25237188,"PURCHASE OF MEDICAL EQUIPMENT AND DRUGS FOR HEALTH INSTITUTIONS IN BAYELSA WEST SENATORIAL DISTRICT, BAYELSA STATE",238003001,CENTRE FOR MANAGEMENT DEVELOPMENT,,70000000.0,NO,HIGH,"The Centre for Management Development's mandate focuses on management training, policy coordination, and economic administration, with no authority or responsibility for purchasing medical equipment and drugs for health institutions.",100
ERGP25237201,"MEDICAL OUTREACH PROGRAM IN SOME SELECTED COMMUNITIES OF KATSINA STATE
",238003001,CENTRE FOR MANAGEMENT DEVELOPMENT,,21000000.0,NO,HIGH,"The Centre for Management Development's mandate focuses exclusively on management training, development, and consultancy services, with no provision for healthcare or medical outreach activities.",100
ERGP25237979,FREE MEDICAL OUTREACH AND PROVISION OF MEDICAL ITEMS IN IKWERRE/IMOUAHA FEDERAL CONSTITUENCY RIVER STATE,238003001,CENTRE FOR MANAGEMENT DEVELOPMENT,,280000000.0,NO,HIGH,"The Centre for Management Development's mandate focuses exclusively on management training, development, and coordination activities, with no provision for healthcare services or medical outreach programs.",100
ERGP25238698,"SENSITIZATION ON DRUG ABUSE IN SELECTED AREA IN BUNU KOGI STATE
",238003001,CENTRE FOR MANAGEMENT DEVELOPMENT,,17500000.0,NO,HIGH,"Drug abuse sensitization falls outside CMD's mandate which focuses specifically on management development, training coordination, and economic administration rather than public health or substance abuse prevention programs.",100
ERGP27233080,"PROCUREMENT OF FURNITURES AND FITTING IN ALL ZONAL OFFICES
",238003001,CENTRE FOR MANAGEMENT DEVELOPMENT,,70000000.0,YES,HIGH,"Procuring furniture and fittings for zonal offices is necessary operational infrastructure to support CMD's mandate of providing management training and advisory services across its six zonal offices in Kano, Lagos, Ibadan, Owerri, Gombe, and Uyo.",0
ERGP27233081,"PROCUREMENT OF FURNITURES AND FITTING IN LAGOS OPERATIONAL OFFICE
",238003001,CENTRE FOR MANAGEMENT DEVELOPMENT,,70000000.0,YES,HIGH,"The procurement of furniture and fitting for the Lagos operational office directly supports CMD's mandate to operate zonal offices across the country, including Lagos, to enable effective outreach and delivery of management development services.",0
ERGP27233083,"LIBRARY DEVELOPMENT
",238003001,CENTRE FOR MANAGEMENT DEVELOPMENT,,63000000.0,YES,HIGH,"The budget item directly aligns with CMD's specific mandate under Section 16 of the establishing Decree to ""establish and maintain an up-to-date library for management studies.""",0
ERGP27233087,"RENOVATION OF CORPORATE HEAD QUARTER ABUJA
",238003001,CENTRE FOR MANAGEMENT DEVELOPMENT,,57677083.0,YES,HIGH,"Renovating the corporate headquarters in Abuja is necessary infrastructure maintenance that directly supports CMD's ability to fulfill its mandated functions of providing management training, consultancy services, research, and coordination activities from its established headquarters.",0
ERGP27237190,CONSTRUCTION OF CENTRE FOR MANAGEMENT DEVELOPMENT IN SELECTED LOCATION IN NORTH WEST NIGERIA,238003001,CENTRE FOR MANAGEMENT DEVELOPMENT,,3500000000.0,YES,HIGH,The construction of a CMD center in North West Nigeria aligns with the agency's mandate to coordinate management training programs nationwide and its existing practice of operating zonal offices across different regions of the country.,0
ERGP27237196,"CONSTRUCTION OF PERIMETER FENCE AND EXTERNAL WORKS FOR ANKPA TOWNSHIP STADIUM IN ANKPA LOCAL GOVERNMENT, KOGI STATE.",238003001,CENTRE FOR MANAGEMENT DEVELOPMENT,,140000000.0,NO,HIGH,"Construction of a township stadium falls completely outside CMD's mandate which is focused on management development, training, consultancy services, and economic administration rather than sports infrastructure development.",100
ERGP27238037,"CONSTRUCTION/LANDSCAPING OF ICT CENTRE AT COMMUNITY SECONDARY SCHOOL, OLOGOGHE, OGBIA LGA IN BAYELSA EAST SENATORIAL DISTRICT, BAYELSA",238003001,CENTRE FOR MANAGEMENT DEVELOPMENT,,315000000.0,NO,HIGH,"The budget item involves constructing an ICT centre at a secondary school, which falls outside CMD's mandate of management development, training coordination, and economic administration for professionals and enterprises.",100
ERGP28238735,"CONTSRUCTION OF SOLAR BOREHOLES AND SOLAR LIHGHTS IN AGBEDE,ETSAKO WEST, EDO STATE",238003001,CENTRE FOR MANAGEMENT DEVELOPMENT,,350000000.0,NO,HIGH,"The construction of solar boreholes and solar lights is infrastructure development work that falls completely outside CMD's mandate of management development, training coordination, and economic administration advisory services.",100
ERGP29238679,"""SUPPLY OF COMPUTERS YOUTHS IN EKITI EAST EMURE/ GBONYIN FEDERAL CONSTITUENCY OF EKITI STATE """,238003001,CENTRE FOR MANAGEMENT DEVELOPMENT,,70000000.0,PARTIAL,MEDIUM,"While CMD has mandates for training and skills development that could include computer literacy for capacity building, the geographical specificity to one federal constituency suggests this may be more of a constituency project rather than a strategic management development initiative aligned with CMD's national coordination role.",50
ERGP29238695,"BASIC COMPUTER SKILLS AND ICT LITERACY TRAINING FOR YOUTHS IN ALIMOSHO FEDERAL CONSTITUENCY, LAGOS STATE",238003001,CENTRE FOR MANAGEMENT DEVELOPMENT,,70000000.0,PARTIAL,MEDIUM,"While CMD has mandate for management training and development, this budget item specifically targets youth ICT literacy in a single constituency rather than focusing on management skills development or economic administration training which are CMD's core functions.",50
ERGP30233070,"SPECIAL CAPACITY BUILDING FOR CMD STAFF
",238003001,CENTRE FOR MANAGEMENT DEVELOPMENT,,210000000.0,YES,HIGH,"Special capacity building for CMD staff directly supports the agency's core mandate of coordinating managerial manpower development and maintaining excellence in management training standards, as the Centre must ensure its own staff are equipped with the necessary skills to effectively carry out their training and advisory functions.",0
ERGP30233072,"ENTREPRENEURSHIP AND BUSINESS DEVELOPMENT TRAINING AT NYSC CAMPS
",238003001,CENTRE FOR MANAGEMENT DEVELOPMENT,,35000000.0,YES,HIGH,"The budget item directly aligns with CMD's mandate to design and provide suitable training packages for small-scale industrialists and to promote managerial manpower development, as entrepreneurship training falls squarely within these functions.",0
ERGP30233074,"ACCREDITATION OF CONSULTANTS, TRAINING FIRMS AND INSTITUTION
",238003001,CENTRE FOR MANAGEMENT DEVELOPMENT,,245000000.0,YES,HIGH,The budget item directly matches CMD's statutory mandate under the Nigerian Council for Management Development Act to accredit and register management trainers and training institutions.,0
ERGP30233077,"PROCUREMENTOF TRAINING AIDS AND EQUIPMENTS
",238003001,CENTRE FOR MANAGEMENT DEVELOPMENT,,70000000.0,YES,HIGH,"Procurement of training aids and equipment directly supports CMD's core mandate to provide management training programs, conduct research, and maintain training facilities as specified under Section 16 of its establishing Decree.",0
ERGP30233085,"RESEARCH AND TRAINING NEEDS ASSESSMENT
",238003001,CENTRE FOR MANAGEMENT DEVELOPMENT,,140000000.0,YES,HIGH,"Research and training needs assessment directly aligns with CMD's mandate to conduct research into all aspects of management, coordinate management training programs, develop standards, and assess training programs offered by institutions.",0
ERGP30237185,"SUPPLY OF SEWING MACHINES, GRINDING MACHINES, GRANTS AND EMPOWERMENT MATERIALS TO THE YOUTHS, MIDDLE-AGED AND ELDERLY WOMEN OF OYI LGA,",238003001,CENTRE FOR MANAGEMENT DEVELOPMENT,,70000000.0,NO,HIGH,"The Centre for Management Development's mandate focuses on management training, policy coordination, and institutional capacity building, not direct provision of equipment and empowerment materials to specific local government areas.",100
ERGP30237186,"CAPACITY BUILDING TRAINING ON VARIOUS SKILLS FOR (SMEÃ¢â¬â¢S) SMALL AND MEDIUM EXCHANGE IN ARGUNGU LGA SENATORIAL DISTRICT, KEBBI STATE.",238003001,CENTRE FOR MANAGEMENT DEVELOPMENT,,140000000.0,YES,HIGH,"The budget item directly aligns with CMD's specific mandate under Section 16 to design and provide suitable training packages for small-scale industrialists, which includes SMEs capacity building training.",0
ERGP30237187,TRAINING AND EMPOWERMENT PROGRAMS IN SELECTED COMMUNITIES OF AWO EKITI IREPODUN/IFE LODUN LOCAL GOVERNMENT AREAS OF EKITI STATE AND ABUJA,238003001,CENTRE FOR MANAGEMENT DEVELOPMENT,,140000000.0,PARTIAL,MEDIUM,"While CMD has mandate to provide training and empowerment through management development programs, the geographic specificity to particular local government areas in Ekiti State suggests this may be more of a constituency project rather than a systematic national management development initiative aligned with CMD's core institutional functions.",50
ERGP30237191,TRAINING AND EMPOWERMENT OF YOUTH IN VARIOUS VOCATIONAL SKILLS (MULTIPLE LOTS),238003001,CENTRE FOR MANAGEMENT DEVELOPMENT,,1400000000.0,PARTIAL,MEDIUM,"While CMD's mandate includes training and capacity building, it specifically focuses on management development and economic administration rather than general vocational skills training for youth.",50
ERGP30237192,PURCHASE OF MOTOR CYCLE MACHINE FOR YOUTH IN BINJI/SILAME FEDERAL CONST. SOKOTO STATE,238003001,CENTRE FOR MANAGEMENT DEVELOPMENT,,35000000.0,NO,HIGH,"Purchasing motorcycles for youth in a specific constituency is not related to CMD's mandate of management development, training coordination, and economic administration capacity building.",100
ERGP30237193,"TRAINING AND EMPOWERMENT OF YOUTHS WITH TRICYCLES AND MINIBUSES AT UMUEZE, UBAHI, LILU, IBOLO, OKIJA, ULI, ANAMBRA",238003001,CENTRE FOR MANAGEMENT DEVELOPMENT,,35000000.0,NO,HIGH,"The budget item involves direct provision of physical assets (tricycles and minibuses) rather than management training, skills development, or capacity building which are CMD's core mandates.",100
ERGP30237194,TRAINING & EMPOWERMENT OF YOUTHS AND WOMEN ON VARIOUS ENTREPRENEURSHIP SKILLS IN ANAMBRA,238003001,CENTRE FOR MANAGEMENT DEVELOPMENT,,35000000.0,YES,HIGH,"This budget item aligns with CMD's mandate to design and provide suitable training packages for small-scale industrialists and conduct management training programs, as entrepreneurship skills training falls directly within their responsibility for management development and capacity building.",0
ERGP30237198,"TRAINING AND PROVISION OF GRANTS TO WOMEN AND YOUTHS IN SKILLS ACQUISITION IN ANKPA FEDERAL CONSTITUENCY, KOGI STATE",238003001,CENTRE FOR MANAGEMENT DEVELOPMENT,,70000000.0,PARTIAL,MEDIUM,"While CMD has mandate for training and skills development, the specific targeting of a single federal constituency (Ankpa, Kogi State) appears to be geographic/political targeting rather than the national coordination and standardization role specified in their mandate.",50
ERGP30237199,"STRATEGIC TRAINING AND PROVISION OF SUPPORT GRANT TO FARMERS IN OLAMABORO LOCAL GOVERNMENT, KOGI STATE",238003001,CENTRE FOR MANAGEMENT DEVELOPMENT,,35000000.0,NO,HIGH,"The budget item focuses on direct agricultural support to farmers in a specific local government area, which falls outside CMD's mandate of management development, training coordination, and economic administration capacity building.",100
ERGP30237202,TRAINING ON PROMOTION OF ARTS AND CULTURE WITH EMPOWERMENT FOR LOCAL COMMUNITIES IN SELECTED IFO COMMUNITIES AND EWEKORO EWEKORO,238003001,CENTRE FOR MANAGEMENT DEVELOPMENT,,329000000.0,NO,HIGH,"The budget item focuses on arts and culture promotion, which falls outside CMD's specific mandate of management development, training coordination, and economic administration skills enhancement.",100
ERGP30237776,CAPACITY BUILDING ENHANCEMENT WITH PROVISION OF VEHICLES SUPPORT FOR SELECTED GROUPS IN IFO/EWEKORO FEDERAL CONSTITUENCY (MULTIPLE LOTS),238003001,CENTRE FOR MANAGEMENT DEVELOPMENT,,350000000.0,PARTIAL,MEDIUM,"While capacity building aligns with CMD's mandate for management training and development, the geographic specificity to one federal constituency and provision of vehicles appears to be constituency project funding rather than CMD's core institutional functions of coordinated national management development.",50
ERGP30237784,"SUPPLY OF TRICYCLES AND GRINDING MACHINES FOR WOMEN AND YOUTHS IN PALADIN,KADUNA",238003001,CENTRE FOR MANAGEMENT DEVELOPMENT,,28000000.0,NO,HIGH,"The supply of tricycles and grinding machines is a direct material provision/empowerment activity that falls outside CMD's mandate of management development, training, consultancy services, and coordination of managerial manpower development.",100
ERGP30237811,"SKILL ACQUISITION FOR MODERN FARMING TECHINIQUES FOR RURAL WOMEN AND YOUTH IN UBIANNE, ETSAKO WEST LGA. EDO STATE",238003001,CENTRE FOR MANAGEMENT DEVELOPMENT,,35000000.0,NO,HIGH,"CMD's mandate focuses on management development, economic administration training, and coordination of management training programs, not agricultural skill acquisition or farming techniques training.",100
ERGP30237829,TRAINING ON ENTREPRENEUSHIP AND BUSINESS START UP GRANT TO PARTICIPANT IN DIFFERENT LOCATION IN KADUNA STATE MULTIPLE LOTS.,238003001,CENTRE FOR MANAGEMENT DEVELOPMENT,,280000000.0,YES,HIGH,"This budget item directly aligns with CMD's mandate to design and provide suitable training packages for small-scale industrialists and promote entrepreneurship development, which falls under their management training and development responsibilities.",0
ERGP30237835,TRAINING OF UNEMPLOYED YOUTHS IN ADVOCACY ON SENSITIZATION AND ADVOCACY ON SELF EMPLOYED IN DIFFERENT LOCATION IN KADUNA STATE,238003001,CENTRE FOR MANAGEMENT DEVELOPMENT,,280000000.0,PARTIAL,MEDIUM,"While CMD has mandate to provide training and develop management skills, this item specifically targets unemployed youth advocacy training in one state rather than the broader management development and economic administration focus that defines the agency's core functions.",50
ERGP30237861,"SKILLS ACQUISITIONAL TRAINING FOR WOMEN ON SME's AND GRANTS IN GALADIMAWA, FCT, ABUJA",238003001,CENTRE FOR MANAGEMENT DEVELOPMENT,,105000000.0,YES,HIGH,"This budget item directly aligns with CMD's mandate to design and provide suitable training packages for small-scale industrialists and develop management skills, particularly as it involves skills training for women entrepreneurs in small and medium enterprises.",0
ERGP30237882,"ENTREPRENEURSHIP DEVELOPMENT TRAINING OF WOMEN AND YOUTHS ON SOAP, VASELINE AND IZAL MAKING IN IYALE, BASSA/DEKINA FEDERAL CONSTITUENCY, KOGI",238003001,CENTRE FOR MANAGEMENT DEVELOPMENT,,70000000.0,YES,HIGH,"The budget item aligns with CMD's mandate to design and provide suitable training packages for small-scale industrialists and conduct management training programs, as entrepreneurship development training for women and youths falls under these core functions.",0
ERGP30237906,"SUPPLY OF TRICYCLES FOR YOUTHS AND WIDOW IN SABON GARIN TUDUN WADA, KADUNA SOUTH LGA, KADUNA STATE",238003001,CENTRE FOR MANAGEMENT DEVELOPMENT,,70000000.0,NO,HIGH,"Supplying tricycles for youths and widows is a direct welfare/empowerment activity that falls outside CMD's mandate of management development, training coordination, and economic administration capacity building.",100
ERGP30237982,"EMPOWERMENT OF YOUTHS AND WOMEN WITH DIGITAL SKILLS IN IBARAPA CENTRAL/IBARAPA NORTH FEDERAL CONSTITUENCY, OYO STATE",238003001,CENTRE FOR MANAGEMENT DEVELOPMENT,,35000000.0,PARTIAL,MEDIUM,"While digital skills training for youths and women could fall under CMD's mandate to provide management training and develop managerial manpower, the geographic specificity to a particular federal constituency suggests this may be more of a political/constituency project rather than a systematic national management development initiative.",50
ERGP30238013,SKILL ACQUISATION TRAINING AND EMPOWERMENT IN SELECTED LOCATION OF KATSINA STATE,238003001,CENTRE FOR MANAGEMENT DEVELOPMENT,,31180156.0,PARTIAL,MEDIUM,"While CMD has mandate for management training and skills development, this budget item appears focused on general skill acquisition training in a specific state location rather than management development or economic administration training which is CMD's core mandate.",50
ERGP30238019,PROVISION OF GRANTS TO WIDOWS AND PETTY TRADERS IN IBARAPA CENTRAL AND IBARAPA NORTH FEDERAL CONSTITUENCY OF OYO STATE,238003001,CENTRE FOR MANAGEMENT DEVELOPMENT,,18333000.0,NO,HIGH,"Providing grants to widows and petty traders is a social welfare function that does not align with CMD's mandate of management development, training coordination, and economic administration capacity building.",100
ERGP30238027,CAPACITY BUILDING TRAINING AND SUPPLY OF EMPOWERMENT ITEMS TO NORTH WEST.,238003001,CENTRE FOR MANAGEMENT DEVELOPMENT,,70000000.0,PARTIAL,MEDIUM,"While capacity building training aligns with CMD's mandate for management training and development, the regional specificity to North West and inclusion of ""empowerment items supply"" extends beyond the agency's core educational and advisory functions.",50
ERGP30238034,"ELECTRIFICATION OF PUBLIC INSTITUTIONS AND PUBLIC AREAS WITHIN BORNO CENTRAL SENATORIAL DISTRICT, BORNO STATE. MULTIPLE",238003001,CENTRE FOR MANAGEMENT DEVELOPMENT,,700000000.0,NO,HIGH,"The Centre for Management Development's mandate focuses on management training, capacity building, and economic administration, not infrastructure projects like electrification of public areas in specific senatorial districts.",100
ERGP30238280,"""SUPPLY OF EMPOWERMENT ITEMS TO VARIOUS SELECTED LOCATIONS (LOT 1-4) ""
",238003001,CENTRE FOR MANAGEMENT DEVELOPMENT,,280000000.0,NO,HIGH,"The Centre for Management Development's mandate focuses specifically on management training, consultancy, research, and coordination of management development programs, not on supplying empowerment items to locations.",100
ERGP30238675,"EMPOWERMENT FOR WOMEN IN CATERING AND EVENT PLANNING, BEAD MAKING ANOCHIA FEDERAL CONSTITUENCY",238003001,CENTRE FOR MANAGEMENT DEVELOPMENT,,35000000.0,PARTIAL,MEDIUM,"While the empowerment program involves training which relates to CMD's mandate for management development, it appears to be constituency-specific skills training rather than the broader management, economic administration, or small-scale industry development training that CMD is specifically mandated to provide.",50
ERGP30238685,"TRAINING AND EMPOWERMENT OF YOUTH IN MOBILE PHONE REPAIR IN ALIMOSHO FEDERAL CONSTITUENCY, LAGOS STATE",238003001,CENTRE FOR MANAGEMENT DEVELOPMENT,,35000000.0,PARTIAL,MEDIUM,"While CMD has mandate to design training packages for small-scale industrialists and conduct management training, mobile phone repair training appears to be technical/vocational rather than management development, though it could arguably fall under small-scale enterprise development.",50
ERGP30238691,"TRAINING AND EMPOWERMENT OF MARKET WOMEN AND MEN IN ALIMOSHO FEDERAL CONSTITUENCY, LAGOS STATE",238003001,CENTRE FOR MANAGEMENT DEVELOPMENT,,70000000.0,PARTIAL,MEDIUM,"While CMD's mandate includes training small-scale industrialists and providing management training, the budget item's focus on a specific federal constituency suggests political rather than institutional targeting, which only partially aligns with CMD's national coordination role for management development.",50
ERGP30238700,"CAPACITY BUILDING FOR WOMEN IN FISH VALUE CHAIN DEVELOPMENT
",238003001,CENTRE FOR MANAGEMENT DEVELOPMENT,,35000000.0,PARTIAL,MEDIUM,"While the Centre for Management Development's mandate includes providing training packages for small-scale industrialists and management development, the specific focus on women in fish value chain development is a narrow sectoral application that only partially aligns with their broader management training and capacity building functions.",50
ERGP30238701,"FINANCIAL LITERACY TRAINING FOR WOMEN IN BUDGETING, SAVING AND INVESTMENT",238003001,CENTRE FOR MANAGEMENT DEVELOPMENT,,17500000.0,YES,HIGH,"The budget item aligns with CMD's mandate to provide management training programs and advisory services, as financial literacy training encompasses essential management skills in budgeting and economic planning that fall within the Centre's core functions.",0
ERGP30238702,TRAINING ON ENTREPRENEURSHIP BASICS AND EMPOWERMENT SUPPORT FOR VULNERABLE PERSONS IN AKINYELE/ LAGELU FEDERAL CONSTITUENCY,238003001,CENTRE FOR MANAGEMENT DEVELOPMENT,,17500000.0,YES,HIGH,"This budget item directly aligns with CMD's mandate to design and provide suitable training packages for small-scale industrialists and conduct management training programs, as entrepreneurship training falls within their core function of management development.",0
ERGP30238704,"ECONOMIC EMPOWERMENT FOR WOMEN THROUGH TRAINING IN CATERING AND EVENT PLANNING, BEAD MAKING, AND SOCIAL MEDIA MANAGEMENT IN EKITI NORTH",238003001,CENTRE FOR MANAGEMENT DEVELOPMENT,,17500000.0,PARTIAL,MEDIUM,"While the training component aligns with CMD's mandate to provide management training and develop skills, the specific focus on women's economic empowerment through craft-based activities falls outside their core mandate of management development and economic administration training for enterprises and public officers.",50
ERGP30238706,DEVELOPING LEADERSHIP SKILLS FOR YOUTHS ON COMMUNITY ENGAGEMENT AND CONFLICT RESOLUTION,238003001,CENTRE FOR MANAGEMENT DEVELOPMENT,,17500000.0,PARTIAL,MEDIUM,"While the item involves leadership and skills development which relates to CMD's management training mandate, it specifically targets youth community engagement and conflict resolution rather than CMD's core focus on management development for enterprises and public sector economic administration.",50
ERGP30238717,"RENEWED HOPE EMPOWERMENT OF YOUTHS AND WOMEN IN SELECTED COMMUNITIES OF ABEOKUTA AND IGBOHO, OYO STATE",238003001,CENTRE FOR MANAGEMENT DEVELOPMENT,,175000000.0,PARTIAL,MEDIUM,"While the budget item involves empowerment activities that could include management training and capacity building which falls within CMD's mandate, the geographic specificity to particular communities and focus on general empowerment rather than explicit management development makes the alignment unclear.",50
ERGP30238720,SUPPLY OF EMPOWERMENT ITEMS TO SMES TO ALLIEVIATE POVERTY IN VARIOUS SELECTED LOCATIONS (MULTIPLE LOTS),238003001,CENTRE FOR MANAGEMENT DEVELOPMENT,,840000000.0,PARTIAL,MEDIUM,"While CMD has a mandate to design and provide training packages for small-scale industrialists, direct supply of empowerment items goes beyond their core training and capacity-building functions into direct material provision.",50
ERGP30238723,SUPPLY OF HIJETS TRUCKS FOR EMPOWERMENT TO YOUTHS AND CONSTITUENTS OF BORNO NORTH SENATORIAL DISTRICS,238003001,CENTRE FOR MANAGEMENT DEVELOPMENT,,560000000.0,NO,HIGH,"The Centre for Management Development's mandate focuses on management training, capacity building, and economic administration skills development, not on supplying trucks or direct empowerment programs to specific senatorial districts.",100
ERGP30238739,"FURNISHING OF SKILL ACQUISITION CENTER NGANZAI, BORNO STATE (LOT 1-5)
",238003001,CENTRE FOR MANAGEMENT DEVELOPMENT,,350000000.0,YES,HIGH,"The furnishing of a skill acquisition center directly supports CMD's mandate to design and provide suitable training packages and coordinate management training programs, particularly for capacity building initiatives.",0
ERGP30238753,TRAINING ON PEACE AND CONFLICT MANAGEMENT IN ABIA CENTRAL SENATORIAL DISTRICT.,238003001,CENTRE FOR MANAGEMENT DEVELOPMENT,,21000000.0,PARTIAL,MEDIUM,"While the training component aligns with CMD's mandate to provide management training and advisory services, the specific focus on peace and conflict management in a particular senatorial district appears to be outside their core expertise in business/economic management development.",50
ERGP30238766,"TRAINING ON FINANCIAL LITERACY FOR SME OWNERS IN OKIGWE, ONUIMO, ISIALA MBANO FEDERAL CONSTITUENCY",238003001,CENTRE FOR MANAGEMENT DEVELOPMENT,,70000000.0,YES,HIGH,"This budget item directly aligns with CMD's mandate to design and provide suitable training packages for small-scale industrialists and officials, as specified in Section 16 of the establishing Decree.",0
ERGP30238778,"EMPOWERMENT AND TRAINING OF YOUTH, CIVIL SERVANTS AND STUDENTS ON CODDING , AI AND ICT ACROSS 15 SELECTED LOCATIONS OF THE FEDERATION (5",238003001,CENTRE FOR MANAGEMENT DEVELOPMENT,,350000000.0,YES,HIGH,"This budget item directly aligns with CMD's mandate to provide training programs, develop management skills, and design suitable training packages for officials and enterprises, with ICT and AI training being essential modern management competencies.",0
ERGP5237195,"SUPPLY OF ASSORTED GRAIN IN ABUA-ODUAL/AHOADA EAST FEDERAL CONSTITUENCY, RIVERS STATE",238003001,CENTRE FOR MANAGEMENT DEVELOPMENT,,70000000.0,NO,HIGH,"The Centre for Management Development's mandate focuses on management training, consultancy services, and economic administration development, not on supplying food grains or agricultural commodities to constituencies.",100
ERGP5238056,RENEWABLE EFFICIENCY TO AGRICULTURAL COMMUNITIES TO BOOST AGRICULTURAL PRODUCTIONS IN BORNO STATE,238003001,CENTRE FOR MANAGEMENT DEVELOPMENT,,700000000.0,NO,HIGH,"The Centre for Management Development's mandate focuses on management training, consultancy services, and economic administration rather than direct agricultural production or renewable energy projects in specific states.",100
ERGP5238682,"""SUPPLY OF AGRICULTURAL INPUTS FOR RURAL FARMERS IN EHIME MBANO, IHITTE UBOMA & OBOWO FEDERAL CONSTITUENCY """,238003001,CENTRE FOR MANAGEMENT DEVELOPMENT,,17500000.0,NO,HIGH,"The Centre for Management Development's mandate focuses on management training, development, and coordination rather than direct supply of agricultural inputs to farmers.",100
ERGP10210044,"REHABILITATION OF ELECTRICAL PANELS
",238005001,BUDGET OFFICE OF THE FEDERATION,,4900000.0,NO,HIGH,"The Budget Office of the Federation is a policy and administrative body focused on budget preparation, monitoring, and fiscal policy implementation, not on physical infrastructure rehabilitation like electrical panels which would fall under operational agencies or infrastructure ministries.",100
ERGP10232954,"REHABILITATION OF ELECTRICAL & LIGHTING SYSTEM IN PHASE I
",238005001,BUDGET OFFICE OF THE FEDERATION,,45500000.0,YES,HIGH,"The rehabilitation of electrical and lighting systems in the Budget Office's facilities is necessary infrastructure maintenance that directly supports the agency's operational capacity to perform its budget preparation, monitoring, and evaluation functions.",0
ERGP10232959,"OVERHAUL OF INDUSTRIAL GENERATING SETS
",238005001,BUDGET OFFICE OF THE FEDERATION,,21000000.0,NO,HIGH,"The Budget Office of the Federation is responsible for budget preparation, formulation, monitoring and fiscal policy functions, not for conducting physical overhaul of industrial generating sets which is an operational/maintenance activity outside their administrative mandate.",100
ERGP10247858,MULTILATERAL/BILATERAL TIED LOANS: POWER SECTOR RECOVERY OPERATION - ADITIONAL FINANCING (PSRO-AF),238005001,BUDGET OFFICE OF THE FEDERATION,,375000000000.0,PARTIAL,MEDIUM,"While the Budget Office has mandate to coordinate budget preparation and monitor implementation across government agencies, this specific tied loan for power sector operations appears to be more directly related to project implementation rather than core budget preparation and fiscal policy functions.",50
ERGP27209509,"REHABILITATION OF ROOF / REFELTING & DRAINAGE SYSTEM
",238005001,BUDGET OFFICE OF THE FEDERATION,,32200000.0,YES,HIGH,This budget item falls under routine facility maintenance and infrastructure upkeep necessary for the Budget Office to maintain its operational capacity and fulfill its constitutional mandate of budget preparation and oversight functions.,0
ERGP27210039,"PROCUREMENT & INSTALLATION OF AIR CONDITIONERS
",238005001,BUDGET OFFICE OF THE FEDERATION,,49000000.0,YES,HIGH,"Air conditioners are necessary office equipment for the Budget Office to maintain a functional work environment for its staff to carry out their constitutional mandate of budget preparation, formulation, implementation, and monitoring.",0
ERGP27210076,"GENERAL REHABILITATION OF OFFICE
",238005001,BUDGET OFFICE OF THE FEDERATION,,42420000.0,YES,HIGH,General rehabilitation of office facilities is necessary for the Budget Office to maintain operational capacity and fulfill its constitutional mandate to prepare federal budget estimates and oversee fiscal policies.,0
ERGP27210077,"PURCHASE OF OFFICE FURNITURE & FITTINGS
",238005001,BUDGET OFFICE OF THE FEDERATION,,63000000.0,YES,HIGH,"Purchase of office furniture and fittings is necessary for the Budget Office to maintain its operational capacity and fulfill its mandate of providing efficient budget functions across federal government ministries, departments, and agencies.",0
ERGP27210078,"REPLACEMENT OF 1 NO LIFT
",238005001,BUDGET OFFICE OF THE FEDERATION,,140000000.0,NO,HIGH,"The replacement of a lift is a physical infrastructure maintenance item that falls outside the Budget Office's mandate of budget preparation, formulation, implementation, monitoring, and evaluation functions.",100
ERGP27232958,"PROCUREMENT & INSTALLATION OF HYBRID INVERTER SYSTEM FOR 3NO LIFTS
",238005001,BUDGET OFFICE OF THE FEDERATION,,420000000.0,YES,HIGH,"This budget item falls within the agency's operational infrastructure needs as the Budget Office requires functional facilities and equipment, including elevator systems, to effectively carry out its mandate of budget preparation, monitoring, and coordination across federal government operations.",0
ERGP27232960,"REHABILITATION OF DIESEL DUMP RESERVIOR TANKS
",238005001,BUDGET OFFICE OF THE FEDERATION,,14000000.0,NO,HIGH,"The Budget Office of the Federation is a policy and administrative body responsible for budget preparation, monitoring, and fiscal policy implementation, not for physical infrastructure projects like rehabilitating diesel dump reservoir tanks.",100
ERGP27233137,"PROCUREMENT OF ENGINEERING TOOLS & EQUIPMENT
",238005001,BUDGET OFFICE OF THE FEDERATION,,14350000.0,NO,HIGH,"The Budget Office of the Federation is a policy and administrative body focused on budget preparation, monitoring, and fiscal policy implementation, not an operational agency that would require engineering tools and equipment for its core functions.",100
ERGP27233138,"UPGRADE & INSTALLATION OF FIRE FIGHTING EQUIPMENT
",238005001,BUDGET OFFICE OF THE FEDERATION,,24500000.0,PARTIAL,MEDIUM,"While fire safety equipment is not directly related to the Budget Office's core mandate of budget preparation and fiscal policy functions, it could be justified as necessary infrastructure to protect the agency's operations and ensure business continuity for its essential budget functions.",50
ERGP27233141,"RENOVATION OF STORES
",238005001,BUDGET OFFICE OF THE FEDERATION,,21000000.0,YES,HIGH,"Renovation of stores falls within the Budget Office's administrative support functions and operational infrastructure needs required to effectively carry out its mandate of budget preparation, monitoring, and evaluation across federal government agencies.",0
ERGP29209505,OPTIMIZATION OF BUDGET OFFICE IT ENTERPRISE ARCHITECTURE PHASEII (CLOUD STORAGE/VIRTUAL PRIVATE SERVER IMPLEMENTATION),238005001,BUDGET OFFICE OF THE FEDERATION,,49000000.0,YES,HIGH,"This IT infrastructure project directly supports the Budget Office's vision to be a ""technology-driven budget institution"" and aligns with their operational mandate to provide efficient budget functions through modern systems and tools.",0
ERGP29209506,"REHABILITATION / UPGRADE OF SECURITY MONITORING SYSTEM IN PHASE I COMPLEX
",238005001,BUDGET OFFICE OF THE FEDERATION,,35000000.0,YES,HIGH,"The rehabilitation/upgrade of security monitoring systems in Phase I complex falls within the Budget Office's mandate as it relates to maintaining and securing the agency's operational infrastructure necessary for carrying out its core budget preparation, monitoring, and evaluation functions.",0
ERGP29209507,"UPGRADE OF BOF NETWORK POWER BACKUP SYSTEM (SOLAR SYSTEM)
",238005001,BUDGET OFFICE OF THE FEDERATION,,46200000.0,YES,HIGH,"Upgrading the network power backup system (solar system) is essential infrastructure that directly supports the Budget Office's technology-driven operations and ICT functions required for budget preparation, monitoring, and evaluation activities.",0
ERGP29209508,PROCUREMENT & INSTALLATION OF ACCESS CONTROL SYSTEM / ELECTRONIC REGISTER,238005001,BUDGET OFFICE OF THE FEDERATION,,31500000.0,YES,HIGH,"The procurement and installation of access control systems and electronic registers directly supports the Budget Office's mandate to operate as a technology-driven institution and falls under the administrative and operational infrastructure necessary for secure budget preparation, monitoring, and implementation functions.",0
ERGP29210036,"EXPANSION & UPGRADE OF ELECTRONIC DOCUMENT SYSTEM
",238005001,BUDGET OFFICE OF THE FEDERATION,,65100000.0,YES,HIGH,"The expansion and upgrade of electronic document systems directly supports the Budget Office's mandate as a technology-driven institution that requires robust ICT infrastructure to efficiently perform its core functions of budget preparation, monitoring, evaluation, and reporting across federal government entities.",0
ERGP29210051,"REDESIGN & REVAMPING OF BUDGET OFFICE WEB PORTAL
",238005001,BUDGET OFFICE OF THE FEDERATION,,8400000.0,YES,HIGH,The redesign and revamping of the Budget Office web portal directly supports the agency's mission to promote transparency and accountability in public finance management and aligns with their vision to be a technology-driven budget institution.,0
ERGP29210068,INFORMATION TECHNOLOGY SECURITY & VULNERABILITY ASSESSMENT TESTING/SERVICING FOR BOF IT INFRASTRUCTURE,238005001,BUDGET OFFICE OF THE FEDERATION,,28000000.0,YES,HIGH,"IT security and vulnerability assessment testing directly supports the Budget Office's mandate to operate as a technology-driven institution with ICT as one of its supporting units, ensuring secure infrastructure for budget preparation, monitoring, and evaluation functions.",0
ERGP29210073,"PURCHASE OF COMPUTER SYSTEM, PHOTOCOPIERS & PERIPHERALS
",238005001,BUDGET OFFICE OF THE FEDERATION,,84438965.0,YES,HIGH,"The purchase of computer systems, photocopiers and peripherals directly supports the Budget Office's mandate as a technology-driven institution that requires modern ICT infrastructure to efficiently perform its core functions of budget preparation, monitoring, evaluation, and reporting across federal government agencies.",0
ERGP29210079,"COMPUTER SOFTWARE ACQUISITION AND ENTERPRISE ANTIVIRUS SOLUTION
",238005001,BUDGET OFFICE OF THE FEDERATION,,42000000.0,YES,HIGH,"Computer software acquisition and enterprise antivirus solution directly supports the Budget Office's mandate as a ""technology-driven budget institution"" that requires ICT infrastructure to perform its core functions of budget preparation, monitoring, and evaluation across federal government agencies.",0
ERGP29210080,"IMPLEMENTATION OF SERVICE LEVEL AGREEMENTS FOR ICT PROJECTS
",238005001,BUDGET OFFICE OF THE FEDERATION,,39200000.0,YES,HIGH,"The Budget Office has an established ICT supporting unit and requires technology-driven systems to fulfill its mandate of budget preparation, monitoring, and evaluation across federal government agencies.",0
ERGP29210081,"IMPLEMENTATION OF BACKUP NETWORK FACILITY FOR BOF
",238005001,BUDGET OFFICE OF THE FEDERATION,,42000000.0,YES,HIGH,"The implementation of backup network facility directly supports the Budget Office's mandate as a technology-driven institution that requires reliable ICT infrastructure to effectively perform its core functions of budget preparation, monitoring, and evaluation across federal government agencies.",0
ERGP29232957,"DEVELOPMENT OF ICT STRATEGIC POLICY DOCUMENT/ROADMAP FOR BOF
",238005001,BUDGET OFFICE OF THE FEDERATION,,42000000.0,YES,HIGH,"The Budget Office has an established ICT unit as part of its supporting structure and developing an ICT strategic policy document/roadmap directly supports its vision to be a ""technology-driven budget institution"" and enhances its operational capacity to fulfill its mandate.",0
ERGP29233139,ESTABLISHMENT OF CENTRALISED SCANNING/DIGITALIZATION HUB IN BOF,238005001,BUDGET OFFICE OF THE FEDERATION,,49000000.0,YES,HIGH,"The establishment of a centralized scanning/digitalization hub directly supports the Budget Office's vision to be a ""world-class, technology-driven budget institution"" and enhances their mandate to promote transparency, accountability, and efficient service delivery in budget functions.",0
ERGP29233142,IMPLEMENTATION OF QUALITY MANAGEMENT SYSTEM FOR BOF,238005001,BUDGET OFFICE OF THE FEDERATION,,45500000.0,YES,HIGH,Implementing a quality management system directly supports the Budget Office's mission to provide efficient and qualitative budget functions with transparency and accountability in line with international best practices.,0
ERGP29233144,IMPLEMENTATION OF DATA ANALYTICS FOR BUDGET PERFORMANCE MONITORING IN REALTIME,238005001,BUDGET OFFICE OF THE FEDERATION,,43400000.0,YES,HIGH,"This budget item directly aligns with the Budget Office's core mandate to monitor budget implementation across MDAs and conduct budget evaluation and reporting, while supporting their vision to be a technology-driven budget institution.",0
ERGP29233145,IMPLEMENTATION OF BUDGET CITIZENS PARTICIPATION & FEEDBACK SYSTEM,238005001,BUDGET OFFICE OF THE FEDERATION,,45500000.0,YES,HIGH,"The budget item directly supports the Budget Office's mandate to promote transparency and accountability in public finance management, which includes facilitating citizen engagement and feedback in the budget process.",0
ERGP29233146,UPGRADE & REVAMPING OF BOF E-LEARNING CENTRE/DIGITAL PORTALS,238005001,BUDGET OFFICE OF THE FEDERATION,,63000000.0,YES,HIGH,"The upgrade and revamping of e-learning centre/digital portals directly supports the Budget Office's vision to be a ""world-class, technology-driven budget institution"" and aligns with their mandate to provide efficient budget functions and capacity building.",0
ERGP29233147,IMPLEMENTATION OF NIGERIA DATA PROTECTION REGULATION/ANNUAL DATA AUDIT COMPLIANCE REPORTING,238005001,BUDGET OFFICE OF THE FEDERATION,,32900000.0,NO,HIGH,"Data protection regulation implementation and audit compliance reporting are not within the Budget Office's mandate, which focuses specifically on budget preparation, formulation, implementation, monitoring, and fiscal policy functions rather than data privacy regulatory compliance.",100
ERGP29233648,IMPLEMENTATION OF RAISED FLOOR SYSTEM IN BOF DATA CENTRE,238005001,BUDGET OFFICE OF THE FEDERATION,,35000000.0,YES,HIGH,"The implementation of a raised floor system in the BOF data centre directly supports the agency's mandate to be a ""technology-driven budget institution"" and aligns with their ICT infrastructure needs for efficient budget operations and data management.",0
ERGP7233647,DESIGN & IMPLEMENTATION OF FG BUDGET REFORMS PROGRAMME,238005001,BUDGET OFFICE OF THE FEDERATION,,35000000.0,YES,HIGH,"Designing and implementing budget reforms directly aligns with the Budget Office's mandate to provide efficient budget functions, promote fiscal sustainability and transparency, and serve as a technology-driven institution following international best practices.",0
ERGP9210074,PURCHASE OF MOTOR VEHICLES,238005001,BUDGET OFFICE OF THE FEDERATION,,350000000.0,YES,HIGH,"The purchase of motor vehicles is necessary operational equipment for the Budget Office to effectively carry out its mandate of budget preparation, monitoring, and evaluation activities across federal government ministries, departments, and agencies.",0
ERGP10138789,"REHABILITATION AND EXTENSION OF HEADQUARTERS STREETLIGHT
",252037001,ANAMBRA/ IMO RBDA,,21000000.0,NO,HIGH,"Street lighting for headquarters buildings is not related to the agency's core mandate of water resources management, irrigation development, flood control, and agricultural productivity enhancement.",100
ERGP10223790,"PROVISION OF SOLAR POWER SYSTEM IN LAIP OMOR ANAMBRA STATE
",252037001,ANAMBRA/ IMO RBDA,,10500000.0,YES,HIGH,"Providing solar power systems for the Lower Anambra Irrigation Project (LAIP) directly supports the agency's mandate to develop and manage irrigation schemes and facilities, as reliable power infrastructure is essential for operating irrigation systems and water management equipment.",0
ERGP10223792,"PROVISION OF SOLAR POWER SYSTEM IN ENUGU TRANSIT OFFICE
",252037001,ANAMBRA/ IMO RBDA,,10500000.0,PARTIAL,MEDIUM,"While solar power systems could support the agency's water management and irrigation operations at their Enugu transit office, the mandate focuses primarily on water resources development and agricultural activities rather than general office infrastructure.",50
ERGP10223995,INSTALLATION OF SOLAR LIGHT AND BOREHOLE FOR THE RURAL COMMUNITIES AND FARMERS TO ENHANCE THEIR FARMING PRODUCTIVITY AT UMUOSODE OWUGHA,252037001,ANAMBRA/ IMO RBDA,,21000000.0,YES,HIGH,"The budget item directly aligns with the agency's mandate to provide water supply infrastructure (borehole) for agricultural and domestic uses and support agricultural productivity enhancement, which are core functions of the RBDA.",0
ERGP10224010,INSTALLATION OF STREETLIGHT AT UMUHUOCHA ELEKENOWASI OBOHIA AHIAZU MBAISE LGA IMO STATE,252037001,ANAMBRA/ IMO RBDA,,14000000.0,NO,HIGH,"Installing streetlights is not within the mandate of a river basin development authority, which focuses specifically on water resources management, irrigation, flood control, and agricultural development rather than general infrastructure like street lighting.",100
ERGP10224226,"PROVISION OF SOLAR STREET LIGHT AT OWUAHIA EZIUDO
",252037001,ANAMBRA/ IMO RBDA,,21000000.0,NO,HIGH,"Providing solar street lights falls outside the agency's mandate which focuses specifically on water resources management, irrigation, flood control, and agricultural development rather than general infrastructure or street lighting.",100
ERGP10232803,PROVISION OF SOLAR STREETLIGHTS IN UMUAHIA NORTH AND ALOR AGU IGBO EZE SOUTH ENUGU STATE,252037001,ANAMBRA/ IMO RBDA,,28000000.0,NO,HIGH,"Provision of solar streetlights for general urban/community lighting falls outside the agency's mandate which focuses specifically on water resources management, irrigation, flood control, and agricultural development rather than municipal lighting infrastructure.",100
ERGP10236239,"SUPPLY AND INSTALLATION OF QUALITY AND STANDARD ALL-IN-ONE SOLAR STREET LIGHTS IN SELECTED LOCATIONS IN EHIME MBANO, IHITTE UBOMA AND OBOWO",252037001,ANAMBRA/ IMO RBDA,,105000000.0,NO,HIGH,"Installing solar street lights falls outside the agency's mandate which focuses specifically on water resources development, irrigation, flood control, and agricultural support rather than public lighting infrastructure.",100
ERGP1156164,"REVITALIZATION OF RBDA AGRICULTURAL SERVICES (HEADQUARTERS)
",252037001,ANAMBRA/ IMO RBDA,,28000000.0,YES,HIGH,"Revitalizing agricultural services directly aligns with the agency's core mandate to develop irrigation schemes, support agricultural extension services, farmer training, and enhance food security and agricultural productivity within the river basin areas.",0
ERGP1156200,REVITALIZATION OF RBDA AGRICULTURAL SERVICES (LOWER ANAMBRA IRRIGATION PROJECT),252037001,ANAMBRA/ IMO RBDA,,21000000.0,YES,HIGH,The revitalization of agricultural services for the Lower Anambra Irrigation Project directly aligns with the agency's core mandate to develop and manage irrigation schemes and facilities for all-season crop production within the Anambra river basin.,0
ERGP1156216,REVITALIZATION OF RBDA AGRICULTURAL SERVICES (IGWU MINOR IRRIGATION PROJECT:) ABIA STATE,252037001,ANAMBRA/ IMO RBDA,,14000000.0,YES,HIGH,"Revitalizing agricultural services through an irrigation project in Abia State directly aligns with the agency's core mandate to develop and manage irrigation schemes for agricultural productivity within its coverage area, which explicitly includes Abia State.",0
ERGP1156221,"REVITALIZATION OF RBDA AGRICULTURAL SERVICES (ISI-UZO MINOR IRRIGATION PROJECT (IMIP), IKEM ENUGU STATE",252037001,ANAMBRA/ IMO RBDA,,7000000.0,YES,HIGH,"The budget item directly aligns with the agency's core mandate to develop and manage irrigation schemes and facilities for agricultural purposes, as the Isi-Uzo Minor Irrigation Project in Ikem, Enugu State falls within the agency's operational coverage area and supports its function of providing irrigation infrastructure for crop production.",0
ERGP1156228,"REVITALIZATION OF RBDA AGRICULTURAL SERVICES (IBU MINOR IRRIGATION PROJECT (IMIP), NDIMOKO/NDIONUOHA) IMO STATE",252037001,ANAMBRA/ IMO RBDA,,7000000.0,YES,HIGH,"The budget item directly supports the agency's core mandate of developing and managing irrigation schemes and facilities for agricultural production, specifically targeting minor irrigation projects within Imo State which falls under the agency's geographical coverage area.",0
ERGP1156236,"REHABILITATION OF PLANTS AND MACHINERY
",252037001,ANAMBRA/ IMO RBDA,,14000000.0,YES,HIGH,"Rehabilitation of plants and machinery directly supports the agency's mandate to maintain existing irrigation infrastructure and water control structures, as well as develop and manage irrigation schemes and facilities.",0
ERGP1191936,ESTABLISHMENT OF GEOGRAPHIC INFORMATION SYSTEM (GS) AND DEVELOPMENT OF WEBSITE,252037001,ANAMBRA/ IMO RBDA,,14000000.0,PARTIAL,MEDIUM,"While GIS systems can support water resources management, irrigation planning, and watershed monitoring which align with the agency's mandate, the development of a website appears to be more of a general administrative function rather than directly serving the core water and agricultural development purposes.",50
ERGP1205386,"PROVISION OF SOLAR POWER SYSTEM IN AIRBDA HEAD OFFICE BUILDING
",252037001,ANAMBRA/ IMO RBDA,,52500000.0,PARTIAL,MEDIUM,"While solar power systems are not explicitly part of the agency's core mandate of water and land resource management, providing reliable electricity infrastructure for the head office building could reasonably support the agency's operational capacity to fulfill its irrigation, flood control, and water management functions.",50
ERGP1207252,REHABILITATION OF EXISTING INFRASTRUCTURES AT THE HEADQUARTERS AND THE PROJECTS,252037001,ANAMBRA/ IMO RBDA,,14000000.0,YES,HIGH,Rehabilitating existing infrastructures at headquarters and projects directly aligns with the agency's mandate to maintain existing irrigation infrastructure and water control structures.,0
ERGP12138871,"EROSION CONTROL WORKS AT UBAHU EKWEM IHIALA LGA ANAMBRA STATE
",252037001,ANAMBRA/ IMO RBDA,,21000000.0,YES,HIGH,Erosion control works directly align with the agency's core mandate to control floods and soil erosion through construction and maintenance of erosion control structures protecting farmlands and communities within the Anambra river basin area.,0
ERGP12138876,"COMPLETION OF EROSION CONTROL WORKS AT EGBU, IMO STATE
",252037001,ANAMBRA/ IMO RBDA,,14000000.0,YES,HIGH,The budget item directly aligns with the agency's mandate to control floods and soil erosion through construction and maintenance of erosion control structures protecting farmlands and communities within the Imo river basin area.,0
ERGP12138913,"EKE ITU UMUNAGA EROSION CONTROL ITU EZINIHITE MBAISE LGA IMO STATE
",252037001,ANAMBRA/ IMO RBDA,,35000000.0,YES,HIGH,Erosion control falls directly within the agency's core mandate of controlling floods and soil erosion through construction and maintenance of erosion control structures protecting farmlands and communities in the Imo river basin area.,0
ERGP12139433,FLOOD AND EROSION CONTROL WORKS AT AMA EZIE UMUOKWARA IKUKU UMUNA ORLU LGA IMO STATE,252037001,ANAMBRA/ IMO RBDA,,35000000.0,YES,HIGH,"Flood and erosion control works directly align with the agency's core mandate to control floods and soil erosion through construction and maintenance of erosion control structures, and the location in Imo State falls within their geographical coverage area.",0
ERGP12139947,"FLOOD AND EROSION CONTROL WORKS AT ASHIMOLE AKUWA IBEKU ROAD
",252037001,ANAMBRA/ IMO RBDA,,28000000.0,YES,HIGH,Flood and erosion control works directly align with the agency's core mandate to control floods and soil erosion through construction and maintenance of erosion control structures protecting farmlands and communities.,0
ERGP12157394,"EROSION CONTROL WORKS AT EKE-OBOKWU TO NDIBINIHU OBOKWU EZINIHITTE, IMO STATE",252037001,ANAMBRA/ IMO RBDA,,45500000.0,YES,HIGH,"The budget item directly aligns with the agency's core mandate to control floods and soil erosion through construction and maintenance of erosion control structures, specifically within Imo State which falls under the Anambra/Imo RBDA's geographical coverage area.",0
ERGP12170215,"EROSION CONTROL WORKS ALONG FUTO - UMUELEM, IHIAGWA OTAMIRI SIDE OWERRI WEST IMO STATE",252037001,ANAMBRA/ IMO RBDA,,42000000.0,YES,HIGH,Erosion control works directly align with the agency's core mandate of controlling floods and soil erosion through construction and maintenance of erosion control structures to protect farmlands and communities within the Imo river basin area.,0
ERGP12170467,"FLOOD, EROSION CONTROL AND ROAD WORKS IN OBOHIA EKWEREAZU, AHIAZU IMO STATE",252037001,ANAMBRA/ IMO RBDA,,44759741.0,PARTIAL,MEDIUM,"The flood and erosion control components align with the agency's mandate to control floods and soil erosion, but road works fall outside their core water and land resource management functions.",50
ERGP12173336,"FLOOD AND EROSION CONTROL WORKS AT UMUOSISI UBONUKAM ROAD, IMO STATE
",252037001,ANAMBRA/ IMO RBDA,,59500000.0,YES,HIGH,"Flood and erosion control works directly align with the agency's core mandate to control floods and soil erosion through construction and maintenance of erosion control structures protecting communities within its coverage area, which includes Imo State.",0
ERGP12173343,"EROSION CONTROL AND RURAL ROAD REHABILITATION WORKS ALONG EGBEREMIRI ROAD, EZIUDO, EZINIHITTE, IMO STATE",252037001,ANAMBRA/ IMO RBDA,,28000000.0,PARTIAL,MEDIUM,"The erosion control component aligns with the agency's mandate to control soil erosion and protect communities, but rural road rehabilitation falls outside their core water and land resource management functions.",50
ERGP12173744,"EROSION CONTROL AT OKPU-ISINGWU UMUAHIA NORTH LGA ABIA STATE
",252037001,ANAMBRA/ IMO RBDA,,14000000.0,YES,HIGH,"Erosion control activities explicitly fall within the agency's mandate, which includes ""controlling floods and soil erosion through construction and maintenance of dams, dykes, embankments, and erosion control structures protecting farmlands and communities"" and the agency operates in Abia State within its coverage area.",0
ERGP12174216,"EROSION CONTROL AND RURAL ROAD REHABILITATION ALONG ST. ANDREW, EZIALA AND UMUIRE, EZINIHITTE, IMO STATE",252037001,ANAMBRA/ IMO RBDA,,49000000.0,PARTIAL,MEDIUM,"The erosion control component clearly aligns with the agency's mandate to control soil erosion and protect communities, but rural road rehabilitation falls outside their core water and agricultural development functions.",50
ERGP12205394,IBU PROJECT ROAD REHABILITATION (REHABILITATION OF NDIMOKO ARONDIZUOGU COMMUNITY ROAD (1.5KM)),252037001,ANAMBRA/ IMO RBDA,,14000000.0,PARTIAL,MEDIUM,"While road rehabilitation is not explicitly listed in the agency's core mandate, it could be justified as land development infrastructure supporting agricultural settlements and schemes within their coverage area.",50
ERGP12205408,COMPLETION OF EROSION CONTROL WORKS AT AMA PHLIP UMUNWACHUKWU OBIATO UMUEZEALA AMA EHIME MBANO LGA IMO STATE,252037001,ANAMBRA/ IMO RBDA,,14000000.0,YES,HIGH,The budget item directly aligns with the agency's core mandate to control floods and soil erosion through construction and maintenance of erosion control structures protecting farmlands and communities within the Imo river basin area.,0
ERGP12205502,"COMPLETION OF UMUNAMA EROSION CONTROL PROJECT, IMO STATE
",252037001,ANAMBRA/ IMO RBDA,,21000000.0,YES,HIGH,The completion of an erosion control project directly aligns with the agency's core mandate to control floods and soil erosion through construction and maintenance of erosion control structures protecting farmlands and communities.,0
ERGP12205559,"COMPLETION OF EROSION CONTROL WORKS AT UMUMMADU WUHE, ALAIYIAMA OBOLLO OF ISIALA MBANO, IMO STATE",252037001,ANAMBRA/ IMO RBDA,,14000000.0,YES,HIGH,The budget item directly aligns with the agency's core mandate to control floods and soil erosion through construction and maintenance of erosion control structures protecting farmlands and communities within the Imo river basin area.,0
ERGP12205727,"FLOOD AND EROSION CONTROL WORK WITH DRAINAGE AND CULVERT AT OGRUTE, ENUGU EZIKE IGBO EZE NORTH LGA ENUGU STATE",252037001,ANAMBRA/ IMO RBDA,,24500000.0,YES,HIGH,"The budget item directly aligns with the agency's core mandate to control floods and soil erosion through construction and maintenance of erosion control structures, and the location (Enugu State) falls within the authority's coverage area.",0
ERGP12205868,"EROSION CONTROL PROJECT IN UMUNWADIM NGO AGUATA LGA ANAMBRA STATE
",252037001,ANAMBRA/ IMO RBDA,,14000000.0,YES,HIGH,Erosion control projects fall directly within the agency's core mandate of controlling floods and soil erosion through construction and maintenance of erosion control structures to protect farmlands and communities.,0
ERGP12205931,COMPLETION OF FLOOD AND EROSION CONTROL AT UMUEZE UMUANUGO ROAD ANAMBRA STATE,252037001,ANAMBRA/ IMO RBDA,,21000000.0,YES,HIGH,The budget item directly aligns with the agency's core mandate to control floods and soil erosion through construction and maintenance of erosion control structures protecting communities within its coverage area.,0
ERGP12205950,"EROSION CONTROL ON OBIEZE ABBA ROAD IFITEDUNU DUNUKOFIA ANAMBRA STATE
",252037001,ANAMBRA/ IMO RBDA,,21000000.0,YES,HIGH,Erosion control falls directly within the agency's core mandate of controlling floods and soil erosion through construction and maintenance of erosion control structures protecting farmlands and communities in the Anambra river basin area.,0
ERGP12207023,REHABILITATION OF AGBALA AIRBDA 2ND GATE APPROACH ROAD TO OBIBIEZENA OWERRI NORTH LGA IMO STATE,252037001,ANAMBRA/ IMO RBDA,,14000000.0,PARTIAL,MEDIUM,"While the road provides access to an RBDA facility (Agbala AIRBDA 2nd Gate), road rehabilitation falls outside the agency's core mandate of water resources and agricultural development, though it may support operational access to their infrastructure.",50
ERGP12207215,"EROSION CONTROL AND ROAD WORKS IN OVURUKWU AMAUDI EZINIHITTE LGA, IMO STATE",252037001,ANAMBRA/ IMO RBDA,,66500000.0,PARTIAL,MEDIUM,"While erosion control clearly falls within the agency's mandate for flood and soil erosion control, the road works component extends beyond their core water and agricultural infrastructure responsibilities.",50
ERGP12207227,"REHABILITATION & ASPHALTING OF HEADQUARTER'S ESTATE ROAD, IMO STATE
",252037001,ANAMBRA/ IMO RBDA,,49000000.0,PARTIAL,MEDIUM,"While road rehabilitation at the agency's headquarters supports operational infrastructure, it is not directly related to the core mandate of water resources development, irrigation, and agricultural activities within the river basins.",50
ERGP12207244,"FLOOD & EROSION CONTROL WORKS AT UMUOSU NAZE AUTONOMOUS COMMUNITY OWERRI NORTHLGA, IMO STATE",252037001,ANAMBRA/ IMO RBDA,,28000000.0,YES,HIGH,Flood and erosion control works directly align with the agency's core mandate of controlling floods and soil erosion through construction and maintenance of erosion control structures to protect communities within the Imo river basin area.,0
ERGP12207515,"CONSTRUCTION OF ORIE IKPA / OBODO - UJUCHI ROAD, IHE NWORIE AND EMPOWERMENT OF ITS HOST COMMUNITIES, AHIAZU MBAISE LGA IMO STATE",252037001,ANAMBRA/ IMO RBDA,,14000000.0,NO,HIGH,"Road construction and community empowerment fall outside the agency's water resources and agricultural development mandate, which focuses specifically on irrigation, flood control, water supply, and related agricultural infrastructure.",100
ERGP12210283,REHABILITATION OF UHU-ELU NWABUBARA ROAD EGBEADA MBAITOLU LGA IMO STATE,252037001,ANAMBRA/ IMO RBDA,,7000000.0,NO,HIGH,"Road rehabilitation is not within the mandate of a river basin development authority, which focuses specifically on water resources management, irrigation, flood control, and agricultural development rather than general road infrastructure.",100
ERGP12223800,EROSION CONTROL AND ROAD REHABILITATION OF 6TH AVENUE/ROAD 64 OF FEDERAL HOUSING ESTATE EGBEADA OWERRI,252037001,ANAMBRA/ IMO RBDA,,56000000.0,PARTIAL,MEDIUM,"The erosion control component aligns with the agency's mandate to control floods and soil erosion, but road rehabilitation falls outside their core water and agricultural development functions.",50
ERGP12223848,EROSION CONTROL OF 2.1KM UMUOMA (CHOKOLOMA) UMUOYIME NGODO EHUME RING ROAD ABIA STATE,252037001,ANAMBRA/ IMO RBDA,,35000000.0,YES,HIGH,"The budget item directly aligns with the agency's mandate to control floods and soil erosion through construction and maintenance of erosion control structures protecting communities, and the agency covers Abia State within its operational area.",0
ERGP12223882,"DE-SILTING/ REPAIR OF CLOGGED / FAILED DRAINAGES AT LAIP
",252037001,ANAMBRA/ IMO RBDA,,14000000.0,YES,HIGH,De-silting and repairing drainage systems at LAIP (likely an irrigation project) directly aligns with the agency's mandate to maintain existing irrigation infrastructure and water control structures.,0
ERGP12223897,"CONSTRUCTION OF CONCRETE SLABS ACROSS LINED CANALS AT LAIP
",252037001,ANAMBRA/ IMO RBDA,,14000000.0,YES,HIGH,Construction of concrete slabs across lined canals directly supports the agency's mandate to develop and maintain irrigation infrastructure and water control structures for agricultural purposes.,0
ERGP12223919,CONSTRUCTION OF AMUDO - NSOKKARA - EZEKE FARM ROADS AND CULVERTS IN EBONYI CENTRAL SENATORAL DISTRICT,252037001,ANAMBRA/ IMO RBDA,,56000000.0,YES,HIGH,"Construction of farm roads and culverts falls within the agency's mandate for land development services including infrastructure development for agricultural settlements and schemes, and maintaining water control structures like culverts for proper water management in agricultural areas.",0
ERGP12223924,"FLOOD AND EROSION CONTROL WORKS AT OBIUNO IGBOUKWU ANAMBRA STATE
",252037001,ANAMBRA/ IMO RBDA,,28000000.0,YES,HIGH,The budget item directly aligns with the agency's core mandate to control floods and soil erosion through construction and maintenance of erosion control structures protecting communities within its operational area including Anambra State.,0
ERGP12223928,"FLOOD AND EROSION CONTROL ALONG ORIE OBIBI MARKET TO OGBEKE IMO STATE, OWERRI NORTH",252037001,ANAMBRA/ IMO RBDA,,35000000.0,YES,HIGH,The budget item directly aligns with the agency's core mandate to control floods and soil erosion through construction and maintenance of erosion control structures protecting communities within the Imo river basin area.,0
ERGP12223930,EROSION CONTROL WORKS AT AKPU VILLAGE ABAGANA NJIKOKA LGA ANAMBRA STATE,252037001,ANAMBRA/ IMO RBDA,,28000000.0,YES,HIGH,Erosion control works directly align with the agency's core mandate of controlling floods and soil erosion through construction and maintenance of erosion control structures to protect farmlands and communities within the Anambra river basin area.,0
ERGP12223940,EROSION AND FLOOD CONTROL WORKS ALONG OKPORO ARIRI AMAUDI UMUIRE EZINIHITTE IMO STATE,252037001,ANAMBRA/ IMO RBDA,,45500000.0,YES,HIGH,The budget item directly aligns with the agency's core mandate to control floods and soil erosion through construction and maintenance of erosion control structures protecting farmlands and communities within the Imo river basin area.,0
ERGP12223943,EROSION CONTROL WORKS ON UMUNKA UMUOGELE NSIRIMO ROAD ISIALANGWA NORTH ABIA STATE,252037001,ANAMBRA/ IMO RBDA,,42000000.0,YES,HIGH,"Erosion control works directly align with the agency's core mandate to control floods and soil erosion through construction and maintenance of erosion control structures, and the location in Abia State falls within their operational coverage area.",0
ERGP12223961,EROSION CONTROL WORKS AT UMUONYIBA UGWUAGU AMAJI ROAD UMUABI UDI LGA ENUGU STATE,252037001,ANAMBRA/ IMO RBDA,,14000000.0,YES,HIGH,"Erosion control works directly align with the agency's core mandate of controlling floods and soil erosion through construction and maintenance of erosion control structures protecting farmlands and communities, and the location in Enugu State falls within their operational coverage area.",0
ERGP12223998,CONSTRUCTION AND EROSION CONTROL AT DR UZOEWULU STREET UMUANUGO VILLAGE IFITTEDUNU DUNUKOFIALGA ANAMBRA STATE,252037001,ANAMBRA/ IMO RBDA,,21000000.0,YES,HIGH,The budget item for erosion control construction directly aligns with the agency's core mandate of controlling floods and soil erosion through construction and maintenance of erosion control structures to protect communities within the Anambra river basin area.,0
ERGP12224011,FLOOD AND EROSION CONTROL ALONG MBC ROAD UMUOTA UMUHU NGOR OKPALA IMO STATE,252037001,ANAMBRA/ IMO RBDA,,52500000.0,YES,HIGH,The budget item directly aligns with the agency's core mandate to control floods and soil erosion through construction and maintenance of erosion control structures protecting communities within the Imo river basin area.,0
ERGP12224246,EROSION CONTROL AND REHABILITATION OF DRAINAGES AND ROAD AT UMUEZENEKE OKEBUNOYE ALOR ANAMBRA STATE,252037001,ANAMBRA/ IMO RBDA,,21000000.0,YES,HIGH,Erosion control falls directly within the agency's core mandate of controlling floods and soil erosion through construction and maintenance of erosion control structures to protect farmlands and communities.,0
ERGP12224249,EROSION CONTROL PROJECT AT UMULO ELEKE-NOWASI COMMUNITY AHIAZU MBAISE IMO STATE,252037001,ANAMBRA/ IMO RBDA,,42000000.0,YES,HIGH,The budget item directly aligns with the agency's mandate to control floods and soil erosion through construction and maintenance of erosion control structures protecting farmlands and communities within the Imo river basin area.,0
ERGP12226542,"AGUNEZE AKPIM ROAD FLOOD AND EROSION CONTROL WORKS IMO STATE
",252037001,ANAMBRA/ IMO RBDA,,42000000.0,YES,HIGH,The budget item for flood and erosion control works directly aligns with the agency's core mandate to control floods and soil erosion through construction and maintenance of erosion control structures protecting communities.,0
ERGP12228216,"EROSION CONTROL / ROAD REHABILITATION WORKS ALONG UMUALOZIE VILLAGE HALL, EHIME MBANO IMO STATE",252037001,ANAMBRA/ IMO RBDA,,14000000.0,PARTIAL,MEDIUM,"While erosion control clearly falls within the agency's mandate for flood and soil erosion control, road rehabilitation works are outside their core water and land resources management functions.",50
ERGP12236243,"CONSTRUCTION AND ASPHALTING OF 600 METERS ROAD WITH CULVERTS AND DUAL DRAINAGE AT AMA NWAIWU, AKANAEHINAWO TO ST. THOMAS AQUINAS CATHOLIC",252037001,ANAMBRA/ IMO RBDA,,70000000.0,NO,HIGH,"The construction and asphalting of roads falls outside the agency's mandate which focuses specifically on water and land resources management for agricultural purposes, irrigation schemes, flood control, and water supply infrastructure rather than general road construction projects.",100
ERGP1232795,"PAYMENT OF OUTSTANDING LIABILITIES OWED TO STAFF & CONTRACTORS
",252037001,ANAMBRA/ IMO RBDA,,49000000.0,YES,HIGH,Payment of outstanding liabilities to staff and contractors is necessary for the agency to fulfill its operational mandate of managing water resources and irrigation infrastructure projects.,0
ERGP1232802,EMPOWERMENT FOR YOUTHS AND WOMEN IN JIBIA / KAITA FEDERAL CONSTITUENCY AND OTHER LOCATIONS,252037001,ANAMBRA/ IMO RBDA,,35000000.0,NO,HIGH,"The budget item targets Jibia/Kaita Federal Constituency (located in Katsina State) which is outside the Anambra/Imo RBDA's geographical mandate that covers only Anambra, Imo, Abia, Enugu, and Ebonyi States.",100
ERGP15210285,"SECURITY GADGET IN FIGHTING AGAINST CORRUPTION IN THE AUTHORITY
",252037001,ANAMBRA/ IMO RBDA,,7000000.0,NO,HIGH,"Security gadgets for fighting corruption are administrative/governance functions that fall outside the agency's technical mandate focused on water resources development, irrigation, flood control, and agricultural productivity within the river basins.",100
ERGP16207075,"INSTITUTIONAL STRENGENTING OF HUMAN DEVELOPMENT IN THE AUTHORITY
",252037001,ANAMBRA/ IMO RBDA,,14000000.0,PARTIAL,MEDIUM,"While human development and institutional strengthening could support the authority's core functions of water resource management and agricultural development, the budget item is too vague and doesn't clearly specify how it relates to the agency's specific mandate of irrigation, flood control, and water resource management.",50
ERGP16211598,DEPLOYMENT OF PERFORMANCE MANAGEMENT SYSTEM AND INSTITUTIONAL DEVELOPMENT,252037001,ANAMBRA/ IMO RBDA,,28000000.0,PARTIAL,MEDIUM,"While institutional development could support the agency's core water and agricultural development functions, deploying a performance management system is primarily an administrative/HR function that is not explicitly within the agency's mandate focused on water resources and agricultural development.",50
ERGP19236250,"EROSION CONTROL WORKS IN AMIBO- NSUKWE, UBAKALA UMUAHIA SOUTH ABIA CENTRAL SENATORIAL DISTRICT",252037001,ANAMBRA/ IMO RBDA,,140000000.0,YES,HIGH,"Erosion control works in Umuahia South, Abia State directly aligns with the agency's mandate to control floods and soil erosion through construction and maintenance of erosion control structures protecting farmlands and communities within its coverage area that includes Abia State.",0
ERGP20139084,"CLIMATE CHANGE PROGRAMME
",252037001,ANAMBRA/ IMO RBDA,,7000000.0,PARTIAL,MEDIUM,"While climate change adaptation relates to the agency's watershed management and environmental conservation functions, a standalone climate change programme extends beyond their core water resources and irrigation mandate unless specifically focused on climate-resilient water management practices.",50
ERGP20210287,"PROJECT FOR INTEGRATED RIVER BASIN MANAGEMENT SYSTEM (DAMS, IRRIGATIONS AND UNDERGROUND WATER RESOURCES)",252037001,ANAMBRA/ IMO RBDA,,10500000.0,YES,HIGH,"This budget item directly aligns with the agency's core mandate of integrated planning, development, and management of water and land resources, including construction and maintenance of dams, irrigation schemes, and groundwater development within the river basin.",0
ERGP20227204,PROGRAMME FOR INTEGRATED DEVELOPMENT AND ADAPTATION TO CLIMATE CHANGE (PIDACC),252037001,ANAMBRA/ IMO RBDA,,10500000.0,YES,HIGH,"The PIDACC program aligns directly with the agency's mandate for integrated water and land resources development, flood control, soil erosion management, and watershed management, all of which are essential components of climate change adaptation in river basin management.",0
ERGP22139106,"SECURITY FENCING OF THE AIRBDA HEADQUARTERS COMPLEX AT AGBALA, IMO STATE WITH BLOCK WALLS, ELECTRIC WIRES ETC",252037001,ANAMBRA/ IMO RBDA,,14000000.0,PARTIAL,MEDIUM,"While security fencing for headquarters is not directly related to the agency's core water and agricultural development mandate, it serves as necessary infrastructure to protect the administrative facilities from which these mandated functions are coordinated and managed.",50
ERGP22170532,"HEADQUARTERS OFFICE REHABILITATION & PURCHASE OF SECURITY EQUIPMENT
",252037001,ANAMBRA/ IMO RBDA,,14000000.0,PARTIAL,MEDIUM,"While headquarters office rehabilitation supports the agency's administrative operations needed to carry out its water and land resource management mandate, the purchase of security equipment is not explicitly within the core functions of water resources development and agricultural irrigation management.",50
ERGP23236241,COMPLETION AND FURNISHING OF TWO STOREY 6 CLASSROOM BLOCKS AT OKENALOGHO SECONDARY TECHNICAL SCHOOL WITH LANDSCAPING AT,252037001,ANAMBRA/ IMO RBDA,,56000000.0,NO,HIGH,"The construction and furnishing of classroom blocks at a secondary technical school falls outside the agency's mandate, which is specifically focused on water resources management, irrigation, flood control, and agricultural development rather than educational infrastructure.",100
ERGP23236242,"CONSTRUCTION AND FURNISHING OF EXAMINATION HALL AND PERIMETER FENCING OF COMMUNITY PRIMARY SCHOOL, UMUEZE 1, EHIME MBANO, LGA, IMO STATE",252037001,ANAMBRA/ IMO RBDA,,91000000.0,NO,HIGH,"The construction and furnishing of examination halls and perimeter fencing for primary schools falls under education infrastructure, which is outside the water resources, irrigation, and agricultural development mandate of ANAMBRA/IMO RBDA.",100
ERGP25155843,"PARTNERSHIP FOR EXPANDED WATER SUPPLY, SANITATION AND HYGIENE (PEWASH)
",252037001,ANAMBRA/ IMO RBDA,,14000000.0,YES,HIGH,"The PEWASH program directly aligns with the agency's mandate to provide water supply infrastructure for agricultural, domestic, and industrial uses within the Anambra and Imo river basins.",0
ERGP25155844,INSTITUTIONAL STRENGTHENING OF CLEAN NIGERIA - STOP OPEN DEFECATION PROGRAMME,252037001,ANAMBRA/ IMO RBDA,,14000000.0,PARTIAL,MEDIUM,"While the agency's mandate includes providing water supply infrastructure for domestic uses, the specific focus on sanitation and stopping open defecation falls outside its core water resources and agricultural development functions, though there is some overlap in water and sanitation infrastructure.",50
ERGP27139187,"REHABILITATION OF HEADQUARTERS OFFICE COMPLEX
",252037001,ANAMBRA/ IMO RBDA,,14000000.0,PARTIAL,MEDIUM,"While rehabilitating headquarters facilities supports the agency's administrative operations needed to carry out its water resources and agricultural development mandate, office rehabilitation is not explicitly listed among the core technical functions of irrigation, flood control, and water management.",50
ERGP27223788,"REHABILITATION OF AIRBDA CORPERS LODGE
",252037001,ANAMBRA/ IMO RBDA,,14000000.0,NO,HIGH,"Rehabilitation of a corpers lodge for National Youth Service Corps members falls outside the agency's core mandate of water resources management, irrigation development, and agricultural infrastructure within the river basin area.",100
ERGP27227109,"REHABILITATION OF ENUGU OFFICE
",252037001,ANAMBRA/ IMO RBDA,,14000000.0,YES,HIGH,Rehabilitating the Enugu office falls within the agency's mandate as it operates across multiple states including Enugu and requires functional administrative infrastructure to effectively deliver its water resources and agricultural development services in the region.,0
ERGP27228191,"MAINTENACE OF ASSETS AND EQUIPPING OF THE LIAISON OFFICE
",252037001,ANAMBRA/ IMO RBDA,,14000000.0,PARTIAL,MEDIUM,"While maintaining assets aligns with the agency's mandate to maintain irrigation infrastructure and water control structures, equipping a liaison office is not directly related to the core water resources and agricultural development functions specified in the mandate.",50
ERGP28139387,"SOLAR POWERED BOREHOLE AT OBIBIEZENA COMMUNITY IN OWERRI NORTH LGA, IMO STATE",252037001,ANAMBRA/ IMO RBDA,,14000000.0,YES,HIGH,"The solar powered borehole directly aligns with the agency's mandate to provide water supply infrastructure for agricultural, domestic, and industrial uses including surface and groundwater development within the Imo river basin area.",0
ERGP28139404,"HYDROLOGY / HYDROMETOROLOGICAL PROGRAMME
",252037001,ANAMBRA/ IMO RBDA,,10500000.0,YES,HIGH,"Hydrology and hydrometeorological programs directly support the agency's core mandate of integrated water resources planning, development, and management by providing essential data for irrigation schemes, flood control, and water supply infrastructure operations.",0
ERGP28205381,PROVISION OF SOLAR POWERED BOREHOLE AND STREETLIGHT AT THE NSE OFFICE PREFAB ALADINMA OWERRI,252037001,ANAMBRA/ IMO RBDA,,14000000.0,NO,HIGH,"The budget item focuses on providing infrastructure specifically for the NSE (Nigerian Society of Engineers) office building rather than water and land resource development for agricultural, domestic, or industrial purposes within the river basin areas as mandated.",100
ERGP28205575,PROVISION OF SOLAR POWERED BOREHOLE AT AGBALA OWERRI NORTH LGA IMO STATE,252037001,ANAMBRA/ IMO RBDA,,14000000.0,YES,HIGH,"Providing solar powered boreholes directly aligns with the agency's mandate to provide water supply infrastructure for agricultural, domestic, and industrial uses including surface and groundwater development within the Imo river basin area.",0
ERGP28205737,WATER SUPPLY SCHEME FOR AGBOKETE UMUOGBO EKPOSHI (COMMUNITY AND UNITY SCHOOL) ENUGU EZIKE IGBO EZE NORTH LGA ENUGU STATE,252037001,ANAMBRA/ IMO RBDA,,21000000.0,YES,HIGH,"The budget item directly aligns with the agency's mandate to provide water supply infrastructure for domestic uses and serve communities within its coverage area, which includes Enugu State.",0
ERGP28205908,PROVISION OF SOLAR POWERED BOREHOLE IN UMUEREM AUTONOMOUS COMMUNITY IN ISIUKWUATO LGA ABIA STATE,252037001,ANAMBRA/ IMO RBDA,,10500000.0,YES,HIGH,"Providing solar powered boreholes for water supply falls directly within the agency's mandate to provide water supply infrastructure for agricultural, domestic, and industrial uses including groundwater development, and the location in Abia State is within their operational coverage area.",0
ERGP28205909,"PROVISION OF SOLAR POWERED BOREHOLE WITH OVERHEAD TANK AND RETICULATION AT UMUNKA AMAPU NTIGHA, ISIALA NGWA NORTH LGA ABIA STATE",252037001,ANAMBRA/ IMO RBDA,,10500000.0,YES,HIGH,"The provision of solar powered borehole with water infrastructure directly aligns with the agency's mandate to provide water supply infrastructure for agricultural, domestic, and industrial uses including surface and groundwater development within its coverage area that includes Abia State.",0
ERGP28207026,"REHABILITATION OF WATER FACILITIES AT THE HEADQUARTERS ESTATE
",252037001,ANAMBRA/ IMO RBDA,,14000000.0,YES,HIGH,The rehabilitation of water facilities at the headquarters estate directly aligns with the agency's mandate to provide water supply infrastructure and maintain existing water control structures.,0
ERGP28207038,"SOLAR POWERED BOREHOLE AT IMEOWERRE VILLAGE ISU NJABA LGA IMO STATE
",252037001,ANAMBRA/ IMO RBDA,,10500000.0,YES,HIGH,"Installing a solar powered borehole directly aligns with the agency's mandate to provide water supply infrastructure for agricultural, domestic, and industrial uses including groundwater development within the Imo river basin area.",0
ERGP28207428,REHABILITATION OF ACCESS ROAD OF OZARA OKANGWU AND CONSTRUCTION OF CULVERTS EBONYI STATE,252037001,ANAMBRA/ IMO RBDA,,21000000.0,PARTIAL,MEDIUM,"While access roads and culverts can support agricultural activities and water management infrastructure that fall within the agency's mandate, road rehabilitation is not explicitly listed as a core function of the RBDA.",50
ERGP28207435,REHABILITATION OF 4NO BOREHOLES AT OZARA OKANGWU COMMUNITY AFIKPO EBONYI STATE,252037001,ANAMBRA/ IMO RBDA,,14000000.0,YES,HIGH,"Rehabilitating boreholes for water supply infrastructure falls directly within the agency's mandate to provide water supply infrastructure for agricultural, domestic, and industrial uses including groundwater development, and the location is within their coverage area of Ebonyi State.",0
ERGP28223803,"REHABILITATION OF EZEAGBOGU WATER SCHEME
",252037001,ANAMBRA/ IMO RBDA,,17500000.0,YES,HIGH,"Rehabilitating the Ezeagbogu Water Scheme directly aligns with the agency's mandate to provide water supply infrastructure and maintain existing water control structures for agricultural, domestic, and industrial uses.",0
ERGP28223806,PROVISION OF SOLAR POWERED BOREHOLE AT IHITTA OGADA OWERRI NORTH IMO STATE,252037001,ANAMBRA/ IMO RBDA,,10500000.0,YES,HIGH,"Providing solar powered boreholes for water supply falls directly within the agency's mandate to provide water supply infrastructure for agricultural, domestic, and industrial uses including groundwater development in the Imo river basin area.",0
ERGP28223810,REHABILITATION AND CONVERSION OF 2NO BOREHOLES TO SOLAR POWERED BOREHOLES WITH SANITATION FACILITIES AND SOLAR STREETLIGHTS AT THE FEMALE,252037001,ANAMBRA/ IMO RBDA,,28000000.0,YES,HIGH,"The rehabilitation and conversion of boreholes to solar-powered systems with sanitation facilities directly aligns with the agency's mandate to provide water supply infrastructure for agricultural, domestic, and industrial uses including groundwater development.",0
ERGP28223812,"TECHNICAL EVALUATION AND DESIGN REVIEW OF EMEKUKU SMALL EARTH DAM
",252037001,ANAMBRA/ IMO RBDA,,14000000.0,YES,HIGH,"Technical evaluation and design review of a small earth dam directly aligns with the agency's mandate to construct and maintain dams, reservoirs, and water storage facilities for irrigation, water supply, and flood control within the Anambra and Imo river basins.",0
ERGP28223840,PROVISION OF SOLAR POWERED BOREHOLE AT OBOKWE ASA AUTONOMOUS COMMUNITY UKWA WEST LGA ABIA STATE,252037001,ANAMBRA/ IMO RBDA,,14000000.0,YES,HIGH,"Providing solar powered boreholes for water supply falls directly within the agency's mandate to provide water supply infrastructure for agricultural, domestic, and industrial uses including groundwater development, and the location in Abia State is within their operational coverage area.",0
ERGP28223854,CONSTRUCTION OF OGUNA SOLAR WATER SCHEME EZINIHITTE MBAISE LGA IMO STATE,252037001,ANAMBRA/ IMO RBDA,,14000000.0,YES,HIGH,"The construction of a solar water scheme directly aligns with the agency's mandate to provide water supply infrastructure for agricultural, domestic, and industrial uses within the Imo river basin area.",0
ERGP28223857,CONSTRUCTION OF SOLAR POWERED BOREHOLE AT COMMUNITY PRIMARY SCHOOL UMUIMO AGBAJA EHIME MBANO LGA,252037001,ANAMBRA/ IMO RBDA,,14000000.0,PARTIAL,MEDIUM,"While the agency's mandate includes providing water supply infrastructure for domestic uses, constructing boreholes at schools falls outside its primary focus on agricultural water development and irrigation within river basin management.",50
ERGP28223875,REHABILITATION OF OKWUNAUGA SOLAR POWERED WATER SCHEME EZINIHITTE MBAISE LGA,252037001,ANAMBRA/ IMO RBDA,,10500000.0,YES,HIGH,"The rehabilitation of a solar powered water scheme directly aligns with the agency's mandate to provide water supply infrastructure for agricultural, domestic, and industrial uses and to maintain existing water infrastructure within its coverage area that includes Imo State.",0
ERGP28223880,PROVISION OF SOLAR POWERED BOREHOLE AT OWERRE-EZE ORBA AUTONOMOUS COMMUNITY ORBA UDENU LGA ENUGU STATE,252037001,ANAMBRA/ IMO RBDA,,14000000.0,YES,HIGH,"Providing solar powered boreholes for water supply falls directly within the agency's mandate to provide water supply infrastructure for agricultural, domestic, and industrial uses including groundwater development, and the location is within their coverage area of Enugu State.",0
ERGP28223901,CONSTRUCTION / REHABILITATION OF 2NO SOLAR POWERED BOREHOLES IN OHAJI/EGBEMA/OGUTA/ ORU WEST FEDERAL CONSTITUENCY IMO STATE (PAYMENT),252037001,ANAMBRA/ IMO RBDA,,14000000.0,YES,HIGH,"The construction of solar powered boreholes directly aligns with the agency's mandate to provide water supply infrastructure for agricultural, domestic, and industrial uses including surface and groundwater development within the Imo river basin area.",0
ERGP28223912,PROVISION OF SOLAR POWERED BOREHOLES AND RETICULATION AT ARMY BARRACKS OBINZE OWERRI,252037001,ANAMBRA/ IMO RBDA,,14000000.0,PARTIAL,MEDIUM,"While the agency's mandate includes providing water supply infrastructure for domestic uses, the specific provision of water infrastructure to military barracks may fall outside its primary focus on agricultural and civilian water resource development within river basin communities.",50
ERGP28223917,"PROVISION OF SOLAR POWERED BOREHOLE IN EBONYI CENTRAL SENATORIAL DISTRICT
",252037001,ANAMBRA/ IMO RBDA,,35000000.0,YES,HIGH,"The provision of solar powered boreholes directly aligns with the agency's mandate to provide water supply infrastructure for agricultural, domestic, and industrial uses including surface and groundwater development, and Ebonyi State is within their coverage area.",0
ERGP28223932,REHABILITATION OF SOLAR POWERED BOREHOLES WITH PRESSED STEEL TANK AT AMA IKEDILO EZIAMA OFEAHIA ORU WEST LGA IMO STATE,252037001,ANAMBRA/ IMO RBDA,,10500000.0,YES,HIGH,"The rehabilitation of solar powered boreholes with water storage tanks directly aligns with the agency's mandate to provide water supply infrastructure for agricultural, domestic, and industrial uses including surface and groundwater development within the Imo river basin area.",0
ERGP28223934,PROVISION OF SOLAR POWERED BOREHOLE WITH OVERHEAD TANK AT UMUNWAKORO UMUADU OLAUKWU OFOROLLA OWERRI WEST LGA IMO STATE,252037001,ANAMBRA/ IMO RBDA,,14000000.0,YES,HIGH,"The provision of solar powered borehole with overhead tank directly aligns with the agency's mandate to provide water supply infrastructure for agricultural, domestic, and industrial uses including surface and groundwater development within the Imo river basin area.",0
ERGP28223936,PROVISION OF SOLAR POWERED BOREHOLE WITH OVERHEAD TANK AT UMUNWAKOZOR EZIAMA OFEAHIA ORU WEST IMO STATE,252037001,ANAMBRA/ IMO RBDA,,14000000.0,YES,HIGH,"The provision of solar powered borehole with overhead tank directly aligns with the agency's mandate to provide water supply infrastructure for agricultural, domestic, and industrial uses including surface and groundwater development within the Imo river basin area.",0
ERGP28223946,"PROVISION OF SOLAR POWERED BOREHOLE IN EMENE IN ENUGU EAST SENATORIAL DISTRICT, ENUGU STATE",252037001,ANAMBRA/ IMO RBDA,,17500000.0,YES,HIGH,"Providing solar powered boreholes for water supply falls directly within the agency's mandate to provide water supply infrastructure for agricultural, domestic, and industrial uses including groundwater development, and Enugu State is within their operational coverage area.",0
ERGP28223948,PROVISION OF SOLAR POWERED BOREHOLE IN IVA VALLEY IN ENUGU EAST SENATORIAL DISTRICT ENUGU STATE,252037001,ANAMBRA/ IMO RBDA,,17500000.0,YES,HIGH,"Providing solar powered boreholes for water supply falls directly within the agency's mandate to provide water supply infrastructure for agricultural, domestic, and industrial uses including groundwater development, and Enugu State is within their operational coverage area.",0
ERGP28223951,"PROVISION OF SOLAR POWERED BOREHOLE AT ODICHEKU VILLAGE UMUOWA ORLU
",252037001,ANAMBRA/ IMO RBDA,,14000000.0,YES,HIGH,"Providing solar powered boreholes directly aligns with the agency's mandate to provide water supply infrastructure for agricultural, domestic, and industrial uses including groundwater development.",0
ERGP28223954,"REHABILITATION, COMPLETION AND PAYMENT OF THE CONSTRUCTION OF SOLAR POWERED BOREHOLE WITH RETICULATION IN EKWEREAZU AZUAHIA EZINIHITTE MBAISE",252037001,ANAMBRA/ IMO RBDA,,14000000.0,YES,HIGH,"The construction of solar powered borehole with reticulation directly aligns with the agency's mandate to provide water supply infrastructure for agricultural, domestic, and industrial uses including surface and groundwater development.",0
ERGP28223956,SOLAR POWERED BOREHOLE WITH RETICULATION AT EZIKE NNEATO NWAFOR ISIALA MBANO,252037001,ANAMBRA/ IMO RBDA,,14000000.0,YES,HIGH,"The solar powered borehole with reticulation system directly aligns with the agency's mandate to provide water supply infrastructure for agricultural, domestic, and industrial uses including groundwater development.",0
ERGP28223963,"WATER SUPPLY SCHEME IN OGBARU FEDERAL CONSTITUENCY ANAMBRA STATE
",252037001,ANAMBRA/ IMO RBDA,,35000000.0,YES,HIGH,"Water supply infrastructure development for agricultural, domestic, and industrial uses is explicitly listed as a core function of the ANAMBRA/IMO RBDA, and Ogbaru Federal Constituency falls within Anambra State which is part of the agency's coverage area.",0
ERGP28223964,"WATER SUPPLY SCHEME IN TARAUNI FEDERAL CONSTITUENCY KANO STATE
",252037001,ANAMBRA/ IMO RBDA,,35000000.0,NO,HIGH,"The budget item is for water supply in Kano State, which is completely outside the Anambra/Imo RBDA's geographical mandate that covers only Anambra, Imo, Abia, Enugu, and Ebonyi States.",100
ERGP28223966,"WATER SUPPLY SCHEME IN GWER EAST / GWER WEST FEDERAL CONSTITUENCY, BENUE STATE",252037001,ANAMBRA/ IMO RBDA,,35000000.0,NO,HIGH,"The budget item is for water supply in Benue State, which falls outside the Anambra/Imo RBDA's geographical mandate that covers only the Anambra and Imo river basins in Anambra, Imo, Abia, Enugu, and Ebonyi States.",100
ERGP28223987,"WATER SUPPLY SCHEME IN AHIAZU / EZINIHITTE MBAISE FEDERAL CONSTITUENCY, IMO STATE",252037001,ANAMBRA/ IMO RBDA,,35000000.0,YES,HIGH,"The budget item directly aligns with the agency's mandate to provide water supply infrastructure for agricultural, domestic, and industrial uses within the Imo river basin area, which includes Imo State constituencies.",0
ERGP28224012,CONSTRUCTION OF SOLAR POWERED BOREHOLE OKPOSI EHEKU NGBO OHAUKWU LGA EBONYI STATE,252037001,ANAMBRA/ IMO RBDA,,14000000.0,YES,HIGH,"The construction of solar powered boreholes for water supply falls directly within the agency's mandate to provide water supply infrastructure for agricultural, domestic, and industrial uses including groundwater development, and the location in Ebonyi State is within their operational coverage area.",0
ERGP28224016,CONSTRUCTION OF SOLAR POWERED BOREHOLE ATEBALEGU VILLAGE NDIAGU ECHARA IKWO LGA EBONYI STATE,252037001,ANAMBRA/ IMO RBDA,,14000000.0,YES,HIGH,"Construction of solar powered boreholes for water supply falls directly within the agency's mandate to provide water supply infrastructure for agricultural, domestic, and industrial uses including groundwater development, and the agency operates in Ebonyi State as part of its coverage area.",0
ERGP28224018,CONSTRUCTION OF SOLAR POWERED BOREHOLE AT USUHO NGARA MGBOM IN AFIKPO LGA EBONYI STATE,252037001,ANAMBRA/ IMO RBDA,,14000000.0,YES,HIGH,"The construction of solar powered boreholes for water supply infrastructure falls directly within the agency's mandate to provide water supply infrastructure for agricultural, domestic, and industrial uses including groundwater development, and the location in Ebonyi State is within their coverage area.",0
ERGP28224022,CONSTRUCTION OF SOLAR POWERED BOREHOLE AT COMMUNITY PRIMARY SCHOOL NDIOVA ECHILALIKE IKWO LGA EBONYI STATE,252037001,ANAMBRA/ IMO RBDA,,14000000.0,YES,HIGH,"The construction of a solar-powered borehole falls directly within the agency's mandate to provide water supply infrastructure for domestic uses and develop surface and groundwater resources within its coverage area, which includes Ebonyi State.",0
ERGP28224192,CONSTRUCTION OF SOLAR-POWERED BOREHOLE AT NDIOFIA VILLAGE NDIEZE COMMUNITY IZZI LGA EBONYI STATE,252037001,ANAMBRA/ IMO RBDA,,14000000.0,YES,HIGH,"The construction of a solar-powered borehole directly aligns with the agency's mandate to provide water supply infrastructure for agricultural, domestic, and industrial uses including groundwater development within its coverage area that includes Ebonyi State.",0
ERGP28224195,CONSTRUCTION OF SOLAR POWERED BOREHOLE AT NDU-OFUTU ISHIEKE IGBUDU IKWO LGA EBONYI STATE,252037001,ANAMBRA/ IMO RBDA,,14000000.0,YES,HIGH,"The construction of a solar powered borehole directly aligns with the agency's mandate to provide water supply infrastructure for agricultural, domestic, and industrial uses including surface and groundwater development within its coverage area that includes Ebonyi State.",0
ERGP28224198,"COMPLETION OF CONSTRUCTION OF MOTORISED BOREHOLE IN UMUDIM UMUDIOKA NDIOWERRI, ORLU LGA, IMO STATE",252037001,ANAMBRA/ IMO RBDA,,14000000.0,YES,HIGH,"The construction of motorised boreholes directly falls within the agency's mandate to provide water supply infrastructure for agricultural, domestic, and industrial uses including groundwater development.",0
ERGP28224199,"COMPLETION OF THE CONSTRUCTION OF SOLAR POWERED BOREHOLE AT ABU EZIALA AMUMARA EZINIHITTE LGA, IMO STATE",252037001,ANAMBRA/ IMO RBDA,,14000000.0,YES,HIGH,"The construction of solar powered boreholes directly aligns with the agency's mandate to provide water supply infrastructure for agricultural, domestic, and industrial uses including surface and groundwater development within the Imo river basin area.",0
ERGP28224213,"CONSTRUCTION OF INTEGRATED SOLAR-POWERED BOREHOLE WITH 2NO. STORAGE WELLS IN NDIAGHO COMMUNITY OZUITEM, BENDE LGA ABIA STATE",252037001,ANAMBRA/ IMO RBDA,,21000000.0,YES,HIGH,"The construction of solar-powered boreholes with storage wells directly aligns with the agency's mandate to provide water supply infrastructure for agricultural, domestic, and industrial uses including surface and groundwater development within its coverage area that includes Abia State.",0
ERGP28224221,PROVISION OF SOLAR POWERED BOREHOLE IN AMANGBALA AFIKPO NORTH LGA EBONYI STATE,252037001,ANAMBRA/ IMO RBDA,,14000000.0,YES,HIGH,"Providing solar powered boreholes for water supply infrastructure falls directly within the agency's mandate to provide water supply infrastructure for agricultural, domestic, and industrial uses including groundwater development, and the location in Ebonyi State is within their operational coverage area.",0
ERGP28224224,"COMPLETION OF WATER SUPPLY AND RETICULATION OF COLLEGE OF NURSING OGBE AHIA, IMO STATE.",252037001,ANAMBRA/ IMO RBDA,,10500000.0,YES,HIGH,"The budget item directly aligns with the agency's mandate to provide water supply infrastructure for domestic uses within its coverage area, which includes Imo State.",0
ERGP28224228,"CONSTRUCTION OF SOLAR POWERED BOREHOLE WITH RETICUTION AT OYEAGU- OTUOCHA ROAD, ACHALLA UNO VILLAGE NTEJE OYI LGA.",252037001,ANAMBRA/ IMO RBDA,,14000000.0,YES,HIGH,"The construction of solar powered borehole with reticulation directly aligns with the agency's mandate to provide water supply infrastructure for agricultural, domestic, and industrial uses including surface and groundwater development.",0
ERGP28224231,"SOLAR POWERED BOREHOLE AT UMUANUGWA AKAMUNATO IFITE NTEJE, OYI LGA, ANAMBRA STATE.",252037001,ANAMBRA/ IMO RBDA,,14000000.0,YES,HIGH,"The solar powered borehole directly aligns with the agency's mandate to provide water supply infrastructure for agricultural, domestic, and industrial uses including groundwater development within the Anambra river basin area.",0
ERGP28224243,PROVISION OF SOLAR POWERED BOREHOLE AND TOILET FACILITIES AT EKE MARKET MBOSI ANAMBRA STATE.,252037001,ANAMBRA/ IMO RBDA,,14000000.0,PARTIAL,MEDIUM,"While the solar powered borehole aligns with the agency's mandate to provide water supply infrastructure for domestic uses, the toilet facilities fall outside their core water resources and agricultural development functions.",50
ERGP28224248,REHABILITATION OF WATER SUPPLY AT ST MARY'S CATHOLIC CHURCH ELEKE NOWASI OBOHIA AHIAZU MBAISE LGA IMO STATE,252037001,ANAMBRA/ IMO RBDA,,10500000.0,YES,HIGH,The rehabilitation of water supply infrastructure falls directly within the agency's mandate to provide water supply infrastructure for domestic uses and serve communities within the Imo river basin area.,0
ERGP28226435,"SOLAR POWERED BOREHOLE AT AMAUTU ELUAMA ISUIKWUATO ABIA STATE
",252037001,ANAMBRA/ IMO RBDA,,14000000.0,YES,HIGH,"The solar powered borehole project falls directly within the agency's mandate to provide water supply infrastructure for agricultural, domestic, and industrial uses including groundwater development, and the agency operates across Abia State which is within its coverage area.",0
ERGP28226475,"REHABILITATION OF IBEKU / UMUELEM ENYIOGUGU WATER PROJECT
",252037001,ANAMBRA/ IMO RBDA,,14000000.0,YES,HIGH,"The rehabilitation of water projects directly aligns with the agency's mandate to provide water supply infrastructure and maintain existing water control structures for agricultural, domestic, and industrial uses.",0
ERGP28226490,PAYMENT FOR THE PROVISION OF WATER BOREHOLE SCHEME AT EZEAMA OLO EZEAGU LGA ENUGU STATE,252037001,ANAMBRA/ IMO RBDA,,2100000.0,YES,HIGH,Providing water supply infrastructure including groundwater development through boreholes for domestic and agricultural uses in Enugu State falls directly within the agency's mandate to develop water resources across its coverage area.,0
ERGP28226520,COMPLETION AND PAYMENT FOR PROVISION OF SOLAR POWERED BOREHOLE AT NKWO AGU UMUMEZE AMUDA ISUOCHI UMUNNEOCHI LGA ABIA STATE,252037001,ANAMBRA/ IMO RBDA,,7000000.0,YES,HIGH,"The provision of solar powered borehole directly aligns with the agency's mandate to provide water supply infrastructure for agricultural, domestic, and industrial uses including surface and groundwater development within its coverage area that includes Abia State.",0
ERGP28226529,PROVISION OF SOLAR POWERED BOREHOLE IN ELUGWU / UMUCHIENTA COMMUNITY MEDICAL CENTER IHITTE UBOMA IMO STATE,252037001,ANAMBRA/ IMO RBDA,,17500000.0,YES,HIGH,The provision of solar powered borehole aligns with the agency's mandate to provide water supply infrastructure for domestic uses and support communities within the Imo river basin coverage area.,0
ERGP28226863,PROVISION OF SOLAR-POWERED BOREHOLE WITH RETICULATION AT ARIUKWU AMAIMO AMUZU AUTONOMOUS COMMUNITY IMO STATE,252037001,ANAMBRA/ IMO RBDA,,14000000.0,YES,HIGH,"The provision of solar-powered borehole with reticulation directly aligns with the agency's mandate to provide water supply infrastructure for agricultural, domestic, and industrial uses including surface and groundwater development within the Imo river basin area.",0
ERGP28226882,PROVISION OF SOLAR POWERED BOREHOLE WITH RETICULATION AT UMUELEAGWA ONICHA EZINIHITTE IMO STATE,252037001,ANAMBRA/ IMO RBDA,,14000000.0,YES,HIGH,"Providing water supply infrastructure including groundwater development through boreholes directly aligns with the agency's mandate to provide water supply infrastructure for agricultural, domestic, and industrial uses within the Imo river basin area.",0
ERGP28228272,PROVISION OF SOLAR-POWERED BOREHOLE AND SANITATION FACILITIES AT OGWUMABIRI MARKET AZIA ANAMBRA STATE,252037001,ANAMBRA/ IMO RBDA,,14000000.0,PARTIAL,MEDIUM,"The solar-powered borehole component aligns with the agency's mandate to provide water supply infrastructure, but sanitation facilities at a market fall outside their core water resources and agricultural development focus.",50
ERGP28228281,"SOLAR POWERED BOREHOLE AT THE MOTHERLESS BABIES HOME UGWUDUNU, NENI ANAOCHA LGA ANAMBRA STATE",252037001,ANAMBRA/ IMO RBDA,,14000000.0,PARTIAL,MEDIUM,"While the agency has a mandate to provide water supply infrastructure for domestic uses, providing water specifically to a motherless babies home appears to be outside its core focus on agricultural water development and basin management within the Anambra and Imo river basins.",50
ERGP28232792,"SOLAR POWERED BOREHOLE AT NAZE COMMUNITY IN OWERRI NORTH LGA, IMO STATE
",252037001,ANAMBRA/ IMO RBDA,,14000000.0,YES,HIGH,"The solar powered borehole directly aligns with the agency's mandate to provide water supply infrastructure for agricultural, domestic, and industrial uses including surface and groundwater development within the Imo river basin area.",0
ERGP28232793,PROVISION OF SOLAR POWERED BOREHOLE WITH RETICULATION IN EZIKE COMMUNITY UMUEZEALA OFO ISIALA MBANO IMO STATE,252037001,ANAMBRA/ IMO RBDA,,14000000.0,YES,HIGH,"The provision of solar powered borehole with reticulation directly aligns with the agency's mandate to provide water supply infrastructure for agricultural, domestic, and industrial uses including groundwater development within the Imo river basin area.",0
ERGP28232794,REHABILITATION AND CONVERSION OF ALUDE IBEME WATER SUPPLY SCHEME TO SOLAR POWERED SCHEME,252037001,ANAMBRA/ IMO RBDA,,14000000.0,YES,HIGH,"The rehabilitation and conversion of a water supply scheme directly aligns with the agency's mandate to provide water supply infrastructure for agricultural, domestic, and industrial uses within its coverage area.",0
ERGP28233325,PROVISION OF SOLAR POWERED BOREHOLE AT UMUONUOHA UBAHAZU AMIRI ORU EAST IMO STATE,252037001,ANAMBRA/ IMO RBDA,,17500000.0,YES,HIGH,"Providing water supply infrastructure including surface and groundwater development through boreholes directly falls within the agency's core mandate of developing water resources for agricultural, domestic, and industrial purposes within the Imo river basin area.",0
ERGP28236227,CONSTRUCTION OF SOLAR POWERED BOREHOLES IN SOUTH EAST (WRCTT) FEDERAL CONSTITUENCIES,252037001,ANAMBRA/ IMO RBDA,,175000000.0,YES,HIGH,"The construction of solar powered boreholes directly aligns with the agency's mandate to provide water supply infrastructure for agricultural, domestic, and industrial uses including groundwater development within its operational area covering the South East region.",0
ERGP28236229,CONSTRUCTION OF P-WASH FACILITIES AT VARIOUS LOCATION OF ISIALA MBANO/OKIGWE ONUIMO FEDERAL CONSTITUENCY OF IMO STATE,252037001,ANAMBRA/ IMO RBDA,,70000000.0,YES,HIGH,"Construction of P-WASH (water, sanitation, and hygiene) facilities directly aligns with the agency's mandate to provide water supply infrastructure for domestic uses and develop water resources within the Imo river basin area.",0
ERGP28236238,PROVISION AND INSTALLATION OF SOLAR POWERED BOREHOLES IN SELECTED COMMUNITIES IN IMO STATE,252037001,ANAMBRA/ IMO RBDA,,350000000.0,YES,HIGH,"The provision and installation of solar powered boreholes directly aligns with the agency's mandate to provide water supply infrastructure for agricultural, domestic, and industrial uses including surface and groundwater development within its coverage area.",0
ERGP28236245,"WATER SUPPLY SCHEME IN IGBO-EZE NORTH/UDENU FEDERAL CONTITUENCY, ENUGU STATE",252037001,ANAMBRA/ IMO RBDA,,28000000.0,YES,HIGH,"The budget item aligns with the agency's mandate to provide water supply infrastructure for agricultural, domestic, and industrial uses, and the agency operates in Enugu State which is within its coverage area.",0
ERGP28236246,"PROVISION OF SOLAR POWERED BOREHOLES IN UMUNWONYIMA, UMUDURUEHIE VILLAGE OF ONICHA UBOMA, IHITTE/UBOMA, IMO STATE",252037001,ANAMBRA/ IMO RBDA,,21000000.0,YES,HIGH,"Providing solar powered boreholes for water supply falls directly within the agency's mandate to provide water supply infrastructure for agricultural, domestic, and industrial uses including groundwater development in the Imo river basin area.",0
ERGP28236248,"PROVISION OF SOLAR POWERED BOREHOLE IN ALAIYIMA OBOLLO, ISIALA MBANO LGA, IMO STATE",252037001,ANAMBRA/ IMO RBDA,,21000000.0,YES,HIGH,"Providing solar powered boreholes for water supply infrastructure falls directly within the agency's mandate to provide water supply infrastructure for agricultural, domestic, and industrial uses including groundwater development in the Imo river basin area.",0
ERGP28236249,INSTALLATION OF SOLAR POWERED BOREHOLES IN SOME SELECTED COMMUNITIES IN EBONYI NORTH SENATORIAL DISTRICT.,252037001,ANAMBRA/ IMO RBDA,,35000000.0,YES,HIGH,"The installation of solar powered boreholes directly aligns with the agency's mandate to provide water supply infrastructure for agricultural, domestic, and industrial uses including groundwater development within its coverage area that includes Ebonyi State.",0
ERGP29207033,DEVELOPMENT OF ELECTRONIC AUTOMATION OF ACCOUNTS AND AUDIT OPERATION ETC,252037001,ANAMBRA/ IMO RBDA,,14000000.0,NO,HIGH,"Electronic automation of accounts and audit operations is an internal administrative function that falls outside the agency's core mandate of water resources management, irrigation development, and agricultural support within the Anambra and Imo river basins.",100
ERGP30139447,"PROJECT MONITORING AND EVALUATION
",252037001,ANAMBRA/ IMO RBDA,,12600000.0,YES,HIGH,"Project monitoring and evaluation is essential for tracking the performance and effectiveness of the authority's irrigation schemes, water control projects, and agricultural development initiatives across its mandate areas.",0
ERGP30207542,"PROCUREMENT OF OFFICE EQUIPMENT
",252037001,ANAMBRA/ IMO RBDA,,14000000.0,PARTIAL,MEDIUM,"Office equipment procurement supports the administrative functions necessary to execute the agency's water resources and agricultural development mandate, though it is not a core operational activity directly related to irrigation, flood control, or water management.",50
ERGP30211566,INSTITUTIONAL STRENGHTENING OF AWARENESS FOR SERVICE DELIVERY WITHIN THE RIVER BASIN CATCHMENT AREAS,252037001,ANAMBRA/ IMO RBDA,,7350000.0,PARTIAL,MEDIUM,"While institutional strengthening for service delivery could support the agency's core functions of water resource management and agricultural development, the budget item is vaguely worded and doesn't clearly specify how it relates to the agency's specific mandates like irrigation, flood control, or water supply infrastructure.",50
ERGP30223851,"STUDY AND DESIGN OF IRRIGATION SCHEMES WITHIN THE SOUTH EAST STATES OF ABIA, ANAMBRA, EBONYI, ENUGU AND IMO",252037001,ANAMBRA/ IMO RBDA,,21000000.0,YES,HIGH,"The budget item directly aligns with the agency's core mandate of developing and managing irrigation schemes within its coverage area, which explicitly includes the five South East states mentioned.",0
ERGP30223853,"STUDY AND DESIGN OF SMALL EARTH DAMS PROJECTS WITHIN THE SOUTH EAST STATES OF ABIA, ANAMBRA, EBONYI, ENUGU AND IMO",252037001,ANAMBRA/ IMO RBDA,,14000000.0,YES,HIGH,"The study and design of small earth dams directly aligns with the agency's mandate to construct and maintain dams, reservoirs, and water storage facilities for irrigation, water supply, and flood control across the specified states within their coverage area.",0
ERGP30223910,"STUDY ,DESIGN AND DEVELOPMENT OF UMUNWANWA IRRIGATION FACILITIES, UMUAHIA ABIA STATE",252037001,ANAMBRA/ IMO RBDA,,14000000.0,YES,HIGH,"The budget item directly aligns with the agency's core mandate to develop and manage irrigation schemes and facilities for agricultural production, and Abia State is specifically within the authority's coverage area.",0
ERGP30236232,"COMPLETION OF LATI-OGWUAMA HALL, ORIEKPA MARKET STALLS AND EMPOWERMENT OF HOST COMMUNITIES, IMO STATE.",252037001,ANAMBRA/ IMO RBDA,,35000000.0,NO,HIGH,"The budget item focuses on market hall construction and general community empowerment rather than water resources management, irrigation, flood control, or agricultural development activities that define the agency's mandate.",100
ERGP30236236,LAND SCAPING AND FENCING OF A MULTIPURPOSE CIVIC AND RETREAT CENTRE IN AMANAOGU IHITENANSA ORSU LGA IMO STATE,252037001,ANAMBRA/ IMO RBDA,,70000000.0,NO,HIGH,"The construction of a multipurpose civic and retreat centre falls outside the agency's water resources and agricultural development mandate, which focuses on irrigation, flood control, water supply, and agricultural infrastructure rather than civic or retreat facilities.",100
ERGP30236240,"CONSTRUCTION OF PAVILION AND FURNITURE AT OKENALOGHO SECONDARY TECHNICAL SCHOOL FIELD OKENALOGHO, OBOWO, LGA IMO STATE",252037001,ANAMBRA/ IMO RBDA,,84000000.0,NO,HIGH,"Construction of school pavilions and furniture falls under education infrastructure, which is completely outside the water resources, irrigation, and agricultural development mandate of the River Basin Development Authority.",100
ERGP30236244,"COMPLETION OF UMUOHIAGU TOWN HALL NGOR OKPALA, IMO STATE
",252037001,ANAMBRA/ IMO RBDA,,35000000.0,NO,HIGH,"Construction of a town hall is a community infrastructure project that falls outside the agency's mandate which is specifically focused on water resources management, irrigation, flood control, and agricultural development.",100
ERGP5158585,"SONGHAI INTEGRATED INNOVATIVE FARM MODEL
",252037001,ANAMBRA/ IMO RBDA,,59500000.0,YES,HIGH,"The Songhai integrated innovative farm model aligns with the agency's mandate to develop irrigation schemes, promote agricultural productivity, provide farmer training, and support integrated agricultural development projects within its river basin coverage area.",0
ERGP5178658,"ORAMIRIUKWA IRRIGATION PROJECT
",252037001,ANAMBRA/ IMO RBDA,,28000000.0,YES,HIGH,The Oramiriukwa Irrigation Project directly aligns with the agency's core mandate to develop and manage irrigation schemes and facilities for agricultural production within the Anambra and Imo river basins.,0
ERGP5207289,"REHABILITATION OF ISI-UZO MINOR IRRIGATION PROJECT, IKEM ENUGU STATE
",252037001,ANAMBRA/ IMO RBDA,,7000000.0,YES,HIGH,"The rehabilitation of a minor irrigation project in Enugu State directly aligns with the agency's mandate to develop and manage irrigation schemes and maintain existing irrigation infrastructure, as Enugu State is within their coverage area.",0
ERGP5207295,"REHABILITATION OF IGWU IRRIGATION PROJECT, NDI EBE ABAM, ABIA STATE
",252037001,ANAMBRA/ IMO RBDA,,14000000.0,YES,HIGH,"The rehabilitation of an irrigation project in Abia State directly aligns with the agency's mandate to develop, manage, and maintain irrigation schemes and facilities across its coverage area, which explicitly includes Abia State.",0
ERGP5207301,"REHABILITATION OF IBU IRRIGATION PROJECT
",252037001,ANAMBRA/ IMO RBDA,,10500000.0,YES,HIGH,"Rehabilitating the Ibu Irrigation Project directly aligns with the agency's core mandate to develop, manage, and maintain irrigation schemes and infrastructure for agricultural production within the river basin area.",0
ERGP5207313,"REHABILITATION OF LOWER ANAMBRA IRRIGATION PROJECT, OMOR ANAMBRA STATE
",252037001,ANAMBRA/ IMO RBDA,,28000000.0,YES,HIGH,The rehabilitation of Lower Anambra Irrigation Project directly aligns with the agency's core mandate of developing and managing irrigation schemes and maintaining existing irrigation infrastructure within the Anambra river basin area.,0
ERGP5223906,"TECHNICAL AUDIT OF AKAEZE DAM AND IRRIGATION PROJECT EBONYI STATE
",252037001,ANAMBRA/ IMO RBDA,,10500000.0,YES,HIGH,"The technical audit of Akaeze Dam and Irrigation Project directly aligns with the agency's mandate to construct, maintain, and manage dams and irrigation infrastructure within its coverage area, which includes Ebonyi State.",0
ERGP5223907,"DEVELOPMENT OF ITEM AMAGU IKWO IRRIGATION PROJECT IKWO LGA EBONYI STATE
",252037001,ANAMBRA/ IMO RBDA,,38500000.0,YES,HIGH,"The development of an irrigation project in Ebonyi State falls directly within the agency's mandate to develop and manage irrigation schemes and facilities across its coverage area, which explicitly includes Ebonyi State.",0
ERGP5226465,"PROCUREMENT OF AGRICULTURAL EQUIPMENT
",252037001,ANAMBRA/ IMO RBDA,,56000000.0,PARTIAL,MEDIUM,"While the agency's mandate focuses primarily on water resources management and irrigation infrastructure rather than direct agricultural equipment procurement, such equipment could reasonably support their irrigation schemes and agricultural development functions.",50
ERGP5227141,"UBURU FARM PROJECT, EBONYI STATE
",252037001,ANAMBRA/ IMO RBDA,,10500000.0,YES,HIGH,"The Uburu Farm Project directly aligns with the agency's mandate to develop agricultural schemes and provide land development services for farming within its coverage area, which includes Ebonyi State.",0
ERGP5228234,TRAINING AND EMPOWERMENT OF YOUTHS WITHIN THE BASIN IN CUCUMBER FARMING,252037001,ANAMBRA/ IMO RBDA,,35000000.0,YES,HIGH,"Training youths in cucumber farming directly aligns with the agency's mandate to provide agricultural extension services and farmer training, while cucumber cultivation fits within their responsibility for developing irrigation schemes for vegetables and other crops.",0
ERGP7223795,"TECHNICAL AUDIT/VALUATION OF AUTHORITY'S ASSETS
",252037001,ANAMBRA/ IMO RBDA,,14000000.0,YES,HIGH,"Technical audit and valuation of the authority's assets (including dams, irrigation infrastructure, water control structures, and facilities) is necessary for proper asset management and falls within the authority's operational responsibilities for maintaining and managing its extensive water and agricultural infrastructure.",0
ERGP7227072,"VALUATION OF AUTHORITY'S FIXED ASSETS
",252037001,ANAMBRA/ IMO RBDA,,10500000.0,YES,HIGH,"Valuation of fixed assets is a standard administrative and financial management function necessary for any government agency to properly account for and manage its infrastructure, equipment, and facilities used in delivering its mandate.",0
ERGP8236228,EMPOWERMENT FOR YOUTHS AND WOMEN IN JIBIA / KAITA FEDERAL CONSTITUENCY AND OTHER LOCATIONS,252037001,ANAMBRA/ IMO RBDA,,14000000.0,NO,HIGH,"The budget item targets Jibia/Kaita Federal Constituency (located in Katsina State) which is completely outside the Anambra/Imo RBDA's geographical mandate that covers only Anambra, Imo, Abia, Enugu, and Ebonyi States.",100
ERGP8236235,"SUPPLY OF TRADE TOOLS AND EMPOWERMENT OF AREWA COMMUNITY IN IMO STATE
",252037001,ANAMBRA/ IMO RBDA,,14000000.0,NO,HIGH,"The agency's mandate focuses on water resources management, irrigation, and agricultural development, but does not include general trade tools supply or community empowerment programs outside of its specific water and agricultural functions.",100
ERGP10141384,"OFF-GRID SOLAR POWER SUPPLY FOR AREA OFFICES
",252038001,BENIN/ OWENA RBDA,,21000000.0,YES,HIGH,"The off-grid solar power supply for area offices directly supports BORBDA's operational capacity to fulfill its mandate of constructing, operating, and maintaining water infrastructure projects across its coverage area by ensuring reliable power for administrative and operational functions.",0
ERGP10151256,"REVITALIZATION OF RBDA: POWER SUPPLY AND MAINTENANCE
",252038001,BENIN/ OWENA RBDA,,52500000.0,YES,HIGH,"Power supply and maintenance directly supports BORBDA's mandate to construct, operate, and maintain infrastructure including dams, irrigation systems, and water supply schemes, which require reliable electricity for pumps, control systems, and facility operations.",0
ERGP10203682,"ENERGY SUPPLY FOR IRRIGATION FACILITIES
",252038001,BENIN/ OWENA RBDA,,35000000.0,YES,HIGH,"Energy supply for irrigation facilities directly supports BORBDA's statutory mandate to construct, operate, and maintain irrigation systems and infrastructure for agricultural development within the Benin-Owena River Basin.",0
ERGP10222894,"ISUA RURAL PROJECT: COMPLETION OF RURAL ELECTRIFICATION PROJECT
",252038001,BENIN/ OWENA RBDA,,14000000.0,NO,HIGH,"Rural electrification projects fall outside BORBDA's mandate, which is specifically focused on water resources development, irrigation, flood control, and water supply rather than electrical power distribution.",100
ERGP10236269,"INSTALLATION SOLAR LIGHT IN OWO/OSE FEDERAL CONSTITUENCY ONDO STATE
",252038001,BENIN/ OWENA RBDA,,280000000.0,PARTIAL,MEDIUM,"While solar lighting installation is not explicitly within BORBDA's core water resources mandate, it could be justified as supporting infrastructure for rural communities served by their water supply schemes or irrigation projects in their operational area.",50
ERGP10236271,"INSTALLATION OF SOLAR POWERED STREET LIGHTS IN AGBA VILLAGE, ONICHA-UGBO, ANIOCHA NORTH LGA, DELTA STATE",252038001,BENIN/ OWENA RBDA,,14000000.0,NO,HIGH,"Installing solar powered street lights is not within BORBDA's mandate, which is specifically focused on water resources development, irrigation infrastructure, flood control, and watershed management rather than general electrification or street lighting projects.",100
ERGP10236298,"PROVISION OF ALL IN ONE SOLAR LIGHT OREDO FEDERAL CONSTITUENCY EDO STATE
",252038001,BENIN/ OWENA RBDA,,35000000.0,NO,HIGH,"Solar lighting provision falls outside BORBDA's core mandate of water resources development, irrigation infrastructure, flood control, and watershed management, with no clear connection to water-related activities or agricultural support services.",100
ERGP10236305,PROCUREMENT AND INSTALATION OF SOLAR LIGHTS FOR COMMUNITIES IN SOUTHWEST. MULTIPLE LOTS,252038001,BENIN/ OWENA RBDA,,700000000.0,NO,HIGH,"The procurement and installation of solar lights for communities falls outside BORBDA's statutory mandate, which is specifically focused on water resources development, irrigation infrastructure, flood control, and watershed management rather than energy or lighting infrastructure.",100
ERGP10236308,"SUPPLY AND INSTALLATION OF SOLAR STREET LIGHTS IN BOW AND ARROW AND OKEDOGBON STREET IN OWO LOCAL GOVERNMENT, ONDO STATE",252038001,BENIN/ OWENA RBDA,,49000000.0,NO,HIGH,"Installing solar street lights falls outside BORBDA's mandate which is specifically focused on water resources development, irrigation infrastructure, flood control, and watershed management rather than general street lighting or urban infrastructure.",100
ERGP10236325,PROVISION AND INSTALLATION MOTORIZED SOLAR STREET LIGHTS IN SELECTED COMMUNUTIES IN EKITI CENTRAL FEDERAL CONSTITUENCY II EKITI STATE,252038001,BENIN/ OWENA RBDA,,105000000.0,NO,HIGH,"Installing motorized solar street lights falls outside BORBDA's mandate which is specifically focused on water resources development, irrigation, flood control, and watershed management rather than general community lighting infrastructure.",100
ERGP10236332,"SUPPLY AND INSTALLATION OF SOLAR PANELS INVERTER AND SOLAR STREET LIGHTS IN ADO EKITI, EKITI STATE AND ALAGBOLE IFO LOCAL GOVERNMENT, OGUN STATE.",252038001,BENIN/ OWENA RBDA,,105000000.0,PARTIAL,MEDIUM,"While the Ado Ekiti location falls within BORBDA's operational area (Ekiti State), Alagbole Ifo Local Government in Ogun State is outside their mandated coverage area, and solar installations are not explicitly within their core water resources development mandate.",50
ERGP10236347,SUPPLY AND INSTALLATION OF FIVE (5 NOS) 500KVA TRANSFORMERS TO OKE-IGBEDE AND SELECTED COMMUNITIES IN AKOKO NORTHEAST/NORTHWEST FEDERAL,252038001,BENIN/ OWENA RBDA,,56000000.0,PARTIAL,MEDIUM,"While the transformers could potentially support BORBDA's irrigation schemes and water supply infrastructure that require electrical power, the budget item lacks clear connection to water resources development and appears more focused on general rural electrification rather than BORBDA's core mandate of water resource management and agricultural irrigation.",50
ERGP10236357,"SUPPLY AND INSTALLATION OF TRANSFORMERS IN EGBEDA AND SELECTED LOCATIONS, OYO STATE",252038001,BENIN/ OWENA RBDA,,116340000.0,NO,HIGH,"The budget item involves electrical infrastructure work in Oyo State, which is outside BORBDA's operational area (Edo, Ondo, Ekiti states and one senatorial district in Delta State) and not related to water resources development or management activities.",100
ERGP10236364,INSTALLATION OF SOLAR STREET LIGHTS IN ALAKIA AND OTHER SELECTED LOCATIONS IN OYO STATE,252038001,BENIN/ OWENA RBDA,,290850000.0,NO,HIGH,"The budget item involves installing solar street lights in Oyo State, which falls outside BORBDA's operational area that covers only Edo, Ondo, Ekiti states and one senatorial district in Delta State, and street lighting is not within the agency's water resources and irrigation mandate.",100
ERGP10236383,"INSTALLATION OF SOLAR POWERED STREET LIGHTS IN USEN POLY, AND COLLEGE OF AGRIC, IGUORIAKHI, EDO STATE",252038001,BENIN/ OWENA RBDA,,58170000.0,NO,HIGH,"Installing solar-powered street lights in educational institutions falls outside BORBDA's core mandate of water resources development, irrigation, flood control, and watershed management within the Benin-Owena River Basin.",100
ERGP10236386,"INSTALLATION OF SOLAR STREET LIGHTS IN INNAN-ABBI DELTA STATE
",252038001,BENIN/ OWENA RBDA,,58170000.0,NO,HIGH,"Installing solar street lights falls outside BORBDA's mandate which is specifically focused on water resources development, irrigation, flood control, and watershed management rather than street lighting infrastructure.",100
ERGP10236387,"INSTALLATION OF SOLAR STREET LIGHTS IN SELECTED LOCATIONS IN AKINYELE/LAGELU, OYO STATE",252038001,BENIN/ OWENA RBDA,,58170000.0,NO,HIGH,"The budget item involves installing solar street lights in Oyo State, which is outside BORBDA's operational coverage area (Edo, Ondo, Ekiti states and one senatorial district in Delta State) and does not relate to water resources development, irrigation, or flood control which are the agency's core mandates.",100
ERGP10236392,"INSTALLATION OF SOLAR STREET LIGHTS ACROSS ABA NORTH/SOUTH FEDERAL CONSTITUENCY, ABIA STATE -",252038001,BENIN/ OWENA RBDA,,58170000.0,NO,HIGH,"Installing solar street lights in Abia State falls outside BORBDA's mandate as the agency only operates in Edo, Ondo, Ekiti states and one senatorial district in Delta State, and street lighting is not within its water resources development functions.",100
ERGP10236393,"INSTALLATION OF SOLAR STREET LIGHTS IN SELECTED LOCATIONS IN ORLU/ORSU/ORU FED CONSTITUENCY, IMO STATE STATE",252038001,BENIN/ OWENA RBDA,,58170000.0,NO,HIGH,"The budget item involves installing solar street lights in Imo State, which is completely outside BORBDA's operational area that covers only Edo, Ondo, Ekiti states and one senatorial district in Delta State, and street lighting is not within the agency's water resources and irrigation mandate.",100
ERGP10236394,"INSTALLATION OF SOLAR STREET LIGHTS ACROSS EPE FEDERAL CONSTITUENCY, LAGOS STATE",252038001,BENIN/ OWENA RBDA,,58170000.0,NO,HIGH,"The budget item involves installing solar street lights in Lagos State, which falls completely outside BORBDA's geographical mandate that covers only Edo, Ondo, Ekiti states and one senatorial district in Delta State.",100
ERGP10236397,"REHABILITATION OF ROADS IN SELECTED LOCATIONS IN OKE-OGUN AREA, OYO STATE
",252038001,BENIN/ OWENA RBDA,,87255000.0,NO,HIGH,"The budget item involves road rehabilitation in Oyo State, which falls outside BORBDA's operational area that covers only Edo, Ondo, Ekiti states and one senatorial district in Delta State, and road construction/rehabilitation is not within the agency's water resources development mandate.",100
ERGP10236398,"INSTALLATION OF SOLAR STREET LIGHTS IN SELECTED LOCATIONS IN SURULERE 1 & 2 FED CONSTITUENCIES, LAGOS STATE",252038001,BENIN/ OWENA RBDA,,58170000.0,NO,HIGH,"Installing solar street lights in Lagos State constituencies falls outside BORBDA's mandate, which is specifically limited to water resources development and irrigation in the Benin-Owena River Basin covering Edo, Ondo, Ekiti states and one Delta senatorial district, not Lagos State.",100
ERGP10236399,INSTALLATION OF SOLAR STREET LIGHTS IN ADENIJI ADELE AND SELECTED LOCATIONS IN LAGOS STATE,252038001,BENIN/ OWENA RBDA,,29085000.0,NO,HIGH,"Installing solar street lights in Lagos State falls outside BORBDA's mandate, which is specifically limited to water resource development and irrigation infrastructure within the Benin-Owena River Basin covering Edo, Ondo, Ekiti states and one senatorial district in Delta State, not Lagos State.",100
ERGP10236400,"INSTALLATION OF SOLAR STREET LIGHTS ACROSS BASSA/DEKINA, ASKIRA- UBA/HAWUL, KAGA/GUBIO/MAGUMERI, BADE/JAKUSKO FED CONSTITUENCIES",252038001,BENIN/ OWENA RBDA,,58170000.0,NO,HIGH,"Installing solar street lights in federal constituencies outside BORBDA's operational area (which covers only Edo, Ondo, Ekiti states and one Delta senatorial district) and unrelated to water resources development falls completely outside the agency's mandate.",100
ERGP10236402,INSTALLATION OF SOLAR STREET LIGHTS AT HAUSAWA AND OTHER SELECTED LOCATIONS IN KANO STATE,252038001,BENIN/ OWENA RBDA,,52353000.0,NO,HIGH,"The budget item involves installing solar street lights in Kano State, which is completely outside BORBDA's operational area (Edo, Ondo, Ekiti states and one senatorial district in Delta State) and has no relation to water resources development or the Authority's statutory functions.",100
ERGP10236403,"INSTALLATION OF SOLAR STREET LIGHTS ACROSS EDE NORTH/SOUTH/EGBEDORE/EJIGBO FED CONSTITUENCY, OSUN STATE",252038001,BENIN/ OWENA RBDA,,29085000.0,NO,HIGH,"The budget item involves installing solar street lights in Osun State constituencies, which falls outside BORBDA's operational area that covers only Edo, Ondo, Ekiti states and one senatorial district in Delta State, and does not relate to the agency's water resources development mandate.",100
ERGP10236405,"SUPPLY AND INSTALLATION OF SOLAR STREET LIGHTS ACROSS MALLAM MADORI/KAUGAMA FEDERAL CONSTITUENCY, JIGAWA STATE",252038001,BENIN/ OWENA RBDA,,29085000.0,NO,HIGH,"The budget item involves installing solar street lights in Jigawa State, which is completely outside BORBDA's operational jurisdiction that covers only Edo, Ondo, Ekiti states and one senatorial district in Delta State.",100
ERGP10236406,"INSTALLATION OF SOLAR STREET LIGHTS ACROSS OHAOZARA/ONICHA/IVO, MUSHIN II, GADA/GORONYO FEDERAL CONSTITUENCIES",252038001,BENIN/ OWENA RBDA,,29085000.0,NO,HIGH,"Installing solar street lights in federal constituencies falls outside BORBDA's mandate which is specifically focused on water resources development, irrigation, flood control, and watershed management within the Benin-Owena River Basin covering Edo, Ondo, Ekiti states and one Delta senatorial district.",100
ERGP10236407,"INSTALLATION OF SOLAR STREET LIGHTS ACROSS ISIALA MBANO/ONUIMO/OKIGWE FEDERAL CONSTITUENCY, KEBBI STATE",252038001,BENIN/ OWENA RBDA,,29085000.0,NO,HIGH,"The budget item specifies locations in Kebbi State and Imo State constituencies, which fall completely outside BORBDA's operational mandate that covers only Edo, Ondo, Ekiti states and one senatorial district in Delta State.",100
ERGP10236409,"INSTALLATION OF SOLAR STREET LIGHTS ACROSS YEWA NORTH/IMEKO-AFON, OGUN STATE",252038001,BENIN/ OWENA RBDA,,34414362.0,NO,HIGH,"The budget item targets Yewa North/Imeko-Afon in Ogun State, which falls outside BORBDA's operational jurisdiction that covers only Edo, Ondo, Ekiti states and one senatorial district in Delta State.",100
ERGP10236410,"INSTALLATION OF SOLAR STREET LIGHTS ACROSS BAGUD/SURU FEDERAL CONSTITUENCY, KEBBI STATE",252038001,BENIN/ OWENA RBDA,,29085000.0,NO,HIGH,"The budget item involves installing solar street lights in Kebbi State, which is completely outside BORBDA's operational jurisdiction that covers only Edo, Ondo, Ekiti states and one senatorial district in Delta State, and street lighting falls outside the agency's water resources development mandate.",100
ERGP10236411,"INSTALLATION OF SOLAR STREET LIGHTS IN ILARA REMO OGUN STATE
",252038001,BENIN/ OWENA RBDA,,29085000.0,NO,HIGH,"Installing solar street lights in Ogun State falls outside BORBDA's mandate as the agency's operational area covers only Edo, Ondo, Ekiti states and one senatorial district in Delta State, and street lighting is not among its statutory functions related to water resources development.",100
ERGP10236584,2.4KM ELECTRIFICATION OF FACULTY OF MEDICINE TO MALE AND FEMALE MEDICAL HOSTELS (PHASE 1 AND PHASE 2) FROM ADO - IWOROKO ROAD TO THE COLLEGE OF,252038001,BENIN/ OWENA RBDA,,287000000.0,NO,HIGH,"Electrification of medical college hostels falls outside BORBDA's mandate, which is specifically focused on water resources development, irrigation, flood control, and watershed management rather than educational infrastructure or power distribution projects.",100
ERGP10236587,"PROVISION OF SOLAR STREET LIGHTS IN IFESOWAPO COMMUNITY, EKITI STATE
",252038001,BENIN/ OWENA RBDA,,140000000.0,NO,HIGH,"Provision of solar street lights is an urban infrastructure/electricity project that falls outside BORBDA's specific mandate of water resources development, irrigation, flood control, and watershed management.",100
ERGP10236600,"PROVISION OF SOLAR STREET LIGHTS IN GRA, ADO EKITI, EKITI STATE
",252038001,BENIN/ OWENA RBDA,,140000000.0,NO,HIGH,"Provision of solar street lights for urban lighting infrastructure falls outside BORBDA's mandate which is specifically focused on water resources development, irrigation, flood control, and agricultural water supply rather than general urban infrastructure or street lighting services.",100
ERGP10236602,"PROVISION OF SOLAR STREET LIGHTS IN TEMIDIRE/AJILOSUN COMMUNITY OF ADO EKITI, EKITI STATE",252038001,BENIN/ OWENA RBDA,,140000000.0,NO,HIGH,"Provision of solar street lights falls under urban lighting infrastructure which is outside BORBDA's specific mandate of water resources development, irrigation, flood control, and watershed management.",100
ERGP1142270,"REHABILITATION OF PROJECT HOUSES IN OBAYANTOR, EDO STATE.
",252038001,BENIN/ OWENA RBDA,,56000000.0,PARTIAL,MEDIUM,"While rehabilitating project houses in Obayantor (where BORBDA headquarters is located) could support the agency's operational capacity, it is not explicitly covered under the statutory functions focused on water resources development and management.",50
ERGP1142295,"CLEARING AND ROME PLOUGHING OF IRRIGABLE FARMLAND AT SUPARE, AKOKO SOUTH WEST LGA, ONDO STATE.",252038001,BENIN/ OWENA RBDA,,35000000.0,YES,HIGH,"Clearing and ploughing irrigable farmland directly supports BORBDA's statutory mandate to develop irrigation infrastructure and promote agricultural production within its operational area, which includes Ondo State.",0
ERGP1173289,"PPP TRANSACTION PROCESSES/ COUNTER-PACT FUNDING FOR SELECTED PROJECTS
",252038001,BENIN/ OWENA RBDA,,49000000.0,PARTIAL,MEDIUM,"While PPP transactions could potentially support BORBDA's infrastructure development mandate for dams, irrigation systems, and water supply projects, the vague description lacks specificity about whether the selected projects actually relate to water resources development within the agency's core functions.",50
ERGP1192211,"MAINTENANCE OF OBAYANTOR PALM PLANTATIONS
",252038001,BENIN/ OWENA RBDA,,14000000.0,PARTIAL,MEDIUM,"While palm plantations are not explicitly mentioned in BORBDA's mandate, the maintenance could relate to agricultural development and irrigation infrastructure within their operational area, though it appears to be outside their core water resources development functions.",50
ERGP1203702,"STUDIES, DESIGN AND CONSTRUCTION OF DAM AT IYEMERO
",252038001,BENIN/ OWENA RBDA,,17500000.0,YES,HIGH,"The construction of dams falls directly within BORBDA's statutory mandate under Section 4(1) of the River Basin Development Authorities Act, which explicitly authorizes the Authority to construct, operate, and maintain dams for comprehensive water resource development.",0
ERGP12142287,"REHABILITATION OF ACCESS ROAD IN OBAYANTOR COMMUNITY, EDO STATE.
",252038001,BENIN/ OWENA RBDA,,21000000.0,PARTIAL,MEDIUM,"While road rehabilitation is not explicitly listed in BORBDA's statutory functions, access roads to their headquarters facility in Obayantor could be considered necessary infrastructure supporting their core water resources development operations.",50
ERGP12151254,"CONSTRUCTION OF THE INTERLINKING ROADS TO THE BORBDA ESTATE , OBAYANTOR
",252038001,BENIN/ OWENA RBDA,,17500000.0,PARTIAL,MEDIUM,"While road construction is not explicitly listed in BORBDA's statutory functions, interlinking roads to the agency's estate could be considered necessary infrastructure to support the Authority's operations and administrative functions at its headquarters.",50
ERGP12203735,"REHABILITATION AND SURFACE DRESSING OF NITEL ROAD, UTSOGUN ETSAKO WEST LOCAL GOVERNMENT",252038001,BENIN/ OWENA RBDA,,52500000.0,NO,HIGH,"Rehabilitating and surface dressing a NITEL road falls under general road infrastructure maintenance, which is not within BORBDA's statutory mandate that focuses specifically on water resources development, irrigation, flood control, and watershed management.",100
ERGP12223815,"EARTHWORKS AT REV. OBOMEGIE STREET IYEKHEI AND ZUBERU YERIMAH STREET, UTSOGUN, AUCHI",252038001,BENIN/ OWENA RBDA,,56000000.0,NO,HIGH,"BORBDA's mandate focuses specifically on water resources development, irrigation, flood control, and watershed management within the Benin-Owena River Basin, while general earthworks on city streets falls under urban infrastructure development which is outside their statutory functions.",100
ERGP12225805,"EROSION CONTROL WORKS AT IREAKARI, IROKIN, OFF ISE ROAD, IKERE, EKITI STATE.
",252038001,BENIN/ OWENA RBDA,,14000000.0,YES,HIGH,"Erosion control works directly fall within BORBDA's statutory mandate under Section 4(1) of the River Basin Development Authorities Act, which specifically includes ""control of floods and erosion"" and ""watershed management"" within its coverage area that includes Ekiti State.",0
ERGP1222896,"OKPE INTEGRATED FARM: ECO-TOURISM
",252038001,BENIN/ OWENA RBDA,,49000000.0,PARTIAL,MEDIUM,"While integrated farming aligns with BORBDA's agricultural development mandate, eco-tourism appears to be outside the core water resources and irrigation infrastructure functions specified in the River Basin Development Authorities Act.",50
ERGP12236274,"CONSTRUCTION OF IYOWA-UTEKON ROAD, EDO STATE
",252038001,BENIN/ OWENA RBDA,,70000000.0,NO,HIGH,"Road construction falls outside BORBDA's mandate, which is specifically focused on water resources development, irrigation infrastructure, flood control, and watershed management rather than general transportation infrastructure.",100
ERGP12236277,"CONSTRUCTION AND REHABILITATION OF AGRICULTURAL INFRASTRUCTURE (CANALS, RURAL ACCESS ROADS) AND CONSTRUCTION/COMPLETION OF IBIONO IBOM DAM",252038001,BENIN/ OWENA RBDA,,7000000000.0,PARTIAL,MEDIUM,"While construction of agricultural infrastructure like canals aligns with BORBDA's mandate for irrigation and water resource development, the Ibiono Ibom Dam appears to be outside their geographical coverage area which is limited to Edo, Ondo, Ekiti states and one Delta senatorial district.",50
ERGP12236282,"CONSTRUCTION AND REHABILITATION OF AGRICULTURAL INFRASTRUCTURE (CANALS, RURAL ACCESS ROADS) TO SUPPORT FOOD PRODUCTION AND ACCESS TO MARKET",252038001,BENIN/ OWENA RBDA,,5250000000.0,YES,HIGH,The construction and rehabilitation of agricultural infrastructure including canals directly aligns with BORBDA's statutory mandate to construct and maintain irrigation and drainage systems for agricultural development within the river basin.,0
ERGP12236361,"REHABILITATION OF ROADS IN ONIRUGBA, OGUN STATE
",252038001,BENIN/ OWENA RBDA,,174510000.0,NO,HIGH,"The budget item involves road rehabilitation in Ogun State, which falls outside BORBDA's geographical mandate (Edo, Ondo, Ekiti states and one senatorial district in Delta State) and outside its core functions focused on water resources development, irrigation, and flood control.",100
ERGP12236389,"REHABILITATION OF ROADS IN SOMOLU FEDERAL CONSTITUENCY -
",252038001,BENIN/ OWENA RBDA,,58170000.0,NO,HIGH,"Road rehabilitation in Somolu Federal Constituency falls outside BORBDA's mandate, which is specifically limited to water resources development, irrigation infrastructure, and related activities within the Benin-Owena River Basin covering Edo, Ondo, Ekiti states and one Delta senatorial district, while Somolu is located in Lagos State.",100
ERGP12236390,"REHABILITATION OF ROADS IN OJOTO, ANAMBRA STATE
",252038001,BENIN/ OWENA RBDA,,174510000.0,NO,HIGH,"The budget item involves road rehabilitation in Anambra State, which falls outside BORBDA's geographical mandate (limited to Edo, Ondo, Ekiti states and one senatorial district in Delta State) and is unrelated to water resources development functions.",100
ERGP12236391,"REHABILITATION OF ROADS IN AWKA NORTH/SOUTH FEDERAL CONSTITUENCY
",252038001,BENIN/ OWENA RBDA,,58170000.0,NO,HIGH,"BORBDA's mandate is specifically focused on water resources development, irrigation, flood control, and watershed management, not road rehabilitation which falls outside their statutory functions.",100
ERGP12236395,"REHABILITATION OF ROADS ACROSS ATISBO AND SAKI, OYO STATE STATE
",252038001,BENIN/ OWENA RBDA,,87255000.0,NO,HIGH,"Road rehabilitation in Oyo State falls outside BORBDA's mandate, which is specifically limited to water resources development in Edo, Ondo, Ekiti states and one senatorial district in Delta State, with no geographical jurisdiction or functional responsibility for road infrastructure in Oyo State.",100
ERGP12236586,"3KM ELECTRIFICATION OF NEW ADO-IYIN ROAD JUNCTION, IFESOWAPO COMMUNITY THROUGH OLD IYIN -ADO LINK ROAD, IYIN EKITI",252038001,BENIN/ OWENA RBDA,,329000000.0,NO,HIGH,"Road electrification projects fall outside BORBDA's mandate which is specifically focused on water resources development, irrigation infrastructure, flood control, and watershed management rather than electrical infrastructure or road lighting.",100
ERGP16203663,PROCUREMNET OF INFRASTRUCTURE/EQUIPMENT FOR PERFORMANCE MANAGEMENT SYSTEM,252038001,BENIN/ OWENA RBDA,,14000000.0,PARTIAL,MEDIUM,"While performance management systems could support BORBDA's operational efficiency in managing water resources and infrastructure projects, procurement of such systems is not explicitly within their core mandate of water resources development, irrigation, and flood control.",50
ERGP19173286,"CONSTRUCTION OF DRAINS AT ERAH
",252038001,BENIN/ OWENA RBDA,,14000000.0,YES,HIGH,Construction of drains at Erah falls directly within BORBDA's statutory mandate to construct and maintain drainage systems and control floods and erosion as specified in Section 4(1) of the River Basin Development Authorities Act.,0
ERGP19195302,"COMPLETION OF OMEMI GULLY EROSION PROJECT,EDO STATE: MAINTENANCE
",252038001,BENIN/ OWENA RBDA,,35000000.0,YES,HIGH,The completion and maintenance of the Omemi Gully Erosion Project directly aligns with BORBDA's statutory mandate to control floods and erosion as specified under Section 4(1) of the River Basin Development Authorities Act.,0
ERGP19222898,"EROSION CONTROL WORKS IN ARAROMI, ILAWE, EKITI STATE.
",252038001,BENIN/ OWENA RBDA,,21000000.0,YES,HIGH,"Erosion control works directly align with BORBDA's statutory mandate under Section 4(1) to undertake comprehensive water resource development with particular emphasis on the control of floods and erosion, and Ekiti State falls within the Authority's operational area.",0
ERGP22128932,"PE-WASH(WATER SANITATION & HYGIENE)
",252038001,BENIN/ OWENA RBDA,,35000000.0,YES,HIGH,Water sanitation and hygiene falls directly within BORBDA's mandate to develop water resources for water supply and construct/operate water infrastructure systems for communities across its operational area.,0
ERGP22173288,"ACQUISITION (SURVEY AND TITLE DEED), ENUMERATION AND COMPENSATION OF FARMLANDS IN BORBDA CATCHMENT AREA (20,000 HECTARES)",252038001,BENIN/ OWENA RBDA,,21000000.0,YES,HIGH,"This budget item directly supports BORBDA's statutory mandate to develop irrigation infrastructure and hand over cultivated lands to farmers, requiring proper land acquisition, surveying, and compensation processes for establishing irrigation schemes within their catchment area.",0
ERGP22173295,CONSTRUCTION OF WASH (WATER SANITATION AND HYGIENE) FACILITY IN FEDERAL CONSTITUENCIES UNDER THE BENIN-OWENA RBDA CATCHMENT AREA,252038001,BENIN/ OWENA RBDA,,52500000.0,YES,HIGH,Construction of WASH facilities directly aligns with BORBDA's mandate to develop water resources for water supply and provide potable water to communities across its coverage area.,0
ERGP22224122,"CONTRUCTION OF TOWN HALL AT ISINKAN, IRALEPO'S PALACE, AKURE SOUTH LGA ONDO STATE.",252038001,BENIN/ OWENA RBDA,,28000000.0,NO,HIGH,"Construction of a town hall at a palace falls outside BORBDA's mandate which is specifically focused on water resources development, irrigation, flood control, and related agricultural infrastructure rather than civic or traditional buildings.",100
ERGP23173283,"CANAANLAND COMMUNITY SCHOOL DEVELOPMENT AND REHABILITATION OF ACCESS ROAD AND DRAINAGE TO AYOMIKUN STREET, IJOKA, AKURE SOUTH LGA, ONDO",252038001,BENIN/ OWENA RBDA,,24500000.0,NO,HIGH,"The budget item focuses on school development and road rehabilitation, which falls outside BORBDA's water resources development mandate that specifically covers irrigation, flood control, water supply, and watershed management.",100
ERGP23236312,ACQUISITION AND LAND CLEARING FOR UNIVERSITY OF SCIENCE AND TECHNOLOGY BADAGRY LAGOS STATE LOT 1-6,252038001,BENIN/ OWENA RBDA,,1190000000.0,NO,HIGH,"Acquiring and clearing land for a university in Lagos State falls completely outside BORBDA's mandate, which is specifically focused on water resources development and management within the Benin-Owena River Basin covering Edo, Ondo, Ekiti states and one senatorial district in Delta State.",100
ERGP23236318,"CONSTRUCTION AND FURNISHING OF SCHOOLS IN EKITI SOUTH FED. CONSTITUENCY II/GBONYIN/EMURE/ EKITI EAST LGA, EKITI STATE",252038001,BENIN/ OWENA RBDA,,280000000.0,NO,HIGH,"Construction and furnishing of schools falls under education infrastructure, which is outside BORBDA's mandate that specifically focuses on water resources development, irrigation, flood control, and agricultural water supply.",100
ERGP23236335,"CONSTRUCTION OF PLAYGROUND AND EQUIPPING OF SCHOOL FOR CHILDREN WITH SPECIAL NEEDS, IMOJO-EKITI, OYE LOCAL GOVERNMENT, EKITI STATE",252038001,BENIN/ OWENA RBDA,,70000000.0,NO,HIGH,"Construction of playgrounds and school equipment for special needs children falls under education and social services, which is outside BORBDA's mandate focused specifically on water resources development, irrigation, flood control, and agricultural water supply.",100
ERGP23236336,"CONSTRUCTION OF PLAYGROUND AND EQUIPPING OF MOTHERLESS BABIES HOME, ITAPA EKITI, OYE LOCAL GOVERNMENT, EKITI STATE",252038001,BENIN/ OWENA RBDA,,70000000.0,NO,HIGH,"Construction of playgrounds and equipping motherless babies homes falls under social welfare services, which is completely outside BORBDA's mandate of water resources development, irrigation, flood control, and agricultural infrastructure.",100
ERGP23236367,"REHABILITATION AND FURNISHING OF CLASSROOMS AT IDC SPECIAL BASIC SCHOOL, NEW GBAGI, IBADAN, OYO STATE",252038001,BENIN/ OWENA RBDA,,58170000.0,NO,HIGH,"The budget item involves educational infrastructure in Oyo State, which is outside BORBDA's geographical mandate (covers Edo, Ondo, Ekiti states and one senatorial district in Delta State) and falls outside its water resources development functions.",100
ERGP23236370,"REHABILITATION AND FURNISHING OF CLASSROOMS AND STAFF OFFICE AT UNITED ANGLICAN PRIMARY SCHOOL, IBADAN, OYO STATE",252038001,BENIN/ OWENA RBDA,,58170000.0,NO,HIGH,"BORBDA's mandate focuses exclusively on water resources development, irrigation, and flood control within Edo, Ondo, Ekiti states and one Delta senatorial district, while this budget item involves educational infrastructure rehabilitation in Oyo State, which is completely outside both the agency's geographical jurisdiction and functional mandate.",100
ERGP23236374,"CONSTRUCTION AND FURNISHING OF CLASSROOMS ACROSS EGBEDA/ONA-ARA FEDERAL CONSTITUENCY, IBADAN, OYO STATE",252038001,BENIN/ OWENA RBDA,,104706000.0,NO,HIGH,"The construction and furnishing of classrooms in Oyo State falls outside BORBDA's mandate, which is focused on water resources development and irrigation within the Benin-Owena River Basin covering Edo, Ondo, Ekiti states and one senatorial district in Delta State, not educational infrastructure in Oyo State.",100
ERGP23236377,"FURNISHING OF CLASSROOMS AT ELEKURO HIGH SCHOOL, OYO STATE
",252038001,BENIN/ OWENA RBDA,,58170000.0,NO,HIGH,"Furnishing classrooms at a high school in Oyo State falls outside BORBDA's mandate, which is focused on water resources development and irrigation within Edo, Ondo, Ekiti states and one senatorial district in Delta State, and does not include education infrastructure or operations in Oyo State.",100
ERGP23236385,"RENOVATON OF SECONDARY SCHOOL IN KOKONA, NASARAWA STATE
",252038001,BENIN/ OWENA RBDA,,29085000.0,NO,HIGH,"BORBDA's mandate is exclusively focused on water resources development and irrigation within the Benin-Owena River Basin covering Edo, Ondo, Ekiti states and one senatorial district in Delta State, while renovating a secondary school in Kokona, Nasarawa State falls completely outside both their geographic jurisdiction and functional mandate.",100
ERGP23236557,CONSTRUCTION OF A MODERN SECONDARY SCHOOL WITH ICT/CBT CENTRE AND STAFF QUARTERS IN EDO NORTH,252038001,BENIN/ OWENA RBDA,,570347726.0,NO,HIGH,"Construction of educational facilities falls outside BORBDA's mandate, which is specifically focused on water resources development, irrigation, flood control, and watershed management rather than education infrastructure.",100
ERGP23236567,"CONSTRUCTION OF BLOCKS OF CLASSROOMS AT AFOKPELLA SECONDARY SCHOOL, AFOKPELLA, ETSAKO EAST LOCAL GOVERNMENT AREA, EDO STATE.",252038001,BENIN/ OWENA RBDA,,154000000.0,NO,HIGH,"Construction of school classrooms falls under education infrastructure, which is outside BORBDA's mandate focused specifically on water resources development, irrigation, flood control, and related agricultural activities.",100
ERGP23236569,"CONSTRUCTION OF BLOCKS OF CLASSROOMS AT APANA MIXED SECONDARY SCHOOL, APANA, ETSAKO WEST LOCAL GOVERNMENT AREA, EDO STATE.",252038001,BENIN/ OWENA RBDA,,87500000.0,NO,HIGH,"Construction of school classrooms falls under education infrastructure, which is not within BORBDA's mandate focused on water resources development, irrigation, flood control, and agricultural support.",100
ERGP23236571,"CONSTRUCTION OF BLOCKS OF CLASSROOMS AT OHOBO PRIMARY SCHOOL AFUZE, OWAN EAST LOCAL GOVERNMENT AREA, EDO STATE.",252038001,BENIN/ OWENA RBDA,,105000000.0,NO,HIGH,"Construction of school classrooms falls under education infrastructure which is outside BORBDA's specific mandate of water resources development, irrigation, flood control, and watershed management.",100
ERGP23236573,"CONSTRUCTION OF CLASSROOM BLOCKS AT ODIEJE PRIMARY SCHOOL EME ORA, OWAN WEST LOCAL GOVERNMENT AREA, EDO STATE.",252038001,BENIN/ OWENA RBDA,,126000000.0,NO,HIGH,"Construction of classroom blocks at a primary school falls under education infrastructure, which is outside BORBDA's mandate focused specifically on water resources development, irrigation, flood control, and related agricultural activities.",100
ERGP23236575,"CONSTRUCTION OF BLOCKS OF CLASSROOMS AT IJEMOUNU PRIMARY SCHOOL, IHIEVBE OGBA, OWAN EAST LOCAL GOVERNMENT AREA, EDO STATE.",252038001,BENIN/ OWENA RBDA,,70000000.0,NO,HIGH,"BORBDA's mandate is specifically focused on water resources development, irrigation, flood control, and watershed management, not educational infrastructure like classroom construction.",100
ERGP23236607,"MODERN SECONDARY SCHOOL OF 2 UNIT OF STORY BUILDINGS WITH COMPREHENSIVE ICT AND COMPUTERS FOR STUDENT AND TEACHERS, FURNITURE,",252038001,BENIN/ OWENA RBDA,,700000000.0,NO,HIGH,"Building and operating secondary schools with ICT facilities falls outside BORBDA's mandate, which is specifically focused on water resources development, irrigation infrastructure, flood control, and watershed management rather than education services.",100
ERGP24236330,STUDENTS OF TATIARY INSTITUTIONS BURSARY SUPPORT SCHEME IN EKITI CENTRAL FEDERAL CONSTITUENCY II.,252038001,BENIN/ OWENA RBDA,,35000000.0,NO,HIGH,"Student bursary support schemes fall outside BORBDA's mandate, which is specifically focused on water resources development, irrigation infrastructure, flood control, and watershed management rather than educational funding.",100
ERGP25236378,"REHABILITATION OF MATERNITY/HEALTH CENTER IN AGBATI, IBADAN, OYO STATE
",252038001,BENIN/ OWENA RBDA,,116340000.0,NO,HIGH,"The rehabilitation of a maternity/health center in Oyo State falls outside BORBDA's water resources and irrigation mandate, and Oyo State is not within the agency's operational area which covers only Edo, Ondo, Ekiti states and one senatorial district in Delta State.",100
ERGP25236381,"REHABILITATION OF MATERNITY/HEALTH CENTER IN ONA-ARA, IBADAN, OYO STATE
",252038001,BENIN/ OWENA RBDA,,116340000.0,NO,HIGH,"BORBDA's mandate is specifically focused on water resources development, irrigation, and flood control within Edo, Ondo, Ekiti states and one senatorial district in Delta State, while this budget item involves healthcare infrastructure rehabilitation in Oyo State which is completely outside both the agency's geographical coverage area and functional mandate.",100
ERGP25236581,"PROVISION OF FURNITURE, MEDICAL EQUIPMENTS, DRUGS AND AMBULANCE TO THE DIALYSIS CENTRE, IYIN EKITI",252038001,BENIN/ OWENA RBDA,,350000000.0,NO,HIGH,"Providing medical equipment, drugs, and ambulance services to a dialysis centre falls outside BORBDA's mandate, which is specifically focused on water resources development, irrigation, flood control, and agricultural support rather than healthcare provision.",100
ERGP25236593,"PROVISION OF AMBULANCE, GENERATOR AND MEDICAL EQUIPMENTS AT THE DAY CARE CENTRE FOR THE ELDERLY, ARAMOKO EKITI, EKITI STATE",252038001,BENIN/ OWENA RBDA,,210000000.0,NO,HIGH,"Providing medical equipment and ambulances for elderly day care centers falls outside BORBDA's water resources development mandate, which focuses on irrigation, flood control, water supply, and watershed management rather than healthcare services.",100
ERGP26236341,"ORGANISATION OF PARA-ATHLETICS SPORTING COMPETITION AND WELFARE OF PARA ATLETICS IN EKITI, STATE NIGERIA",252038001,BENIN/ OWENA RBDA,,17500000.0,NO,HIGH,"Organizing para-athletics sporting competitions falls completely outside BORBDA's mandate, which is specifically focused on water resources development, irrigation, flood control, and agricultural development rather than sports or athletics events.",100
ERGP26236595,"CONSTRUCTION OF SPORTS FACILITIES AND PAVILION IN THE SCHOOL OF HEALTH TECHNOLOGY, IJERO, EKITI STATE",252038001,BENIN/ OWENA RBDA,,455000000.0,NO,HIGH,"Construction of sports facilities and pavilion at a health technology school falls outside BORBDA's mandate which is specifically focused on water resources development, irrigation, flood control, and watershed management rather than educational infrastructure or sports facilities.",100
ERGP26236599,"CONSTRUCTION OF INDOOR GAMES HALL AND GYMNASIUM AT IFESOWAPO COMMUNITY, IREPODUN/IFELODUN LOCAL GOVERNMENT AREA",252038001,BENIN/ OWENA RBDA,,280000000.0,NO,HIGH,"Construction of indoor games hall and gymnasium facilities falls outside BORBDA's mandate which is specifically focused on water resources development, irrigation infrastructure, flood control, and agricultural water supply rather than recreational sports facilities.",100
ERGP27141399,"EDO STATE AREA OFFICE BUILDING
",252038001,BENIN/ OWENA RBDA,,35000000.0,YES,HIGH,An area office building in Edo State is necessary infrastructure for BORBDA to effectively carry out its statutory functions of water resources development and management within its operational coverage area that includes Edo State.,0
ERGP27192215,"HEADQUARTERS DEVELOPMENT: MAINTENANCE OF INFRASTRUCTURES
",252038001,BENIN/ OWENA RBDA,,14000000.0,YES,HIGH,"Maintenance of infrastructures at headquarters falls within BORBDA's statutory mandate to operate and maintain works necessary for achieving the Authority's functions, including the physical facilities required for administrative operations.",0
ERGP27195305,"COMPLETE FENCING OF BORDA EDO AREA FENCING,EDO STATE
",252038001,BENIN/ OWENA RBDA,,35000000.0,PARTIAL,MEDIUM,"While fencing could be considered infrastructure necessary for protecting BORBDA's water resource facilities and irrigation schemes within their operational area of Edo State, the item lacks specificity about how it directly relates to their core mandate of water resource development and management.",50
ERGP27203653,"DELTA AREA OFFICE DEVELOPMENT
",252038001,BENIN/ OWENA RBDA,,56000000.0,YES,HIGH,"The budget item aligns with BORBDA's mandate as the agency's operational area explicitly includes one senatorial district in Delta State, making a Delta Area Office necessary for executing the Authority's water resources development functions in that region.",0
ERGP27222890,"RENOVATION OF EKITI AREA OFFICE, IKERE, EKITI STATE.
",252038001,BENIN/ OWENA RBDA,,21000000.0,YES,HIGH,"Renovating the Ekiti Area Office directly supports BORBDA's operational mandate as it maintains essential infrastructure needed to effectively manage and deliver water resources development services across Ekiti State, which is within the Authority's designated operational area.",0
ERGP27222891,"DEVELOPMENT OF BORBDA'S PROPERTY: MABEL EREWA, ETETE, BENIN-CITY, EDO STATE",252038001,BENIN/ OWENA RBDA,,35000000.0,PARTIAL,MEDIUM,"While BORBDA operates in Edo State and may need facilities for its operations, developing property at this specific location is not clearly tied to the agency's core mandate of water resources development, irrigation, flood control, or agricultural development activities.",50
ERGP27236292,"RENOVATION AND FURNISHING OF UZEBBA POLICE STATION AND QUARTERS OWAN WEST LOCAL GOVERNMENT AREA, EDO STATE",252038001,BENIN/ OWENA RBDA,,140000000.0,NO,HIGH,"Renovating and furnishing a police station falls under law enforcement infrastructure, which is completely outside BORBDA's mandate of water resources development, irrigation, flood control, and agricultural water supply.",100
ERGP27236294,"RENOVATION AND FURNISHING OF SABONGIDA ORA POLICE STATION AND QUARTERS OWAN WEST LOCAL GOVERNMENT AREA, EDO STATE",252038001,BENIN/ OWENA RBDA,,140000000.0,NO,HIGH,"Renovating and furnishing police facilities falls outside BORBDA's water resources development mandate, which focuses on irrigation, flood control, water supply, and watershed management rather than law enforcement infrastructure.",100
ERGP27236296,"RENOVATION AND FURNISHING OF AFUZE POLICE STATION AND QUARTERS, OWAN EAST LOCAL GOVERNMENT AREA, EDO STATE",252038001,BENIN/ OWENA RBDA,,140000000.0,NO,HIGH,"Renovation and furnishing of police facilities falls outside BORBDA's water resources development mandate, which focuses on irrigation, flood control, dams, and water supply infrastructure rather than law enforcement facilities.",100
ERGP27236591,"CONSTRUCTION OF PERIMETER FENCING, LANDSCAPING AND FURSHING OF DAY CARE CENTRE FOR THE ELDERLY, ARAMOKO EKITI, EKITI STATE",252038001,BENIN/ OWENA RBDA,,175000000.0,NO,HIGH,"Construction of a day care centre for the elderly falls outside BORBDA's mandate which is specifically focused on water resources development, irrigation infrastructure, flood control, and agricultural support rather than elderly care facilities.",100
ERGP28110622,"INTEGRATED FARMING PILOT SCHEMES.
",252038001,BENIN/ OWENA RBDA,,70000000.0,YES,HIGH,Integrated farming pilot schemes directly align with BORBDA's mandate to undertake comprehensive water resource development for sustainable agricultural production and promote all-season agriculture through irrigation infrastructure and agricultural support services.,0
ERGP28110630,"HEADQUARTERS DEVELOPMENT: CONSTRUCTION OF 1KM ACCESS ROAD IN PREMISES OF THE HEADQUARTER AT OBAYANTOR, BENIN CITY, EDO STATE",252038001,BENIN/ OWENA RBDA,,14000000.0,PARTIAL,MEDIUM,"While constructing access roads is not explicitly listed among BORBDA's core statutory functions of water resources development and irrigation infrastructure, it can be considered necessary supporting infrastructure for the agency's headquarters operations and mandate fulfillment.",50
ERGP28110671,"IKOLE IRRIGATION PROJECT, IKOLE LGA, EKITI STATE
",252038001,BENIN/ OWENA RBDA,,35000000.0,YES,HIGH,"The Ikole Irrigation Project falls directly within BORBDA's mandate as it involves irrigation infrastructure development in Ekiti State, which is part of the Authority's operational area, and aligns with their statutory function to provide irrigation infrastructure for agricultural development.",0
ERGP28110678,"OYE IRRIGATION PROJECT: (FARM INPUTS)
",252038001,BENIN/ OWENA RBDA,,21000000.0,YES,HIGH,"The Oye Irrigation Project farm inputs directly supports BORBDA's statutory mandate to provide irrigation infrastructure and promote agricultural productivity within its coverage area, which includes Ekiti State where Oye is located.",0
ERGP28110684,"OUTSTANDING LIABILITIES SETTLEMENT
",252038001,BENIN/ OWENA RBDA,,105000000.0,YES,HIGH,Outstanding liabilities settlement is a standard administrative and financial management function that any government agency must handle to maintain operational continuity and fulfill its statutory obligations.,0
ERGP28110700,"UKHUN-ERHA IRRIGATION PROJECT (250HA)
",252038001,BENIN/ OWENA RBDA,,56000000.0,YES,HIGH,"The Ukhun-Erha Irrigation Project directly aligns with BORBDA's statutory mandate to construct and operate irrigation systems for agricultural development within its operational area covering Edo, Ondo, Ekiti states and Delta senatorial district.",0
ERGP28110723,"UKPOKE IRRIGATION PROJECT: (FARM INPUTS)
",252038001,BENIN/ OWENA RBDA,,14000000.0,YES,HIGH,The Ukpoke Irrigation Project farm inputs directly supports BORBDA's mandate to provide irrigation infrastructure and promote agricultural productivity within its operational area.,0
ERGP28110729,"CONSTRUCTION AND INSTALLATION OF IRRIGATION FACILITIES
",252038001,BENIN/ OWENA RBDA,,105000000.0,YES,HIGH,Construction and installation of irrigation facilities directly aligns with BORBDA's core statutory function to provide irrigation infrastructure and undertake comprehensive development of water resources for multipurpose use with particular emphasis on irrigation.,0
ERGP28110753,"REHABILITATION OF THE OFFICE BUILDING AND INTERNAL ROADS
",252038001,BENIN/ OWENA RBDA,,14000000.0,YES,HIGH,"Rehabilitating office buildings and internal roads is necessary for BORBDA to effectively operate and maintain its headquarters facilities, which directly supports its ability to carry out its statutory water resources development and management functions.",0
ERGP28110759,"IJU/ITAOGBOLU IRRIGATION PROJECT
",252038001,BENIN/ OWENA RBDA,,35000000.0,YES,HIGH,"The IJU/ITAOGBOLU irrigation project directly aligns with BORBDA's statutory mandate to construct and operate irrigation systems for agricultural development within its operational area covering Edo, Ondo, and Ekiti states.",0
ERGP28110792,"UNDERGROUND WATER DEVELOPMENT
",252038001,BENIN/ OWENA RBDA,,14000000.0,YES,HIGH,"Underground water development directly falls within BORBDA's statutory mandate under Section 4(1) of the River Basin Development Authorities Act, which specifically includes ""comprehensive development of both surface and underground water resources"" and ""constructing, operating, and maintaining wells, boreholes"" and other water infrastructure.",0
ERGP28110890,"MONITORING AND EVALUATION OF WATER RELATED PROJECT
",252038001,BENIN/ OWENA RBDA,,14000000.0,YES,HIGH,"Monitoring and evaluation of water related projects directly supports BORBDA's mandate to develop comprehensive water resources master plans and oversee multipurpose water infrastructure projects including dams, irrigation systems, and water supply schemes.",0
ERGP28110946,"HYDROMETEROLOGICAL NETWORK AND PLANNING
",252038001,BENIN/ OWENA RBDA,,14000000.0,YES,HIGH,"Hydrometeorological network and planning directly supports BORBDA's statutory mandate to develop comprehensive water resources master plans and collect water resources data, which is essential for their water resource management, irrigation, and flood control functions.",0
ERGP28110964,"REHABILITATION OF PLANT AND EQUIPMENT
",252038001,BENIN/ OWENA RBDA,,21000000.0,YES,HIGH,"Rehabilitating plant and equipment directly supports BORBDA's mandate to construct, operate, and maintain dams, irrigation systems, boreholes, and other water infrastructure necessary for water resource development and agricultural productivity.",0
ERGP28110981,"REVITALIZATION/OPERATION OF AGRICULTURAL FACILITIES - POULTRY, PIGGERY AND OIL PALM PLANTATION",252038001,BENIN/ OWENA RBDA,,7742265.0,PARTIAL,MEDIUM,"While the agency's mandate focuses on water resources development and irrigation infrastructure for agricultural production, direct operation of specific agricultural facilities like poultry, piggery, and oil palm plantations extends beyond its core water resources management functions.",50
ERGP28111113,"EWULU IRRIGATION PROJECT
",252038001,BENIN/ OWENA RBDA,,49000000.0,YES,HIGH,The Ewulu Irrigation Project directly aligns with BORBDA's statutory mandate to construct and operate irrigation systems for comprehensive water resources development and agricultural productivity within its operational area.,0
ERGP28111124,"OWENA MULTI PURPOSE DAM IRRIGATION PROJECT
",252038001,BENIN/ OWENA RBDA,,35000000.0,YES,HIGH,"The Owena Multipurpose Dam Irrigation Project directly aligns with BORBDA's core mandate to develop irrigation infrastructure and operate multipurpose water projects, as the Owena Multipurpose Dam is specifically mentioned as a key infrastructure project under the Authority's management.",0
ERGP28111131,"OTUA DAM AND WATER SUPPLY PROJECT
",252038001,BENIN/ OWENA RBDA,,84000000.0,YES,HIGH,"The Otua Dam and Water Supply Project directly aligns with BORBDA's statutory mandate to construct and operate dams, provide water supply schemes, and develop water resources infrastructure within its operational area.",0
ERGP28111177,"ILLAH-EBU IRRIGATION PROJECT
",252038001,BENIN/ OWENA RBDA,,35000000.0,NO,HIGH,"The Illah-Ebu Irrigation Project is located in Delta State outside of BORBDA's operational jurisdiction, which covers Edo, Ondo, and Ekiti states plus only one senatorial district in Delta State, and Illah-Ebu is not within that designated senatorial district.",100
ERGP28111187,"ENVIRONMENTAL PROTECTION AND WASTE MANAGEMENT
",252038001,BENIN/ OWENA RBDA,,84000000.0,PARTIAL,MEDIUM,"While environmental protection relates to BORBDA's watershed management and erosion control functions, waste management is not explicitly covered in their statutory mandate which focuses primarily on water resources development and irrigation infrastructure.",50
ERGP28111487,"REHABILITATION OF HEADWORKS AND RETICULATION FOR AUCHI REGIONAL WATER SCHEME, EDO STATE.",252038001,BENIN/ OWENA RBDA,,70000000.0,YES,HIGH,"The rehabilitation of headworks and reticulation for Auchi Regional Water Scheme directly aligns with BORBDA's mandate to develop water resources for water supply and construct, operate, and maintain water supply infrastructure within its operational area covering Edo State.",0
ERGP28128879,"EARTH DAM AND WATER SCHEME FOR OTUO AND DISTRICT, OWAN EAST LGA EDO STATE",252038001,BENIN/ OWENA RBDA,,182000000.0,YES,HIGH,"The construction of earth dams and water schemes directly aligns with BORBDA's statutory mandate to construct and maintain dams, irrigation systems, and water supply infrastructure within its operational area, which includes Edo State.",0
ERGP28146174,CONSTRUCTION OF SOLAR POWERED BOREHOLES IN BENIN/OWENA RIVER BASIN EDO STATE,252038001,BENIN/ OWENA RBDA,,70000000.0,YES,HIGH,"The construction of solar powered boreholes directly aligns with BORBDA's statutory mandate to construct, operate, and maintain boreholes and other works necessary for comprehensive development of underground water resources, particularly for water supply provision within the Benin-Owena River Basin area.",0
ERGP28151043,"AISEGBA DAM AND IRRIGATION PROJECT
",252038001,BENIN/ OWENA RBDA,,21000000.0,YES,HIGH,The Aisegba Dam and Irrigation Project directly aligns with BORBDA's statutory mandate to construct and operate dams and irrigation systems for multipurpose water resource development and agricultural production within its operational area.,0
ERGP28173227,"PROCUREMENT ACTIVITIES FOR CAPITAL PROJECT
",252038001,BENIN/ OWENA RBDA,,14000000.0,YES,HIGH,"Procurement activities for capital projects directly support BORBDA's mandate to construct, operate, and maintain dams, irrigation systems, boreholes, and other water infrastructure necessary for water resource development and agricultural productivity.",0
ERGP28173233,"CONSTRUCTION OF AUCHI EARTH DAM, AUCHI, EDO STATE
",252038001,BENIN/ OWENA RBDA,,126000000.0,YES,HIGH,"The construction of Auchi Earth Dam falls directly within BORBDA's statutory mandate to construct dams and develop water resources infrastructure within its operational area, which includes Edo State.",0
ERGP28173291,"EWATO WATER SCHEME
",252038001,BENIN/ OWENA RBDA,,35000000.0,YES,HIGH,The Ewato Water Scheme directly aligns with BORBDA's statutory mandate to develop water resources for water supply and to implement urban and rural water supply schemes providing potable water to communities within its operational area.,0
ERGP28173294,PROVISION OF WATER SUPPLY SCHEMES IN FEDERAL CONSTITUENCIES UNDER THE BENIN-OWENA RBDA CATCHMENT AREA,252038001,BENIN/ OWENA RBDA,,70000000.0,YES,HIGH,"The provision of water supply schemes directly aligns with BORBDA's statutory mandate to develop water resources for water supply and to supply water from completed storage schemes to all users, including urban and rural water supply schemes within its operational area.",0
ERGP28196546,"CONSTRUCTION OF TRAILER PARK AT OBASANJO MOTOR PARK, ISUA AKOKO, AKOKO SOUTH EAST/SOUTH WEST FEDERAL CONSTITUENCY, ONDO STATE",252038001,BENIN/ OWENA RBDA,,49000000.0,NO,HIGH,"Construction of a trailer park at a motor park falls outside BORBDA's water resources development mandate, which focuses on irrigation, flood control, water supply, and watershed management rather than transportation infrastructure.",100
ERGP28200484,JATTU EARTH DAM CONSTRUCTION OF EARTH DAM ON THE RIVER OGIO FOR WATER SUPPLY AND IRRIGATION PURPOSES.(ERGP-28160129),252038001,BENIN/ OWENA RBDA,,182000000.0,YES,HIGH,The construction of an earth dam on River Ogio for water supply and irrigation purposes directly aligns with BORBDA's statutory mandate to construct dams and irrigation systems for multipurpose water resource development within the Benin-Owena River Basin.,0
ERGP28203428,PROVISION OF BOREHOLES IN SELECTED COMMUNITIES AND EXPANSION OF WATER WORKS AT AUCHI,252038001,BENIN/ OWENA RBDA,,21000000.0,YES,HIGH,"The provision of boreholes and expansion of water works directly aligns with BORBDA's statutory mandate to construct, operate, and maintain wells, boreholes, and other water infrastructure, as well as provide urban and rural water supply schemes.",0
ERGP28203746,"CONSTRUCTION OF IDUMUJE-UGBOKO DAM: PRE-FEASIBILITY STUDIES
",252038001,BENIN/ OWENA RBDA,,17500000.0,YES,HIGH,"Construction of dams falls directly within BORBDA's statutory mandate under Section 4(1) of the River Basin Development Authorities Act, which explicitly authorizes the agency to construct, operate, and maintain dams for multipurpose water resource development.",0
ERGP28215935,"CONSTRUCTION, REHABILITATION AND RETICULATION OF PIPES, ONI RIVER DAM, EFON ALAAYE, EKITI STATE",252038001,BENIN/ OWENA RBDA,,21029400.0,YES,HIGH,"The construction, rehabilitation and reticulation of pipes for Oni River Dam falls directly within BORBDA's mandate to construct, operate, and maintain dams and related infrastructure for water resources development, and Ekiti State is explicitly within the Authority's operational area.",0
ERGP28222893,"DEVELOPMENT OF ARTESIAN WELL, MOSHOOD, IKERE, EKITI STATE
",252038001,BENIN/ OWENA RBDA,,35000000.0,YES,HIGH,"The development of artesian wells directly aligns with BORBDA's statutory mandate to construct and operate wells and boreholes for comprehensive water resources development within its operational area, which includes Ekiti State.",0
ERGP28222899,"PROVISION OF WATER SUPPLY SCHEME IN IDUMUOBI OGBEOWELE QUARTERS (SEBASTIAN ADIGWE CLOSE) IBUSA, OSHIMILI - NORTH LGA DELTA STATE",252038001,BENIN/ OWENA RBDA,,17500000.0,YES,HIGH,"The provision of water supply schemes falls directly within BORBDA's statutory mandate to develop water resources and supply water to users, and Ibusa in Delta State is within the Authority's operational area which includes one senatorial district in Delta State.",0
ERGP28222933,"PROVISION OF BOREHOLE AT NWANONYE STREET, OPPOSITE COMMUNION CHURCH, BY FAITH PLAZA, OFF DLA ROAD, ASABA, DELTA STATE.",252038001,BENIN/ OWENA RBDA,,17500000.0,YES,HIGH,"The provision of boreholes for water supply falls directly within BORBDA's mandate to construct and operate boreholes and provide water supply schemes, and Asaba is located in Delta State which is part of the Authority's operational coverage area.",0
ERGP28236273,"CONSTRUCTION OF SOLAR BOREHOLES IN AGBA VILLAGE ONICHA-UGBO, ANIOCHA NORTH LGA, DELTA STATE",252038001,BENIN/ OWENA RBDA,,21000000.0,YES,HIGH,"The construction of solar boreholes for water supply falls directly within BORBDA's mandate to construct and operate boreholes and provide water supply schemes, and the location in Delta State is within the agency's operational area which includes one senatorial district in Delta State.",0
ERGP28236278,CONSTRUCTION OF SMALL AND MEDIUM EARTH DAMS UNDER THE RENEWED HOPE AGENDA IN THE CATCHMENT AREAS OF BENIN/OWENA RIVER BASIN DEVELOPMENT,252038001,BENIN/ OWENA RBDA,,5250000000.0,YES,HIGH,"The construction of small and medium earth dams directly aligns with BORBDA's statutory mandate to construct, operate, and maintain dams, irrigation systems, and other water infrastructure for multipurpose use including flood control and agricultural development within the Benin-Owena River Basin catchment areas.",0
ERGP28236280,"PROVISION FOR WATER-SMART IRRIGATION SYSTEMS (DRIP, SPRINKLER, AND GREENHOUSE ) TO PROMOTE SELF RELIANCE AND FOOD PRODUCTION UNDER THE",252038001,BENIN/ OWENA RBDA,,5250000000.0,YES,HIGH,The provision of water-smart irrigation systems directly aligns with BORBDA's statutory mandate to undertake comprehensive water resource development with particular emphasis on irrigation infrastructure provision and constructing irrigation systems for agricultural productivity.,0
ERGP28236287,"PROVISION OF SOLAR POWERED BOREHOLES IN COMMUNITIES IN IKA NORTH - EAST LGA, DELTA STATE",252038001,BENIN/ OWENA RBDA,,35000000.0,YES,HIGH,"The provision of solar powered boreholes in Ika North-East LGA, Delta State falls within BORBDA's mandate as the Authority covers one senatorial district in Delta State and is specifically tasked with constructing and maintaining boreholes and water supply schemes for communities.",0
ERGP28236290,"SOLAR POWERED BOREHOLES AT UBIAJA AND UROMI AREAS OF ESAN, EDO STATE
",252038001,BENIN/ OWENA RBDA,,21000000.0,YES,HIGH,"The construction and operation of boreholes for water supply falls directly within BORBDA's statutory mandate to develop underground water resources and provide water supply schemes to communities in its coverage area, which includes Edo State.",0
ERGP28236322,"SUPPLY AND INSTALLATION OF SOLAR BORHOLES IN IN ADO/IREPODUN-IFELODUN FEDERAL CONSTITUENCY, EKITI STATE.",252038001,BENIN/ OWENA RBDA,,105000000.0,YES,HIGH,"The supply and installation of solar boreholes directly aligns with BORBDA's mandate to construct, operate, and maintain boreholes and provide water supply schemes to communities within its operational area, which includes Ekiti State.",0
ERGP28236355,"WATER SUPPLY SCHEME IN OKITIPUPA/IRELE FEDERAL CONSTITUENCY, ONDO STATE
",252038001,BENIN/ OWENA RBDA,,28000000.0,YES,HIGH,"The water supply scheme in Okitipupa/Irele Federal Constituency falls directly within BORBDA's mandate to provide urban and rural water supply schemes across its operational area, which includes Ondo State.",0
ERGP28236559,INSTALLATION OF SOLAR POWERED BOREHOLES IN SOME SELECTED COMMUNITIES IN EKITI SOUTH SENATORIAL DISTRICT.,252038001,BENIN/ OWENA RBDA,,35000000.0,YES,HIGH,"Installing solar powered boreholes in Ekiti South Senatorial District falls directly within BORBDA's mandate to develop underground water resources, construct and maintain boreholes and wells, and provide water supply schemes to communities within its operational area that includes Ekiti State.",0
ERGP28236561,"SUPPLY OF WATER SCHEME IN ADO/ IREPODUN/ IFELODUN FEDERAL CONSTITUENCY.
",252038001,BENIN/ OWENA RBDA,,21000000.0,YES,HIGH,The supply of water schemes directly aligns with BORBDA's statutory mandate to develop water resources for water supply and to implement urban and rural water supply schemes providing potable water to communities across its coverage area.,0
ERGP28236564,"PROVISION OF SOLAR BOREHOLES IN SELECTED COMMUNITIES OF EKITI CENTRAL SENATORIAL DISTRICT, EKITI STATE",252038001,BENIN/ OWENA RBDA,,280000000.0,YES,HIGH,"The provision of solar boreholes directly aligns with BORBDA's statutory mandate to construct, operate, and maintain boreholes and other works necessary for water supply and comprehensive development of underground water resources within its operational area that includes Ekiti State.",0
ERGP28236565,"PROVISION OF SOLAR POWERED INDUSTRIAL BOREHOLE IN OBOMKPA COMMUNITY, DELTA NORTH SENATORIAL DISTRICT",252038001,BENIN/ OWENA RBDA,,28000000.0,YES,HIGH,"The provision of solar powered industrial borehole falls directly within BORBDA's mandate to develop underground water resources and supply water to users, particularly as Obomkpa Community is located in Delta North Senatorial District which is explicitly within the Authority's operational area.",0
ERGP28236578,PROVISION OF SOLAR POWERED BOREHOLES IN SELECTED COMMUNITIES OF IREPODUN/IFELODUN LGAs OF EKITI STATE.,252038001,BENIN/ OWENA RBDA,,175000000.0,YES,HIGH,Providing solar powered boreholes for water supply in Ekiti State communities directly aligns with BORBDA's mandate to develop underground water resources and provide rural water supply schemes within its operational coverage area.,0
ERGP28236579,PROVISION OF SOLAR BOREHOLES IN SELECTED RURAL COOMUNITIES OF IJERO LOCAL GOVERNMENT AREA OF EKITI STATE,252038001,BENIN/ OWENA RBDA,,175000000.0,YES,HIGH,"The provision of solar boreholes for rural water supply directly aligns with BORBDA's statutory mandate to develop underground water resources and provide water supply schemes to communities within its operational area, which includes Ekiti State.",0
ERGP28236603,"PROVISION OF SOLAR POWERED BOREHOLES IN OKE AKO EKITI AND IJESHA-ISU COMMUNITIES, IKOLE LOCAL GOVERNMENT",252038001,BENIN/ OWENA RBDA,,140000000.0,YES,HIGH,"The provision of solar powered boreholes directly aligns with BORBDA's mandate to construct and operate boreholes and provide water supply schemes to communities within its operational area, which includes Ekiti State.",0
ERGP28236605,"PROVISION OF SOLAR POWERED BOREHOLES IN TEMIDIRE, ISINLA AND FALEGAN COMMUNITIES, ADO EKITI",252038001,BENIN/ OWENA RBDA,,140000000.0,YES,HIGH,"The provision of solar powered boreholes for community water supply directly falls under BORBDA's mandate to construct and operate boreholes and provide water supply schemes to communities within its operational area, which includes Ekiti State.",0
ERGP28236608,"PROVISION OF SOLAR POWERED BOREHOLE IN DELTA NORTH SENATORIAL DISTRICT
",252038001,BENIN/ OWENA RBDA,,105000000.0,YES,HIGH,"The provision of solar powered boreholes in Delta North Senatorial District falls directly within BORBDA's mandate to develop underground water resources, construct and maintain boreholes, and supply water to users in its operational area which includes one senatorial district in Delta State.",0
ERGP29151251,EXPANSION OF THE EXISTING INTERNET AND INTERCOM FACILITIES IN THE HEADQUARTERS,252038001,BENIN/ OWENA RBDA,,5250000.0,PARTIAL,MEDIUM,"While internet and intercom facilities are not directly related to BORBDA's core water resources development mandate, they could be considered necessary administrative infrastructure to support the Authority's operational functions including data collection, communication, and coordination of water resource management activities.",50
ERGP29236316,"ICT INFRASTRUCTURE
",252038001,BENIN/ OWENA RBDA,,350000000.0,PARTIAL,MEDIUM,"While ICT infrastructure is not explicitly listed in BORBDA's statutory functions, it could reasonably support the agency's mandate to maintain comprehensive water resources master plans and collect/collate water resources data, though it's not a core water resource development activity.",50
ERGP29236320,"SUPPLY OF COMPUTERS TO YOUTH IN EKITI SOUTH FED. CONSTITUENCY II/GBONYIN/EMURE/EKITI EAST LGA, EKITI STATE",252038001,BENIN/ OWENA RBDA,,140000000.0,NO,HIGH,"Supplying computers to youth falls outside BORBDA's water resources development mandate, which focuses on irrigation, flood control, water supply, and watershed management rather than IT equipment provision.",100
ERGP30178973,"INTEGRATED FARM AT IGUEODODO, ORHIONMWON LGA, EDO STATE
",252038001,BENIN/ OWENA RBDA,,14000000.0,YES,HIGH,An integrated farm project falls directly within BORBDA's mandate to develop water resources for sustainable agricultural production and promote all-season agriculture for socio-economic development within its operational area covering Edo State.,0
ERGP30193276,"FEASIBILITY STUDIES AND ENGINEERING DESIGN
",252038001,BENIN/ OWENA RBDA,,7265300.0,YES,HIGH,"Feasibility studies and engineering design are essential preliminary activities for BORBDA's mandate to construct and operate water infrastructure projects like dams, irrigation systems, and water supply schemes.",0
ERGP30222895,"PROVISION OF INVESTIGATION: LABORATORY EQUIPMENT AND CONSUMABLES
",252038001,BENIN/ OWENA RBDA,,14000000.0,YES,HIGH,"Laboratory equipment and consumables for investigation purposes are essential for BORBDA's mandate to collect and analyze water resources, water quality, and environmental data required for comprehensive water resources master plan development and monitoring of multipurpose water projects.",0
ERGP30225983,"ESTABLISHMENT OF AN INTEGRATED FARM IN AJEGUNLE-ISINKAN, MILE 14, ONDO ROAD, AKURE, ONDO STATE.",252038001,BENIN/ OWENA RBDA,,35000000.0,YES,HIGH,The establishment of an integrated farm directly supports BORBDA's mandate to promote sustainable agricultural production and all-season agriculture through irrigation infrastructure development within its operational area that includes Ondo State.,0
ERGP30236339,"SUPPLY OF EPUIPMENT FOR THE DEPARTMENT OF GEOGRAPHY, UNIVERSITY OF IBADAN, OYO STATE NIGERIA",252038001,BENIN/ OWENA RBDA,,17500000.0,NO,HIGH,"Supplying equipment to a university geography department falls outside BORBDA's mandate which is specifically focused on water resources development, irrigation infrastructure, flood control, and agricultural development within the Benin-Owena River Basin.",100
ERGP30236344,"CONSTRUCTION OF NATIONAL CONGRESS OF AKOKO STUDENTSÃ¢â¬â¢ SECRETARIAT, IKARE-AKOKO, AKOKO NORTHEAST LOCAL GOVERNMENT, ONDO",252038001,BENIN/ OWENA RBDA,,35000000.0,NO,HIGH,"Construction of a student organization secretariat building is not related to BORBDA's mandate of water resources development, irrigation infrastructure, flood control, or agricultural water supply projects.",100
ERGP30236349,CAPACITY BUILDING AND SENSITIZATION OF THE TRANSPORT UNIONS AND SUPPLY OF HIACE BUS IN AKOKO NORTHEAST/ NORTHWEST FEDERAL CONSTITUENCY OF ONDO,252038001,BENIN/ OWENA RBDA,,84000000.0,NO,HIGH,"This budget item involves transport union capacity building and vehicle supply, which falls completely outside BORBDA's water resources development mandate focused on irrigation, flood control, and water supply infrastructure.",100
ERGP30236589,"COMPLETION OF CONSTRUCTION AND FURNISHING OF NBA BAR CENTRE IN ADO EKITI, EKITI STATE",252038001,BENIN/ OWENA RBDA,,350000000.0,NO,HIGH,"The construction and furnishing of a Nigerian Bar Association (NBA) Bar Centre is completely outside BORBDA's mandate, which is exclusively focused on water resources development, irrigation, flood control, and related agricultural activities.",100
ERGP30236611,"RECONSTRUCTION OF IDUMU EZIAJA COMMUNITY HALL UTEROKPU, IKA NORTH EAST (ERGP202201382)",252038001,BENIN/ OWENA RBDA,,49000000.0,NO,HIGH,"Reconstructing a community hall is outside BORBDA's mandate which focuses specifically on water resources development, irrigation infrastructure, flood control, and watershed management rather than general community infrastructure projects.",100
ERGP3158830,"EROSION CONTROL WORKS IN IDINLI LAKE, AUCHI, EDO STATE.
",252038001,BENIN/ OWENA RBDA,,70000000.0,YES,HIGH,"Erosion control works directly align with BORBDA's statutory mandate under Section 4(1) to control floods and erosion, and undertake watershed management within its operational area that includes Edo State.",0
ERGP3222888,"CONTRUCTION OF TOWN HALL AT EME-ORA, OWAN EAST/ WEST LGA EDO STATE
",252038001,BENIN/ OWENA RBDA,,35000000.0,NO,HIGH,"Construction of a town hall is a civic infrastructure project that falls outside BORBDA's specific mandate of water resources development, irrigation, flood control, and related agricultural activities.",100
ERGP3222897,"EROSION CONTROL AND CHANNELIZATION WORKS AT NEAR RCCG CELEBRATION CHURCH, OBA-ILE, AKURE NORTH LGA, ONDO STATE.",252038001,BENIN/ OWENA RBDA,,21000000.0,YES,HIGH,"Erosion control falls directly under BORBDA's statutory mandate to control floods and erosion as specified in Section 4(1) of the River Basin Development Authorities Act, and the location in Ondo State is within the Authority's operational area.",0
ERGP3224129,"EROSION CONTROL AND SOLAR POWER WORKS NEAR IJARE JUNCTION, IKERE, EKITI STATE.",252038001,BENIN/ OWENA RBDA,,14000000.0,PARTIAL,MEDIUM,"The erosion control component aligns with BORBDA's mandate for flood and erosion control, but the solar power works fall outside their specific water resources and irrigation-focused statutory functions.",50
ERGP3224133,"EROSION CONTROL AND SOLAR POWER WORKS BY ILAWE JUNCTION, BOUSTIE RD, IKERE, EKITI STATE",252038001,BENIN/ OWENA RBDA,,14000000.0,PARTIAL,MEDIUM,"The erosion control component aligns with BORBDA's mandate for flood and erosion control, but the solar power works fall outside their core water resources development functions.",50
ERGP3224141,"EROSION CONTROL AND SOLAR POWER WORKS AT HON. YOMI ODE STREET, OBA ILE, AKURE, ONDO STATE.",252038001,BENIN/ OWENA RBDA,,14000000.0,PARTIAL,MEDIUM,"The erosion control component aligns with BORBDA's mandate for flood and erosion control, but the solar power works aspect falls outside their core water resources development functions.",50
ERGP5111755,PROCUREMENT OF EQUIPMENT FOR FARMLAND CLEARING AND PREPARATION - D7 BULLDOZER AND G12 GRADER.,252038001,BENIN/ OWENA RBDA,,56000000.0,YES,HIGH,The procurement of bulldozers and graders for farmland clearing and preparation directly supports BORBDA's mandate to develop irrigation infrastructure and hand over cultivated lands to farmers under irrigation schemes.,0
ERGP5111765,"PROCUREMENT OF SPARES FOR THE MAINTENANCE OF TRACTORS AND EQUIPMENT.
",252038001,BENIN/ OWENA RBDA,,21000000.0,YES,HIGH,"The procurement of tractor and equipment spares directly supports BORBDA's mandate to construct, operate, and maintain irrigation systems and agricultural infrastructure necessary for comprehensive water resources development and agricultural production.",0
ERGP5145083,"ESTABLISHMENT OF INTEGRATED FARM IN OHOROGU, AKOKO -EDO LOCAL GOVERNMENT AREA,EDO STATE",252038001,BENIN/ OWENA RBDA,,56000000.0,YES,HIGH,Establishing an integrated farm falls within BORBDA's mandate to undertake comprehensive water resource development for agricultural production and to promote all-season agriculture for socio-economic development within its operational area that includes Edo State.,0
ERGP5145087,"ESTABLISHMENT OF INTEGRATED FARM IN OKPE, AKOKO -EDO LOCAL GOVERNMENT AREA,EDO STATE",252038001,BENIN/ OWENA RBDA,,35000000.0,YES,HIGH,"Establishing an integrated farm directly supports BORBDA's mandate to promote agricultural production and socio-economic development within its operational area, which includes Edo State.",0
ERGP5151045,"IYEMERO FARMLAND DEVELOPMENT
",252038001,BENIN/ OWENA RBDA,,35000000.0,YES,HIGH,Farmland development falls directly under BORBDA's mandate to undertake comprehensive water resource development for agricultural production and irrigation infrastructure provision.,0
ERGP5173249,"AUCHI INTEGRATED FARM
",252038001,BENIN/ OWENA RBDA,,49000000.0,YES,HIGH,"An integrated farm project in Auchi (located in Edo State, which is within BORBDA's operational area) directly aligns with the Authority's mandate to develop irrigation infrastructure and promote agricultural production for socio-economic development.",0
ERGP5173287,"MAINTENANCE OF DAMS: OWENA EARTH DAM, OGWASHI DAM, UKHUN-ERAH DAM
",252038001,BENIN/ OWENA RBDA,,56000000.0,YES,HIGH,"Maintenance of dams falls directly within BORBDA's statutory mandate to construct, operate, and maintain dams, dykes, and other water infrastructure works necessary for multipurpose water resource development.",0
ERGP5196544,"ESTABLISHMENT OF AN INTEGRATED FARM IN UMUNNEOCHI, ABIA STATE
",252038001,BENIN/ OWENA RBDA,,14000000.0,NO,HIGH,"The budget item is for establishing a farm in Abia State, which is completely outside BORBDA's mandated operational area that covers only Edo, Ondo, Ekiti states and one senatorial district in Delta State.",100
ERGP5222889,"PROCUREMENT OF AGRICULTURAL EQUIPMENT: COMBINED HARVESTER AND OTHERS.
",252038001,BENIN/ OWENA RBDA,,56000000.0,PARTIAL,MEDIUM,"While BORBDA's mandate focuses on water resources development and irrigation infrastructure rather than direct agricultural equipment provision, the procurement of harvesters could reasonably support their statutory function of handing over developed irrigated lands to farmers and promoting all-season agriculture within their irrigation schemes.",50
ERGP5222892,"ARAROMI FARMLAND FENCING
",252038001,BENIN/ OWENA RBDA,,14000000.0,YES,HIGH,"Fencing farmland directly supports BORBDA's mandate to develop irrigation infrastructure and hand over cultivated lands under irrigation schemes to farmers, as proper fencing is essential for protecting agricultural investments and ensuring successful farming operations.",0
ERGP5236284,PROVISION OF MECHANIZATION (LAND PREPARATION AND POSTHARVEST EQUIPMENT) AND EXTENSION SERVICE SYSTEMS IN THE CATCHMENT AREAS OFBENIN/OWENA RIVER,252038001,BENIN/ OWENA RBDA,,5250000000.0,YES,HIGH,The provision of mechanization and extension services for agricultural activities directly supports BORBDA's mandate to undertake comprehensive development of water resources for multipurpose use with particular emphasis on irrigation infrastructure and agricultural production within the river basin catchment areas.,0
ERGP5236300,"SUPPLY OF CASSAVA STEMS IN IDANRE CENTRAL LGA, ONDO STATE
",252038001,BENIN/ OWENA RBDA,,35000000.0,PARTIAL,MEDIUM,"While BORBDA's mandate focuses primarily on water resources development and irrigation infrastructure rather than direct agricultural input supply, providing cassava stems could be considered an agricultural support service that aligns with their goal to promote all-season agriculture and socio-economic development within their operational area.",50
ERGP5236302,"ESTABLISHMENT AND PREPARATION OF 10 HECTARES OF MAIZE FARM SETTLEMENT, SUPPLY OF TRACTORS, AND LIVESTOCK FEED PLANTAITION AND IRREGATION SYSTEM",252038001,BENIN/ OWENA RBDA,,840000000.0,PARTIAL,MEDIUM,"While the irrigation system and agricultural development aspects align with BORBDA's mandate to provide irrigation infrastructure and promote agricultural production, the livestock feed plantation component falls outside their core water resources and irrigation-focused mandate.",50
ERGP5236309,"SUPPLY OF PLANTAIN SUCKERS IDANRE CENTRAL LGA. ONDO STATE
",252038001,BENIN/ OWENA RBDA,,35000000.0,PARTIAL,MEDIUM,"While BORBDA's mandate includes agricultural development and irrigation schemes in Ondo State, directly supplying plantain suckers appears to be more of an agricultural input provision rather than the Authority's core functions of water resources development and irrigation infrastructure.",50
ERGP5236313,"ESTABLISHMENT OF FARM SETTLEMENTS AND PROVISION OF FARMING EQUIPMENT IN PARAGA, OGUN STATE.",252038001,BENIN/ OWENA RBDA,,420000000.0,NO,HIGH,"The budget item is for activities in Ogun State, which falls outside BORBDA's mandated operational area that covers only Edo, Ondo, Ekiti states and one senatorial district in Delta State.",100
ERGP8236327,EMPOWERMENT AND ETHICAL TRAINING FOR PALACE QUEENS IN EKITI FEDERAL CONSTITENCY II,252038001,BENIN/ OWENA RBDA,,35000000.0,NO,HIGH,"Training palace queens falls outside BORBDA's water resources development mandate, which focuses on irrigation, flood control, water supply, and dam construction rather than traditional leadership empowerment programs.",100
ERGP8236352,"SUPPLY OF TRICYCLES TO YOUTHS IN ONDO NORTH SENATORIAL DISTRICT
",252038001,BENIN/ OWENA RBDA,,84000000.0,NO,HIGH,"Supplying tricycles to youths falls outside BORBDA's statutory mandate which is specifically focused on water resources development, irrigation infrastructure, flood control, and watershed management rather than transportation or general youth empowerment programs.",100
ERGP8236382,"SUPPLY OF EMPOWERMENT MATERIAL AND GRANTS TO ALA IDANRE CENTRAL, ONDO STATE",252038001,BENIN/ OWENA RBDA,,29085000.0,PARTIAL,MEDIUM,"While BORBDA's mandate includes socio-economic development and agricultural support which could justify empowerment materials, the specific mention of ""grants"" may exceed the Authority's statutory functions which focus on water resources infrastructure and irrigation development rather than direct grant disbursement.",50
ERGP8236384,SUPPLY OF EMPOWERMENT MATERIAL TO RESIDENTS OF BOLUWADUR0 AND SELECTED LOCATIONS IN OSUN STATE,252038001,BENIN/ OWENA RBDA,,29085000.0,NO,HIGH,"BORBDA's operational area covers Edo, Ondo, Ekiti states and one senatorial district in Delta State, but does not include Osun State where Boluwaduro is located.",100
ERGP8236412,"PROCUREMENT OF HAIR DRESSING MACHINES, GRINDING MACHINES, SEWING MACHINES ETC. AS EMPOWERMENT FOR WOMEN AND YOUTHS IN EDO NORTH",252038001,BENIN/ OWENA RBDA,,70000000.0,PARTIAL,MEDIUM,"While the agency's mandate includes youth employment through agricultural support services, procuring hair dressing and sewing machines falls outside its core water resources and irrigation-focused functions, though it could be loosely connected to socio-economic development objectives.",50
ERGP10225392,ESTABLISHMENT OF HYBRID SOLAR POWERED SYSTEM AND ALL ITS ACCESSORIES AT LIAISON OFFICE ABUJA AND AHQ MAIDUGURI,252039001,CHAD BASIN RBDA,,35000000.0,PARTIAL,MEDIUM,"While solar power systems are not explicitly mentioned in CBDA's water resources mandate, they could reasonably support the agency's operations at its offices, though this represents administrative infrastructure rather than core water development activities.",50
ERGP10225439,PROVISION OF 500KVA / 33KVA TRANSFORMER IN GIWA BARRACK GAMBOLE ROAD - MAIDUGURI BORNO STATE,252039001,CHAD BASIN RBDA,,21000000.0,NO,HIGH,"Installing transformers at a military barrack falls outside CBDA's water resources development mandate, which focuses on irrigation, flood control, watershed management, and water supply infrastructure rather than electrical power distribution to military facilities.",100
ERGP10236630,"PROVISION AND INSTALLATION OF SOLAR STREET LIGHTS, ISMAILA BORNO STREET, OFF BAMA ROAD, GWANGE WARD MAIDUGURI",252039001,CHAD BASIN RBDA,,14000000.0,NO,HIGH,"Installing solar street lights on urban streets falls outside CBDA's statutory mandate which focuses specifically on water resources development, irrigation infrastructure, dam construction, and watershed management rather than urban lighting infrastructure.",100
ERGP10236652,CONSTRUCTION AND PROVISION OF ILLUMINATION TO CURB SECURITY CHALLENGES IN NORTH EAST,252039001,CHAD BASIN RBDA,,280000000.0,NO,HIGH,"The budget item for illumination to address security challenges falls outside CBDA's statutory mandate which is specifically focused on water resources development, irrigation infrastructure, and agricultural development rather than security infrastructure.",100
ERGP10236672,"PROVISION OF SOLAR STREET LIGHTS IN BAUCHI AND BORNO STATES
",252039001,CHAD BASIN RBDA,,28000000.0,NO,HIGH,"Providing solar street lights falls outside CBDA's statutory mandate which is specifically focused on water resources development, irrigation infrastructure, and agricultural development rather than general infrastructure or lighting projects.",100
ERGP1225408,PROVISION OF TUBEWELL WITH PORTABLE IRRIGATION PUMPS AND HOSES FOR IRRIGATION IN SELECTED COMMUNITIES AT YOBE AND BORNO STATES,252039001,CHAD BASIN RBDA,,7000000.0,YES,HIGH,"The provision of tubewells with portable irrigation pumps and hoses directly aligns with CBDA's statutory mandate to construct, operate, and maintain wells, boreholes, and irrigation systems for water resources development in Borno and Yobe States.",0
ERGP1225409,INCREASE ACCESS TO AGRICULTURAL LAND THROUGH THE PROVISION OF IRRIGATION FACILITIES AROUND NANGERE AND POTISKUM LGAS YOBE STATE,252039001,CHAD BASIN RBDA,,7000000.0,YES,HIGH,Providing irrigation facilities in Potiskum LGA (which is explicitly within CBDA's jurisdiction in Yobe State) directly aligns with the agency's statutory mandate to undertake comprehensive development of water resources with particular emphasis on irrigation infrastructure provision.,0
ERGP1225417,PROVISION OF FARM INPUTS AND EMPOWERMENT STUFF FOR LOW INCOME HOUSE OWNERS AND WOMEN IN SELECTED COMMUNITIES IN YOBE AND BORNO STATES,252039001,CHAD BASIN RBDA,,7000000.0,PARTIAL,MEDIUM,"While the provision of farm inputs supports agricultural development which aligns with CBDA's irrigation and agricultural productivity mandate, the specific focus on ""empowerment stuff for low income house owners"" extends beyond the agency's core water resources development functions.",50
ERGP1225436,"PROVISION OF TUBEWELLS FOR IRRIGATION AT JERE, DIKWA AND KONDUGA LGAS, BORNO STATE",252039001,CHAD BASIN RBDA,,149922414.0,YES,HIGH,"The provision of tubewells for irrigation directly aligns with CBDA's statutory mandate to construct and operate wells, boreholes, and irrigation systems for comprehensive water resources development within its jurisdiction, which includes the specified LGAs in Borno State.",0
ERGP20225440,"ESTABLISHMENT OF AUTOMATED WEATHER STATION IN THE BASIN
",252039001,CHAD BASIN RBDA,,14000000.0,PARTIAL,MEDIUM,"While weather monitoring can support watershed management and irrigation planning which are within CBDA's mandate, establishing weather stations is not explicitly listed among the Authority's core statutory functions of water resources development, irrigation infrastructure, and dam construction.",50
ERGP24225431,"CONSTRUCTION OF MULTIPURPOSE LECTURE THEATER AT JIBWIS COLLEGE OF EDUCATION MAIDUGURI LGA, BORNO STATE",252039001,CHAD BASIN RBDA,,49578851.0,NO,HIGH,"The construction of a lecture theater at an educational institution falls outside CBDA's mandate, which is specifically focused on water resources development, irrigation infrastructure, and agricultural development rather than educational facility construction.",100
ERGP26236656,"FENCING AND LANDSCAPPING OF GAMBORU NGALA MINI STATDIUM IN BAMA/NGALA/KALABALGE FEDERAL CONSTITUENCY, BORNO STATE.",252039001,CHAD BASIN RBDA,,315000000.0,NO,HIGH,"Fencing and landscaping of a mini stadium falls outside CBDA's statutory mandate which is specifically focused on water resources development, irrigation infrastructure, and watershed management rather than sports facility development.",100
ERGP26236658,"FENCING AND LANDSCAPPING OF BANKI MINI STADIUM IN BAMA/NGALA/KALABALGE FEDERAL CONSTITUENCY, BORNO STATE.",252039001,CHAD BASIN RBDA,,315000000.0,NO,HIGH,"Fencing and landscaping of a mini stadium falls outside CBDA's water resources development mandate, which focuses on irrigation, flood control, dam construction, and water supply rather than sports infrastructure development.",100
ERGP27233307,RENOVATION & FURNISHING OF 4NOS. BLOCKS OF OFFICES AND PERIMETER FENCING AT AHQ,252039001,CHAD BASIN RBDA,,98000000.0,YES,HIGH,Renovating and furnishing office blocks and perimeter fencing at headquarters is necessary infrastructure maintenance that directly supports CBDA's operational capacity to carry out its statutory water resources development and management functions.,0
ERGP28169162,"DEBT SETTLEMENT (OUTSTANDING LIABILITIES)
",252039001,CHAD BASIN RBDA,,42000000.0,YES,HIGH,Debt settlement for outstanding liabilities is a necessary administrative and financial management function that enables CBDA to fulfill its statutory mandate of water resources development and infrastructure projects.,0
ERGP28169186,"PARTNERSHIP PROGRAM FOR EXPANDED WATER SUPPLY, SANITATION AND HYGIENE (PE-WASH)",252039001,CHAD BASIN RBDA,,105000000.0,YES,HIGH,"The PE-WASH program directly aligns with CBDA's statutory mandate to develop water resources for multipurpose use and supply water to all users, which encompasses water supply, sanitation and hygiene services.",0
ERGP28169193,RIVER TRAINING AND CHANNELIZATION WORKS ON HADEJIA JAMAARE KUMODUGU YOBE RIVER (HJKYR) CONSTRUCTION OF PROTECTION LEVEE IN DAMASAK - MOBBAR,252039001,CHAD BASIN RBDA,,140000000.0,YES,HIGH,"River training, channelization works, and construction of protection levees directly align with CBDA's statutory mandate to undertake flood and erosion control, watershed management, and construct dykes and other water infrastructure works within its jurisdiction that includes areas along the Yobe River system.",0
ERGP28169208,"PROCUREMENT OF 2025 WORKS, GOODS AND SERVICES
",252039001,CHAD BASIN RBDA,,14000000.0,PARTIAL,MEDIUM,"The budget item is too vague to determine if the works, goods and services relate to CBDA's specific mandate of water resources development, irrigation infrastructure, dam construction, and watershed management.",50
ERGP28169224,"EROSION CONTROL WORK / LAND RECLAMATION AND DRAINAGE WORKS IN BORNO, YOBE AND NORTH PART OF ADAMAWA STATES",252039001,CHAD BASIN RBDA,,49000000.0,YES,HIGH,"The budget item directly aligns with CBDA's statutory mandate to undertake flood and erosion control, watershed management, and construct drainage systems within its designated area of operation covering Borno, Yobe, and northern Adamawa States.",0
ERGP28195195,"CONSTRUCTION OF TUBEWELLS FOR IRRIGATION WITH COMPLETE ACCESSORIES IN BAMA, ALAU AND KONDUGA ALL IN BORNO STATE",252039001,CHAD BASIN RBDA,,70000000.0,YES,HIGH,"The construction of tubewells for irrigation with complete accessories directly aligns with CBDA's statutory mandate to construct, operate, and maintain wells, boreholes, and irrigation systems for comprehensive water resources development in its area of jurisdiction, which includes Borno State.",0
ERGP28201649,CONSTRUCTION WORKS FOR THE CONTROL OF GULLY EROSION AND LAND RECLAIMATION AT MASAKAN MAKAFI BOLEWA A TO BARE-BARI BAUYA LAILAI WARD,252039001,CHAD BASIN RBDA,,273000000.0,YES,HIGH,The budget item directly aligns with CBDA's statutory mandate to undertake flood and erosion control as well as watershed management within its area of jurisdiction.,0
ERGP28201650,PROVISION OF SOLAR POWERED BOREHOLES AND SHALLOW WELLS FOR DOMESTIC AND AGRIC PURPOSES ASSOCIATED WITH ACCESSORIES IN POTISKUM AND ENVIRONS,252039001,CHAD BASIN RBDA,,119000000.0,YES,HIGH,"The provision of solar powered boreholes and shallow wells directly aligns with CBDA's statutory function to construct, operate, and maintain wells and boreholes for comprehensive water resources development, and Potiskum is specifically mentioned as one of their project office locations in Yobe State.",0
ERGP28201655,CONSTRUCTION OF EROSION CONTROL WORKS AT NEW GRA BAMA ROAD IN MAIDUGURI BORNO STATE,252039001,CHAD BASIN RBDA,,126000000.0,YES,HIGH,"Construction of erosion control works falls directly within CBDA's statutory mandate to undertake flood and erosion control as specified in the River Basins Development Authorities Act, and the location in Maiduguri, Borno State is within their area of jurisdiction.",0
ERGP28213245,"PROVISION OF TUBEWELLS FOR IRRIGATION AT DAMASAK , MOBAR LGA & BAGA, KUKAWA LGA, BORNO STATE",252039001,CHAD BASIN RBDA,,105000000.0,YES,HIGH,"The provision of tubewells for irrigation directly aligns with CBDA's statutory mandate to construct and operate wells, boreholes, and irrigation systems for comprehensive water resources development in their area of jurisdiction, which includes Borno State.",0
ERGP28225379,"DRILLING OF 20NOS. SOLAR POWERED BOREHOLES IN THE AFFECTED FLOOD COMMUNITIES IN MAIDUGURI, JERE AND PART OF MAFA LGAS, BORNO STATE",252039001,CHAD BASIN RBDA,,175000000.0,YES,HIGH,"The budget item directly aligns with CBDA's statutory mandate to construct, operate, and maintain boreholes and other water infrastructure for multipurpose use within its jurisdiction covering Borno State.",0
ERGP28225401,"DRILLING OF SOLAR POWERED BOREHOLES IN BORNO, YOBE & NORTHERN PART OF ADAMAWA STATES",252039001,CHAD BASIN RBDA,,70000000.0,YES,HIGH,"The budget item directly aligns with CBDA's statutory mandate to construct, operate, and maintain boreholes and other works necessary for comprehensive development of underground water resources within its jurisdiction covering Borno, Yobe, and northern Adamawa States.",0
ERGP28225422,DRILLING OF SOLAR POWERED BOREHOLES IN SELECTED COMMUNITIES OF YOBE AND BORNO STATES,252039001,CHAD BASIN RBDA,,7000000.0,YES,HIGH,"The drilling of solar powered boreholes directly falls under CBDA's statutory mandate to construct, operate, and maintain boreholes and other works necessary for comprehensive development of underground water resources in Borno and Yobe States.",0
ERGP28225426,REHABILITATION OF BROKEN DOWN BOREHOLES IN SELECTED COMMUNITIES OF YOBE AND BORNO STATES,252039001,CHAD BASIN RBDA,,7000000.0,YES,HIGH,"The rehabilitation of broken down boreholes directly aligns with CBDA's statutory mandate to construct, operate, and maintain boreholes and other water infrastructure necessary for comprehensive water resources development in Borno and Yobe States.",0
ERGP28230189,PROCUREMENT OF SOLAR SUBMERSIBLE PUMPS AND ITS ACCESSORIES AT SELECTED COMMUNITIES IN YOBE STATE,252039001,CHAD BASIN RBDA,,35000000.0,YES,HIGH,Procuring solar submersible pumps for water extraction in Yobe State directly supports CBDA's statutory mandate to develop underground water resources and construct wells/boreholes for irrigation and multipurpose water supply within its area of jurisdiction.,0
ERGP28230192,PROCUREMENT OF SOLAR SUBMERSIBLE PUMPS AND ITS ACCESSORIES AT SELECTED COMMUNITIES IN BORNO STATE,252039001,CHAD BASIN RBDA,,35000000.0,YES,HIGH,Solar submersible pumps directly support CBDA's statutory mandate to develop underground water resources and construct/operate wells and boreholes for irrigation and water supply in their jurisdiction.,0
ERGP28233306,"LAND RECLAMATION AND EROSION CONTROL WORKS AT MATCHIYO, FARM CENTER JERE LGA BORNO STATE",252039001,CHAD BASIN RBDA,,56000000.0,YES,HIGH,"Land reclamation and erosion control works directly align with CBDA's statutory mandate to undertake flood and erosion control as well as watershed management within its jurisdiction, which includes Jere LGA in Borno State.",0
ERGP28236632,CONSTRUCTION OF SMALL AND MEDIUM EARTH DAMS IN THE CATCHMENT AREAS OF CHAD BASIN RIVER BASIN DEVELOPMENT AUTHORITY TO SUPPORT IRRIGATION FOR,252039001,CHAD BASIN RBDA,,7000000000.0,YES,HIGH,"Construction of small and medium earth dams for irrigation support directly aligns with CBDA's statutory mandate to construct and operate dams, irrigation systems, and undertake comprehensive water resources development for multipurpose use with emphasis on irrigation infrastructure provision.",0
ERGP28236635,DEVELOPMENT OF SMALL-SCALE IRRIGATION SCHEMES IN FADAMA LANDS OF THE CHAD BASIN RIVER BASIN TO SUPPORT THE RENEWED HOPE AGENDA FOR INCREASED,252039001,CHAD BASIN RBDA,,5250000000.0,YES,HIGH,Development of small-scale irrigation schemes directly aligns with CBDA's statutory mandate to undertake comprehensive development of water resources with particular emphasis on irrigation infrastructure provision and constructing irrigation systems for agricultural productivity.,0
ERGP28236637,CONSTRUCTION OF NEW AND REHABILITATION OF EXISTING IRRIGATION SCHEMES IN THE CATCHMENT AREAS OF UPPER CHAD BASIN BASIN DEVELOPMENT AUTHORITY TO,252039001,CHAD BASIN RBDA,,5250000000.0,YES,HIGH,"Construction and rehabilitation of irrigation schemes directly aligns with CBDA's statutory mandate to undertake comprehensive water resources development with particular emphasis on irrigation infrastructure provision and to construct, operate, and maintain irrigation and drainage systems.",0
ERGP28236640,"PROVISION FOR WATER-SMART IRRIGATION SYSTEMS (DRIP, SPRINKLER, AND GREEN HOUSE) IN THE CATCHMENT AREAS OF CHAD BASIN RIVER BASIN DEVELOPMENT",252039001,CHAD BASIN RBDA,,5250000000.0,YES,HIGH,"The budget item directly aligns with CBDA's statutory mandate to undertake comprehensive water resource development with particular emphasis on irrigation infrastructure provision, and constructing, operating, and maintaining irrigation systems within its area of operation.",0
ERGP28236645,CONSTRUCTION OF SOLAR POWERED BOREHOLES IN NORTH EAST (WRCTT) FEDERAL CONSTITUENCIES,252039001,CHAD BASIN RBDA,,175000000.0,YES,HIGH,"The construction of solar powered boreholes directly aligns with CBDA's statutory mandate to construct, operate, and maintain boreholes and other works necessary for comprehensive development of underground water resources in their area of operation covering the North East region.",0
ERGP28236648,PROVISION OF WATER SUPPLY SCHEMES TO SELECTED FEDERAL CONSTITUENCIES IN YOBE AND BORNO STATE WRCTT,252039001,CHAD BASIN RBDA,,140000000.0,YES,HIGH,"Providing water supply schemes directly aligns with CBDA's statutory mandate to undertake comprehensive development of water resources and supply water from completed schemes to all users, particularly within its jurisdiction covering Borno and Yobe States.",0
ERGP28236650,"PROVISION OF SOLAR POWERED BOREHOLE WITH RETICULATION AT NO. 13 SHAGARI STREET, GADAMAYO 'A' WARD, GWOZA LGA, BORNO STATE",252039001,CHAD BASIN RBDA,,21000000.0,YES,HIGH,"The provision of solar powered boreholes falls directly within CBDA's statutory mandate to construct, operate, and maintain boreholes and other works necessary for comprehensive development of water resources in its area of operation, which includes Gwoza LGA in Borno State.",0
ERGP28236654,"CONSTRUCTION OF SOLAR POWERED BOREHOLES IN FIKA/FUNE FEDERAL CONSTITUENCY, YOBE STATE",252039001,CHAD BASIN RBDA,,140000000.0,YES,HIGH,"The construction of solar powered boreholes falls directly within CBDA's statutory mandate to construct, operate, and maintain boreholes and other works necessary for comprehensive development of underground water resources in its jurisdiction, which includes Yobe State.",0
ERGP28236659,"CONSTRUCTION OF BOREHOLES IN SELECTED TOWNS OF FIKA/FUNE FEDERAL CONSTITUENCY, YOBE STATE",252039001,CHAD BASIN RBDA,,70000000.0,YES,HIGH,"The construction of boreholes directly falls within CBDA's statutory mandate to construct, operate, and maintain wells, boreholes, and other water infrastructure, and Yobe State is explicitly within the Authority's jurisdiction.",0
ERGP28236662,"DRILLING AND INSTALLATION OF FULL PACKAGED SOLAR BOREHOLES ACROSS BURSARI/GEIDAM/YUNUSARI FEDERAL CONSTITUENCY, YOBE STATE",252039001,CHAD BASIN RBDA,,140000000.0,YES,HIGH,"The budget item directly aligns with CBDA's statutory mandate to construct, operate, and maintain boreholes and other works necessary for comprehensive development of underground water resources within its jurisdiction, which includes Yobe State.",0
ERGP28236664,"DRILLING AND INSTALLATION OF STANDARD HAND PUMPS ACROSS BURSARI/GEIDAM/YUNUSARI FEDERAL CONSTITUENCY, YOBE STATE",252039001,CHAD BASIN RBDA,,35000000.0,YES,HIGH,"Drilling and installation of hand pumps directly aligns with CBDA's statutory mandate to construct, operate, and maintain wells, boreholes, and other works for comprehensive water resources development, particularly in Yobe State which falls within their jurisdiction.",0
ERGP28236666,"PROVISION OF SOLAR-POWERED BOREHOLES IN SOME SELECTED TOWNS IN FIKA/FUNE FEDERAL CONSTITUENCY, YOBE STATE",252039001,CHAD BASIN RBDA,,140000000.0,YES,HIGH,"The provision of solar-powered boreholes directly aligns with CBDA's statutory mandate to construct, operate, and maintain boreholes and other works necessary for comprehensive development of water resources, particularly within its area of jurisdiction that includes Yobe State.",0
ERGP28236669,"WATER SUPPLY SCHEME IN FIKA/FUNE FEDERAL CONSTITUENCY, YOBE STATE
",252039001,CHAD BASIN RBDA,,28000000.0,YES,HIGH,"The water supply scheme in Fika/Fune Federal Constituency falls directly within CBDA's statutory mandate to undertake comprehensive development of water resources and supply water to all users, and Yobe State is explicitly within the Authority's area of jurisdiction.",0
ERGP28236674,CONSTRUCTION OF 500 CUBIC METERS STEEL ELEVATED TANK ON 12METERS TOWER AT MONGUNO IN BORNO STATE.,252039001,CHAD BASIN RBDA,,350000000.0,YES,HIGH,"The construction of a steel elevated water tank directly aligns with CBDA's statutory mandate to supply water to users and construct infrastructure necessary for comprehensive water resources development in its area of operation, which includes Borno State.",0
ERGP28236678,CONSTRUCTION OF WATER SUPPLY SCHEME AT MAGUMERI IN BORNO NORTH SENATORIAL CONSTITUENCY,252039001,CHAD BASIN RBDA,,770000000.0,YES,HIGH,"Constructing water supply schemes directly aligns with CBDA's statutory mandate to undertake comprehensive development of water resources and construct wells, boreholes, and other water infrastructure within its jurisdiction that includes Borno State.",0
ERGP30201707,"HUMAN DEVELOPMENT THROUGH AGRIC AND WATER RESOURCES IN THE BASIN
",252039001,CHAD BASIN RBDA,,14000000.0,YES,HIGH,"The budget item directly aligns with CBDA's statutory mandate to develop water resources for multipurpose use with emphasis on irrigation infrastructure, agricultural productivity enhancement, and socio-economic development in the Chad Basin area.",0
ERGP30236643,PROVISION OF MECHANIZATION (LAND PREPARATION AND POSTHARVEST EQUIPMENT) AND EXTENSION SERVICE SYSTEMS IN THE CATCHMENT AREAS OF CHAD BASIN RIVER,252039001,CHAD BASIN RBDA,,5250000000.0,PARTIAL,MEDIUM,"While the agency's mandate focuses primarily on water resources development and irrigation infrastructure, agricultural mechanization and extension services in catchment areas indirectly support their core mission of enhancing agricultural productivity in irrigated areas, though these activities are not explicitly listed among their statutory functions.",50
ERGP5158443,"REHABILITATION / REPLACEMENT OF HEAVY DUTY EARTH MOVING MACHINES
",252039001,CHAD BASIN RBDA,,140000000.0,YES,HIGH,"Heavy duty earth moving machines are essential equipment for CBDA's statutory functions of constructing dams, dykes, polders, irrigation and drainage systems, and other water infrastructure works within their mandate.",0
ERGP5169170,"REHABILITATION OF 48NOS. SENIOR STAFF QUARTERS AT AHQ / PHQ
",252039001,CHAD BASIN RBDA,,70000000.0,PARTIAL,MEDIUM,"While rehabilitating senior staff quarters supports the agency's operational capacity to carry out its water resources development mandate, housing infrastructure is not explicitly listed among CBDA's core statutory functions which focus on water resources development, irrigation, and agricultural projects.",50
ERGP5169175,"REHABILITATION OF 70NOS. INTERMEDIATE STAFF QUARTERS AT AHQ / PHQ
",252039001,CHAD BASIN RBDA,,70000000.0,PARTIAL,MEDIUM,"While staff quarters rehabilitation supports CBDA's operational capacity to fulfill its water resources development mandate, accommodation infrastructure is not explicitly listed among the Authority's core statutory functions which focus on water resources development, irrigation, and agricultural projects.",50
ERGP5169177,"REHABILITATION OF 112NOS. JUNIOR STAFF QUARTERS AT AHQ / PHQ
",252039001,CHAD BASIN RBDA,,70000000.0,PARTIAL,MEDIUM,"While staff housing rehabilitation is not directly part of CBDA's core water resources development mandate, it supports the agency's operational capacity to fulfill its statutory functions across its vast operational area.",50
ERGP5169260,"DEVELOPMENT OF INTEGRATED FARM CENTERS IN BORNO STATE
",252039001,CHAD BASIN RBDA,,14000000.0,YES,HIGH,The development of integrated farm centers directly aligns with CBDA's mandate to undertake comprehensive water resources development with particular emphasis on irrigation infrastructure provision and agricultural development within its jurisdiction covering Borno State.,0
ERGP5169267,DEVELOPMENT OF INTEGRATED FARM CENTER IN YOBE STATE,252039001,CHAD BASIN RBDA,,14000000.0,YES,HIGH,"The development of integrated farm centers directly supports CBDA's mandate to enhance agricultural productivity and food security through comprehensive water resources development and irrigation infrastructure provision in Yobe State, which falls within its jurisdiction.",0
ERGP8169312,"AGRICULTURAL LAND DEVELOPMENT PROGRAMME IN BORNO,YOBE AND ADAMAWA STATES",252039001,CHAD BASIN RBDA,,49000000.0,YES,HIGH,"The Agricultural Land Development Programme directly aligns with CBDA's statutory mandate to undertake comprehensive water resources development with particular emphasis on irrigation infrastructure provision and to develop irrigable land for enhanced agricultural productivity, as demonstrated by their flagship South Chad Irrigation Project covering these exact states.",0
ERGP8169353,"CONSTRUCTION OF WASHBORES AND TUBEWELLS EQUIPED WITH PORTABLE PUMPS AND HOSES FOR IRRIGATION IN BORNO, YOBE AND ADAMAWA STATES",252039001,CHAD BASIN RBDA,,56000000.0,YES,HIGH,"The construction of washbores and tubewells equipped with portable pumps and hoses for irrigation directly aligns with CBDA's statutory mandate to develop underground water resources for irrigation infrastructure provision and construct wells, boreholes, and irrigation systems in its jurisdiction covering Borno, Yobe, and parts of Adamawa States.",0
ERGP10236708,"PROVISION AND INSTALLATION OF SOLAR STREET LIGHT IN OBUBRA, CROSS RIVER CENTRAL SENATORIAL DISTRICT, CROSS RIVER STATE.",252040001,CROSS RIVER RBDA,,70000000.0,NO,HIGH,"Installing solar street lights falls outside CRBDA's mandate which is specifically focused on water resources development, irrigation infrastructure, and agricultural development rather than general infrastructure or street lighting projects.",100
ERGP10236710,"CONSTRUCTION OF SOLAR STREET LIGHTS (LOT 1-10) IN BEKWARRA LGA, CROSS RIVER NORTH SENATORIAL DISTRICT, CROSS RIVER STATE.",252040001,CROSS RIVER RBDA,,140000000.0,NO,HIGH,"Construction of solar street lights falls outside CRBDA's mandate, which is specifically focused on water resources development, irrigation infrastructure, agricultural development, and watershed management rather than general infrastructure or street lighting projects.",100
ERGP12131445,"EROSION CONTROL WORKS AT UWEN ITA ROAD, IBESIKPO LGA, AKWA IBOM STATE",252040001,CROSS RIVER RBDA,,70000000.0,YES,HIGH,"Erosion control works directly align with CRBDA's statutory mandate under Section 4(1)(a) to undertake comprehensive development of water resources with particular emphasis on control of floods and erosion, and the location falls within their area of operation covering Akwa Ibom State.",0
ERGP12168291,"RECLAIMATION OF FARM LAND AND SHORE PROTECTION WORKS AT IKOT MKPANG, ESIGHI, BAKASSI, CRS",252040001,CROSS RIVER RBDA,,14000000.0,YES,HIGH,"The budget item directly aligns with CRBDA's statutory mandate to undertake comprehensive water resources development with particular emphasis on flood and erosion control, which includes land reclamation and shore protection works within its area of operation covering Cross River State.",0
ERGP12168299,"CONSTRUCTION OF FARM ACCESS ROAD FROM JETTY TO AKPABUYO FARMERS SETTLEMENT,AKPABUYO, CRS",252040001,CROSS RIVER RBDA,,24500000.0,PARTIAL,MEDIUM,"While farm access roads can support agricultural development which aligns with CRBDA's mission, the agency's statutory mandate specifically focuses on water resources development, irrigation infrastructure, and watershed management rather than general road construction.",50
ERGP12168305,"CONSTRUCTION OF AA QUA CLAN FARM ROAD PROJECT, ODUKPANI,CRS",252040001,CROSS RIVER RBDA,,10500000.0,PARTIAL,MEDIUM,"While farm road construction is not explicitly listed in CRBDA's statutory functions, it could be considered ancillary infrastructure necessary for agricultural development and farmer access to irrigation schemes under their mandate.",50
ERGP12168306,"CONSTRUCTION OF FARM EVACUATION ROAD AT EDET ARCHIBONG ETO MKPE, CRS",252040001,CROSS RIVER RBDA,,21000000.0,PARTIAL,MEDIUM,"While farm evacuation roads support agricultural development which aligns with CRBDA's mission of food security and agricultural development, the agency's statutory mandate specifically focuses on water resources development, irrigation infrastructure, and watershed management rather than general road construction.",50
ERGP12171510,"EROSION CONTROL WORKS AT IKOT INUEN-IKOT ASAT ROAD, EKOM IMAN, ETINAN LGA, AKS",252040001,CROSS RIVER RBDA,,175000000.0,YES,HIGH,"Erosion control works directly align with CRBDA's statutory mandate under Section 4(1)(a) which explicitly includes ""control of floods and erosion"" within their area of operation covering Cross River and Akwa Ibom States.",0
ERGP12183886,"CONSTRUCTION OF ODONGET-ETARA/EKURI ROAD FLOOD AND EROSION CONTROL PROJECT, CROSS RIVER STATE",252040001,CROSS RIVER RBDA,,84000000.0,YES,HIGH,"The construction of flood and erosion control infrastructure directly aligns with CRBDA's statutory mandate under Section 4(1)(a) to provide ""control of floods and erosion, as well as watershed management"" within their area of operation in Cross River State.",0
ERGP12201927,"CONSTRUCTION OF ACCESS ROAD AT OKEGBI OGUGU - OLAMABORO LGA, KOGI STATE",252040001,CROSS RIVER RBDA,,35000000.0,NO,HIGH,"The budget item involves construction in Kogi State, which is outside CRBDA's jurisdiction that covers only Cross River and Akwa Ibom States, and road construction does not align with the agency's water resources and agricultural development mandate.",100
ERGP12222886,"RECLAIMATION OF AFAHA NSIT IRRIGATION PROJECT, NDIT IBOM LGA, AKWA IBOM STATE",252040001,CROSS RIVER RBDA,,21000000.0,YES,HIGH,"The reclamation of an irrigation project directly falls within CRBDA's statutory mandate to construct, operate, and maintain irrigation systems and undertake comprehensive development of water resources for agricultural purposes in its area of operation, which includes Akwa Ibom State.",0
ERGP12222887,"CONSTRICTION OF AGBOKIM ROAD EROSION CONTROL PROJECT (SECTION 1) FROM KARABOT, KM 0+000 TO KM2 + 200 IN ETUNG LGA, CROSS RIVER STATE",252040001,CROSS RIVER RBDA,,2100000.0,YES,HIGH,"The construction of erosion control projects directly falls under CRBDA's statutory mandate to undertake ""control of floods and erosion"" and construct ""works necessary for the achievement of the Authority's functions"" as specified in Section 4(1)(a)-(e) of the River Basins Development Authorities Act.",0
ERGP16189838,"DIGITIZATION OF CRBDA RECORDS AND OPERATIONS
",252040001,CROSS RIVER RBDA,,5600000.0,PARTIAL,MEDIUM,"While digitization of records and operations is not explicitly mentioned in CRBDA's statutory functions, it could reasonably support their mandate to develop comprehensive water resources master plans and maintain up-to-date data collection systems for effective water resource management.",50
ERGP16189842,"PERFORMANCE MANAGEMENT SYSTEM (PMS) INITIATIVE
",252040001,CROSS RIVER RBDA,,7000000.0,PARTIAL,MEDIUM,"While performance management systems can support organizational efficiency in delivering CRBDA's water resources and agricultural development mandate, this administrative tool is not directly related to the Authority's core statutory functions of water resources development, irrigation infrastructure, and agricultural promotion.",50
ERGP19113564,"CONSTRUCTION OF BASIN TOWN COMMUNITY EROSION CONTROL WORKS, CALABAR
",252040001,CROSS RIVER RBDA,,49000000.0,YES,HIGH,"Construction of erosion control works falls directly within CRBDA's statutory mandate under Section 4(1)(a) which specifically includes ""control of floods and erosion"" and ""watershed management"" as core functions.",0
ERGP19113581,CONSTRUCTION OF EROSION CONTROL WORKS AT VARIOUS LOCATIONS IN AKWA IBOM AND CROSS RIVER STATES,252040001,CROSS RIVER RBDA,,56000000.0,YES,HIGH,"Construction of erosion control works directly aligns with CRBDA's statutory mandate under Section 4(1)(a) to undertake comprehensive water resources development with particular emphasis on ""control of floods and erosion"" within their area of operation covering Cross River and Akwa Ibom States.",0
ERGP19113628,"CONSTRUCTION OF EROSION CONTROL WORKS AT EBOM ABI LGA, CRS
",252040001,CROSS RIVER RBDA,,28000000.0,YES,HIGH,"Construction of erosion control works directly falls under CRBDA's statutory mandate to undertake comprehensive development of water resources with particular emphasis on the control of floods and erosion, as specified in Section 4(1)(a) of the River Basins Development Authorities Act.",0
ERGP19139215,"CONSTRUCTION OF EROSION AND FLOOD CONTROL WORKS NEAR PCN, EFFI, OKUNI, IKOM LGA, CROSS RIVER STATE",252040001,CROSS RIVER RBDA,,21000000.0,YES,HIGH,"Construction of erosion and flood control works directly aligns with CRBDA's statutory mandate to undertake comprehensive water resources development with particular emphasis on control of floods and erosion, and to construct works necessary for achieving the Authority's functions in Cross River State.",0
ERGP19195270,"GRADUATE YOUTH CAPACITY BUILDING IN AGRIC - BUSINESS
",252040001,CROSS RIVER RBDA,,14000000.0,PARTIAL,MEDIUM,"While the agency's mandate focuses on water resources development and irrigation infrastructure rather than direct capacity building programs, graduate youth training in agric-business could reasonably support the Authority's broader mission of accelerating agricultural development and food security through improved farming practices in irrigated areas.",50
ERGP19211860,"EROSION CONTROL IN SOME TOWNS IN ABAK, ESSIEN UDIM, ETIM EKPO, IKA AND IKONO LGA OF AKWA IBOM AT 500M EACH TO ENHANCE AGRICULTURAL OUTPUT",252040001,CROSS RIVER RBDA,,35000000.0,YES,HIGH,"The budget item directly aligns with CRBDA's statutory mandate to control floods and erosion as specified in Section 4(1)(a) of the River Basins Development Authorities Act, and targets LGAs within Akwa Ibom State which is part of the Authority's operational jurisdiction.",0
ERGP19212121,PROVISION AND INSTALATION OF SOLAR BOREHOLES IN COMMUNITIES IN THE SIX STATES OF THE SOUTH SOUTH ZONE,252040001,CROSS RIVER RBDA,,2965499.0,NO,HIGH,The budget item covers six states in the South South zone while CRBDA's mandate is specifically limited to Cross River and Akwa Ibom States only.,100
ERGP22168304,"PROVISION OF ODF FACILITIES FOR FARMERS IN CROSS RIVER AND AKWA IBOM STATES
",252040001,CROSS RIVER RBDA,,28000000.0,PARTIAL,MEDIUM,"While ODF (Open Defecation Free) facilities for farmers relate to rural development and supporting agricultural communities within CRBDA's operational states, sanitation infrastructure provision is not explicitly listed among the Authority's core statutory functions which focus primarily on water resources development, irrigation, and agricultural water supply.",50
ERGP23126139,"CONSTRUCTION OF CLASSROOM BLOCKS FOR BASIN HEADQUARTERS SCHOOL, CROSS RIVER STATE ( PURCHASE OF SCHOOL BUS)",252040001,CROSS RIVER RBDA,,28000000.0,NO,HIGH,"Construction of classroom blocks and purchase of school buses for educational facilities falls outside CRBDA's statutory mandate which is specifically focused on water resources development, irrigation infrastructure, flood control, and agricultural development.",100
ERGP27126131,"REHABILITATION /OF MANAGING DIRECTOR'S QUARTERS, CROSS RIVER STATE
",252040001,CROSS RIVER RBDA,,17500000.0,PARTIAL,MEDIUM,"While rehabilitating the Managing Director's quarters supports the agency's operational capacity and leadership infrastructure, it is not directly related to CRBDA's core statutory functions of water resources development, irrigation, and agricultural activities.",50
ERGP27171450,"REHABILITATION OF CROSS RIVER BASIN DEVELOPMENT AUTHORITY'S HEADQUARTERS, CALABAR",252040001,CROSS RIVER RBDA,,35000000.0,YES,HIGH,Rehabilitating the headquarters building is necessary for the agency to effectively carry out its statutory functions of water resources development and management from its designated operational base in Calabar.,0
ERGP27171566,INTERVENTION FUNDING FOR THE ENDSARS PROTEST DESTRUCTION OF CRBDA HEADQUATERS,252040001,CROSS RIVER RBDA,,28000000.0,NO,HIGH,"This budget item is for repairing protest damage rather than fulfilling CRBDA's statutory mandate of water resources development, irrigation infrastructure, and agricultural development in the Cross River Basin.",100
ERGP27171600,"CONSTRUCTION OF HEADQUATERS MULTIPURPOSE CENTRE
",252040001,CROSS RIVER RBDA,,17500000.0,PARTIAL,MEDIUM,"While the construction of a headquarters multipurpose centre could support the agency's administrative operations, it does not directly align with CRBDA's core statutory mandate of water resources development, irrigation infrastructure, and agricultural development.",50
ERGP27189825,"RENOVATION OF UYO LIASON OFFICE, AKWA IBOM STATE
",252040001,CROSS RIVER RBDA,,91000000.0,YES,HIGH,The renovation of Uyo Liaison Office falls within CRBDA's mandate as Akwa Ibom State is part of their current area of operation and maintaining operational facilities is necessary for executing their water resources and agricultural development functions in the region.,0
ERGP27222885,"RECONSTRUCTION OF BASIN GUEST HOUSE THAT WAS DESTROYED BY ENDSAR, BASIN TOWN CALABAR, CROSS RIVER STATE",252040001,CROSS RIVER RBDA,,56000000.0,NO,HIGH,"Reconstructing a guest house destroyed during EndSARS protests falls outside CRBDA's statutory mandate which focuses specifically on water resources development, irrigation infrastructure, flood control, and agricultural development rather than hospitality facilities.",100
ERGP27222900,"FURNISHING OF CRBDA HEADQUARTERS CANTEEN, BASIN TOWN CALABAR, CROSS RIVER STATE",252040001,CROSS RIVER RBDA,,28000000.0,PARTIAL,MEDIUM,"While furnishing a headquarters canteen is not directly related to CRBDA's core mandate of water resources development and agricultural irrigation, it supports the operational infrastructure necessary for staff to carry out the agency's statutory functions.",50
ERGP27236698,"COMPLETION OF TOWN HALL IN BOKALUM BOKI LGA, CROSS RIVER STATE.
",252040001,CROSS RIVER RBDA,,140000000.0,NO,HIGH,"The construction of a town hall is a civic infrastructure project that falls outside CRBDA's statutory mandate which is specifically focused on water resources development, irrigation, agricultural development, and watershed management.",100
ERGP27236702,"CONSTRUCTION OF GUEST HOUSE,EKPECHI NKOME, IKOM, IKOM/BOKI FED CONST, CROSS RIVER STATE",252040001,CROSS RIVER RBDA,,35000000.0,NO,HIGH,"Construction of a guest house is not related to CRBDA's statutory mandate of water resources development, irrigation infrastructure, agricultural development, or watershed management.",100
ERGP27236704,"TOWN HALL DEVELOPMENT IN AKAMKPA/BIASE FEDERAL CONSTITUENCY, CROSS RIVER STATE",252040001,CROSS RIVER RBDA,,70000000.0,NO,HIGH,"Town hall development is a community infrastructure project that falls outside CRBDA's specific mandate of water resources development, irrigation, flood control, and agricultural development through water management.",100
ERGP28113532,"CONSTRUCTION OF BUNYIA / AKATOM IRRUAN DAM PROJECT, BOKI LGA, CRS
",252040001,CROSS RIVER RBDA,,70000000.0,YES,HIGH,"The construction of the Bunyia/Akatom Irruan Dam Project directly aligns with CRBDA's statutory mandate to construct, operate, and maintain dams and irrigation infrastructure for comprehensive water resources development in Cross River State.",0
ERGP28113571,CONSTRUCTION OF WATER PROJECTS IN VARIOUS LOCATIONS IN AKWA IBOM AND CROSS RIVER STATES,252040001,CROSS RIVER RBDA,,49000000.0,YES,HIGH,Construction of water projects directly aligns with CRBDA's statutory mandate to undertake comprehensive development of water resources and construct infrastructure for water supply within its operational area covering Cross River and Akwa Ibom States.,0
ERGP28113587,"HEADQUARTERS, AREA OFFICE AND LIAISON OFFICE AND DEVELOPMENT, CALABAR, CR/AKWA IBOM AREA",252040001,CROSS RIVER RBDA,,84000000.0,YES,HIGH,"The budget item for headquarters, area office and liaison office development in Calabar directly supports CRBDA's operational infrastructure needs as a parastatal with headquarters located on Murtala Mohammed Highway, Calabar, serving Cross River and Akwa Ibom States.",0
ERGP28113589,"HYDROLOGICAL & HYDROMETROLOGICAL SERVICES
",252040001,CROSS RIVER RBDA,,6300000.0,YES,HIGH,Hydrological and hydrometrological services directly support CRBDA's statutory mandate to undertake comprehensive development of water resources and develop comprehensive water resources master plans through adequate collection and collation of water resources data.,0
ERGP28113593,"REHABILITATION AND PROCUREMENT OF PLANTS, MACHINERY AND EQUIPMENT
",252040001,CROSS RIVER RBDA,,35000000.0,YES,HIGH,"The rehabilitation and procurement of plants, machinery and equipment directly supports CRBDA's statutory mandate to construct, operate, and maintain irrigation systems, dams, boreholes, and other water infrastructure necessary for agricultural development and water resource management.",0
ERGP28113596,"SERVICING / REVITALIZATION OF THE RBDA PROJECTS
",252040001,CROSS RIVER RBDA,,14000000.0,YES,HIGH,"Servicing and revitalizing RBDA projects directly supports the agency's core mandate of developing and maintaining water resources infrastructure including dams, irrigation systems, boreholes, and drainage systems for agricultural development and water management.",0
ERGP28113603,"MONITORING OF HEALTH SERVICES AND OTHER DISEASE SENSITAZATION WORKSHOP.
",252040001,CROSS RIVER RBDA,,7000000.0,NO,HIGH,"Health services monitoring and disease sensitization workshops fall outside CRBDA's statutory mandate which is specifically focused on water resources development, irrigation infrastructure, agricultural development, and watershed management.",100
ERGP28113609,"STUDY AND DESIGN OF DAMS/ BARRAGES AT AKS/ CRS
",252040001,CROSS RIVER RBDA,,14000000.0,YES,HIGH,"The study and design of dams and barrages directly falls under CRBDA's statutory mandate to undertake comprehensive development of water resources and construct dams for irrigation, flood control, and multipurpose use in Cross River and Akwa Ibom States.",0
ERGP28113614,"PROCUREMENT PROCESS FOR 2025 PROJECTS
",252040001,CROSS RIVER RBDA,,10500000.0,PARTIAL,MEDIUM,"While procurement processes are necessary for implementing CRBDA's water resources and agricultural development projects, the budget item is too vague to confirm it specifically relates to the Authority's statutory functions of water infrastructure, irrigation systems, or agricultural development.",50
ERGP28113641,"ITU MBANG FARM DEVELOPMENT PROJECT, URUAN LGA, AKWA IBOM STATE
",252040001,CROSS RIVER RBDA,,10500000.0,YES,HIGH,"The Itu Mbang Farm Development Project falls directly within CRBDA's mandate to undertake comprehensive development of water resources for agricultural production and irrigation infrastructure, particularly as it is located in Akwa Ibom State which is within the Authority's operational jurisdiction.",0
ERGP28126118,"CONSTRUCTION OF. BOREHOLES AT AFRIKE, BEKWARRA LGA, CROSS RIVER STATE
",252040001,CROSS RIVER RBDA,,14000000.0,YES,HIGH,"The construction of boreholes falls directly within CRBDA's statutory mandate to construct, operate, and maintain boreholes and other works necessary for water resources development as specified in Section 4(1)(a)-(e) of the River Basins Development Authorities Act.",0
ERGP28126129,"PROVISION OF COMPLETE AUTOMATED WATER FACTORY UNIT / EXTRUDERS FOR SATCHET BAGS / BOTTLES / PURCHASE OF DELIVERY VAN AT THE HEADQUARTERS,",252040001,CROSS RIVER RBDA,,14000000.0,NO,HIGH,"The provision of automated water factory units for commercial bottled water production and delivery vans falls outside CRBDA's mandate, which focuses on water resources development for irrigation, agricultural production, and water supply infrastructure rather than commercial water manufacturing operations.",100
ERGP28126134,"P - WASH (WATER SANITATION AND HYGIEN IN CROSS RIVER AND AKWA IBOM STATES
",252040001,CROSS RIVER RBDA,,14000000.0,YES,HIGH,"The WASH program for water sanitation and hygiene in Cross River and Akwa Ibom States directly aligns with CRBDA's statutory mandate to develop water resources for multipurpose use including water supply, and falls within their designated geographical area of operation.",0
ERGP28139157,"KWA FALLS DAM PROJECT, CROSS RIVER STATE
",252040001,CROSS RIVER RBDA,,119000000.0,YES,HIGH,"The Kwa Falls Dam Project directly aligns with CRBDA's statutory mandate to construct, operate, and maintain dams for comprehensive water resource development and irrigation infrastructure provision within Cross River State.",0
ERGP28168303,"REHABILITATION OF IBIONO IBOM DAM, AKS
",252040001,CROSS RIVER RBDA,,91000000.0,YES,HIGH,"The rehabilitation of Ibiono Ibom Dam in Akwa Ibom State falls directly within CRBDA's mandate to construct, operate, and maintain dams within its area of operation, which includes Akwa Ibom State.",0
ERGP28171539,SENSITIZATION PROGRAMME FOR CLEAN NIGERIA AND WASH INLINE WITH SDGS UNDER CRBDA CATCHMENT AREA,252040001,CROSS RIVER RBDA,,7000000.0,YES,HIGH,"The sensitization programme for clean Nigeria and WASH (Water, Sanitation, and Hygiene) directly aligns with CRBDA's mandate to develop water resources for water supply and undertake comprehensive water resources management within their catchment area.",0
ERGP28189826,"PROVISION OF MINI WATER SCHEME IN IKONO LGA, AKS
",252040001,CROSS RIVER RBDA,,28000000.0,YES,HIGH,"Providing mini water schemes directly aligns with CRBDA's statutory mandate to supply water from completed storage schemes to all users and undertake comprehensive development of water resources, particularly since Ikono LGA is in Akwa Ibom State which falls within the Authority's area of operation.",0
ERGP28189830,REHABILITATION AND CONSTRUCTION OF WATER SCHEMES IN CROSS RIVER AND AKWA IBOM,252040001,CROSS RIVER RBDA,,35000000.0,YES,HIGH,"The budget item directly aligns with CRBDA's statutory mandate to undertake comprehensive development of water resources and construct, operate, and maintain water infrastructure including supply schemes within its area of operation covering Cross River and Akwa Ibom States.",0
ERGP28189833,PROVISION OF SOLAR POWERED WATER SCHEME AT SELECTED COMMUNITIES IN THE CATCHMENT,252040001,CROSS RIVER RBDA,,91000000.0,YES,HIGH,"The provision of solar powered water scheme directly aligns with CRBDA's statutory mandate to undertake comprehensive development of water resources and supply water to all users, as specified in Section 4(1)(a) and (c) of the River Basins Development Authorities Act.",0
ERGP28189840,"PROVISION OF SOLAR POWERED MINI WATER SCHEMES WITH RETICULATION AT EKPRINYI (AYI - ODEY ) EASTERN YALA , CROSS RIVER STATE.",252040001,CROSS RIVER RBDA,,28000000.0,YES,HIGH,This budget item directly aligns with CRBDA's statutory mandate to supply water from completed schemes to users and develop water infrastructure including wells and water systems for multipurpose use within Cross River State.,0
ERGP28201984,CONSTRUCTION OF WATER SCHEMES IN SIX (6) COMMUNITIES IN AKWA IBOM AND CROSS RIVER STATES,252040001,CROSS RIVER RBDA,,84000000.0,YES,HIGH,"The construction of water schemes directly aligns with CRBDA's statutory mandate to undertake comprehensive development of water resources and supply water to users, particularly in their designated operational areas of Cross River and Akwa Ibom States.",0
ERGP28222881,"PROVISION OF WATER SCHEME AT IKOT ENEOBONG CALABAR CROSS RIVER STATE
",252040001,CROSS RIVER RBDA,,14000000.0,YES,HIGH,"The provision of water scheme directly aligns with CRBDA's statutory mandate to undertake comprehensive development of water resources and supply water to users, particularly as this project is located within their operational jurisdiction of Cross River State.",0
ERGP28222882,"PROVISION OF WATER SCHEME AT IKOT ANDEM ITAM ITU LGA, AKWA IBOM STATE
",252040001,CROSS RIVER RBDA,,14000000.0,YES,HIGH,"Providing water schemes directly aligns with CRBDA's statutory mandate to undertake comprehensive development of water resources and supply water to users, and Akwa Ibom State falls within their designated area of operation.",0
ERGP28222883,"CONSTRUCTION OF WATER SCHEME AT IBIAKU URUAN LGA, AKWA IBOM STATE
",252040001,CROSS RIVER RBDA,,14000000.0,YES,HIGH,"Construction of water schemes directly falls under CRBDA's statutory mandate to undertake comprehensive development of water resources and supply water to users, particularly since Akwa Ibom State is within their area of operation.",0
ERGP28222884,"CONSTRUCTION OF WATER SCHEME AT NO 3 HOSPITAL LANE UPELWAGA COMMUNITY OBUDU, OPPOSITE THE CATHOLIC CHURCH OBUDU LGA, CROSS RIVER STATE",252040001,CROSS RIVER RBDA,,14000000.0,YES,HIGH,"The construction of a water scheme directly falls under CRBDA's statutory mandate to undertake comprehensive development of water resources and supply water to users, including constructing and operating water infrastructure systems.",0
ERGP28223128,"REHABILITATION OF WATER SUPPLY PROJECTS WITHIN THE UNICAL COMMUNITIES, CALABAR CROSS RIVER STATE",252040001,CROSS RIVER RBDA,,35000000.0,YES,HIGH,The rehabilitation of water supply projects falls directly within CRBDA's statutory mandate to supply water from completed storage schemes to all users and undertake comprehensive development of water resources for multipurpose use including water supply provision.,0
ERGP28223972,"REHABILITATION AND PROVISION OF EQUIPMENTS AT THE MECHANICAL WORKSHOP IN CRBDA HEADQUARTERS, CALABAR, CROSS RIVER STATE",252040001,CROSS RIVER RBDA,,140000000.0,YES,HIGH,"The mechanical workshop equipment is essential for maintaining and operating the dams, irrigation systems, boreholes, and other infrastructure that CRBDA is statutorily required to construct, operate, and maintain under Section 4(1) of the River Basins Development Authorities Act.",0
ERGP28224000,"PROVISION OF SOLAR STREET LIGHTS IN CRBDA HEADQUARTERS, CALABAR , CROSS RIVER STATE",252040001,CROSS RIVER RBDA,,140000000.0,NO,HIGH,"Provision of solar street lights for headquarters lighting is an administrative facility improvement that does not relate to CRBDA's statutory mandate of water resources development, irrigation infrastructure, agricultural development, or watershed management.",100
ERGP28236701,"PROVISION / CONSTRUCTION OF MOTORIZED BOREHOLE IN LOCATIONS IN IKONO/INI FEDERAL CONSTITUENCY, AKWA IBOM STATE.",252040001,CROSS RIVER RBDA,,28000000.0,YES,HIGH,"The construction of motorized boreholes directly falls under CRBDA's statutory mandate to construct, operate, and maintain boreholes and other works for comprehensive development of underground water resources, and the location is within their area of operation covering Akwa Ibom State.",0
ERGP28236707,"WATER SUPPLY SCHEME IN AKAMKPA/BIASE FEDERAL CONSTITUENCY, CROSS RIVER STATE",252040001,CROSS RIVER RBDA,,56000000.0,YES,HIGH,"The water supply scheme directly aligns with CRBDA's statutory mandate to undertake comprehensive development of water resources with particular emphasis on provision of water infrastructure, and the project location falls within the Authority's operational jurisdiction covering Cross River State.",0
ERGP28236712,"PROVISION OF SOLAR POWERED WATER FACILITY AT IKOT - ULO AKAMA IN IKOT ABASI LG.A, AKWA IBOM SOUTH SENATORIAL DISTRICT.",252040001,CROSS RIVER RBDA,,21000000.0,YES,HIGH,"The provision of solar powered water facility directly aligns with CRBDA's statutory mandate to undertake comprehensive development of water resources and construct wells, boreholes, and other works for water supply in their area of operation, which includes Akwa Ibom State.",0
ERGP28236715,"PROVISION OF SOLAR POWERED WATER FACILITY AT LKOT AKPADEN, MKPAT ENIN LG. A, AKWA LBOM SOUTH SENATORIAL DISTRICT.",252040001,CROSS RIVER RBDA,,21000000.0,YES,HIGH,"Providing solar powered water facilities directly aligns with CRBDA's statutory mandate to undertake comprehensive development of water resources and construct wells, boreholes, and other water infrastructure within its area of operation, which includes Akwa Ibom State.",0
ERGP30126132,"CONSTRUCTION OF E - LIBRARY / SOIL AND WATER ANALYSIS LAB / SURVEY IN HEADQUARTERS, CROSS RIVER STATE",252040001,CROSS RIVER RBDA,,28000000.0,PARTIAL,MEDIUM,"The soil and water analysis lab and survey components align with CRBDA's mandate for water resources management and agricultural development, but the e-library component falls outside their core statutory functions.",50
ERGP30139147,"INTEGRATED RIVER BASIN MANAGEMENT
",252040001,CROSS RIVER RBDA,,7000000.0,YES,HIGH,"Integrated river basin management directly aligns with CRBDA's statutory mandate to undertake comprehensive development of surface and underground water resources, watershed management, and maintain a comprehensive water resources master plan for the Cross River Basin.",0
ERGP30189836,"PROJECT MONITORING AND EVALUATION SERVICES (PROCURE MONITORING VEHICLE)
",252040001,CROSS RIVER RBDA,,140000000.0,YES,HIGH,"Project monitoring and evaluation services, including procurement of monitoring vehicles, are essential operational activities needed to oversee and assess the Authority's water resources development projects, irrigation infrastructure construction, and other statutory functions across Cross River and Akwa Ibom States.",0
ERGP30189837,"EROSION CONTROL AT IKOT ENEOBONG COMMUNITY BY RED GATE, BASIN TOWN, CALABAR CROSS RIVER STATE",252040001,CROSS RIVER RBDA,,1400000.0,YES,HIGH,"Erosion control is explicitly listed as one of CRBDA's statutory functions under Section 4(1)(a) of the River Basins Development Authorities Act, which mandates the Authority to undertake ""control of floods and erosion"" within its area of operation.",0
ERGP30190171,INSTITUTIONALISATION OF REFORM AND HUMAN CAPITAL DEVELOPMENT ONÃâ ÃÂ ANTICORRUPTION,252040001,CROSS RIVER RBDA,,3500000.0,NO,HIGH,"The budget item focuses on anti-corruption reform and human capital development, which falls outside CRBDA's specific mandate of water resources development, irrigation infrastructure, agricultural development, and watershed management in the Cross River Basin area.",100
ERGP30201913,INSTITUTIONALIZATION OF HUMAN CAPITAL DEVELOPMENT AT THE NATIONAL WATER RESOURCES INSTITUTE KADUNA STATE,252040001,CROSS RIVER RBDA,,17500000.0,NO,HIGH,"The budget item relates to institutionalizing human capital development at a separate institute in Kaduna State, which falls outside CRBDA's geographical jurisdiction (Cross River and Akwa Ibom States) and core mandate of water resources development and agricultural irrigation within the Cross River Basin.",100
ERGP5113527,"CONSTRUCTIION OF ITIGIDI IRRIGATION/DRAINAGE/FLOOD CONTROL PROJECT, ITIGIDI, CRS",252040001,CROSS RIVER RBDA,,49000000.0,YES,HIGH,"The construction of irrigation, drainage, and flood control infrastructure at Itigidi directly aligns with CRBDA's statutory mandate to undertake comprehensive water resources development with emphasis on irrigation infrastructure and flood control, and to construct and maintain irrigation and drainage systems.",0
ERGP5113538,"CONSTRUCTION OF ABAK IRRIGATION PROJECT ABAK, AKS
",252040001,CROSS RIVER RBDA,,56000000.0,YES,HIGH,"The construction of Abak Irrigation Project in Akwa Ibom State directly aligns with CRBDA's statutory mandate to construct irrigation infrastructure and undertake comprehensive water resources development within its area of operation, which includes Akwa Ibom State.",0
ERGP5113545,"CONSTRUCTION OF OGOJA IRRIGATION PROJECT, OGOJA LGA, CRS
",252040001,CROSS RIVER RBDA,,56000000.0,YES,HIGH,The construction of an irrigation project directly falls under CRBDA's core statutory mandate to undertake comprehensive water resources development with particular emphasis on provision of irrigation infrastructure and to construct irrigation systems within its area of operation covering Cross River State.,0
ERGP5113546,"CONSTRUCTION OF ONOING NUNG NDEM IRRIGATION/DRAINGAE ONNA LGA, AKS
",252040001,CROSS RIVER RBDA,,56000000.0,YES,HIGH,"The construction of irrigation and drainage systems in Onna LGA, Akwa Ibom State falls directly within CRBDA's statutory mandate to construct irrigation and drainage systems and undertake comprehensive water resources development in their area of operation, which includes Akwa Ibom State.",0
ERGP5113550,"CONSTRUCTION OF OBUDU MULTI-PURPOSE DAM/ IRRIGATION PROJECT, OBUDU, CRS
",252040001,CROSS RIVER RBDA,,56000000.0,YES,HIGH,"The construction of a multi-purpose dam and irrigation project directly aligns with CRBDA's statutory mandate to construct, operate, and maintain dams, irrigation systems, and other infrastructure for comprehensive water resources development and agricultural purposes.",0
ERGP5113552,"CONSTRUCTIOIN OF IJEGU YALA DAM/ IRRIGATION PROJECT, YALA LGA, CRS
",252040001,CROSS RIVER RBDA,,105000000.0,YES,HIGH,The construction of Ijegu Yala Dam/Irrigation Project directly aligns with CRBDA's statutory mandate to construct dams and irrigation systems for comprehensive water resources development and agricultural purposes within Cross River State.,0
ERGP5113554,"CONSTRUCTION OF OWAKANDE/ OBUBRA IRRIGATION/ DRAINAGE/ FLOOD CONTROL PROJECT, OBUBRA LGA, CRS",252040001,CROSS RIVER RBDA,,56000000.0,YES,HIGH,"The construction of irrigation, drainage, and flood control infrastructure directly aligns with CRBDA's statutory mandate to undertake comprehensive water resource development with emphasis on irrigation infrastructure and flood control, and to construct and maintain irrigation and drainage systems.",0
ERGP5113568,"CONSTRUCTION OF ITU IRRIGATION/ DRAINAGE/ FLOOD CONTROL PROJECT, ITU AKS.
",252040001,CROSS RIVER RBDA,,56000000.0,YES,HIGH,"The construction of irrigation, drainage, and flood control infrastructure in Itu, Akwa Ibom State directly aligns with CRBDA's statutory mandate to construct and operate irrigation and drainage systems, control floods, and develop water resources within its area of operation that includes Akwa Ibom State.",0
ERGP5113576,"CONSTRUCTION OF KWA FALLS IRRIGATION PROJECTS, CROSS RIVER STATE
",252040001,CROSS RIVER RBDA,,37877977.0,YES,HIGH,The construction of irrigation projects directly aligns with CRBDA's statutory mandate to undertake comprehensive water resources development with particular emphasis on provision of irrigation infrastructure and constructing irrigation systems for agricultural development.,0
ERGP5113598,"CONSTRUCTION OF CALABAR RIVER IRRIGATION/DRAINAGE/FLOOD CONTROL PROJECT, ODUKPANI LGA, CRS",252040001,CROSS RIVER RBDA,,21000000.0,YES,HIGH,"The construction of irrigation, drainage, and flood control infrastructure directly aligns with CRBDA's statutory mandate to undertake comprehensive water resources development with emphasis on irrigation infrastructure and flood control, and to construct and maintain irrigation and drainage systems within their area of operation which includes Cross River State.",0
ERGP5113601,"CONSTRUCTION OF ENIONG CREEK IRRIGATION/ DRAINAGE/ FLOOD CONTROL, ODUKPANI LGA, CRS",252040001,CROSS RIVER RBDA,,1750000.0,YES,HIGH,"The construction of irrigation, drainage, and flood control infrastructure at Eniong Creek directly aligns with CRBDA's statutory mandate to undertake comprehensive water resource development with emphasis on irrigation infrastructure and flood control, and to construct and maintain irrigation and drainage systems within its area of operation covering Cross River State.",0
ERGP5113610,"CONSTRUCTION OF SONGHAI MODEL FARM / SETTLEMENT OF DEBTS
",252040001,CROSS RIVER RBDA,,56000000.0,YES,HIGH,The construction of Songhai model farm directly aligns with CRBDA's mandate to accelerate agricultural development and intervene in food security through land and water resources management.,0
ERGP5113613,"CONSTRUCTION OF NKARI IRRIGATION PROJECT, INI LGA, AKS
",252040001,CROSS RIVER RBDA,,1400000.0,YES,HIGH,"The construction of irrigation infrastructure falls directly within CRBDA's statutory mandate to undertake comprehensive development of water resources with particular emphasis on provision of irrigation infrastructure, and the project location in Akwa Ibom State is within the Authority's area of operation.",0
ERGP5113615,"CONSTRUCTION OF AKIM AKIM FARM PROJECT, CRS
",252040001,CROSS RIVER RBDA,,10500000.0,YES,HIGH,The construction of a farm project directly aligns with CRBDA's mandate to accelerate agricultural development and promote food security through land and water resources management in Cross River State.,0
ERGP5113619,"CONSTRUCTION OF ETO MKPE FARM PROJECT, CRS
",252040001,CROSS RIVER RBDA,,14000000.0,YES,HIGH,The construction of Eto Mkpe Farm Project directly aligns with CRBDA's statutory mandate to undertake comprehensive water resources development with emphasis on irrigation infrastructure and agricultural development through land and water resources management.,0
ERGP5113622,"CONSTRUCTION OF IKOT OKON IDIM FARM PROJECT (ACCESS ROAD) CRS
",252040001,CROSS RIVER RBDA,,14000000.0,YES,HIGH,Construction of access roads to farm projects directly supports CRBDA's mandate to undertake comprehensive agricultural development and provide necessary infrastructure for irrigation schemes and farming activities.,0
ERGP5126123,"ACQUISITION OF 10,000 HA OF LAND WITHIN AKWA IBOM AND CROSS RIVER STATES
",252040001,CROSS RIVER RBDA,,7000000.0,YES,HIGH,The acquisition of land within Akwa Ibom and Cross River States directly supports CRBDA's statutory function of handing over lands to be cultivated under irrigation schemes to farmers and aligns with their mandate for comprehensive water resources development and agricultural production within their designated area of operation.,0
ERGP5126125,"CONSTRUCTION OF FARM DEVELOPMENT PROJECT AT IKOT OKON IDEM, AKPABUYO LGA, CROSS RIVER STATE",252040001,CROSS RIVER RBDA,,14000000.0,YES,HIGH,The construction of a farm development project directly aligns with CRBDA's mandate to accelerate agricultural development and food security through land and water resources management in Cross River State.,0
ERGP5126128,"PROVISION OF FISHERY / POULTERY HATCHERY AT THE HEADQUARTERS, CROSS RIVER STATE",252040001,CROSS RIVER RBDA,,10500000.0,PARTIAL,MEDIUM,"While fishery development can relate to water resources management which is within CRBDA's mandate, poultry hatchery falls outside their core statutory functions of water resources development, irrigation, and flood control.",50
ERGP5171516,PROCUREMNT OF AGRO EQUIPMENTS AND HUMAN CAPITAL DEVELOPMENT OF GRADUATES FOR GRADUATE YOUTH EMPOWEREMENT SCHEME,252040001,CROSS RIVER RBDA,,3500000.0,YES,HIGH,The procurement of agricultural equipment and human capital development for graduate youth empowerment directly supports CRBDA's mandate to accelerate agricultural development and promote food security through comprehensive water and land resources management.,0
ERGP5189828,INSTITUTIONALISATION OF REFORM AND HUMAN CAPITAL DEVELOPMENT IN SERVICOM,252040001,CROSS RIVER RBDA,,17500000.0,NO,HIGH,"The budget item focuses on service delivery reform and human capital development in SERVICOM, which falls outside CRBDA's statutory mandate of water resources development, irrigation infrastructure, and agricultural production support.",100
ERGP5189832,"RECLAIMATION OF IKOT NTUNG IRRIGATION PROJECT, NSIT UBIUM LGA, AKS
",252040001,CROSS RIVER RBDA,,21000000.0,YES,HIGH,"The reclamation of an irrigation project directly falls within CRBDA's statutory mandate to construct, operate, and maintain irrigation systems and undertake comprehensive development of water resources for agricultural purposes in their area of operation, which includes Akwa Ibom State.",0
ERGP5189834,"CONSTRUCTIOIN OF IJEGU YALA IRRIGATION PROJECT, YALA LGA, CRS
",252040001,CROSS RIVER RBDA,,49000000.0,YES,HIGH,"The construction of an irrigation project directly aligns with CRBDA's statutory mandate to undertake comprehensive development of water resources with particular emphasis on provision of irrigation infrastructure and to construct, operate, and maintain irrigation systems within Cross River State.",0
ERGP5189835,PROVISION OF GREEN HOUSES IN FARMS WITHIN CROSS RIVER BASIN CATCHMENT FOR SELECTED FARMS,252040001,CROSS RIVER RBDA,,17500000.0,YES,HIGH,The provision of greenhouses directly supports CRBDA's mandate to accelerate agricultural development and promote all-season agriculture for food security within its catchment area.,0
ERGP5189839,"DEVELOPMENT OF BENDEGHE EKEIM IRRIGATION FARM PROJECT, ETUNG LGA, CRS
",252040001,CROSS RIVER RBDA,,17500000.0,YES,HIGH,The development of an irrigation farm project directly aligns with CRBDA's statutory mandate to undertake comprehensive water resource development with particular emphasis on provision of irrigation infrastructure and agricultural development within Cross River State.,0
ERGP5189841,"DEVELOPMENT OF BIAJUA LAKE FISH FARM IRRIGATION AND TOURISM PROJECT, BOKI LGA, CRS",252040001,CROSS RIVER RBDA,,14000000.0,PARTIAL,MEDIUM,"While the irrigation component clearly aligns with CRBDA's mandate for irrigation infrastructure development, the tourism aspect falls outside their core functions of water resources management and agricultural development.",50
ERGP5201988,"DEVELOPMENT OF IKOT NTUNG IRRIGATION PROJECT, NSIT UBIUM LGA, AKS
",252040001,CROSS RIVER RBDA,,49000000.0,YES,HIGH,"The development of an irrigation project directly aligns with CRBDA's statutory mandate to undertake comprehensive water resources development with particular emphasis on provision of irrigation infrastructure, and the project location in Akwa Ibom State falls within the Authority's operational jurisdiction.",0
ERGP10244009,"""PROVISION OF ALTERNATIVE POWER SUPPLY FOR THE LAGOS OFFICE ""
",256009001,CENTRE FOR BLACK AND AFRICA ARTS AND CIVILIZATION (CBAAC),,35000000.0,YES,HIGH,"Providing alternative power supply for the Lagos office is essential infrastructure that directly supports CBAAC's core mandate of preserving cultural artifacts, maintaining audio-visual collections, and operating museum facilities which require reliable electricity to function properly.",0
ERGP27210460,"RENOVATION AND REHABILITATION OF THE CENTRES HEADQUARTERS IN LAGOS
",256009001,CENTRE FOR BLACK AND AFRICA ARTS AND CIVILIZATION (CBAAC),,24500000.0,YES,HIGH,"Renovating and rehabilitating the Centre's headquarters in Lagos is essential for preserving and maintaining the facility that houses the core FESTAC '77 collections, archives, library, audio-visual materials, and museum items that CBAAC is mandated to preserve in trust for Black and African nations.",0
ERGP27226702,"RENOVATION AND REFURBISHMENT OF NSUKKA OUTREACH CENTRES
",256009001,CENTRE FOR BLACK AND AFRICA ARTS AND CIVILIZATION (CBAAC),,11088323.0,YES,HIGH,The renovation and refurbishment of Nsukka outreach centres directly supports CBAAC's mandate to promote public interest in Black and African arts and civilization through its established zonal offices across Nigeria.,0
ERGP29210457,"ANNUAL ROUTINE MAINTENANCE OF IT EQUIPMENT AND SOFTWARES IN THE CENTRE
",256009001,CENTRE FOR BLACK AND AFRICA ARTS AND CIVILIZATION (CBAAC),,13300000.0,YES,HIGH,"IT equipment and software maintenance is essential for CBAAC to preserve and manage its extensive digital collections (VCDs, CDs, DVDs, videocassettes) and archives, which directly supports its mandate to preserve creative works and cultural materials from FESTAC '77 and other Black and African cultural manifestations.",0
ERGP29210467,"PROCUREMENT OF STUDIO/AUDIO-VISUAL EQUIPMENT AND MATERIALS
",256009001,CENTRE FOR BLACK AND AFRICA ARTS AND CIVILIZATION (CBAAC),,21000000.0,YES,HIGH,"The procurement of studio/audio-visual equipment and materials directly supports CBAAC's mandate to maintain audio-visual collections (including VCDs, CDs, DVDs, videocassettes, and promotional films) and facilitate exhibitions, performances, and demonstrations of Black and African arts and culture.",0
ERGP29226331,"DIGITIZATION OF THE CENTRE'S CRITICAL ASSETS:ARTEFACTS,ARCHIVAL MATERIALS, PUBLICATIONS,AUDIO-VISUAL RESOURCES AND LIBRARY COLLECTIONS",256009001,CENTRE FOR BLACK AND AFRICA ARTS AND CIVILIZATION (CBAAC),,70000000.0,YES,HIGH,"Digitization of artifacts, archival materials, publications, audio-visual resources and library collections directly supports CBAAC's core mandate to preserve creative works and cultural materials from FESTAC '77 and other Black and African cultural manifestations while enabling broader public access and understanding.",0
ERGP30210458,"ANNUAL PUBLIC LECTURE
",256009001,CENTRE FOR BLACK AND AFRICA ARTS AND CIVILIZATION (CBAAC),,14000000.0,YES,HIGH,Annual public lectures are explicitly mentioned in the agency's mandate as one of the methods CBAAC uses to promote understanding and appreciation of Black and African arts and cultures and achieve its goals.,0
ERGP30210459,RE PRODUCTION OF BOOKS AND PUBLICATION OF CONFERENCE PROCEEDINGS AND MONOGRAPHS,256009001,CENTRE FOR BLACK AND AFRICA ARTS AND CIVILIZATION (CBAAC),,17500000.0,YES,HIGH,The reproduction of books and publication of conference proceedings and monographs directly supports CBAAC's mandate to promote understanding and appreciation of Black and African arts and cultures through educational materials and preserve creative records relating to cultural festivals and manifestations.,0
ERGP30210461,PROCUREMENT OF OFFICE TABLES CHAIRS AIRCONDITIONERS CABINETS AND OTHER OFFICE EQUIPMENT FOR THE CENTRE,256009001,CENTRE FOR BLACK AND AFRICA ARTS AND CIVILIZATION (CBAAC),,28000000.0,YES,HIGH,"Office furniture and equipment are essential administrative necessities that enable CBAAC to carry out its mandate of preserving cultural materials, hosting exhibitions, conducting seminars, and maintaining its collections and operations.",0
ERGP30210462,"CELEBRATION OF ANNUAL BLACK HISTORY MONTH
",256009001,CENTRE FOR BLACK AND AFRICA ARTS AND CIVILIZATION (CBAAC),,84000000.0,YES,HIGH,Celebrating Annual Black History Month directly aligns with CBAAC's mandate to promote public interest in Black and African arts and civilization and foster understanding of Black and African cultures through public events and educational activities.,0
ERGP30210463,"INSTALLATION OF INVERTERS AND SOLAR PANELS IN THE CENTRE
",256009001,CENTRE FOR BLACK AND AFRICA ARTS AND CIVILIZATION (CBAAC),,31500000.0,YES,HIGH,"Installing inverters and solar panels is essential infrastructure that directly supports CBAAC's core mandate of preserving cultural materials, archives, audio-visual collections, and museum artifacts which require reliable power supply for proper storage, climate control, and public access.",0
ERGP30210464,"ANNUAL CELEBRATION OF DAY OF AFRICAN CHILD
",256009001,CENTRE FOR BLACK AND AFRICA ARTS AND CIVILIZATION (CBAAC),,52500000.0,PARTIAL,MEDIUM,"While celebrating the Day of African Child could involve cultural activities that align with CBAAC's mandate to promote Black and African arts and civilization, the agency's core focus is on arts, culture, and heritage preservation rather than child-specific advocacy or celebrations.",50
ERGP30210470,"HOSTING OF INTERNATIONAL CONFERENCE
",256009001,CENTRE FOR BLACK AND AFRICA ARTS AND CIVILIZATION (CBAAC),,129500000.0,YES,HIGH,"Hosting international conferences directly aligns with CBAAC's mandate to promote understanding and appreciation of Black and African arts and cultures through lectures, discussions, symposia, and its role as a Pan-African Heritage Center.",0
ERGP30226241,"PAN AFRICAN INDIGENOUS SKILL DEVELOPMENT PROGRAMME(PAID)
",256009001,CENTRE FOR BLACK AND AFRICA ARTS AND CIVILIZATION (CBAAC),,70000000.0,PARTIAL,MEDIUM,"While indigenous skill development could relate to CBAAC's mandate to promote Black and African arts and crafts through demonstrations, the agency's primary focus is on preserving cultural materials and promoting understanding through exhibitions and lectures rather than skills training programs.",50
ERGP30226397,SYMPOSIUM ON EMPOWERING AFRICA: INTEGRATING POLICY FRAMEWORKS FOR SUSTAINABLE POVERTY ALLEVIATION AND ECONOMIC DEVELOPMENT,256009001,CENTRE FOR BLACK AND AFRICA ARTS AND CIVILIZATION (CBAAC),,24500000.0,PARTIAL,MEDIUM,"While the symposium format aligns with CBAAC's mandate to conduct seminars and public lectures, the focus on poverty alleviation and economic development policy frameworks falls outside their core responsibility for promoting Black and African arts, culture, and civilization.",50
ERGP30226442,WORKSHOP ON AFRICAN ALTERNATIVE MEDICAL THERAPIES: INNOVATIVE APPROACHES FOR ACCESSIBLE AND SUSTAINABLE HEALTHCARE SOLUTIONS,256009001,CENTRE FOR BLACK AND AFRICA ARTS AND CIVILIZATION (CBAAC),,24500000.0,PARTIAL,MEDIUM,"While traditional African medical practices are part of African cultural heritage that CBAAC could promote through educational programs, healthcare solutions appear to extend beyond the agency's core mandate of arts, culture, and civilization preservation and promotion.",50
ERGP30226501,INTERNATIONAL EXHIBITION AND WORKSHOP ON BLACK AND AFRICAN ARTS: BRIDGING TRADITION AND INNOVATION IN CRAFTSMANSHIP AND DIGITAL,256009001,CENTRE FOR BLACK AND AFRICA ARTS AND CIVILIZATION (CBAAC),,24500000.0,YES,HIGH,"This budget item directly aligns with CBAAC's mandate to promote Black and African arts through exhibitions and workshops, and to foster understanding of African cultural heritage while bridging traditional craftsmanship with modern innovation.",0
ERGP30226544,"GLOBAL EXPO ON AFRICAN CUISINE, FASHION, AND HAIRSTYLES: CELEBRATING HERITAGE AND UNLOCKING MARKET OPPORTUNITIES IN THE CREATIVE ECONOMY",256009001,CENTRE FOR BLACK AND AFRICA ARTS AND CIVILIZATION (CBAAC),,28000000.0,YES,HIGH,"This budget item directly aligns with CBAAC's mandate to promote understanding and appreciation of Black and African arts and cultures through exhibitions and demonstrations, while supporting Nigeria's role as the arrowhead in presenting and promoting African cultural heritage.",0
ERGP30243989,"""THE AFRICAN GLOBAL FESTIVAL OF ARTS AND CULTURE (AGLOFEST) NIGERIA 2025 ""
",256009001,CENTRE FOR BLACK AND AFRICA ARTS AND CIVILIZATION (CBAAC),,70000000.0,YES,HIGH,"The African Global Festival of Arts and Culture directly aligns with CBAAC's core mandate to promote Black and African arts and civilization through cultural festivals, exhibitions, and events, following its historical role in FESTAC '77 and its ongoing responsibility for cultural manifestations.",0
ERGP30243990,"""NIGERIA: THE GIANT OF AFRICA DOCUMENTARY (1 YEAR PLAN) ""
",256009001,CENTRE FOR BLACK AND AFRICA ARTS AND CIVILIZATION (CBAAC),,70000000.0,YES,HIGH,"Creating a documentary about Nigeria as ""The Giant of Africa"" directly aligns with CBAAC's mandate to promote understanding and appreciation of Black and African arts and cultures through audio-visual materials and to position Nigeria as the arrowhead in presenting African cultural heritage and civilization.",0
ERGP30243991,"""PAN AFRICAN INDIGENOUS SKILL DEVELOPMENT PROGRAMME (PAID) ""
",256009001,CENTRE FOR BLACK AND AFRICA ARTS AND CIVILIZATION (CBAAC),,70000000.0,PARTIAL,MEDIUM,"While the programme relates to African cultural development which connects to CBAAC's Pan-African heritage mandate, the focus on ""skill development"" suggests vocational/economic training rather than the agency's core mandate of arts, culture preservation, and civilization promotion.",50
ERGP30243993,"""INTERNATIONAL EXHIBITION AND WORKSHOP ON BLACK AND AFRICAN ARTS: BRIDGING TRADITION AND INNOVATION IN CRAFTMANSHIP """,256009001,CENTRE FOR BLACK AND AFRICA ARTS AND CIVILIZATION (CBAAC),,70000000.0,YES,HIGH,"This budget item directly aligns with CBAAC's mandate to promote Black and African arts through exhibitions, workshops, and demonstrations of arts and crafts as specified in Section 4 of its establishing decree.",0
ERGP30243999,"ANNUAL PUBLIC LECTURE
",256009001,CENTRE FOR BLACK AND AFRICA ARTS AND CIVILIZATION (CBAAC),,70000000.0,YES,HIGH,"Annual public lectures are explicitly mentioned in the agency's mandate as one of the methods CBAAC uses to promote understanding and appreciation of Black and African arts and cultures, and to achieve its goals through periodic seminars, workshops, and public lectures.",0
ERGP30244000,"""WORKSHOP ON AFRICAN ALTERNATIVE MEDICAL THERAPIES: INNOVATIVE APPROACHES FOR ACCESIBLES AND SUSTAINABLE HEALTHCARE SOLUTIONS """,256009001,CENTRE FOR BLACK AND AFRICA ARTS AND CIVILIZATION (CBAAC),,35000000.0,PARTIAL,MEDIUM,"While traditional African medical practices are part of African cultural heritage that CBAAC preserves and promotes, organizing healthcare solution workshops falls outside their core mandate of arts, culture preservation, and public education about Black and African civilization.",50
ERGP30244002,"""GLOBAL EXPO ON AFRICAN CUISINE, FASHION, AND HAIRSTYLES ""
",256009001,CENTRE FOR BLACK AND AFRICA ARTS AND CIVILIZATION (CBAAC),,70000000.0,YES,HIGH,"This budget item directly aligns with CBAAC's mandate to promote public interest in Black and African arts and civilization through exhibitions and demonstrations of arts and crafts, as cuisine, fashion, and hairstyles are integral components of African cultural heritage and civilization.",0
ERGP30244005,"""SYMPOSIUM ON EMPOWERING AFRICA: INTEGRATING POLICY FRAMEWORKS FOR POVERTY ALLEVIATION AND ECONOMIC DEVELOPMENT """,256009001,CENTRE FOR BLACK AND AFRICA ARTS AND CIVILIZATION (CBAAC),,35000000.0,PARTIAL,MEDIUM,"While the symposium format aligns with CBAAC's mandate to conduct seminars and symposia, the focus on poverty alleviation and economic development policy frameworks falls outside their core mandate of promoting Black and African arts, culture, and civilization.",50
ERGP6226295,"ROAD TO FESTAC'77 AT 50
",256009001,CENTRE FOR BLACK AND AFRICA ARTS AND CIVILIZATION (CBAAC),,70000000.0,YES,HIGH,"This budget item directly relates to CBAAC's core mandate of preserving and promoting materials from FESTAC '77, which the agency was specifically established to maintain in trust following the historic 1977 festival.",0
ERGP6226579,REFURBISHMENT AND PRESERVATION OF THE CENTREÃ¢â¬â¢S MUSEUM AND ARTEFACTS,256009001,CENTRE FOR BLACK AND AFRICA ARTS AND CIVILIZATION (CBAAC),,26600000.0,YES,HIGH,The budget item directly supports CBAAC's core mandate to preserve creative works and museum materials from FESTAC '77 and maintain collections of cultural artifacts from Black and African countries.,0
ERGP6226634,"REFURBISHMENT OF THE CENTRE'S LIBRARY, ARCHIVE AND BOOK STAND
",256009001,CENTRE FOR BLACK AND AFRICA ARTS AND CIVILIZATION (CBAAC),,28000000.0,YES,HIGH,"The refurbishment of the Centre's library, archive and book stand directly supports CBAAC's core mandate to preserve creative works and maintain its four main collection components including Archives and Library materials from FESTAC '77 and other Black and African cultural materials.",0
ERGP6226819,"PROCUREMENT OF PROJECT AND OPERATIONAL VEHICLES
",256009001,CENTRE FOR BLACK AND AFRICA ARTS AND CIVILIZATION (CBAAC),,126000000.0,YES,HIGH,"Operational vehicles are necessary for CBAAC to carry out its mandated activities including managing zonal offices across Nigeria, conducting outreach programs, transporting cultural materials and artifacts, and facilitating exhibitions and public lectures nationwide.",0
ERGP10225696,PROVISION ANDINSTALLATION OF SOLAR LIGHTS FOR THE PERMITER FENCE AT NLS YOLA CAMPUS,326004001,COUNCIL OF LEGAL EDUCATION,,175000000.0,YES,HIGH,Installing solar lights for the perimeter fence at NLS Yola Campus directly supports the Council's mandate to operate the Nigerian Law School by providing necessary security infrastructure for one of its seven campuses where legal education is delivered.,0
ERGP10225715,PROVISION AND INSTALLATION OF SOLAR POWER IN MULTIPURPOSES HALL AT NLS PORT HACOURT CAMPUS,326004001,COUNCIL OF LEGAL EDUCATION,,175000000.0,YES,HIGH,Installing solar power in a multipurpose hall at the Nigerian Law School Port Harcourt campus directly supports the Council's mandate to operate the Nigerian Law School facilities where legal education and training are conducted.,0
ERGP10225977,PROVISION AND INSTALLATION OF SOLAR LIGHTS FOR THE PERIMETER FENCE AT NLS KANO CAMPUS,326004001,COUNCIL OF LEGAL EDUCATION,,175000000.0,YES,HIGH,Installing solar lights for the perimeter fence at the Nigerian Law School Kano campus directly supports the Council's mandate to operate the Nigerian Law School by providing necessary security infrastructure for one of its seven campuses.,0
ERGP10225991,"PROCUREMENT OF ELECTRICAL MATERIALS,ARMOURED CABLES AND PANELS AT ABUJA CAMPUS",326004001,COUNCIL OF LEGAL EDUCATION,,161000000.0,YES,HIGH,"The procurement of electrical materials, armoured cables and panels at the Abuja campus is necessary infrastructure maintenance and development for the Nigerian Law School, which directly supports the Council's mandate to provide legal education and training facilities.",0
ERGP10226022,"PROCUREMENT OF ELECTRICITY MATERIALS, ARMOURED CABLES AND PANELS AT LAGOS CAMPUS",326004001,COUNCIL OF LEGAL EDUCATION,,140000000.0,YES,HIGH,"Procuring electricity materials, armoured cables and panels for the Lagos campus is necessary infrastructure to maintain the Nigerian Law School facilities where the Council conducts its core mandate of legal education and training.",0
ERGP10226040,PROVISION AND INSTALLATION OF SOLAR POWER IN STUDENTS HOSTEL AT NLS LAGOS CAMPUS,326004001,COUNCIL OF LEGAL EDUCATION,,245000000.0,YES,HIGH,The provision and installation of solar power in students' hostels directly supports the Council's mandate to operate the Nigerian Law School and provide practical training facilities for law students seeking to become members of the legal profession.,0
ERGP10226055,PROVISION AND INSTALLATION OFSOLAR LIGHTS FOR PERIMETER FENCE AT ENUGU CAMPUS,326004001,COUNCIL OF LEGAL EDUCATION,,196000000.0,YES,HIGH,"The installation of solar lights for perimeter fence at Enugu campus directly supports the Council's mandate to operate the Nigerian Law School facilities, as security infrastructure is essential for maintaining safe learning environments at the seven campuses where legal education is provided.",0
ERGP10226068,PROVISION AND INTALLATION OF SOLAR LIGHTS FOR PERIMETER FENCE AT ENUGU CAMPUS,326004001,COUNCIL OF LEGAL EDUCATION,,210000000.0,YES,HIGH,Installing solar lights for perimeter fence security at the Enugu campus directly supports the Council's mandate to operate Nigerian Law School campuses by ensuring a safe and secure learning environment for law students.,0
ERGP10226093,PROVISION AND INSTALLATION OF 350 KVA GENERATOR FOR STUDENTS HOSTELS AT ENUGU CAMPUS,326004001,COUNCIL OF LEGAL EDUCATION,,119000000.0,YES,HIGH,Providing generator infrastructure for student hostels at the Enugu campus directly supports the Council's mandate to operate the Nigerian Law School and provide practical training facilities for law students seeking qualification to be called to the Bar.,0
ERGP10226120,PROVISION AND INSTALLATION OF SOLAR POWER IN MULTIPURPOSE HALL AND SYNDICATE CLASS ROOM AT KANO CAMPUS,326004001,COUNCIL OF LEGAL EDUCATION,,210000000.0,YES,HIGH,This budget item directly supports the Council's mandate to provide legal education through the Nigerian Law School by improving essential infrastructure at the Kano campus for teaching and training activities.,0
ERGP18226058,PROVISION AND INSTALLATION OF 350 KVA GENERATOR FOR STUDENTS HOSTELS AT NLS LAGOS CAMPUS,326004001,COUNCIL OF LEGAL EDUCATION,,119000000.0,YES,HIGH,Providing generator infrastructure for student hostels at the Nigerian Law School Lagos campus directly supports the Council's mandate to provide legal education and training facilities for persons seeking to become members of the legal profession.,0
ERGP22226015,RECONSTRUCTION AND REHABILITATION OF PERIMETER FENCE AROUND THE SCHOOL AREA AND STUDENTS HOSTEL AT NLS LAGOS CAMPUS,326004001,COUNCIL OF LEGAL EDUCATION,,210000000.0,YES,HIGH,The reconstruction and rehabilitation of perimeter fence around the Nigerian Law School Lagos campus directly supports the Council's mandate to operate the Nigerian Law School for legal education and training of future legal practitioners.,0
ERGP23225502,PROVISION AND INSTALLATION OF SOLAR POWER IN SYNDICATE CLASS ROOMS AT NLS ABUJA,326004001,COUNCIL OF LEGAL EDUCATION,,209852195.0,YES,HIGH,"The provision and installation of solar power in syndicate classrooms at Nigerian Law School Abuja directly supports the Council's core mandate of providing legal education through the Nigerian Law School, as adequate power infrastructure is essential for operating educational facilities.",0
ERGP23225518,"FURNISHING 2 NO CRC HALLS AT NLS ABUJA CAMPUS
",326004001,COUNCIL OF LEGAL EDUCATION,,196000000.0,YES,HIGH,Furnishing halls at the Nigerian Law School Abuja campus directly supports the Council's mandate to provide practical training facilities for law graduates seeking professional certification to become legal practitioners.,0
ERGP23225582,"EXPANSION OF A MEDICAL CENTRE AT NLS YENAGOA CAMPUS
",326004001,COUNCIL OF LEGAL EDUCATION,,175000000.0,PARTIAL,MEDIUM,"While the Council of Legal Education operates Nigerian Law School campuses including Yenagoa, expanding a medical centre is not directly related to legal education but could be justified as supporting infrastructure for student welfare at the campus.",50
ERGP23225587,PROVISION AND INSTALLATION OF SOLAR POWER IN THE LIBRARY AT NLS YENAGOA CAMPUS,326004001,COUNCIL OF LEGAL EDUCATION,,140000000.0,YES,HIGH,"Installing solar power in the library at the Nigerian Law School Yenagoa campus directly supports the Council's mandate to provide legal education through the Law School, as it ensures reliable electricity for essential educational infrastructure.",0
ERGP23225596,"EXPANSION OF LIBRARY AT NLS YENAGOA CAMPUS
",326004001,COUNCIL OF LEGAL EDUCATION,,175000000.0,YES,HIGH,"The expansion of library facilities at the Nigerian Law School Yenagoa campus directly supports the Council's mandate to provide legal education and practical training through the Nigerian Law School, as libraries are essential infrastructure for delivering quality legal education.",0
ERGP23225631,"UTILITY VEHICLES AT NLS YENAGOA CAMPUS
",326004001,COUNCIL OF LEGAL EDUCATION,,140000000.0,YES,HIGH,"Utility vehicles at the NLS Yenagoa campus are necessary operational assets for the Nigerian Law School, which is directly established and operated under the Council's mandate to provide legal education and practical training to persons seeking to become members of the legal profession.",0
ERGP23225651,"CONSTRUCTION OF ARCHIVE FOR STUDENT RECORDS AT NLS ABUJA CAMPUS
",326004001,COUNCIL OF LEGAL EDUCATION,,350000000.0,YES,HIGH,"Construction of archives for student records directly supports the Council's core mandate of operating the Nigerian Law School and managing the legal education process, including maintaining records of students who complete practical training courses.",0
ERGP23225653,PROVISION AND INSTALLATION OF SOLAR POWER IN MULTIPURPOSES HALL AND SYNDICATE CLASS ROOMS AT NLS YOLA CAMPUS,326004001,COUNCIL OF LEGAL EDUCATION,,189000000.0,YES,HIGH,"The provision and installation of solar power for multipurpose halls and syndicate classrooms directly supports the Council's mandate to operate the Nigerian Law School campuses, including the Yola campus, for legal education and training of prospective legal practitioners.",0
ERGP23225665,"UTILITY VEHICLES AT NLS YOLA CAMPUS
",326004001,COUNCIL OF LEGAL EDUCATION,,140000000.0,YES,HIGH,"The utility vehicles are for the Nigerian Law School Yola campus, which is part of the Council's mandate to operate law school campuses across Nigeria's geopolitical regions for legal education and professional certification.",0
ERGP23225667,"COMPLETION OF CRC HALLS AT NLS ABUJA CAMPUS
",326004001,COUNCIL OF LEGAL EDUCATION,,280000000.0,YES,HIGH,The completion of CRC halls at the Nigerian Law School Abuja campus directly supports the Council's core mandate to provide legal education and practical training facilities for persons seeking to become members of the legal profession.,0
ERGP23225673,"FURNISHING AND INSTALLATION OF EQUIPTMENT FOR THE ARCHIVE
",326004001,COUNCIL OF LEGAL EDUCATION,,140000000.0,YES,HIGH,Archive equipment and furnishing support the Council's core mandate to provide legal education and maintain institutional records necessary for issuing qualifying certificates and overseeing legal practitioner training.,0
ERGP23225683,"CONSTRUCTION AND FURNISHING OF LIBRARY AT NLS YOLA CAMPUS
",326004001,COUNCIL OF LEGAL EDUCATION,,315000000.0,YES,HIGH,"The construction and furnishing of a library at the Nigerian Law School Yola campus directly supports the Council's mandate to provide legal education through the Nigerian Law School, as libraries are essential educational infrastructure for law students' practical training and certification.",0
ERGP23225747,PROVISION AND INSTALLATION OF SOLAR POWER IN SYNDICATE CLASS ROOMS AT NLS PORT HARCOURT CAMPUS N,326004001,COUNCIL OF LEGAL EDUCATION,,168000000.0,YES,HIGH,Installing solar power in syndicate classrooms at the Nigerian Law School Port Harcourt campus directly supports the Council's mandate to provide practical legal training through the Law School infrastructure.,0
ERGP23225984,"UTILITY VEHICLES AT NLS KANO CAMPUS
",326004001,COUNCIL OF LEGAL EDUCATION,,140000000.0,YES,HIGH,"Utility vehicles at the Nigerian Law School Kano campus are necessary operational assets for the Council's mandate to provide practical legal training through the Law School, which operates seven campuses including one in each geopolitical region.",0
ERGP23226012,"RENOVATION AND FURNISHING OF ACADEMIC STAFF OFFICES AT NLS LAGOS CAMPUS
",326004001,COUNCIL OF LEGAL EDUCATION,,115500000.0,YES,HIGH,"The renovation and furnishing of academic staff offices at the Nigerian Law School Lagos campus directly supports the Council's core mandate of providing legal education through the Law School, as proper facilities are essential for staff to effectively deliver the required practical training and education.",0
ERGP23226023,"UTILITY VEHICLES AT NLS LAGOS CAMPUS
",326004001,COUNCIL OF LEGAL EDUCATION,,140000000.0,YES,HIGH,"Utility vehicles at the NLS Lagos campus are necessary operational assets for the Council's mandate to provide legal education through the Nigerian Law School, which operates multiple campuses including Lagos.",0
ERGP23226033,"UTILITY VEHICLES AT ENUGU CAMPUS
",326004001,COUNCIL OF LEGAL EDUCATION,,140000000.0,YES,HIGH,"The utility vehicles at Enugu campus are necessary operational assets for the Nigerian Law School's Enugu campus, which directly supports the Council's mandate to provide practical legal training through its seven campuses across Nigeria's geopolitical regions.",0
ERGP23226045,"CONTRUCTION OF PERIMETER FENCE AT ENUGU CAMPUS
",326004001,COUNCIL OF LEGAL EDUCATION,,280000000.0,YES,HIGH,"The construction of a perimeter fence at the Enugu campus directly supports the Council's mandate to operate Nigerian Law School campuses for legal education, as physical infrastructure and security are essential for maintaining educational facilities.",0
ERGP23226103,"REHABILITATION OF STUDENTS HOSTELS AT KANO CAMPUS
",326004001,COUNCIL OF LEGAL EDUCATION,,266000000.0,YES,HIGH,"The rehabilitation of student hostels at the Kano campus directly supports the Council's mandate to provide legal education through the Nigerian Law School, which operates seven campuses including one in Kano, and adequate housing facilities are essential infrastructure for delivering this educational mission.",0
ERGP25225568,"PROVISION AND INSTALLATION OF MEDICAL EQUIPMENT AT NLS YENAGOA CAMPUS
",326004001,COUNCIL OF LEGAL EDUCATION,,175000000.0,YES,HIGH,The provision and installation of medical equipment at the Nigerian Law School Yenagoa campus directly supports the Council's mandate to operate the Nigerian Law School and provide practical training facilities for law students seeking professional certification.,0
ERGP25225701,PROVISION AND INSTALLATION OF MEDICAL EQUIPMENT AT NLS PORT HARCOURT CAMPUS,326004001,COUNCIL OF LEGAL EDUCATION,,175000000.0,PARTIAL,MEDIUM,"While medical equipment provision is not explicitly within the Council's core legal education mandate, it could be reasonably necessary to support student health services at the Nigerian Law School campus operations.",50
ERGP27225641,"ONGOING CONSTRUCTION OF STUDENTS HOSTEL AT NLS YENAGOA CAMPUS
",326004001,COUNCIL OF LEGAL EDUCATION,,192500000.0,YES,HIGH,"The construction of student hostels at the Nigerian Law School Yenagoa campus directly supports the Council's mandate to provide legal education through the Nigerian Law School, as adequate accommodation facilities are essential infrastructure for the operation of the Law School campuses.",0
ERGP27225997,"CONSTRUCTION OF STUDENTS CENTRE AT NLS KANO CAMPUS
",326004001,COUNCIL OF LEGAL EDUCATION,,315000000.0,YES,HIGH,"The construction of a students centre at the Nigerian Law School Kano campus directly supports the Council's mandate to provide legal education through the Nigerian Law School, which operates multiple campuses including one in Kano.",0
ERGP28225674,"CONSTRUCTION OF 2 NO BOREHOLES , RETCULATION OF WATER AND PROVISION OF OVERHEAD STORAGE FACILITY AT NLS YOLA CAMPUS",326004001,COUNCIL OF LEGAL EDUCATION,,175000000.0,YES,HIGH,The construction of water infrastructure at the Nigerian Law School Yola campus directly supports the Council's mandate to operate the Nigerian Law School and provide legal education facilities across the country's geopolitical regions.,0
ERGP28225758,CONSTRUCTION OF BOREHOLE RETICULATION OF WATER AND PROVISION OF WATER STORAGE FACILITY,326004001,COUNCIL OF LEGAL EDUCATION,,132518025.0,YES,HIGH,This infrastructure project directly supports the Council's mandate to operate Nigerian Law School campuses by providing essential water facilities necessary for the functioning of educational institutions where legal education and training are conducted.,0
ERGP29225975,"PROCUREMENT OF DESKTOP COMPUTERS AND LAPTOP AT NLS ABUJA CAMPUS
",326004001,COUNCIL OF LEGAL EDUCATION,,140000000.0,YES,HIGH,"The procurement of desktop computers and laptops for the Nigerian Law School Abuja campus directly supports the Council's mandate to provide practical legal training and education to persons seeking to become members of the legal profession, as modern legal education requires computer technology for research, case studies, and administrative functions.",0
ERGP15102525,ASSET DECLARATION CCB-1 FORM ADMINISTRATION AND CUSTODY,344001001,CODE OF CONDUCT BUREAU,,49000000.0,YES,HIGH,"This budget item directly corresponds to the Bureau's constitutional mandate to receive, examine, and retain custody of asset declarations by public officers as specified in Paragraph 3 of Part I of the Fifth Schedule.",0
ERGP15123396,PUBLIC SECTOR CORRUPTION PREVENTION ENLIGHTENMENT PACKAGE,344001001,CODE OF CONDUCT BUREAU,,35000000.0,YES,HIGH,Public sector corruption prevention enlightenment directly aligns with the Bureau's constitutional mandate to ensure ethical conduct in public service and maintain high standards of morality and accountability among public officers.,0
ERGP15123397,PRODUCTION OF ASSET DECLARATION PACKAGE,344001001,CODE OF CONDUCT BUREAU,,49000000.0,YES,HIGH,"The production of asset declaration packages directly supports the Bureau's core constitutional mandate to receive, examine, and retain custody of asset declarations from public officers as specified in Part I of the Fifth Schedule.",0
ERGP15123399,INVESTIGATION AND MONITORING,344001001,CODE OF CONDUCT BUREAU,,35000000.0,YES,HIGH,"Investigation and monitoring directly aligns with the Bureau's constitutional mandate to examine asset declarations, ensure compliance with the Code of Conduct, receive and investigate complaints about breaches, and monitor ethical conduct of public officers.",0
ERGP15123400,PURCHASE OF SECURITY EQUIPMENT,344001001,CODE OF CONDUCT BUREAU,,35000000.0,PARTIAL,MEDIUM,"While not explicitly listed in the CCB's constitutional mandate, security equipment could be reasonably necessary to protect sensitive asset declarations and confidential complaint information that the Bureau is required to maintain and process.",50
ERGP15225274,Target setting for performance Evaluation for staff of Bureau including Performance Management System,344001001,CODE OF CONDUCT BUREAU,,17500000.0,YES,HIGH,"This budget item directly supports the Bureau's constitutional mandate to ""appoint, promote, dismiss and exercise disciplinary control over staff of the Bureau"" as specified in Paragraph 3 of Part I of the Fifth Schedule.",0
ERGP15225282,Investigation and information Funds,344001001,CODE OF CONDUCT BUREAU,,175000000.0,YES,HIGH,"Investigation and information funds directly support the Bureau's constitutional mandate to receive complaints about Code of Conduct breaches, examine asset declarations, and conduct investigations that may be referred to the Code of Conduct Tribunal.",0
ERGP15225305,Management of Litigation and Legal Related Matters,344001001,CODE OF CONDUCT BUREAU,,21000000.0,YES,HIGH,The CCB's mandate to receive complaints about Code of Conduct breaches and refer cases to the Code of Conduct Tribunal naturally involves litigation management and legal matters as part of its constitutional enforcement responsibilities.,0
ERGP15225315,Budget Implementation and Monitoring of Accounts Records in 36 State Offices,344001001,CODE OF CONDUCT BUREAU,,35000000.0,YES,HIGH,This budget item directly supports the Bureau's constitutional mandate to monitor compliance with asset declarations and Code of Conduct requirements across all states through its network of state offices.,0
ERGP15225324,Field Verificatin of Assets in 36 States and 774 Local Government Areas,344001001,CODE OF CONDUCT BUREAU,,70000000.0,YES,HIGH,Field verification of assets directly supports the Bureau's constitutional mandate to examine asset declarations and ensure compliance with Code of Conduct requirements across all levels of government.,0
ERGP15225337,"Library Management and Information Generation on Anti-Corruption- Books, Journals etc",344001001,CODE OF CONDUCT BUREAU,,7000000.0,YES,HIGH,"Library management and information generation on anti-corruption materials directly supports the Bureau's constitutional mandate to monitor ethical conduct, prevent corruption, and educate public officers on code of conduct requirements.",0
ERGP15225352,Annual Procurement Activities Price Intellegence Survey,344001001,CODE OF CONDUCT BUREAU,,10500000.0,PARTIAL,MEDIUM,"While procurement activities could relate to the Bureau's internal operations, a price intelligence survey appears to go beyond their core constitutional mandate of monitoring asset declarations and code of conduct compliance unless it directly supports these functions.",50
ERGP15225371,Valuation of Bureau Fixed Assets in Compliance with IPSAS Accrual Concept,344001001,CODE OF CONDUCT BUREAU,,7000000.0,YES,HIGH,Valuation of fixed assets in compliance with International Public Sector Accounting Standards (IPSAS) is a standard administrative and financial management function that falls within the Bureau's operational requirements as a federal executive body managing public resources.,0
ERGP15225388,Annual Resource Development Programme for subtainable Corruption free society for CCB Staff,344001001,CODE OF CONDUCT BUREAU,,31500000.0,YES,HIGH,"The budget item directly supports the Bureau's constitutional mandate to ensure ethical conduct and prevent corruption through staff capacity building, which is essential for effectively carrying out asset declaration monitoring and Code of Conduct enforcement functions.",0
ERGP15225424,Sensitazation of Staff of the Bureau on current Government Reforms,344001001,CODE OF CONDUCT BUREAU,,10500000.0,YES,HIGH,"Staff sensitization on government reforms directly supports the Bureau's mandate to ensure public officers maintain high standards of morality and accountability, as informed staff are essential for effective oversight of ethical conduct in public service.",0
ERGP15225451,"Internal Audit Activities to support Management in ensuring adherence to the Administrations Policies,Programmes and Regulations including quarterly and annual",344001001,CODE OF CONDUCT BUREAU,,5600000.0,YES,HIGH,"Internal audit activities to ensure adherence to policies, programmes and regulations directly support the Bureau's constitutional mandate to monitor compliance with the Code of Conduct and maintain accountability in public service.",0
ERGP15225472,Purchase of Vehicles,344001001,CODE OF CONDUCT BUREAU,,70000000.0,YES,HIGH,"Purchase of vehicles is necessary operational infrastructure for the Bureau to carry out its constitutional mandate of monitoring public officers' compliance with the Code of Conduct across Nigeria, including field investigations and administrative functions.",0
ERGP15225489,Headquarter Building,344001001,CODE OF CONDUCT BUREAU,,8470000000.0,YES,HIGH,"A headquarters building is essential infrastructure that directly supports the Bureau's constitutional mandate to receive and retain custody of asset declarations, examine compliance, and carry out its administrative functions.",0
ERGP16123402,AUTOMATION OF CCB OPERATION,344001001,CODE OF CONDUCT BUREAU,,140596706.0,YES,HIGH,"Automation of CCB operations directly supports the Bureau's constitutional mandate to receive, examine, and retain custody of asset declarations while making them available for citizen inspection, which requires efficient operational systems.",0
ERGP19113659,CONTROL OF GULLY EROSION,517015001,COMPUTER REGISTRATION COUNCIL OF NIGERIA,,25000000.0,NO,HIGH,Control of gully erosion is an environmental/geological issue that has no connection to the Computer Registration Council's mandate of regulating computing professionals and IT practices in Nigeria.,100
ERGP27113654,OFFICE FURNITURE AND FITTINGS FOR CENTRE OF EXCELLENCE (FCT),517015001,COMPUTER REGISTRATION COUNCIL OF NIGERIA,,50000000.0,YES,HIGH,The budget item directly supports the agency's established Centre of Excellence in Abuja (FCT) which is explicitly mentioned in the mandate as part of CPN's operations.,0
ERGP29113657,ACCREDITATION OF FORMAL AND NON FORMAL INFORMATION TECHNOLOGY TRAINING INSTITUTIONS,517015001,COMPUTER REGISTRATION COUNCIL OF NIGERIA,,75000000.0,YES,HIGH,"The budget item directly aligns with CPN's mandate to accredit institutions' courses and programmes in computing and related disciplines, and to regulate all persons and organizations engaged in IT training/education.",0
ERGP29194791,ICT TOOLS/SKILL & ENTERENURSHIP DEVELP.FOR GRADUATES,517015001,COMPUTER REGISTRATION COUNCIL OF NIGERIA,,70000000.0,YES,HIGH,"The budget item directly aligns with CPN's mandate to encourage education of IT professionals, determine academic and professional standards in computing disciplines, and support skill development in the computing profession.",0
ERGP30113653,PROCUREMENT OF UTILITY VEHICLES,517015001,COMPUTER REGISTRATION COUNCIL OF NIGERIA,,80000000.0,YES,HIGH,"Procurement of utility vehicles is necessary for CPN to carry out its regulatory functions including enforcement activities, inspections of IT facilities, and general administrative operations across Nigeria.",0
ERGP10225905,PROCUREMENT AND INSTALLATION OF 5 NOS 10KVA SOLAR POWER GENERATING SETS,517018008,"AKANU IBIAM FEDERAL POLYTECHNIC, UNWANA - AFIKPO",,70000000.0,YES,HIGH,"Solar power generating sets are essential infrastructure for maintaining electrical power supply to the polytechnic's workshops, laboratories, and training facilities that are required for delivering technical and vocational education programs.",0
ERGP23135905,"CONSTRUCTION OF 1 NO HOSTEL COMPLEX
",517018008,"AKANU IBIAM FEDERAL POLYTECHNIC, UNWANA - AFIKPO",,22071591.0,YES,HIGH,Construction of hostel facilities directly supports the polytechnic's mandate to provide accessible technical and vocational education by ensuring adequate accommodation infrastructure for students.,0
ERGP23225690,"PROCUREMENT OF 1 NO VEHICLE
",517018008,"AKANU IBIAM FEDERAL POLYTECHNIC, UNWANA - AFIKPO",,84000000.0,YES,HIGH,"A vehicle is necessary for the polytechnic's operational activities including administrative functions, student industrial training coordination, industry collaboration, and maintaining educational facilities across the institution.",0
ERGP23225925,"HARD AND SOFT LANDSCAPING OF THE NEW ADMINISTRATIVE BLOCK
",517018008,"AKANU IBIAM FEDERAL POLYTECHNIC, UNWANA - AFIKPO",,80838606.0,YES,HIGH,Hard and soft landscaping of the new administrative block is necessary infrastructure development that directly supports the polytechnic's core educational mandate by providing proper facilities for administrative functions essential to delivering technical and vocational education programs.,0
ERGP23225937,HARD AND SOFT LANDSCAPING OF METALLURGICLA ENGINEERING LABORATORY / WORKSHOP,517018008,"AKANU IBIAM FEDERAL POLYTECHNIC, UNWANA - AFIKPO",,35000000.0,YES,HIGH,Hard and soft landscaping of the metallurgical engineering laboratory/workshop directly supports the polytechnic's mandate to maintain workshops and laboratories with modern facilities for engineering technology programs.,0
ERGP23225956,HARD AND SOFT LANDSCAPING OF THE MECHATRONICS ENGINEERING LABORATORY/WORKSHOP,517018008,"AKANU IBIAM FEDERAL POLYTECHNIC, UNWANA - AFIKPO",,35000000.0,YES,HIGH,"Hard and soft landscaping of the Mechatronics Engineering Laboratory/Workshop directly supports the polytechnic's mandate to maintain modern workshops and laboratories for technical education, specifically in engineering technology programs.",0
ERGP23225980,PROCUREMENT OF FURNITURE AND EQUIPMENT FOR MECHATRONICS ENGINEERING LABORATORY/WORKSHOP,517018008,"AKANU IBIAM FEDERAL POLYTECHNIC, UNWANA - AFIKPO",,63000000.0,YES,HIGH,Procuring furniture and equipment for a mechatronics engineering laboratory/workshop directly supports the polytechnic's core mandate to provide engineering technology programs and maintain modern laboratory facilities for hands-on technical training.,0
ERGP23226013,PROCUREMENT OF FURNITURE AND EQUIPMENT FOR METALLURGICAL ENGINEERING LABORATORY/WORKSHOP,517018008,"AKANU IBIAM FEDERAL POLYTECHNIC, UNWANA - AFIKPO",,63000000.0,YES,HIGH,The procurement of furniture and equipment for a metallurgical engineering laboratory/workshop directly supports the polytechnic's core mandate of providing technical and vocational education in engineering technologies through hands-on practical training facilities.,0
ERGP23226028,"PROCUREMENT AND INSTALLATION OF PAYROLL HARDWARE AND SOFTWARE
",517018008,"AKANU IBIAM FEDERAL POLYTECHNIC, UNWANA - AFIKPO",,42000000.0,YES,HIGH,Payroll hardware and software procurement is essential administrative infrastructure required for the polytechnic to manage staff compensation and operate effectively as an educational institution.,0
ERGP23226044,"REVIEW OF THE POLYTECHNIC MASTER PLAN
",517018008,"AKANU IBIAM FEDERAL POLYTECHNIC, UNWANA - AFIKPO",,91000000.0,YES,HIGH,"Reviewing the polytechnic master plan directly supports the agency's mandate by ensuring strategic planning for maintaining and developing the workshops, laboratories, training facilities, and infrastructure necessary to deliver quality technical and vocational education programs.",0
ERGP23233393,COMPLETION OF PURCHASE OF FURNITURE AND EQUIPMENT FOR THE NEW ADMINISTATIVE BLOCK,517018008,"AKANU IBIAM FEDERAL POLYTECHNIC, UNWANA - AFIKPO",,126000000.0,YES,HIGH,Purchasing furniture and equipment for the new administrative block directly supports the polytechnic's operational infrastructure needs required to deliver its educational mandate and administrative functions.,0
ERGP4115856,"CONSTRUCTION OF METALLURGY ENGINEERING TECHNICAL WORKSHOP/LABORATORY FOR ENGINEERING DEPARTMENT IN FEDERAL POLYTECHNIC, UNWANA, AFIKPO, EBONYI",517018008,"AKANU IBIAM FEDERAL POLYTECHNIC, UNWANA - AFIKPO",,92484214.0,YES,HIGH,Construction of a metallurgy engineering technical workshop/laboratory directly supports the polytechnic's core mandate to provide engineering technology programs and maintain modern workshops and laboratory facilities for hands-on technical training.,0
ERGP1139618,CONSTRUCTION OF SPECTATORS PAVILLION AT STADIUM COMPLEX,517021004,"AHMADU BELLO UNIVERSITY, ZARIA",,140000000.0,PARTIAL,MEDIUM,"While not explicitly mentioned in the core academic mandate, construction of stadium facilities can be justified as supporting student welfare, sports programs, and campus infrastructure that contributes to the comprehensive higher education experience the university is mandated to provide.",50
ERGP1156348,COMPLETION OF CONSTRUCTION OF ONE (1) STOREY SABBATICAL HOSTEL,517021004,"AHMADU BELLO UNIVERSITY, ZARIA",,49668126.0,YES,HIGH,"Construction of sabbatical hostel directly supports the university's mandate to provide comprehensive higher education by offering accommodation facilities for visiting academic staff on sabbatical, which enhances the university's academic programs and research capabilities.",0
ERGP23154681,CONSTRUCTION/FURNISHING OF 500 SEATER STUDENT LECTURE HALL,517021004,"AHMADU BELLO UNIVERSITY, ZARIA",,54565432.0,YES,HIGH,Construction of a 500-seater student lecture hall directly supports the university's core mandate of providing comprehensive higher education to its large student body across multiple campuses and faculties.,0
ERGP23168239,"REPAIRS OF INTERNAL ACCESS ROAD WITHIN AHMADU BELLO UNIVERSITY, ZARIA",517021004,"AHMADU BELLO UNIVERSITY, ZARIA",,140000000.0,YES,HIGH,"Maintaining internal access roads is essential infrastructure support that directly enables the university to fulfill its core educational, research, and operational functions across its campuses.",0
ERGP23168245,CONSTRUCTION OF PARAMETER FENCING,517021004,"AHMADU BELLO UNIVERSITY, ZARIA",,245431459.0,YES,HIGH,"Construction of perimeter fencing is essential infrastructure for securing the university's physical facilities across its multiple campuses, which directly supports its core educational and research operations.",0
ERGP23168254,"CONSTRUCTION, FURNISHING AND EQUIPPING OF CENTRAL, PHYSICAL AND MEDICAL LABORATORIES",517021004,"AHMADU BELLO UNIVERSITY, ZARIA",,175000000.0,YES,HIGH,"The construction, furnishing and equipping of central, physical and medical laboratories directly supports ABU's core mandate of providing comprehensive higher education and conducting research across multiple disciplines, particularly in sciences and medical sciences, while also supporting the operations of the A.B.U. Teaching Hospital.",0
ERGP23168258,"CONSTRUCTION OF NEW STUDENTS HOSTELS
",517021004,"AHMADU BELLO UNIVERSITY, ZARIA",,105000000.0,YES,HIGH,Construction of new students hostels directly supports the university's mandate to provide comprehensive higher education by ensuring adequate accommodation infrastructure for its large student population across multiple campuses.,0
ERGP23186581,"COMPLETION AND EQUIPPING OF VENOM, ANTIVENOM AND NATURAL TOXINS RESEARCH (VANTRAC)",517021004,"AHMADU BELLO UNIVERSITY, ZARIA",,75365125.0,YES,HIGH,"This budget item directly supports ABU's core mandate of conducting research across multiple disciplines, particularly in medical and scientific fields, which aligns with the university's comprehensive research mission and its operation of medical facilities including the A.B.U. Teaching Hospital.",0
ERGP23213625,"PROVISION OF INFRASTRUCTURE TO AHMADU BELLO UNIVERSITY, ZARIA - CONSTRUCTION OF DEPARTMENT OF QUANTITY SURVEYING",517021004,"AHMADU BELLO UNIVERSITY, ZARIA",,296663564.0,YES,HIGH,"The construction of a Department of Quantity Surveying building directly supports the university's mandate to provide comprehensive higher education across diverse disciplines including environmental design and engineering, which would encompass quantity surveying programs.",0
ERGP23226346,REHABILITATION OF STUDENTS HOSTELS - ALI AKILU/TAFAWA BALEWA/SARDAUNA BEDDE/SULEIMAN HALL AND ALEX/RIBADU,517021004,"AHMADU BELLO UNIVERSITY, ZARIA",,210000000.0,YES,HIGH,Rehabilitating student hostels directly supports ABU's core mandate of providing comprehensive higher education by maintaining essential residential infrastructure necessary for accommodating students across its diverse academic programs.,0
ERGP23226380,"UPGRADE OF DEPARTMENTS OF ELECTRICAL AND MECHANICAL ENGINEERING
",517021004,"AHMADU BELLO UNIVERSITY, ZARIA",,14000000.0,YES,HIGH,"The upgrade of Electrical and Mechanical Engineering departments directly aligns with ABU's mandate to provide comprehensive higher education across diverse disciplines including engineering, as explicitly stated in their core functions.",0
ERGP23226409,"CONSTRUCTION AND FURNISHING OF CLINICAL PHARMACY COMPLEX AT ABUTH
",517021004,"AHMADU BELLO UNIVERSITY, ZARIA",,14000000.0,YES,HIGH,The construction and furnishing of a clinical pharmacy complex at ABUTH (A.B.U. Teaching Hospital) directly supports the university's mandate to operate one of Africa's largest training hospitals and provide comprehensive medical education and healthcare services.,0
ERGP23242387,"COMPLETION COMPENG DEPT, LAN AND INTERNET AND RENEWABLE ENERGY
",517021004,"AHMADU BELLO UNIVERSITY, ZARIA",,350000000.0,YES,HIGH,"The completion of a Computer Engineering Department with LAN, internet, and renewable energy infrastructure directly supports ABU's mandate to provide comprehensive higher education across diverse disciplines including engineering, while enhancing the university's technological capabilities for teaching and research.",0
ERGP27242399,"FACULTY BUILDING
",517021004,"AHMADU BELLO UNIVERSITY, ZARIA",,1400000000.0,YES,HIGH,Faculty buildings are essential infrastructure directly supporting ABU's core mandate of providing comprehensive higher education across its 18 faculties and 110 academic departments.,0
ERGP28242407,"SUPPLY OF SOLAR WATER PUMPS, CHEMICAL SPRAYERS AND FERTILIZERS INCLUDING FOOD GRAINS FOR THE PEOPLE AND FARMERS IN KATSINA NORTH SENATORIAL",517021004,"AHMADU BELLO UNIVERSITY, ZARIA",,280000000.0,NO,HIGH,"This budget item involves direct supply of agricultural equipment and food grains to farmers in a specific senatorial district, which is outside ABU's mandate as a university focused on education, research, and knowledge dissemination rather than direct agricultural supply operations.",100
ERGP29242394,"ABU PORTAL REMODELLING AND REDEVELOPMENT(LOTS)
",517021004,"AHMADU BELLO UNIVERSITY, ZARIA",,140000000.0,YES,HIGH,"Portal remodelling and redevelopment directly supports the university's core educational mandate by enhancing digital infrastructure necessary for student services, academic administration, and information systems across its comprehensive higher education operations.",0
ERGP23170643,"DESIGN,CONSTRUCTION AND COMMISSIONING OF CONVOCATION SQUARE",517021015,"ABUBAKAR TAFAWA BALEWA UNIVERSITY, BAUCHI",,350000000.0,YES,HIGH,"Construction of a convocation square is essential university infrastructure needed to conduct graduation ceremonies and academic events, which directly supports the university's core educational mandate.",0
ERGP23170701,"PROCUREMENT, INSTALLATION TESTING AND COMMISSIONING OF TEACHING AND RESEARCH EQUIPMENT",517021015,"ABUBAKAR TAFAWA BALEWA UNIVERSITY, BAUCHI",,70000000.0,YES,HIGH,"The procurement and installation of teaching and research equipment directly supports the university's core mandate of providing education in science, technology, and engineering while enhancing its research capabilities across its 18 faculties and 110 academic departments.",0
ERGP23233733,"REHABILITATION AND UPGRADE OF THE TEACHING AND LEARNING ENVIRONMENT AT ATBU, BAUCHI",517021015,"ABUBAKAR TAFAWA BALEWA UNIVERSITY, BAUCHI",,140000000.0,YES,HIGH,Rehabilitating and upgrading the teaching and learning environment directly supports the university's core mandate of providing undergraduate and postgraduate education across its 18 faculties and 110 academic departments.,0
ERGP23233735,"CONSTRUCTION, FURNISHING AND EQUIPPING OF THE DIRECTORATE OF RESEARCH, INNOVATION AND DEVELOPMENT AND CENTRAL ADVANCED RESEARCH",517021015,"ABUBAKAR TAFAWA BALEWA UNIVERSITY, BAUCHI",,210000000.0,YES,HIGH,"The construction, furnishing and equipping of the Directorate of Research, Innovation and Development directly supports the university's core mandate of conducting research and aligns with their established directorate that oversees research activities.",0
ERGP23233736,"CONSTRUCTION, EQUIPPING AND FURNISHING OF THE INTERNATIONAL POSTGRADUATE STUDENTS HOSTEL AT ATBU, BAUCHI PHASE I",517021015,"ABUBAKAR TAFAWA BALEWA UNIVERSITY, BAUCHI",,145600000.0,YES,HIGH,Construction of international postgraduate student accommodation directly supports the university's mandate to provide postgraduate education and its evolution toward becoming a postgraduate studies-centered institution with over 400 postgraduate program options.,0
ERGP23233738,"REHABILITATION, LANDSCAPING AND EXTERNAL WORKS OF SENATE BUILDING AT ATBU, BAUCHI",517021015,"ABUBAKAR TAFAWA BALEWA UNIVERSITY, BAUCHI",,140000000.0,YES,HIGH,"Rehabilitating the Senate Building, which houses core university governance and administrative functions, directly supports ATBU's educational mandate and operational capacity as a major federal university with 18 faculties and extensive academic programs.",0
ERGP23233739,PROCUREMENT OF SECURITY VEHICLES FOR SURVEILLANCE,517021015,"ABUBAKAR TAFAWA BALEWA UNIVERSITY, BAUCHI",,70440665.0,YES,HIGH,"Security vehicles for surveillance are necessary for maintaining campus safety and protecting the university's facilities, staff, and students across its two campuses, which directly supports the institution's core educational and research functions.",0
ERGP30242663,"MEDICAL OUTREACH ACROSS BAGORO/DASS/TAFAWA-BALEWA FEDERAL CONSTITUENCY, BAUCHI STATE",517021015,"ABUBAKAR TAFAWA BALEWA UNIVERSITY, BAUCHI",,7000000.0,PARTIAL,MEDIUM,"While the university has no explicit medical mandate, the outreach activities could align with its community service and extension functions, though medical outreach appears outside its core technology and engineering focus.",50
ERGP23164007,COMPLETION OF PHASE 1 FACULTY OF VETERINARY MEDICINE (VETERINARY ANATOMY),517021023,"BAYERO UNIVERSITY, KANO",,210000000.0,YES,HIGH,"The completion of Phase 1 Faculty of Veterinary Medicine (Veterinary Anatomy) directly aligns with BUK's mandate as the university has an established Faculty of Veterinary Medicine and its core mission includes advancement of learning through teaching, research, and community service across multiple disciplines including veterinary medicine.",0
ERGP23192498,EXPANSION AND EQIPPING UNIVERSITY CLINIC (OLD CAMPUS),517021023,"BAYERO UNIVERSITY, KANO",,70000000.0,YES,HIGH,"The expansion and equipping of a university clinic directly supports BUK's mandate in health sciences education through its College of Health Sciences and Centre for Advanced Medical Research, as well as its community service responsibilities.",0
ERGP23192501,CONSTRUCTION AND EQIPPING NEW SECURITY OFFICE,517021023,"BAYERO UNIVERSITY, KANO",,70000000.0,YES,HIGH,"Construction and equipping a new security office is necessary infrastructure for maintaining campus safety and security, which is essential for the university to fulfill its core mandate of providing teaching, learning, and research services.",0
ERGP23192506,PROVISION OF I T INFRASTRUCTURE IN BOTH CAMPUSES,517021023,"BAYERO UNIVERSITY, KANO",,105000000.0,YES,HIGH,"The provision of IT infrastructure directly supports the university's mandate to advance learning through teaching, research, and community service, and is essential for operating the Faculty of Computer Science and Information Technology and supporting academic activities across both campuses.",0
ERGP23192555,PROVISION OF UNIVERSITY FARM,517021023,"BAYERO UNIVERSITY, KANO",,175000000.0,YES,HIGH,"The provision of a university farm directly supports BUK's Faculty of Agricultural Sciences and specialized research centers like the Africa Centre of Excellence in Dryland Agriculture, which are core components of the university's mandate for teaching, research, and addressing regional agricultural challenges.",0
ERGP23192562,CONSTRUCTION OF UNIVERSITY CENTRAL STORE,517021023,"BAYERO UNIVERSITY, KANO",,35000000.0,YES,HIGH,"Construction of a university central store directly supports the university's operational infrastructure needs for storing equipment, supplies, and materials required for teaching, research, and administrative functions across its multiple faculties and specialized centers.",0
ERGP23192569,FENCING OF UNIVERSITY NEW SITE,517021023,"BAYERO UNIVERSITY, KANO",,105000000.0,YES,HIGH,"Fencing of university property is a necessary infrastructure security measure that directly supports the university's core mandate of providing a safe environment for teaching, research, and community service activities.",0
ERGP23192576,CONSTRUCTION OF CENTRE FOR DRIP,517021023,"BAYERO UNIVERSITY, KANO",,70000000.0,PARTIAL,MEDIUM,"While the budget item lacks specificity about what ""DRIP"" refers to, it could align with BUK's research mandate if it relates to drip irrigation for their Africa Centre of Excellence in Dryland Agriculture, though the unclear terminology makes definitive alignment uncertain.",50
ERGP23197592,CONSTRUCTION OF VARIOUS INFRASTRUCTURAL PROJECTS,517021023,"BAYERO UNIVERSITY, KANO",,35000000.0,YES,HIGH,"Construction of various infrastructural projects directly supports the university's mandate to advance learning through teaching, research, and community service by providing necessary physical facilities for academic and administrative operations.",0
ERGP23197603,CONSTRUCTION AND FURNISHING OF COUNCIL LOUNGE,517021023,"BAYERO UNIVERSITY, KANO",,35000000.0,YES,HIGH,"The construction and furnishing of a council lounge directly supports the university's governance structure, specifically providing appropriate facilities for the Governing Council which has mandated oversight responsibilities for administrative and financial matters.",0
ERGP23203409,MANAGEMENT TRAINING/CAPACITY BUILDING TRAINING,517021023,"BAYERO UNIVERSITY, KANO",,42000000.0,YES,HIGH,"Management training and capacity building directly supports the university's mandate to advance learning through teaching and community service, while enhancing the administrative capabilities necessary for effective university operations.",0
ERGP23224037,FURNISHING AND EQUIPPING OF CENTRE FOR TEACHING AND LEARNING,517021023,"BAYERO UNIVERSITY, KANO",,70000000.0,YES,HIGH,"Furnishing and equipping a Centre for Teaching and Learning directly supports the university's core mandate of advancing learning through teaching, which is explicitly stated as one of BUK's primary functions.",0
ERGP23224064,FURNISHING AND EQUIPPING OF MICRO-TEACHING LABORATORY,517021023,"BAYERO UNIVERSITY, KANO",,70000000.0,YES,HIGH,A micro-teaching laboratory directly supports the university's mandate in teacher education through its Faculty of Education and aligns with its core function of advancing learning through teaching and research.,0
ERGP23224073,CONSTRUCTION AND FURNISHING OF CENTRE FOR DISTANCE LEARNING,517021023,"BAYERO UNIVERSITY, KANO",,210000000.0,YES,HIGH,"Construction and furnishing of a Centre for Distance Learning directly supports the university's core mandate of advancing learning through teaching and expanding educational access, which aligns with BUK's role as a federal university providing higher education services.",0
ERGP23224082,CONSTRUCTION AND FURNISHING OF CENTRE FOR CARRIER SERVICES,517021023,"BAYERO UNIVERSITY, KANO",,40398625.0,PARTIAL,MEDIUM,"While career services support the university's educational mandate by helping students transition to employment, the specific construction and furnishing activity is not explicitly mentioned in BUK's core academic and research mandate.",50
ERGP23242827,"UPGRADE OF THE CENTER FOR BIOTECHNOLOGY RESEARCH, BUK, KANO",517021023,"BAYERO UNIVERSITY, KANO",,1540000000.0,YES,HIGH,"The upgrade of a biotechnology research center directly aligns with BUK's mandate to advance learning through research and its operation of specialized research centers addressing regional challenges, particularly given its College of Natural and Pharmaceutical Sciences and focus on scientific education.",0
ERGP23242832,"CONSTRUCTION OF PERIMETER WALL FENCING AT BAYERO UNIVERSITY, KANO",517021023,"BAYERO UNIVERSITY, KANO",,2100000000.0,YES,HIGH,"Construction of perimeter wall fencing is essential infrastructure that supports the university's core functions of teaching, research, and community service by providing security and defining the campus boundaries necessary for safe academic operations.",0
ERGP23128913,CONSTRUCTION AND FURNISHING OF MALE AND FEMALE HOSTEL (100 BED SPACES FOR FEMALE STUDENTS),517021027,ARABIC LANGUAGE VILLAGE BORNO,,31920140.0,YES,HIGH,The construction of hostels directly supports the agency's core mandate of providing residential facilities where students can practice Arabic in daily life through immersion methods.,0
ERGP23207785,"PROVISION OF INFRASTRUCTURAL FACILITIES SUCH WATER RETICULATION, OVERHEAD/UNDERGROUND TANKS, PARKING LOTS AND INTERLOCKINGS",517021027,ARABIC LANGUAGE VILLAGE BORNO,,7034510.0,YES,HIGH,"Infrastructure facilities like water systems, tanks, parking lots, and interlocking are essential supporting infrastructure for the agency's residential facilities and campus operations where students live and study in an immersive Arabic language environment.",0
ERGP23227730,CONSTRUCTION AND FURNITURE FOR MINI ADMINISTRATIVE OFFICES,517021027,ARABIC LANGUAGE VILLAGE BORNO,,84894860.0,YES,HIGH,"Administrative offices are essential infrastructure needed to manage the village's Arabic language instruction programs, residential facilities, cultural exchange activities, and coordination with partner institutions.",0
ERGP23227748,PROVISION OF INFRASTRUCTURE FACILITIES AT MAIDUGURI CAMPUS,517021027,ARABIC LANGUAGE VILLAGE BORNO,,7605990.0,YES,HIGH,Providing infrastructure facilities at the Maiduguri campus directly supports the agency's mandate to maintain residential facilities and learning resource centers where students can practice Arabic in an immersive environment.,0
ERGP23227788,COMPLETION AND FURNISHINGS OF 200 BEDSPACE STUDENTS HOSTEL.,517021027,ARABIC LANGUAGE VILLAGE BORNO,,51800000.0,YES,HIGH,The completion and furnishing of student hostel facilities directly supports the agency's mandate to maintain residential facilities where students can practice Arabic in daily life through immersion methods.,0
ERGP23227830,CONSTRUCTION AND FURNISHINGS OF 200 BEDSPACE STUDENTS HOSTEL.,517021027,ARABIC LANGUAGE VILLAGE BORNO,,151338860.0,YES,HIGH,The construction of student hostel facilities directly supports the agency's mandate to maintain residential facilities where students practice Arabic in daily life through immersion methods.,0
ERGP29193126,"PURCHASE OF ACCOUNTING SOFTWARE/DATA BASE, EQUIPMENT AND TRAINING",517021027,ARABIC LANGUAGE VILLAGE BORNO,,21985456.0,PARTIAL,MEDIUM,"While accounting software and database systems are necessary for basic administrative operations of any educational institution, this item does not directly support the agency's core mandate of Arabic language instruction and cultural exchange programming.",50
ERGP30207788,THE ESSENCE OF USING ARABIC LANGUAGE AS A TOOL FOR THE INTERGRATION OF ALMAJIRI/OUT OF SCHOOL CHILDREN INTO FORMAL SYSTEM OF EDUCATION: A CASE,517021027,ARABIC LANGUAGE VILLAGE BORNO,,7112529.0,YES,HIGH,"This budget item directly aligns with the agency's mandate to provide Arabic language instruction and promote educational integration, specifically targeting Almajiri and out-of-school children who often have Arabic language backgrounds that can be leveraged to bring them into formal education systems.",0
ERGP30207794,"ALIGNING, REVIEW, DEVELOPMENT AND PRODUCTION OF COURSE MATERIALS FOR TSANGAYA AND GIRL CHILD IN LINE WITH NATIONAL EDUCATION POLICY",517021027,ARABIC LANGUAGE VILLAGE BORNO,,5367653.0,PARTIAL,MEDIUM,"While the agency's mandate includes Arabic language instruction and educational materials, this budget item specifically targets Tsangaya schools and girl child education which extends beyond the core Arabic language village immersion program but relates to broader Arabic/Islamic education in the region.",50
ERGP30207796,THE INTRODUCTION OF ARABIC CALIGRAPHY AND ARABIAN DESIGNS FOR SKILL ACQUISITION AND SELF-RELIANCE FOR THE NIGERIAN GIRL CHILD: A CASE STUDY,517021027,ARABIC LANGUAGE VILLAGE BORNO,,12720925.0,YES,HIGH,"The budget item directly aligns with the agency's mandate to promote Arabic calligraphy and cultural traditions while providing skill acquisition training, which falls under their core functions of Arabic cultural education and capacity building.",0
ERGP30227771,PURCHASE OF LIBRARY HOLDINGS AND EQUIPMENT,517021027,ARABIC LANGUAGE VILLAGE BORNO,,7224000.0,YES,HIGH,"The purchase of library holdings and equipment directly supports the agency's mandate to operate libraries and learning resource centers with Arabic texts, multimedia materials, and educational resources for Arabic language instruction.",0
ERGP30227809,"PURCHASE OF TEACHING AIDS, MATERIALS AND RESEARCH EQUIPMENT",517021027,ARABIC LANGUAGE VILLAGE BORNO,,24592834.0,YES,HIGH,"The purchase of teaching aids, materials and research equipment directly supports the agency's core mandate of providing Arabic language instruction, maintaining learning resource centers, and operating educational facilities for Arabic language acquisition.",0
ERGP23212954,"CONSTRUCTION OF HOSTELS IN ALEX EKWUEME FEDERAL UNIVERSITY, EBONYI STATE
",517021032,ALEX EKWUEME FEDERAL UNIVERSITY NDUFU ALIKE IKWO,,237219192.0,YES,HIGH,Construction of hostels directly supports the university's core educational mandate by providing essential student accommodation infrastructure necessary for comprehensive undergraduate and postgraduate education delivery.,0
ERGP23225008,CONSTRUCTION OF TWO STOREY BUILDING EXTENSION OF SENATE BUILDING FOR PRINCIPAL OFFICERS,517021032,ALEX EKWUEME FEDERAL UNIVERSITY NDUFU ALIKE IKWO,,343000000.0,YES,HIGH,Construction of a senate building extension for principal officers directly supports the university's administrative infrastructure necessary for governance and management of its comprehensive educational mandate.,0
ERGP23225016,"ONE STOREY BUILDING FOR FACULTY OF HUMANITIES
",517021032,ALEX EKWUEME FEDERAL UNIVERSITY NDUFU ALIKE IKWO,,280000000.0,YES,HIGH,"The construction of a one storey building for the Faculty of Humanities directly supports the university's mandate to provide comprehensive undergraduate and postgraduate education in humanities, which is explicitly listed as one of their core academic areas.",0
ERGP30243052,RENOVATION OF CHILDREN EMERGENCY BUILDING AT ALEX EKWUEME FEDERAL UNIVERSITY TEACHING HOSPITAL ABAKALIKI,517021032,ALEX EKWUEME FEDERAL UNIVERSITY NDUFU ALIKE IKWO,,28000000.0,NO,HIGH,"The budget item is for a teaching hospital in Abakaliki, but Alex Ekwueme Federal University Ndufu Alike Ikwo is a separate institution located in Ikwo, and the mandate describes the university itself without indicating it operates or manages a teaching hospital.",100
ERGP10233397,"DEPLOYMENT OF SOLAR ENERGY TO ADMINISTRATIVE AND HOSTEL AREAS
",517021055,"ADEYEMI FEDERAL UNIVERSITY OF EDUCATION, ONDO",,105000000.0,YES,HIGH,Deploying solar energy to administrative and hostel areas directly supports the university's core educational operations by providing essential infrastructure for student accommodation and administrative functions necessary to deliver teacher education programs.,0
ERGP10243851,PROVISION OF SOLAR STREET LIGHTS IN IBADAN SOUTH EAST/NORTH EAST FEDERAL CONSTITUENCY,517021055,"ADEYEMI FEDERAL UNIVERSITY OF EDUCATION, ONDO",,49000000.0,NO,HIGH,"This budget item involves providing solar street lights in Ibadan constituencies, which has no connection to the university's mandate of teacher education, research, and academic programs, and the university is located in Ondo, not Ibadan.",100
ERGP12233394,CONSTRUCTION OF NEW DUAL CARRIAGE WAY FROM ONDO/ORE HIGHWAY TO COEASU BUILDING - PHASE II,517021055,"ADEYEMI FEDERAL UNIVERSITY OF EDUCATION, ONDO",,140000000.0,PARTIAL,MEDIUM,"While road construction is not a core educational function, improving access infrastructure to the university campus (COEASU building) could reasonably support the institution's ability to deliver its teacher education mandate by facilitating better access for students, staff, and resources.",50
ERGP12233399,"REPAIRS OF DAMAGED CAMPUS ROADS AND DRAINAGES
",517021055,"ADEYEMI FEDERAL UNIVERSITY OF EDUCATION, ONDO",,70000000.0,YES,HIGH,Campus infrastructure maintenance including roads and drainage systems is essential for the university to operate its educational facilities and provide a conducive learning environment for teacher training programs.,0
ERGP23233395,"CONTINUATION OF PERIMETER FENCE
",517021055,"ADEYEMI FEDERAL UNIVERSITY OF EDUCATION, ONDO",,140000000.0,YES,HIGH,"Perimeter fencing is essential infrastructure for securing the university campus, protecting its facilities, students, and academic operations, which directly supports the institution's core educational mission.",0
ERGP23233396,"CONSTRUCTION OF NEW ENTRANCE GATE
",517021055,"ADEYEMI FEDERAL UNIVERSITY OF EDUCATION, ONDO",,70000000.0,YES,HIGH,Construction of a new entrance gate is a basic infrastructure need that supports the university's core educational operations and campus facilities maintenance.,0
ERGP23233398,"EXTENSION OF BURSARY OFFICE BUILDING FOR ADDITIONAL 25 STAFF OFFICES
",517021055,"ADEYEMI FEDERAL UNIVERSITY OF EDUCATION, ONDO",,121155035.0,YES,HIGH,"The extension of the bursary office building to accommodate 25 additional staff offices directly supports the university's operational capacity to manage its expanded academic programs and growing student population, which is essential for fulfilling its teacher education mandate.",0
ERGP25177761,PROCUREMENT OF COMPUTERS,521010001,COMMUNITY HEALTH PRACTITONERS REGISTRATION BOARD,,28000000.0,YES,HIGH,"Computers are essential for maintaining practitioner registers, conducting examinations, processing registrations, and managing the Board's core regulatory functions as mandated by law.",0
ERGP25193744,REHABILITATION AND REPAIRS OF OFFICE BUILDINGS,521010001,COMMUNITY HEALTH PRACTITONERS REGISTRATION BOARD,,35000000.0,YES,HIGH,"Office buildings are necessary infrastructure for the Board to carry out its core regulatory functions including maintaining registers, conducting examinations, and administrative operations.",0
ERGP25196166,PROCUREMENT OF OFFICE FURNITURE AND FITTINGS,521010001,COMMUNITY HEALTH PRACTITONERS REGISTRATION BOARD,,21000000.0,YES,HIGH,"Office furniture and fittings are essential administrative infrastructure needed for the Board to carry out its regulatory functions including maintaining registers, conducting examinations, and investigating complaints.",0
ERGP25224066,PURCHASE OF POWER GENERATING SET,521010001,COMMUNITY HEALTH PRACTITONERS REGISTRATION BOARD,,38500000.0,YES,HIGH,"The purchase of power generating sets is necessary infrastructure to support the Board's core regulatory functions including maintaining practitioner registers, conducting examinations, and operating office facilities required for community health practice oversight.",0
ERGP25239716,MEDICAL OUTREACH ON MATERNAL MORTALITY AND BIRTH SURVEILLANCE IN FCT,521010001,COMMUNITY HEALTH PRACTITONERS REGISTRATION BOARD,,14000000.0,NO,HIGH,"The agency's mandate is limited to regulating and registering community health practitioners, not conducting direct medical outreach services or maternal health interventions.",100
ERGP25239728,"AWARENESS RAISING ON AUTISM, MANAGEMENT AND TALENT SUPPORT",521010001,COMMUNITY HEALTH PRACTITONERS REGISTRATION BOARD,,14000000.0,NO,HIGH,"The Community Health Practitioners Registration Board's mandate is specifically to regulate and control the training, registration, and practice of community health practitioners, not to conduct awareness campaigns or provide management and talent support for specific medical conditions like autism.",100
ERGP10224911,"PROVISION OF ALTERNATIVE POWER SUPPLY (SOLAR) AT ABUTH P/SITE SHIKA
",521026003,AHMADU BELLO UNIVERSITY TEACHING HOSPITAL,,70000000.0,YES,HIGH,"Reliable power supply through solar energy is essential infrastructure that directly supports the hospital's core mandate of providing comprehensive tertiary healthcare services, medical education, and research activities.",0
ERGP10224912,PROVISION OF ALTERNATIVE POWER SUPPLY (SOLAR) AT ABUTH LABORATORIES P/SITE SHIKA,521026003,AHMADU BELLO UNIVERSITY TEACHING HOSPITAL,,70000000.0,YES,HIGH,"Providing reliable power supply to ABUTH laboratories directly supports the hospital's core mandate of clinical service delivery, medical education, and research activities which all depend on properly functioning laboratory facilities.",0
ERGP15224976,"ANTI-CORRUPTION AND TRANSPARENCY UNIT ACTIVITIES AT ABUTH ZARIA
",521026003,AHMADU BELLO UNIVERSITY TEACHING HOSPITAL,,33403336.0,PARTIAL,MEDIUM,"While anti-corruption and transparency activities are not part of ABUTH's core medical mandate, they are necessary administrative functions for proper governance and financial accountability of the hospital as a federal institution.",50
ERGP25224905,"REHABILITATION OF WARDS AT ABUTH TUDUN WADA ZARIA
",521026003,AHMADU BELLO UNIVERSITY TEACHING HOSPITAL,,245000000.0,YES,HIGH,"Rehabilitating wards directly supports ABUTH's core mandate of providing comprehensive tertiary healthcare services and maintaining proper clinical facilities for patient care, medical education, and training.",0
ERGP25224906,REHABILITATION AND EQUIPING OF A&E THEATRE AND CORRIDOR OF ABUTH TUDUN WADA ZARIA,521026003,AHMADU BELLO UNIVERSITY TEACHING HOSPITAL,,245000000.0,YES,HIGH,Rehabilitating and equipping the Accident & Emergency theatre directly supports ABUTH's core mandate of providing comprehensive tertiary healthcare services as a referral hospital for complex medical cases.,0
ERGP25224907,"REHABILITATION AND EQUIPING OF GOPD,PHARMACY,SOPD AND ANTENATAL CLINIC AT ABUTH TUDUN WADA ZARIA",521026003,AHMADU BELLO UNIVERSITY TEACHING HOSPITAL,,245000000.0,YES,HIGH,"The rehabilitation and equipping of outpatient departments, pharmacy, and antenatal clinic directly supports ABUTH's core mandate of providing comprehensive tertiary healthcare services including obstetrics and gynecology specialties.",0
ERGP25224909,"REHABILITATION OF LABORATORIES AT ABUTH P/SITE SHIKA
",521026003,AHMADU BELLO UNIVERSITY TEACHING HOSPITAL,,210000000.0,YES,HIGH,"Laboratory rehabilitation directly supports the hospital's core mandate of providing tertiary healthcare services, medical education/training, and conducting medical research, all of which require functional laboratory facilities.",0
ERGP25224921,"PROVISION OF MEDICAL EQUIPMENT FOR THEATRE
",521026003,AHMADU BELLO UNIVERSITY TEACHING HOSPITAL,,70000000.0,YES,HIGH,Providing medical equipment for theatre directly supports the hospital's core mandate of delivering comprehensive tertiary healthcare services including surgery and other specialized medical disciplines that require operating theatre facilities.,0
ERGP25224926,"PROVISION OF MEDICAL EQUIPMENT FOR ANAESTHESIA
",521026003,AHMADU BELLO UNIVERSITY TEACHING HOSPITAL,,70000000.0,YES,HIGH,Provision of medical equipment for anaesthesia directly supports the hospital's core mandate of providing comprehensive tertiary healthcare services across multiple medical specialties that require anaesthesia for surgical and medical procedures.,0
ERGP25224940,"REHABILITATION OF MRI MACHINE AT ABUTH P/SITE
",521026003,AHMADU BELLO UNIVERSITY TEACHING HOSPITAL,,70000000.0,YES,HIGH,Rehabilitating an MRI machine directly supports the hospital's clinical service delivery mandate by maintaining essential diagnostic equipment necessary for comprehensive tertiary healthcare services.,0
ERGP25224944,"SUPPLY OF CONSUMABLES AND REAGENTS AT ABUTH P/SITE
",521026003,AHMADU BELLO UNIVERSITY TEACHING HOSPITAL,,70000000.0,YES,HIGH,"Supply of consumables and reagents is essential for the hospital's core clinical service delivery, medical research activities, and laboratory diagnostic functions across all medical specialties.",0
ERGP25224949,"REHABILITATION AND FURNISHING OF ADMINISTRATIVE BLOCK ABUTH P/SITE SHIKA
",521026003,AHMADU BELLO UNIVERSITY TEACHING HOSPITAL,,210000000.0,YES,HIGH,"Rehabilitating and furnishing the administrative block directly supports the hospital's operational infrastructure necessary for managing its clinical services, medical education, and research activities across all three mandate areas.",0
ERGP25224953,"PROCUREMENT OF UTILITY VEHICLES AT ABUTH SHIKA ZARIA
",521026003,AHMADU BELLO UNIVERSITY TEACHING HOSPITAL,,140000000.0,YES,HIGH,"Utility vehicles are necessary operational assets for a teaching hospital to support patient transport, medical supply delivery, emergency response, and staff mobility across the hospital complex and for outreach services.",0
ERGP25224960,REHABILITATION OF PROFESORIAL BUILDING AND LANDSCAPING AT ABUTH P/SITE SHIKA,521026003,AHMADU BELLO UNIVERSITY TEACHING HOSPITAL,,126000000.0,YES,HIGH,"Rehabilitating the profesorial building directly supports the hospital's medical education mandate by providing necessary infrastructure for faculty who train medical students, residents, and other healthcare professionals.",0
ERGP25224969,"SUPPLY OF UPS AND STABILIZER FOR FLUROSCOPY MACHINE AT ABUTH P/SITE SHIKA
",521026003,AHMADU BELLO UNIVERSITY TEACHING HOSPITAL,,70000000.0,YES,HIGH,The UPS and stabilizer for fluoroscopy machine directly supports the hospital's clinical service delivery mandate by ensuring reliable power supply for essential diagnostic imaging equipment used in patient care.,0
ERGP25224972,"SUPPLY OF ECHO CARDIOGRAPHY MACHINE AT ABUTH P/SITE SHIKA
",521026003,AHMADU BELLO UNIVERSITY TEACHING HOSPITAL,,70000000.0,YES,HIGH,An echocardiography machine directly supports the hospital's clinical service delivery mandate by providing essential cardiac diagnostic capabilities for tertiary healthcare services.,0
ERGP25241245,"RENOVATION/UPGRADING OF INSTITUTE OF CHILD HEALTH, ABU TEACHING HOSPITAL, BANZAZZAU, ZARIA LGAÃ¢â¬â¢S IN KADUNA STATE.",521026003,AHMADU BELLO UNIVERSITY TEACHING HOSPITAL,,140000000.0,YES,HIGH,Renovating/upgrading the Institute of Child Health directly supports the hospital's mandate to provide comprehensive tertiary healthcare services including pediatrics and serves as clinical training infrastructure for medical education.,0
ERGP25241247,REHABILITATION / RENNOVATION OF THE HOSPITAL AT ABUTH SHIKA IN AHMADU BELLO UNIVERSITY TEACHING HOSPITAL,521026003,AHMADU BELLO UNIVERSITY TEACHING HOSPITAL,,510142111.0,YES,HIGH,"Rehabilitation and renovation of hospital facilities directly supports ABUTH's core mandate of providing comprehensive tertiary healthcare services and maintaining the infrastructure necessary for clinical service delivery, medical education, and research activities.",0
ERGP25241248,"REHABILITATION / RENNOVATION OF THE HOSPITAL AT TUDUN-WADA, ZAIRA IN AHMADU BELLO UNIVERSITY TEACHING HOSPITAL",521026003,AHMADU BELLO UNIVERSITY TEACHING HOSPITAL,,510142111.0,YES,HIGH,"Rehabilitating and renovating hospital facilities directly supports ABUTH's core mandate of providing comprehensive tertiary healthcare services and maintaining the clinical infrastructure necessary for patient care, medical education, and research activities.",0
ERGP25241251,"NUCLEAR MEDCINE (APPENDIX A) IN AHMADU BELLO UNIVERSITY TEACHING HOSPITAL
",521026003,AHMADU BELLO UNIVERSITY TEACHING HOSPITAL,,1020284222.0,YES,HIGH,Nuclear medicine falls within ABUTH's mandate to provide comprehensive tertiary healthcare services and specialized medical disciplines as a referral hospital.,0
ERGP25241253,"CARDIOTHORACIC (APPENDIX B) IN AHMADU BELLO UNIVERSITY TEACHING HOSPITAL
",521026003,AHMADU BELLO UNIVERSITY TEACHING HOSPITAL,,765213167.0,YES,HIGH,Cardiothoracic services fall directly within ABUTH's mandate to provide comprehensive tertiary healthcare services covering specialized medical disciplines including surgery.,0
ERGP25241256,"CATH LAB IN AHMADU BELLO UNIVERSITY TEACHING HOSPITAL
",521026003,AHMADU BELLO UNIVERSITY TEACHING HOSPITAL,,765213167.0,YES,HIGH,A cardiac catheterization laboratory directly supports ABUTH's mandate to provide comprehensive tertiary healthcare services and specialized medical care as a referral hospital for complex cases across northern Nigeria.,0
ERGP25241258,"TRAINING AND EMPOWERMENT OF MEDICALLY CHALLEHGED YOUTH ON SELF SUSTENANCE DEVELOPMENT IN OGWUGWUAN AGBAJA, ANAMBRA STATE",521026003,AHMADU BELLO UNIVERSITY TEACHING HOSPITAL,,105000000.0,NO,HIGH,"This budget item involves training youth in Anambra State (southeastern Nigeria) which falls outside ABUTH's geographic mandate as a northern Nigeria referral hospital, and focuses on general empowerment rather than the hospital's specific medical education, clinical service, or research functions.",100
ERGP25241260,"CONSTRUCTION OF ALL-IN-ONE SOLAR STREETLIGHT IN OGWUGWUAN AGBAJA, ANAMBRA STATE",521026003,AHMADU BELLO UNIVERSITY TEACHING HOSPITAL,,70000000.0,NO,HIGH,"Construction of solar streetlights in Anambra State falls outside ABUTH's mandate of healthcare delivery, medical education, and research, and is geographically unrelated to the hospital's operations in northern Nigeria.",100
ERGP25241261,CONSTRUCTION OF ALL-IN-ONE SOLAR STREETLIGHT IN UMUEZEAMU COMMUNITY OF ANAMBRA STATE,521026003,AHMADU BELLO UNIVERSITY TEACHING HOSPITAL,,70000000.0,NO,HIGH,"Construction of solar streetlights in an Anambra State community falls completely outside ABUTH's mandate of healthcare delivery, medical education, and research within their hospital facilities.",100
ERGP25241263,EMPOWERMENT AND MEDICAL OUTREACH TO LESS PRIVILEGE I VARIOUS COMMUNITY IN ANAMBRA STATE,521026003,AHMADU BELLO UNIVERSITY TEACHING HOSPITAL,,105000000.0,NO,HIGH,"The budget item specifies empowerment and medical outreach activities in Anambra State, which falls outside ABUTH's geographic mandate as a northern Nigeria referral hospital based in Kaduna State.",100
ERGP25241264,CONSTRUCTION AND RENOVATION OF PRIMARY HEALTH CARE CENTRES ACROSS MAKARFI/KUDAN FED. CONSTITUENCY OF KADUNA STATE,521026003,AHMADU BELLO UNIVERSITY TEACHING HOSPITAL,,175000000.0,NO,HIGH,"ABUTH's mandate focuses on tertiary healthcare delivery, medical education, and research as a teaching hospital, not on constructing or renovating primary healthcare centers which fall outside its core functions and operational scope.",100
ERGP25241267,"SUPPLY AND INSTALLATION OF MEDICAL EQUIPMENT IN MAKARFI/KUDAN FEDERAL CONSTITUENCY, KADUNA STATE",521026003,AHMADU BELLO UNIVERSITY TEACHING HOSPITAL,,70000000.0,NO,HIGH,"The budget item specifies equipment installation in a specific federal constituency rather than at ABUTH's hospital facilities, which falls outside the teaching hospital's mandate of providing tertiary healthcare, medical education, and research at its own institution.",100
ERGP25241272,SUPPLY OF HOSPITAL BEDS AND EQUIPMENTS TO KATSINA SOUTH SENATORIAL DISTRICT,521026003,AHMADU BELLO UNIVERSITY TEACHING HOSPITAL,,140000000.0,NO,HIGH,"This budget item involves supplying equipment to a specific senatorial district outside the hospital's operational scope, which does not align with ABUTH's mandate of providing clinical services, medical education, and research at its own facility.",100
ERGP25241276,PROVISION OF MEDICAL OUTREACH ACROSS KADUNA NORTH SENATORIAL DISTRICT KADUNA STATE,521026003,AHMADU BELLO UNIVERSITY TEACHING HOSPITAL,,21000000.0,PARTIAL,MEDIUM,"While medical outreach activities align with the hospital's clinical service delivery mandate, the specific geographic limitation to Kaduna North Senatorial District is narrower than the hospital's broader northern Nigeria referral mandate and may not fully utilize its tertiary care specialization.",50
ERGP29224914,"PROVISION OF ICT HARDWARE AND SOFTWARE
",521026003,AHMADU BELLO UNIVERSITY TEACHING HOSPITAL,,63000000.0,YES,HIGH,"ICT hardware and software are essential for modern healthcare delivery, medical education, research activities, and hospital operations which directly support all three core mandates of clinical service, medical education, and medical research.",0
ERGP30224933,"HUMAN CAPITAL DEVELOPMENT
",521026003,AHMADU BELLO UNIVERSITY TEACHING HOSPITAL,,126000000.0,YES,HIGH,"Human capital development directly aligns with ABUTH's mandate to provide medical education and training for undergraduate students, postgraduate residents, interns, nurses, pharmacists, laboratory scientists, and other healthcare professionals.",0
ERGP3224964,"EQUIPING OF TRAUMA CENTER AT ABUTH P/SITE SHIKA
",521026003,AHMADU BELLO UNIVERSITY TEACHING HOSPITAL,,700000000.0,YES,HIGH,"Equipping a trauma center directly supports ABUTH's mandate to provide comprehensive tertiary healthcare services as a referral hospital, particularly in specialized medical disciplines including surgery and emergency care.",0
ERGP22242212,"FREE MEDICAL OUTREACH IN NASARAWA FEDERAL CONSTITUENCY
",521026013,AMINU KANO UNIVERSITY TEACHING HOSPITAL,,14000000.0,NO,HIGH,"The budget item specifies medical outreach in Nasarawa Federal Constituency, which is outside AKTH's geographic mandate as it serves as a referral center for Kano State and neighboring northwestern states, while Nasarawa is in north-central Nigeria.",100
ERGP22242218,"FREE MEDICAL OUTREACH IN MINJIBIR/UNGOGO FEDERAL CONSTITUENCY, KANO STATE.",521026013,AMINU KANO UNIVERSITY TEACHING HOSPITAL,,14000000.0,YES,HIGH,Free medical outreach activities align directly with AKTH's mandate to provide comprehensive healthcare services and serve the population across Kano State and northwestern Nigeria.,0
ERGP22242222,"COMPLETION OF BAGWAI GENERAL HOSPITAL, REHABILITATION OF GWARZO GENERAL HOSPITAL AND COMPLETION OF PROJECTS AT AKTH AND OTHER AREAS (MULTIPLE",521026013,AMINU KANO UNIVERSITY TEACHING HOSPITAL,,5600000000.0,PARTIAL,MEDIUM,"While completion of projects at AKTH aligns with the hospital's mandate to provide healthcare services and facilities, completing and rehabilitating other general hospitals (Bagwai and Gwarzo) falls outside AKTH's specific institutional mandate as a teaching hospital.",50
ERGP22242227,COMPLETION AND EQUIPPING OF GENERAL HOSPITALS (MULTIPLE LOTS) IN BAGWAI LGA,521026013,AMINU KANO UNIVERSITY TEACHING HOSPITAL,,4200000000.0,NO,HIGH,"The budget item involves completion and equipping of general hospitals in Bagwai LGA, which falls outside AKTH's mandate as a teaching hospital focused on tertiary care, medical education, and research rather than establishing or equipping general hospitals in local government areas.",100
ERGP22242234,PROVISION FOR MEDICAL GRANT FOR SEVERE MEDICAL AND SURGICAL CASES AT AKTH AND OTHER SPECIALIZE GOVERNMENT HOSPITALS,521026013,AMINU KANO UNIVERSITY TEACHING HOSPITAL,,35000000.0,YES,HIGH,Providing medical grants for severe medical and surgical cases directly aligns with AKTH's core mandate of delivering comprehensive tertiary healthcare services and serving as a referral center for complex cases.,0
ERGP25124506,"PROCUREMENT OF MEDICAL EQUIPMENT
",521026013,AMINU KANO UNIVERSITY TEACHING HOSPITAL,,200187531.0,YES,HIGH,"Medical equipment procurement directly supports the hospital's core mandate of providing comprehensive tertiary healthcare services, clinical training, and medical research activities.",0
ERGP25124517,"CONSTRUCTION OF SURGICAL THEATRE
",521026013,AMINU KANO UNIVERSITY TEACHING HOSPITAL,,69650000.0,YES,HIGH,Construction of surgical theatre directly supports the hospital's core mandate of providing comprehensive tertiary healthcare services across multiple surgical specialties and maintaining surgical theaters as part of its specialized facilities.,0
ERGP25124573,RECONSTRUCTION OF ROAD NETWORK WITHIN THE PREMISES OF AMINU KANO TEACHING HOSPITAL,521026013,AMINU KANO UNIVERSITY TEACHING HOSPITAL,,210000000.0,YES,HIGH,"Road network reconstruction within the hospital premises is essential infrastructure that directly supports the hospital's ability to deliver clinical services, facilitate patient access, enable emergency response, and support its operations as a major tertiary healthcare facility.",0
ERGP25138827,"RENOVATION OF HOSPITAL WARDS
",521026013,AMINU KANO UNIVERSITY TEACHING HOSPITAL,,349650000.0,YES,HIGH,"Renovating hospital wards directly supports the agency's core mandate of providing comprehensive tertiary healthcare services and maintaining specialized clinical facilities necessary for patient care, medical education, and training.",0
ERGP25153333,"CONSTRUCTION OF 40 FLATS FOR NURSES AND OTHER ESSENTIAL STAFF
",521026013,AMINU KANO UNIVERSITY TEACHING HOSPITAL,,109200000.0,YES,HIGH,"Construction of staff housing directly supports the hospital's mandate by helping attract and retain nurses and essential healthcare professionals needed for clinical service delivery, medical education, and research functions.",0
ERGP25153335,"CONSTRUCTION OF COMBINED SCHOOLS PROJECT
",521026013,AMINU KANO UNIVERSITY TEACHING HOSPITAL,,35000000.0,NO,HIGH,"Construction of combined schools project falls outside AKTH's healthcare-focused mandate of clinical service delivery, medical education/training, and medical research, as the agency operates as a teaching hospital rather than a general educational institution.",100
ERGP25153337,"PROVISION OF WATER PLANT
",521026013,AMINU KANO UNIVERSITY TEACHING HOSPITAL,,56000000.0,YES,HIGH,"Water plant provision is essential infrastructure required for the hospital's core clinical service delivery, medical education activities, and research functions as a tertiary healthcare facility.",0
ERGP25153338,"PROVISION OF SOLAR POWER
",521026013,AMINU KANO UNIVERSITY TEACHING HOSPITAL,,119000000.0,YES,HIGH,"Solar power provision directly supports the hospital's core clinical service delivery mandate by ensuring reliable electricity supply for medical equipment, diagnostic facilities, surgical theaters, and intensive care units essential for comprehensive tertiary healthcare services.",0
ERGP25153340,"CONSTRUCTION OF ADMIN ANNEX (ADMIN, ACCOUNT & AUDIT)
",521026013,AMINU KANO UNIVERSITY TEACHING HOSPITAL,,229250000.0,YES,HIGH,"Administrative, accounting, and audit facilities are essential infrastructure needed to support the hospital's core clinical, educational, and research functions as a major teaching hospital.",0
ERGP25159760,"COMPUTERISATION OF HOSPITAL SERVICES
",521026013,AMINU KANO UNIVERSITY TEACHING HOSPITAL,,69650000.0,YES,HIGH,"Computerization of hospital services directly supports AKTH's core mandate of providing comprehensive tertiary healthcare services, medical education, and research by modernizing clinical operations, patient management systems, and educational infrastructure.",0
ERGP25192675,"PROCUREMENT OF SPECIALIZED MEDICAL EQUIPMENT AND CONSUMMABLES
",521026013,AMINU KANO UNIVERSITY TEACHING HOSPITAL,,209650000.0,YES,HIGH,"The procurement of specialized medical equipment and consumables directly supports AKTH's core mandate of providing comprehensive tertiary healthcare services, medical education, and research activities across multiple specialized medical disciplines.",0
ERGP25194436,"CONSTRUCTION OF PRINCIPAL OFFICERS QUARTERS WITHIN THE HOSPITAL PREMISES
",521026013,AMINU KANO UNIVERSITY TEACHING HOSPITAL,,210000000.0,PARTIAL,MEDIUM,"While not directly related to clinical services, medical education, or research, constructing principal officers quarters within hospital premises could support the mandate by providing accommodation that helps attract and retain key medical leadership necessary for effective hospital operations.",50
ERGP25195183,"PURCHASE OF UTILITY VEHICLES
",521026013,AMINU KANO UNIVERSITY TEACHING HOSPITAL,,280337708.0,YES,HIGH,"Utility vehicles are essential for a teaching hospital's operations including patient transport, medical equipment delivery, emergency services, staff transportation for clinical duties, and supporting the hospital's comprehensive healthcare delivery mandate.",0
ERGP25195188,"REHABILITATION OF CENTRAL SEWAGE LINE
",521026013,AMINU KANO UNIVERSITY TEACHING HOSPITAL,,35000000.0,YES,HIGH,Rehabilitation of central sewage line is essential infrastructure maintenance that directly supports the hospital's clinical service delivery mandate by ensuring proper sanitation and infection control standards required for safe healthcare operations.,0
ERGP25203474,"CONSTRUCTION (EXTENSION) OF HISTOPATHOLOGY DEPARTMENT
",521026013,AMINU KANO UNIVERSITY TEACHING HOSPITAL,,224000000.0,YES,HIGH,"Construction and extension of a histopathology department directly supports the hospital's mandate to provide comprehensive tertiary healthcare services, medical education, and research capabilities, as histopathology is essential for disease diagnosis, medical training, and clinical research.",0
ERGP25227759,"COMPLETION AND RETENTION OF ROADS AND OTHER UNIVERSITY INFRASTRUCTURES
",521026013,AMINU KANO UNIVERSITY TEACHING HOSPITAL,,35000000.0,PARTIAL,MEDIUM,"While road infrastructure can support the hospital's core functions by improving access for patients and staff, this appears primarily focused on general university infrastructure rather than the hospital's specific clinical service, medical education, and research mandates.",50
ERGP25227784,"CONSTRUCTION OF MEDICAL WAREHOUSE
",521026013,AMINU KANO UNIVERSITY TEACHING HOSPITAL,,105350000.0,YES,HIGH,"Construction of a medical warehouse directly supports the hospital's core clinical service delivery mandate by providing essential infrastructure for storing medical supplies, pharmaceuticals, and equipment needed for comprehensive tertiary healthcare services.",0
ERGP25227805,"SECURITY UPGRADING OF HOSPITAL PREMISES & ENVIRONMENT LOT 1, 2
",521026013,AMINU KANO UNIVERSITY TEACHING HOSPITAL,,210000000.0,YES,HIGH,"Security upgrading of hospital premises and environment is essential infrastructure that directly supports the hospital's core mandate of providing comprehensive tertiary healthcare services, medical education, and research by ensuring a safe and secure environment for patients, staff, students, and medical facilities.",0
ERGP25227825,PROCUREMENT AND INSTALLATION OF DIALYSIS MACHINES IN EMIRATE HOSPITAL KANO STATE (LOTS 1 - 3),521026013,AMINU KANO UNIVERSITY TEACHING HOSPITAL,,1400000.0,NO,HIGH,"This budget item is for procurement at Emirate Hospital Kano State, which is a different healthcare facility from Aminu Kano University Teaching Hospital, and therefore falls outside AKTH's institutional mandate.",100
ERGP25227840,"PROCUREMENT OF RADIOLOGY EQUIPMENTS IN GOVERNMENT EMIRATE HOSPITAL (X RAY MACHINES, ULTRASOUND MACHINES, CT SCAN MACHINE, MAMMOGRAPHY",521026013,AMINU KANO UNIVERSITY TEACHING HOSPITAL,,1400000.0,NO,HIGH,"This budget item is for procurement of radiology equipment specifically for ""Government Emirate Hospital"" which is a different healthcare facility, not for Aminu Kano University Teaching Hospital's own operations, clinical services, or medical education programs.",100
ERGP25227859,"CONSTRUCTION OF TRAUMA CENTRE
",521026013,AMINU KANO UNIVERSITY TEACHING HOSPITAL,,1400000.0,YES,HIGH,Construction of a trauma centre directly supports the hospital's mandate to provide comprehensive tertiary healthcare services and specialized medical facilities as a referral center for complex cases.,0
ERGP25227882,"CONSTRUCTION OF SURGICAL EMERGENCY CENTRE
",521026013,AMINU KANO UNIVERSITY TEACHING HOSPITAL,,1400000.0,YES,HIGH,Construction of a surgical emergency centre directly supports the hospital's mandate to provide comprehensive tertiary healthcare services including surgery and serve as a referral center for complex cases.,0
ERGP25227891,"CONSTRUCTION OF MEDICAL EMERGENCY CENTRE
",521026013,AMINU KANO UNIVERSITY TEACHING HOSPITAL,,1400000.0,YES,HIGH,Construction of a medical emergency centre directly supports AKTH's mandate to provide comprehensive tertiary healthcare services and serve as a referral center for complex cases across northwestern Nigeria.,0
ERGP25227911,"CONSTRUCTION OF EMERGENCY THEATER
",521026013,AMINU KANO UNIVERSITY TEACHING HOSPITAL,,1400000.0,YES,HIGH,"Construction of emergency theater directly supports the hospital's core mandate of providing comprehensive tertiary healthcare services and surgical specialties, which requires appropriate surgical facilities and infrastructure.",0
ERGP25227921,"CONSTRUCTION OF EMERGENCY DIAGNOSTIC CENTRE
",521026013,AMINU KANO UNIVERSITY TEACHING HOSPITAL,,1400000.0,YES,HIGH,Construction of an emergency diagnostic centre directly supports the hospital's mandate to provide comprehensive tertiary healthcare services and operate diagnostic facilities as part of its clinical service delivery function.,0
ERGP25227939,"CONSTRUCTION OF INTENSIVE CARE UNIT (ICU)
",521026013,AMINU KANO UNIVERSITY TEACHING HOSPITAL,,1400000.0,YES,HIGH,Construction of an ICU directly supports the hospital's mandate to provide comprehensive tertiary healthcare services and operate intensive care units as part of its clinical service delivery.,0
ERGP25227946,"CONSTRUCTION OF ADMINISTRATIVE BUILDING
",521026013,AMINU KANO UNIVERSITY TEACHING HOSPITAL,,1400000.0,YES,HIGH,"Administrative buildings are essential infrastructure needed to support the hospital's tripartite mandate of clinical service delivery, medical education, and research operations.",0
ERGP25227959,"PROCUREMENT OF CATHLAB AND ACCESSORIES LOT 1, 2, 3. & 4
",521026013,AMINU KANO UNIVERSITY TEACHING HOSPITAL,,1400000.0,YES,HIGH,The procurement of catheterization laboratory equipment and accessories directly supports the hospital's mandate to provide comprehensive tertiary healthcare services including specialized cardiology care and diagnostic facilities.,0
ERGP25227968,"UPGRADE OF CARDIAC DIAGNOSTIC CENTRE LOT 1, 2, 3, 4
",521026013,AMINU KANO UNIVERSITY TEACHING HOSPITAL,,1400000.0,YES,HIGH,Upgrading cardiac diagnostic facilities directly supports the hospital's mandate to provide comprehensive tertiary healthcare services including cardiology and to maintain modern medical equipment for clinical services and medical education.,0
ERGP25227984,"PURCHASE OF OPEN HEART SURGERY EQUIPMENT LOT 1, 2, 3 & 4
",521026013,AMINU KANO UNIVERSITY TEACHING HOSPITAL,,1400000.0,YES,HIGH,"The purchase of open heart surgery equipment directly supports the hospital's mandate to provide comprehensive tertiary healthcare services in specialized disciplines including cardiology and surgery, while also supporting medical education and training functions.",0
ERGP25228129,"CONSTRUCTION, FURNISHING AND EQUIPPING OF STROKE COMPLEX
",521026013,AMINU KANO UNIVERSITY TEACHING HOSPITAL,,1400000.0,YES,HIGH,"Construction, furnishing and equipping of a stroke complex directly supports the hospital's mandate to provide comprehensive tertiary healthcare services in specialized disciplines including neurology and cardiology, while also enhancing its capacity for clinical training and research.",0
ERGP25228141,"CONSTRUCTION, FURNISHING AND EQUIPPING OF CONFERENCE CENTRE
",521026013,AMINU KANO UNIVERSITY TEACHING HOSPITAL,,1400000.0,PARTIAL,MEDIUM,"While a conference centre is not explicitly mentioned in the mandate, it could reasonably support the hospital's medical education, training, and research collaboration functions through hosting academic conferences, medical seminars, and professional development activities.",50
ERGP25228185,"EXPANSION, FURNISHING AND EQUIPPING OF FAMILY MEDICINE COMPLEX PHASE 1 & 2
",521026013,AMINU KANO UNIVERSITY TEACHING HOSPITAL,,1400000.0,YES,HIGH,"The expansion, furnishing and equipping of a Family Medicine Complex directly supports the hospital's mandate to provide comprehensive tertiary healthcare services and clinical training facilities for medical education.",0
ERGP25228199,"CONSTRUCTION AND FURNISHING OF PATIENT'S LODGE
",521026013,AMINU KANO UNIVERSITY TEACHING HOSPITAL,,1400000.0,YES,HIGH,Construction and furnishing of a patient's lodge directly supports the hospital's clinical service delivery mandate by providing accommodation facilities for patients and their families accessing tertiary healthcare services at the teaching hospital.,0
ERGP25228214,"EXPANSION OF NHIA CLINIC PHASE 1 & 2
",521026013,AMINU KANO UNIVERSITY TEACHING HOSPITAL,,1400000.0,YES,HIGH,Expanding NHIA clinic facilities directly supports the hospital's mandate to provide comprehensive tertiary healthcare services and specialist outpatient clinics to the population.,0
ERGP25242074,"CONSTRUCTION, FURNISHING AND EQUIPPING OF STROKE COMPLEX PHASE I (LOT 1,2,3) IN AMINU KANO UNIVERSITY TEACHING HOSPITAL",521026013,AMINU KANO UNIVERSITY TEACHING HOSPITAL,,765213167.0,YES,HIGH,"The construction of a stroke complex directly supports the hospital's mandate to provide comprehensive tertiary healthcare services including specialized disciplines like neurology and cardiology, while also enhancing its capacity for clinical service delivery, medical education, and research.",0
ERGP25242077,"EXPANSION , FURNISHING AND EQUIPPING OF FAMILY MEDCINE COMPLEX PHASE I (LOT 1,2,3,4) IN AMINU KANO UNIVERSITY TEACHING HOSPITAL",521026013,AMINU KANO UNIVERSITY TEACHING HOSPITAL,,765213167.0,YES,HIGH,"The expansion, furnishing and equipping of a Family Medicine Complex directly supports the hospital's mandate to provide comprehensive tertiary healthcare services and clinical training facilities for medical education.",0
ERGP25242081,"CONSTRUCTION AND FURNISHING OF PATIENT'S LODGE LOT 1,2 IN AMINU KANO UNIVERSITY TEACHING HOSPITAL",521026013,AMINU KANO UNIVERSITY TEACHING HOSPITAL,,408113689.0,YES,HIGH,Construction and furnishing of patient lodges directly supports the hospital's clinical service delivery mandate by providing accommodation facilities for patients and their families accessing tertiary healthcare services.,0
ERGP25242086,EXPANSION OF NHIA CLINIC PHASE 1&2 IN AMINU KANO UNIVERSITY TEACHING HOSPITAL,521026013,AMINU KANO UNIVERSITY TEACHING HOSPITAL,,255071056.0,YES,HIGH,Expanding NHIA clinic facilities directly supports the hospital's mandate to provide comprehensive tertiary healthcare services and specialist outpatient services to the population.,0
ERGP25242091,CONSTRUCTION OF TRAUMA CENTRE PAHSE 2 IN AMINU KANO UNIVERSITY TEACHING HOSPITAL,521026013,AMINU KANO UNIVERSITY TEACHING HOSPITAL,,255071056.0,YES,HIGH,Construction of a trauma center directly supports the hospital's mandate to provide comprehensive tertiary healthcare services and serve as a referral center for complex cases across northwestern Nigeria.,0
ERGP25242097,CONSTRUCTION OF SURGICAL EMERGENCY CENTRE PHASE 2 IN AMINU KANO UNIVERSITY TEACHING HOSPITAL,521026013,AMINU KANO UNIVERSITY TEACHING HOSPITAL,,255071056.0,YES,HIGH,Construction of a surgical emergency center directly supports the hospital's core mandate of providing comprehensive tertiary healthcare services including surgery and serving as a referral center for complex cases.,0
ERGP25242104,CONSTRUCTION OF MEDICAL EMERGENCY CENTRE PAHSE 2 IN AMINU KANO UNIVERSITY TEACHING HOSPITAL,521026013,AMINU KANO UNIVERSITY TEACHING HOSPITAL,,255071056.0,YES,HIGH,Construction of a medical emergency centre directly supports the hospital's mandate to provide comprehensive tertiary healthcare services and serve as a referral center for complex cases across northwestern Nigeria.,0
ERGP25242119,CONSTRUCTION OF EMERGENCY THEATER PHASE 2 IN AMINU KANO UNIVERSITY TEACHING HOSPITAL,521026013,AMINU KANO UNIVERSITY TEACHING HOSPITAL,,255071056.0,YES,HIGH,Construction of an emergency theater directly supports the hospital's core mandate of providing comprehensive tertiary healthcare services and surgical specialties as a referral center.,0
ERGP25242124,CONSTRUCTION OF EMERGENCY DIAGONISTIC CENTRE PHASE 2 IN AMINU KANO UNIVERSITY TEACHING HOSPITAL,521026013,AMINU KANO UNIVERSITY TEACHING HOSPITAL,,255071056.0,YES,HIGH,Construction of an emergency diagnostic centre directly supports the hospital's mandate to provide comprehensive tertiary healthcare services and diagnostic facilities as a referral center.,0
ERGP25242135,CONSTRUCTION OF INTENSIVE CARE UNIT (ICU) PHASE 2 IN AMINU KANO UNIVERSITY TEACHING HOSPITAL,521026013,AMINU KANO UNIVERSITY TEACHING HOSPITAL,,255071056.0,YES,HIGH,The construction of an ICU Phase 2 directly supports the hospital's core mandate of providing comprehensive tertiary healthcare services and operating intensive care units as part of its specialized clinical facilities.,0
ERGP25242142,"PROCUREMENT AND INSTALLATION OF DIALYSIS MACHINES IN EMIRATES HOSPITAL, KANO STATE PHASE 2 (LOT 1-3) IN AMINU KANO UNIVERSITY TEACHING HOSPITAL",521026013,AMINU KANO UNIVERSITY TEACHING HOSPITAL,,255071056.0,YES,HIGH,The procurement and installation of dialysis machines directly supports the hospital's mandate to provide comprehensive tertiary healthcare services including nephrology and specialized medical equipment for clinical service delivery.,0
ERGP25242147,"PROCUREMENT OF RADIOLOGY EQUIPMETNTS IN GOVERNMENT HOSPITALS (X-RAY MACHINES, ULTRASOUND MACHINE, CT SCAN MACHINE, MAMMOGRAPHY MACHINE,",521026013,AMINU KANO UNIVERSITY TEACHING HOSPITAL,,1020284222.0,YES,HIGH,"The procurement of radiology equipment including X-ray machines, ultrasound machines, CT scan machines, and mammography machines directly supports AKTH's mandate to provide comprehensive tertiary healthcare services, operate diagnostic facilities, and deliver clinical training with modern medical equipment.",0
ERGP25242160,"PROCUREMENT OF CATHLAB AND ACCESSORIES PHASE 2 LOT 1,2,3,4 IN AMINU KANO UNIVERSITY TEACHING HOSPITAL",521026013,AMINU KANO UNIVERSITY TEACHING HOSPITAL,,255071056.0,YES,HIGH,The procurement of cathlab and accessories directly supports the hospital's mandate to provide comprehensive tertiary healthcare services including specialized disciplines like cardiology and to operate modern medical equipment for clinical services and medical education.,0
ERGP25242177,"PURCHASE OF OPEN HEART SURGERY EQUIPMENT PHASE 2 (LOT 1,2,3,4) IN AMINU KANO UNIVERSITY TEACHING HOSPITAL",521026013,AMINU KANO UNIVERSITY TEACHING HOSPITAL,,510142111.0,YES,HIGH,"The purchase of open heart surgery equipment directly supports AKTH's mandate to provide comprehensive tertiary healthcare services including specialized cardiology services, serves its role as a referral center for complex cases, and enhances clinical training capabilities for medical students and residents.",0
ERGP25242185,"UPGRADE OF CARDIAC DIAGONISTIC CENTRE PHASE 2 (LOT 1,2,3,4) IN AMINU KANO UNIVERSITY TEACHING HOSPITAL",521026013,AMINU KANO UNIVERSITY TEACHING HOSPITAL,,459127900.0,YES,HIGH,The upgrade of cardiac diagnostic centre directly supports the hospital's mandate to provide comprehensive tertiary healthcare services including cardiology and to maintain modern medical equipment for clinical services and medical education.,0
ERGP25242191,"CONSTRUCTION, EQUIPPING AND FURNISHING OF RADIOLOGY COMPLEX PAHSE 1 (LOT 1,2,3,4,5) IN AMINU KANO UNIVERSITY TEACHING HOSPITAL",521026013,AMINU KANO UNIVERSITY TEACHING HOSPITAL,,2550710555.0,YES,HIGH,"The construction, equipping and furnishing of a radiology complex directly supports the hospital's mandate to provide comprehensive tertiary healthcare services, diagnostic facilities, and clinical training infrastructure.",0
ERGP25242196,"PROCUREMENT OF TRANSPLANT EQUIPMENT LOT 1,2,3 IN AMINU KANO UNIVERSITY TEACHING HOSPITAL",521026013,AMINU KANO UNIVERSITY TEACHING HOSPITAL,,1020284222.0,YES,HIGH,"Procurement of transplant equipment directly supports the hospital's mandate to provide comprehensive tertiary healthcare services and specialized medical disciplines, as transplant services are a core component of advanced clinical care delivery.",0
ERGP25242199,PROCUREMENT OF BASIC AN SPECIALTY EQUIPMENT AT MURTLA MOHAMMED HOSPITAL IN AMINU KANO UNIVERSITY TEACHING HOSPITAL,521026013,AMINU KANO UNIVERSITY TEACHING HOSPITAL,,2550710555.0,YES,HIGH,"The procurement of basic and specialty equipment directly supports the hospital's mandate to provide comprehensive tertiary healthcare services and clinical training, which requires modern medical equipment and diagnostic facilities.",0
ERGP25242200,"CONSTRUCTUION OF CBT CENTER IN AMINU KANO UNIVERSITY TEACHING HOSPITAL
",521026013,AMINU KANO UNIVERSITY TEACHING HOSPITAL,,765213167.0,YES,HIGH,Construction of a CBT (Cognitive Behavioral Therapy) center directly supports the hospital's mandate to provide comprehensive tertiary healthcare services including psychiatry and specialized clinical services.,0
ERGP25242203,"EXTENSION OF DENTAL CENTER
",521026013,AMINU KANO UNIVERSITY TEACHING HOSPITAL,,350000000.0,YES,HIGH,Extension of the dental center directly supports the hospital's mandate to provide comprehensive tertiary healthcare services and specialized clinical facilities as a teaching hospital.,0
ERGP25242206,"EXTENSION OF NHIA CLINIC
",521026013,AMINU KANO UNIVERSITY TEACHING HOSPITAL,,350000000.0,YES,HIGH,Extending the NHIA (National Health Insurance Authority) clinic directly supports the hospital's mandate to provide comprehensive tertiary healthcare services and specialist outpatient services to the population.,0
ERGP25242209,"EQUIPPING OF MUHAMMAD ABDULLAHI WASE SPECIALIST HOSPITAL (MULTIPLE LOTS)
",521026013,AMINU KANO UNIVERSITY TEACHING HOSPITAL,,2100000000.0,NO,HIGH,"This budget item is for equipping a different hospital (Muhammad Abdullahi Wase Specialist Hospital) rather than Aminu Kano University Teaching Hospital itself, which falls outside AKTH's institutional mandate.",100
ERGP25242241,"PROVISION OF DRUGS, EQIUPMENT AND OTHER VITAL ITEMS TO HOSPITAL AT LAMBA AND OTHER SELECTED HOSPITALS (MULTIPLES LOTS)",521026013,AMINU KANO UNIVERSITY TEACHING HOSPITAL,,630000000.0,NO,HIGH,"This budget item specifically targets hospitals at Lamba and other selected hospitals, which are external facilities outside of AKTH's mandate to provide services, training, and research within its own teaching hospital operations.",100
ERGP27242070,"CONSTRUCTION, FURNISHING AND EQUIPPING OF CONFERENCE CENTRE PHASE I (LOT 1,2,3,4,5) IN AMINU KANO UNIVERSITY TEACHING HOSPITAL",521026013,AMINU KANO UNIVERSITY TEACHING HOSPITAL,,765213167.0,PARTIAL,MEDIUM,"While a conference centre could support the hospital's medical education and training mandate by providing facilities for academic activities, conferences, and professional development, it is not directly aligned with the core clinical service delivery and patient care functions that are central to the hospital's primary mandate.",50
ERGP27242138,CONSTRUCTION OF ADMINISTRATIVE BUILDING PHASE 2 IN AMINU KANO UNIVERSITY TEACHING HOSPITAL,521026013,AMINU KANO UNIVERSITY TEACHING HOSPITAL,,255071056.0,YES,HIGH,"Construction of an administrative building directly supports the hospital's operational infrastructure needs for managing its tripartite mandate of clinical services, medical education, and research activities.",0
ERGP25111594,REHABILITATION OF WARDS,521026016,ABUBAKAR TAFAWA BALEWA UNIVERSITY TEACHING HOSPITAL BAUCHI,,196546977.0,YES,HIGH,"Rehabilitating wards directly supports the hospital's core mandate of providing tertiary healthcare services and maintaining proper facilities for patient care, medical training, and research activities.",0
ERGP25158349,PURCHASE OF SPECIALIZED DIAGNOSTIC AND OTHER MEDICAL EQUIPMENT.,521026016,ABUBAKAR TAFAWA BALEWA UNIVERSITY TEACHING HOSPITAL BAUCHI,,325773154.0,YES,HIGH,"The purchase of specialized diagnostic and medical equipment directly supports the hospital's core mandate of providing tertiary healthcare services, clinical training, and medical research, particularly given their role as a referral center and their established diagnostic capabilities including the molecular genetics and infectious disease research center.",0
ERGP25168051,"REHABILITATION,EXPANSION AND FURNISHING OF ENT COMPLEX.",521026016,ABUBAKAR TAFAWA BALEWA UNIVERSITY TEACHING HOSPITAL BAUCHI,,1880997.0,YES,HIGH,"Rehabilitation, expansion and furnishing of an ENT (Ear, Nose, Throat) complex directly supports the hospital's mandate to provide tertiary healthcare services through specialized departments and serves its role as a referral center for complex medical cases.",0
ERGP25168060,EXPANSION AND FURNISHING OF GYNAE COMPLEX,521026016,ABUBAKAR TAFAWA BALEWA UNIVERSITY TEACHING HOSPITAL BAUCHI,,241754406.0,YES,HIGH,The expansion and furnishing of a gynecology complex directly supports the hospital's mandate to provide tertiary healthcare services through its specialized obstetrics and gynecology department and enhances its capacity for clinical training and medical education.,0
ERGP25168066,CONSTRUCTION AND FURNISHING OF FAMILY MEDICINE COMPLEX.,521026016,ABUBAKAR TAFAWA BALEWA UNIVERSITY TEACHING HOSPITAL BAUCHI,,189705412.0,YES,HIGH,Construction and furnishing of a Family Medicine Complex directly supports the hospital's mandate to provide tertiary healthcare services and conduct clinical training for medical students and healthcare professionals.,0
ERGP25168071,EXPANSION AND FURNISHING OF INTERNAL MEDICINE COMPLEX.,521026016,ABUBAKAR TAFAWA BALEWA UNIVERSITY TEACHING HOSPITAL BAUCHI,,115319896.0,YES,HIGH,Expanding and furnishing an internal medicine complex directly supports the hospital's core mandate of providing tertiary healthcare services and conducting clinical training for medical students and resident doctors in specialized departments including medicine.,0
ERGP25168797,EXPANSION AND FURNISHING OF DENTAL COMPLEX.,521026016,ABUBAKAR TAFAWA BALEWA UNIVERSITY TEACHING HOSPITAL BAUCHI,,114600324.0,YES,HIGH,"Expanding and furnishing a dental complex aligns with the hospital's mandate to provide tertiary healthcare services and clinical training across multiple medical specialties, as dental services are a standard component of comprehensive teaching hospital operations.",0
ERGP25201557,PURCAHSE OF COMPUTERS,521026016,ABUBAKAR TAFAWA BALEWA UNIVERSITY TEACHING HOSPITAL BAUCHI,,105000000.0,YES,HIGH,"Computer purchases are essential for the hospital's core functions including patient care management, medical education delivery, research activities, and laboratory operations such as their molecular genetics diagnostic center.",0
ERGP25201561,"RESEARCH, TRAINING AND DEVELOPMENT",521026016,ABUBAKAR TAFAWA BALEWA UNIVERSITY TEACHING HOSPITAL BAUCHI,,63385315.0,YES,HIGH,"Research, training and development directly aligns with the hospital's core mandate which explicitly includes conducting clinical training for medical students and staff, and undertaking medical research from basic to advanced investigations.",0
ERGP25212837,DESIGN AND FENCING OF PERMANENT SITE ATBUTH BAUCHI,521026016,ABUBAKAR TAFAWA BALEWA UNIVERSITY TEACHING HOSPITAL BAUCHI,,175694824.0,YES,HIGH,"The design and fencing of a permanent site directly supports ATBUTH's mandate to provide tertiary healthcare services, medical training, and research by establishing essential infrastructure for hospital operations.",0
ERGP25213255,PROVISION OF RADIO-DIAGNOSTIC CENTRE,521026016,ABUBAKAR TAFAWA BALEWA UNIVERSITY TEACHING HOSPITAL BAUCHI,,6140472679.0,YES,HIGH,"Provision of radio-diagnostic centre directly supports the hospital's mandate to provide tertiary healthcare services and serve as a referral center, as diagnostic imaging is essential for complex medical cases and clinical training.",0
ERGP25224190,CONSTRUCTION AND FURNISHING OF LECTURE ROOM BLOCKS AT COLLEGE OF NURSING SCIENCES,521026016,ABUBAKAR TAFAWA BALEWA UNIVERSITY TEACHING HOSPITAL BAUCHI,,137539730.0,YES,HIGH,"The construction of lecture room blocks for the College of Nursing Sciences directly supports the hospital's core mandate of conducting clinical training for paramedical staff, which includes nursing education as part of its teaching hospital functions.",0
ERGP25224197,CONSTRUCTION AND FURNISHING OF ICT AND E-LIBRARY COMPLEX AT COLLEGE OF NURSING SCIENCES.,521026016,ABUBAKAR TAFAWA BALEWA UNIVERSITY TEACHING HOSPITAL BAUCHI,,84455397.0,YES,HIGH,"The construction of an ICT and e-library complex at the College of Nursing Sciences directly supports the hospital's mandate to conduct clinical training for paramedical staff, which includes nursing education and training.",0
ERGP25224203,PURCHASE OF UTILITY VEHICLES,521026016,ABUBAKAR TAFAWA BALEWA UNIVERSITY TEACHING HOSPITAL BAUCHI,,280000000.0,YES,HIGH,"Utility vehicles are essential operational assets for a teaching hospital to transport patients, medical supplies, staff, and equipment across departments and for emergency response services.",0
ERGP25224209,CONSTRUCTION AND FURNISHING OF ADMINISTRATIVE BLOCK AT PERMANENT SITE AND EXTERNAL WORK.,521026016,ABUBAKAR TAFAWA BALEWA UNIVERSITY TEACHING HOSPITAL BAUCHI,,175616393.0,YES,HIGH,"Construction of administrative facilities at the hospital's permanent site directly supports the agency's operational capacity to fulfill its mandate of providing tertiary healthcare services, medical training, and research activities.",0
ERGP25224218,"CONSTRUCTION,FUNISHING AND EQUIPING OF THEATERS AND INTENSIVE CARE UNIT AT NEW SITE.",521026016,ABUBAKAR TAFAWA BALEWA UNIVERSITY TEACHING HOSPITAL BAUCHI,,175392266.0,YES,HIGH,"Construction, furnishing and equipping of theaters and intensive care units directly supports the hospital's core mandate to provide tertiary healthcare services and serve as a referral center for complex medical cases requiring advanced surgical and critical care facilities.",0
ERGP25224225,PROVISION OF PERMANENT SITE DEVELOPMENT PLAN AND SUB DIVISION LAYOUT.,521026016,ABUBAKAR TAFAWA BALEWA UNIVERSITY TEACHING HOSPITAL BAUCHI,,210385232.0,YES,HIGH,Developing a permanent site development plan and subdivision layout is essential infrastructure planning that directly supports the hospital's core mandate of providing tertiary healthcare services and clinical training facilities.,0
ERGP25243108,ABUBAKAR TAFAWA BALEWA UNIVERSITY TEACHING HOSPITAL BAUCHI NEW SITE,521026016,ABUBAKAR TAFAWA BALEWA UNIVERSITY TEACHING HOSPITAL BAUCHI,,3500000000.0,YES,HIGH,"Developing a new site for the teaching hospital directly supports all three core mandate functions of providing tertiary healthcare services, conducting clinical training, and undertaking medical research by expanding the hospital's infrastructure capacity.",0
ERGP25243123,"SUPPLY AND INSTALLATION OF SOLAR-POWERED STREET LIGHTS TO SELECTED TOWNS ASA/ILORIN WEST FEDERAL CONSTITUENCY, KWARA STATE",521026016,ABUBAKAR TAFAWA BALEWA UNIVERSITY TEACHING HOSPITAL BAUCHI,,105000000.0,NO,HIGH,"Installing solar-powered street lights in Kwara State towns falls completely outside the hospital's mandate of providing healthcare services, medical education, and research in Bauchi State.",100
ERGP25243139,HEALTH OUTREACH IN SOME SELECTED COMMUNITIES IN BAUCHI (SDBP),521026016,ABUBAKAR TAFAWA BALEWA UNIVERSITY TEACHING HOSPITAL BAUCHI,,14000000.0,YES,HIGH,Health outreach to selected communities in Bauchi directly aligns with ATBUTH's mandate to provide tertiary healthcare services and serve as a referral center for Bauchi State and neighboring regions.,0
ERGP25247716,"CONSTRUCTION OF SCHOOL OF BIOMEDICAL ENGINEERING (LECTURE THEATRE, AUDITORIUM AND OFFICES)",521026016,ABUBAKAR TAFAWA BALEWA UNIVERSITY TEACHING HOSPITAL BAUCHI,,1200000000.0,PARTIAL,MEDIUM,"While the construction supports medical education which is part of ATBUTH's mandate as a teaching hospital, biomedical engineering falls outside the hospital's core focus on clinical medical sciences training and may exceed its established educational scope.",50
ERGP25247718,CONSTRUCTION OF THE SCHOOL OF BIOMEDICAL ENGINEERING ( STUDENT HOSTEL ACCOMMODATION),521026016,ABUBAKAR TAFAWA BALEWA UNIVERSITY TEACHING HOSPITAL BAUCHI,,800000000.0,PARTIAL,MEDIUM,"While the agency's mandate focuses on healthcare delivery, clinical training, and medical research rather than engineering education, student hostel accommodation could indirectly support the hospital's role in training medical personnel if the biomedical engineering program relates to medical equipment or healthcare technology training.",50
ERGP25247721,"SUPPLY OF FURNITURE AND EQUIPMENT FOR SCHOOL OF BIOMEDICAL ENGINEERING
",521026016,ABUBAKAR TAFAWA BALEWA UNIVERSITY TEACHING HOSPITAL BAUCHI,,1000000000.0,NO,HIGH,"The budget item is for a School of Biomedical Engineering, but ATBUTH is a teaching hospital affiliated with a College of Medical Sciences that focuses on clinical training, healthcare delivery, and medical research, not biomedical engineering education.",100
ERGP19226973,"COMPLETION AND FURNISHING OF 3 BEDROOM TOURIST LODGE AT THE HEAD OFFICE
",535005001,CHAD BASIN NATIONAL PARK,,21000000.0,YES,HIGH,Building and furnishing tourist lodges directly supports the park's mandate to preserve recreational values and promote sustainable tourism as a Category II IUCN protected area.,0
ERGP19226993,"BEATING AND REPLANTING OF GREENBOND SITES
",535005001,CHAD BASIN NATIONAL PARK,,7000000.0,YES,HIGH,"Replanting activities at greenbond sites directly supports the park's mandate to protect and conserve wildlife habitats, preserve outstanding natural values, and maintain ecological balance within the protected areas.",0
ERGP19227015,"PROCUREMENT OF PATROL EQUIPMENT
",535005001,CHAD BASIN NATIONAL PARK,,49000000.0,YES,HIGH,"Procurement of patrol equipment directly supports the park's mandate to protect endangered species, conserve wildlife, and maintain protected areas under federal jurisdiction, which requires active patrolling and monitoring activities.",0
ERGP19227037,"PROCUREMENT OF MOTOR CYCLES
",535005001,CHAD BASIN NATIONAL PARK,,21000000.0,YES,HIGH,"Motorcycles are essential for park rangers and staff to patrol the vast 2,258 square kilometers of fragmented parkland across multiple sectors to fulfill the mandate of wildlife protection, anti-poaching operations, and conservation activities.",0
ERGP19227077,"STOCKING OF THE HEAD OFFICE ORPHANAGE WITH ANIMALS AND REPTILE
",535005001,CHAD BASIN NATIONAL PARK,,3500000.0,NO,HIGH,"The budget item refers to stocking an orphanage with animals and reptiles, which is not related to the agency's mandate of wildlife conservation, national park management, and protection of natural habitats.",100
ERGP19227120,PROVISION AND INSTALLATION OF SOLAR POWER EQUIPMENTS AT DAGONA RANGERS BARRACK,535005001,CHAD BASIN NATIONAL PARK,,14000000.0,YES,HIGH,Installing solar power equipment at ranger barracks directly supports the park's core mandate of wildlife protection and conservation by providing essential infrastructure for ranger operations and habitat monitoring activities.,0
ERGP19227153,"FINAL PHASE FOR THE RENOVATION AND FURNISHING OF HEAD OFFICE
",535005001,CHAD BASIN NATIONAL PARK,,26996543.0,YES,HIGH,Renovating and furnishing the head office is necessary administrative infrastructure that directly supports the park's operational capacity to fulfill its conservation and management mandate.,0
ERGP19227177,"UPGRADING OF HEAD OFFICE BOREHOLE TO SOLAR POWERED
",535005001,CHAD BASIN NATIONAL PARK,,5250000.0,YES,HIGH,"Upgrading the head office borehole to solar power directly supports the park's operational infrastructure needs for wildlife conservation, staff operations, and sustainable management of protected areas under its mandate.",0
ERGP19227210,ACQUISITION AND INSTALLATION OF 200KVA TRANSFORMER AND OVERHEAD LINE MATERIALS,535005001,CHAD BASIN NATIONAL PARK,,17500000.0,YES,HIGH,"Electrical infrastructure is essential for park operations including visitor facilities, administrative offices, research stations, and conservation equipment that support the park's mandate of wildlife protection and sustainable tourism.",0
ERGP19226467,PROCUREMENT OF 1 NO. SECURITY/PATROL EQUIPMENT,535007001,CROSS RIVER NATIONAL PARK,,49000000.0,YES,HIGH,"Procurement of security/patrol equipment directly supports the park's mandate to protect endangered species, wildlife habitats, and maintain law enforcement within the protected areas, especially given the National Park Service's paramilitary status with enforcement powers.",0
ERGP19227135,PROCUREMENT OF 10 NO. OFFICE FURNITURE,535007001,CROSS RIVER NATIONAL PARK,,17500000.0,YES,HIGH,"Office furniture is essential administrative infrastructure needed for the park's operations, staff workstations, and management activities that support the agency's conservation and protection mandate.",0
ERGP19227191,BEATING AND REPLANTING OF GREEN BOND SITES,535007001,CROSS RIVER NATIONAL PARK,,7000000.0,YES,HIGH,"Beating and replanting activities at green bond sites directly support the agency's mandate to protect and conserve wildlife habitats, maintain biodiversity, and preserve the park's forest ecosystem through active forest management and restoration efforts.",0
ERGP19227226,PROCUREMENT OF 8 NO. OFFICE EQUIPMENT,535007001,CROSS RIVER NATIONAL PARK,,11900000.0,YES,HIGH,"Office equipment is necessary for the administrative operations required to manage park activities, coordinate with oversight bodies, maintain research stations, and fulfill the park's conservation and protection mandates.",0
ERGP19227279,CONSTRUCTION AND FURNISHING OF 250 CAPACITY STUDENTS HOSTEL AT EROKUT,535007001,CROSS RIVER NATIONAL PARK,,21000000.0,PARTIAL,MEDIUM,"While the construction of student accommodation at Erokut could support the park's research and educational activities related to conservation and biodiversity protection, it represents infrastructure development that is not explicitly outlined in the core mandate focused on wildlife protection and habitat conservation.",50
ERGP19227322,RENOVATION OF HEAD OFFICE FENCE,535007001,CROSS RIVER NATIONAL PARK,,10500000.0,YES,HIGH,Renovating the head office fence is a basic infrastructure maintenance activity necessary for securing park administrative facilities and supporting overall park operations and management functions.,0
ERGP19227352,CONSTRUCTION OF 5KM JEEP TRACKS,535007001,CROSS RIVER NATIONAL PARK,,9772102.0,YES,HIGH,"Construction of jeep tracks is essential infrastructure for ranger patrols, wildlife monitoring, research activities, and park management operations required to fulfill the park's mandate of protecting endangered species and maintaining the protected area.",0
ERGP19227379,PROCUREMENT/INSTALLATION OF SOLAR ELECTRICTIFICATION OF ONE (1) SUPPORT ZONE COMMUNITY,535007001,CROSS RIVER NATIONAL PARK,,18182455.0,PARTIAL,MEDIUM,"While solar electrification of a support zone community is not directly within the park's core conservation mandate, it could reasonably support community engagement and sustainable development objectives that complement wildlife protection and park management activities.",50
ERGP19227405,RENOVATION OF HEAD OFFICE,535007001,CROSS RIVER NATIONAL PARK,,40617545.0,YES,HIGH,Renovation of the head office is necessary infrastructure maintenance that supports the agency's administrative operations and overall mandate to manage and protect the national park.,0
ERGP10229494,"EXTENSION OF 250 METERS OF ELECTRIFICATION INTO THE COMPOUND OF NGWO TRAINING SCHOOL, ENUGU STATE, PHASE 2",555003001,CITIZENSHIP & LEADERSHIP TRAINING CENTRE,,7000000.0,YES,HIGH,"The electrification project directly supports the agency's training mandate by providing essential infrastructure for the Ngwo Training School, which is necessary for the Centre to deliver its citizenship and leadership training programs across its geographical zones.",0
ERGP10237896,"INSTALLATION OF SOLAR STREET LIGHTS IN OWUKPA OGABADIBO LOCAL GOVERNMENT,BENUE STATE",555003001,CITIZENSHIP & LEADERSHIP TRAINING CENTRE,,35000000.0,NO,HIGH,Installing solar street lights in a specific local government area is infrastructure development that falls outside CLTC's mandate of providing citizenship and leadership training programs.,100
ERGP10237903,"PROVISION OF SOLAR POWERED STREET LIGHTS AT MASALACHI ROAD, MPAPE LAYOUT, ABUJA.",555003001,CITIZENSHIP & LEADERSHIP TRAINING CENTRE,,7000000.0,NO,HIGH,"Installing solar-powered street lights at a specific road location in Abuja falls outside the CLTC's mandate, which is focused on providing citizenship and leadership training programs rather than infrastructure development or street lighting projects.",100
ERGP10237968,"ONE SOLAR POWERED BOREHOLE AT PALACE FIELD IN DIM NA NUME IN NWANGELE LOCAL GOVERNMENT AREA, IMO STATE.",555003001,CITIZENSHIP & LEADERSHIP TRAINING CENTRE,,28000000.0,NO,HIGH,Installing a solar powered borehole is a water infrastructure project that does not relate to the Centre's mandate of providing citizenship and leadership training programs.,100
ERGP10238042,ELECTRIFICATION OF UKEBE VILLAGE WITH SOLAR LIGHT IN UKEBE NGWA OM UGWUNAGHO VILLAGE,555003001,CITIZENSHIP & LEADERSHIP TRAINING CENTRE,,3500000.0,NO,HIGH,Electrification of a village with solar lights is an infrastructure development project that falls outside CLTC's mandate of providing citizenship and leadership training programs.,100
ERGP12228508,RENOVATION OF 200METERS LENGTH BY 1.2 METER DEPTH BY 0.8MM WIDTH OF DRAINAGE AT SHERE HILLS JOS,555003001,CITIZENSHIP & LEADERSHIP TRAINING CENTRE,,5250000.0,YES,HIGH,"The drainage renovation at Shere Hills Jos is directly related to maintaining the Centre's main training facility (Mountain School at Shere Hills, Lamingo, Jos) which is essential for delivering their core mandate of citizenship and leadership training.",0
ERGP12229140,"PURCHASES OF FOUR UTILITY VEHICLE FOR FOUR TRAINING SCHOOLS
",555003001,CITIZENSHIP & LEADERSHIP TRAINING CENTRE,,255500000.0,YES,HIGH,The utility vehicles are necessary operational assets to support the Centre's training activities across its four training schools and five geographical zones as part of fulfilling its mandate to provide citizenship and leadership training.,0
ERGP23229476,PURCHASE OF TEACHING AND LEARNING AID EQUIPMENTS FOR TWELVE TRAINING SCHOOLS,555003001,CITIZENSHIP & LEADERSHIP TRAINING CENTRE,,161841225.0,YES,HIGH,The purchase of teaching and learning aid equipment directly supports the Centre's core mandate to provide citizenship and leadership training across its twelve training facilities and zones.,0
ERGP27228296,"CONSTRUCTION OF ONE BLOCK BUNGALOW OF 8 ROOMS, 16 WINDOWS, 8 DOORS AND 8 TOILETS OF INSTRUCTIONAL STAFF OFFICE AT SHERE HIILS, JOS",555003001,CITIZENSHIP & LEADERSHIP TRAINING CENTRE,,38500000.0,YES,HIGH,"The construction of instructional staff office facilities at the Centre's main training facility (Shere Hills, Jos) directly supports the agency's core mandate to provide citizenship and leadership training programmes.",0
ERGP27228597,"CONSTRUCTION OF 1 ROOM, 2 WINDOWS, 1 DOOR STORAGE BUILDING FOR MARINE MATERIAL AT SEA SCHOOL, APAPA, LAGOSE",555003001,CITIZENSHIP & LEADERSHIP TRAINING CENTRE,,5600000.0,NO,HIGH,The construction of marine material storage at a sea school falls outside CLTC's mandate of citizenship and leadership training through land-based experiential education programs.,100
ERGP27228733,"RENOVATION OF ONE BLOCK BUNGALOW OF 6 ROOMS, 8 TOILETS, 12 WINDOWS AND 6 DOORS OF BUILDING OF MALE HOSTEL AT SAHEL TRAINING SCHOOL, KASTINA",555003001,CITIZENSHIP & LEADERSHIP TRAINING CENTRE,,4900000.0,YES,HIGH,"The renovation of male hostel facilities at a training school directly supports the Centre's mandate to provide citizenship and leadership training programs, as adequate accommodation infrastructure is essential for delivering residential training courses.",0
ERGP27228766,"RENOVATION OF ONE BLOCK BUNGALOW OF 6 ROOMS, 8 TOILETS, 12 WINDOWS AND 6 DOORS BUILDING OF FEMALE HOSTEL AT SAHEL TRAINING SCHOOL, KASTINA STATE",555003001,CITIZENSHIP & LEADERSHIP TRAINING CENTRE,,4900000.0,YES,HIGH,The renovation of female hostel facilities at a training school directly supports the Centre's mandate to provide citizenship and leadership training by ensuring adequate accommodation infrastructure for trainees.,0
ERGP27228860,"RENOVATION OF FOUR ROOM BUNGALOW, 4 TOILETS, 8 WINDOWS AND 4 DOORS ADMINISTRATIVE BLOCK AT SAHEL TRAINING SCHOOL, KASTINA STATE",555003001,CITIZENSHIP & LEADERSHIP TRAINING CENTRE,,3500000.0,YES,HIGH,"The renovation of administrative facilities at a training school in Kastina State directly supports the Centre's mandate to provide citizenship and leadership training across Nigeria's geographical zones, as proper administrative infrastructure is essential for delivering training programmes.",0
ERGP27228943,"REHABILITATION 16 ROOMS BUNGALOW HOSTEL BUILDING WITH 32 WINDOWS, 16 DOORS AT ALUU, PORT HARCOURT",555003001,CITIZENSHIP & LEADERSHIP TRAINING CENTRE,,7000000.0,YES,HIGH,"The rehabilitation of hostel accommodation at the Port Harcourt location directly supports the agency's mandate to provide citizenship and leadership training across its five geographical zones, with Zone 2 (South-South/Southeast) headquartered in Port Harcourt requiring proper facilities to deliver training programmes.",0
ERGP27229071,"CONSTRUCTION OF PARAMETER FENCING ON 5529 SQUARE METER, LAND ON PLOT 1030, KATAMPE ABUJA",555003001,CITIZENSHIP & LEADERSHIP TRAINING CENTRE,,56000000.0,YES,HIGH,Construction of perimeter fencing for CLTC's Abuja property directly supports the agency's operational infrastructure needs for providing citizenship and leadership training services.,0
ERGP27229268,"RENOVATION OF ONE BLOCK BUNGALOW BUILDING OFMULTI PURPOSE HALL AT KUDAN, ZARIA",555003001,CITIZENSHIP & LEADERSHIP TRAINING CENTRE,,7000000.0,PARTIAL,MEDIUM,"While the renovation could support training activities if the facility is used for CLTC programs, the budget item lacks clear connection to citizenship and leadership training purposes and the location (Kudan, Zaria) doesn't align with the agency's established five geographical zones.",50
ERGP27229453,PURCHASE OF OFFICE FURNITURES AND FITTINGS FOR TWELVE (12) TRAINING SCHOOLS AND HEADQUARTERS,555003001,CITIZENSHIP & LEADERSHIP TRAINING CENTRE,,70000000.0,YES,HIGH,Office furniture and fittings for training schools and headquarters are essential infrastructure items directly supporting the Centre's core mandate to provide citizenship and leadership training programs across its operational facilities.,0
ERGP27229504,"RENOVATION OF TWELVE(12) ROOMS, SIX(6) TOILETS, SIX(6) BATHROOMS AND SIX (6) KITCHENS OF STAFF QUARTERS AT OWODE EGBA, OGUN STATE",555003001,CITIZENSHIP & LEADERSHIP TRAINING CENTRE,,3500000.0,YES,HIGH,The renovation of staff quarters is necessary infrastructure maintenance to support the agency's operations and ensure adequate accommodation for personnel carrying out the Centre's training mandate across its geographical zones.,0
ERGP27230220,"REHABILITATION OF SEVEN(7) ROOMS AND THREE (3) TOILETS OF MALE HOSTEL BLOCK AT SHERE HILLS, JOS",555003001,CITIZENSHIP & LEADERSHIP TRAINING CENTRE,,5950000.0,YES,HIGH,"The rehabilitation of hostel facilities at Shere Hills, Jos directly supports the agency's core training operations at its main facility, which is essential for accommodating participants in their citizenship and leadership training programmes.",0
ERGP27237866,"CONSTRUCTION OF DRAINAGE, EROSION CONTROL AND FILLING OF ROAD AT WASIMI, OFF MUKEKE STREET, IJEBU-ODE, OGUN STATE;",555003001,CITIZENSHIP & LEADERSHIP TRAINING CENTRE,,70000000.0,NO,HIGH,"Construction of drainage and road infrastructure in Ogun State falls outside CLTC's mandate which is specifically focused on citizenship and leadership training programs, not infrastructure development projects.",100
ERGP27237874,"CONSTRUCTION OF 5 SOLAR POWERED BOREHOLES AT OMU - IJEBU, IGBILE, IRETE, JOBORE, EREBE, ODOGBOLU LGA, OGUN STATE.",555003001,CITIZENSHIP & LEADERSHIP TRAINING CENTRE,,70000000.0,NO,HIGH,Construction of solar-powered boreholes is infrastructure development unrelated to the agency's core mandate of providing citizenship and leadership training programs.,100
ERGP27237887,"SUPPLY AND INSTALLATION OF 500KVA TRANSFORMER AT VARIOUS LOCATIONS, ULAYI STREET, UKWENYA STREET AND ENVIRON, OTUKPO BENUE STATE;",555003001,CITIZENSHIP & LEADERSHIP TRAINING CENTRE,,21000000.0,NO,HIGH,"Installing electrical transformers in residential streets in Otukpo, Benue State does not relate to the agency's mandate of providing citizenship and leadership training programs.",100
ERGP28228651,"CONSTRUCTION BOREHOLE AND WATER RETICULATION AT FEMALE HOSTEL OWODE EGBA, OGUN STATE.",555003001,CITIZENSHIP & LEADERSHIP TRAINING CENTRE,,5600000.0,YES,HIGH,The construction of borehole and water reticulation at a female hostel facility directly supports the Centre's mandate to provide residential training infrastructure necessary for delivering citizenship and leadership programs across its operational zones.,0
ERGP28228988,"CONSTRUCTION OF WATER RETICULATION AT NGWO, ENUGU STATEE
",555003001,CITIZENSHIP & LEADERSHIP TRAINING CENTRE,,7350000.0,NO,HIGH,"Construction of water reticulation infrastructure in Ngwo, Enugu State does not align with CLTC's mandate of providing citizenship and leadership training, as this is a general infrastructure project unrelated to the Centre's educational and training functions.",100
ERGP30237946,SKILLS ACQUISITION AND PROVISION OF STARTER KITS FOR YOUNG WOMEN AND YOUTH IN EKITI SOUTH SENATORIAL DISTRICT.,555003001,CITIZENSHIP & LEADERSHIP TRAINING CENTRE,,94636111.0,PARTIAL,MEDIUM,"While the agency's mandate includes youth development and training programs, the specific focus on skills acquisition with starter kits for a particular senatorial district appears more aligned with vocational/economic empowerment rather than the Centre's core mandate of citizenship and leadership training through experiential education.",50
ERGP30237985,PROVISION OF EMPOWERMENT MATERIALS FOR WOMEN IN ORON/MBO/OKOBO/UDUNG UKO/URUEOFFONG ORUKO FEDERAL CONSTITUENCY IN,555003001,CITIZENSHIP & LEADERSHIP TRAINING CENTRE,,42136111.0,NO,HIGH,"The budget item focuses on providing empowerment materials specifically for women in a particular federal constituency, which does not align with CLTC's mandate of providing citizenship and leadership training through experiential education programs.",100
ERGP30237995,PROCUREMENT OF EMPOWERMENT ITEMS FOR YOUTH IN ORON/MBO/OKOBO/UDUNG UKO/URUEOFFONG ORUKO FEDERAL CONSTITUENCY IN AKWA IBOM STATE.,555003001,CITIZENSHIP & LEADERSHIP TRAINING CENTRE,,35000000.0,PARTIAL,MEDIUM,"While youth empowerment could relate to the Centre's mandate of developing citizenship and leadership qualities, the geographically specific procurement of empowerment items for a particular federal constituency appears to fall outside the Centre's core function of providing structured citizenship and leadership training programs.",50
ERGP30238008,"COMPLETION OF SKILLS ACQUISITION CENTRE AT IWOPIN IN OGUN WATERSIDE OF IJEBU NORTH/IJEBU EAST/OGUN WATERSIDE FEDERAL CONSTITUENCY, OGUN STATE.",555003001,CITIZENSHIP & LEADERSHIP TRAINING CENTRE,,21000000.0,PARTIAL,MEDIUM,"While skills acquisition training could relate to developing self-reliance and citizenship qualities within CLTC's mandate, the agency's core focus is on citizenship and leadership training rather than vocational skills acquisition, making this a peripheral fit.",50
ERGP30238016,"PROVISION OF EMPOWERMENT ITEMS FOR YOUTH IN YAMALTU/DEBA, GOMBE STATE.
",555003001,CITIZENSHIP & LEADERSHIP TRAINING CENTRE,,14000000.0,PARTIAL,MEDIUM,"While youth empowerment could relate to the Centre's mandate of developing citizenship and leadership qualities, the specific provision of empowerment items appears more focused on material support rather than the Centre's core function of providing experiential training and education programs.",50
ERGP30238025,TRANING AND EMPOWERMENT OF YOUTH AND WOMEN IN AGRICULTURE IN JEBS AREA OF CALABAR SOUTH LOCAL GOVERNMENT CROSS RIVER STATE.,555003001,CITIZENSHIP & LEADERSHIP TRAINING CENTRE,,7000000.0,NO,HIGH,"The budget item focuses on agricultural training and empowerment, which falls outside CLTC's mandate of citizenship and leadership training through experiential and Outward Bound education methods.",100
ERGP30238031,"PROVISION OF EMPOWERMENT ITEMS FOR YOUTH IN OKE BOLA, GBONGAN, AYEDAADE LGA OSUN STATE.",555003001,CITIZENSHIP & LEADERSHIP TRAINING CENTRE,,3500000.0,NO,HIGH,"The budget item focuses on providing empowerment items to a specific local community, which falls outside CLTC's mandate of providing citizenship and leadership training through structured educational programs and Man O' War activities.",100
ERGP30238047,"""GRANTS FOR YOUTHS AND WOMEN IN AGRICULTURE IN ADO-ODO/OTA FEDERAL CONSTITUENCY """,555003001,CITIZENSHIP & LEADERSHIP TRAINING CENTRE,,140000000.0,NO,HIGH,"The budget item focuses on agricultural grants for a specific federal constituency, which falls outside CLTC's mandate of providing citizenship and leadership training through experiential education programs.",100
