code,ergp_line_item,mda_code,agency,mother_ministry,amount,alignment,confidence,reason,mandate_deviation_score
ERGP14232085,MONITORING AND EVALUATION OF TEACHING AND LEARNING AND WOLRD TEACHERS DAY CELEBRATION,116001001,MINISTRY OF DEFENCE - MOD HQTRS,,37800000.0,NO,HIGH,"Monitoring and evaluation of teaching and learning and World Teachers Day celebration are education sector activities that fall completely outside the Ministry of Defence's mandate of defense policy, military oversight, and national security.",100
ERGP14232090,"REHABILITATION OF COMMAND SECONDARY SCHOOL, AGWADA
",116001001,MINISTRY OF DEFENCE - MOD HQTRS,,135896756.0,PARTIAL,MEDIUM,"While not explicitly listed in core defense functions, rehabilitating military command secondary schools could fall under managing defense infrastructure and supporting military personnel welfare, though it's peripheral to primary defense mandate.",50
ERGP14232096,COMPLETION OF 2N0s ZONAL EDUCATION QUALITY ASSURANCE COMPLEXES IN KADUNA AND LAGOS,116001001,MINISTRY OF DEFENCE - MOD HQTRS,,42000000.0,NO,HIGH,"Education quality assurance complexes are outside the Ministry of Defence's mandate which focuses on military oversight, defense policy, and national security rather than educational infrastructure development.",100
ERGP14232110,FENCING AND GUARD HOUSES FOR QUALITY ASSURANCE OFFICES IN IKEJA CANTONEMENT AND ENUGU,116001001,MINISTRY OF DEFENCE - MOD HQTRS,,28000000.0,YES,HIGH,Fencing and guard houses for military facilities directly supports the Ministry's mandate to manage defense infrastructure and military bases while ensuring security of defense installations.,0
ERGP14232117,"OUTSTANDING LIABILITIES
",116001001,MINISTRY OF DEFENCE - MOD HQTRS,,700000000.0,YES,HIGH,"Outstanding liabilities fall within the Ministry of Defence's mandate as they represent unpaid financial obligations from defense operations, procurement, and other activities that the ministry must manage as part of its budget allocation and financial oversight responsibilities.",0
ERGP14232122,"FURNISHING OF TWO ZONAL QUALITY ASSURANCE OFFICES AT LUNGI BARRACKS, ABUJA AND 82 DIV., ENUGU.",116001001,MINISTRY OF DEFENCE - MOD HQTRS,,21000000.0,YES,HIGH,Furnishing quality assurance offices at military facilities falls within the Ministry of Defence's mandate to manage defense infrastructure and provide oversight of military operations and facilities.,0
ERGP14232123,"OPERATION FUNDS
",116001001,MINISTRY OF DEFENCE - MOD HQTRS,,455000000.0,PARTIAL,MEDIUM,"While ""Operation Funds"" could relate to military operations oversight which is within MOD's mandate, the vague terminology makes it unclear whether this refers to legitimate defense operations or other activities outside the ministry's scope.",50
ERGP14232125,IMPLEMENTATION OF THE GLOBAL SAFE SCHOOLS DECLARATION (SSD) IN THE ARMED FORCES SCHOOLS,116001001,MINISTRY OF DEFENCE - MOD HQTRS,,7000000.0,PARTIAL,MEDIUM,"While the Ministry of Defence operates military schools as part of defense infrastructure, implementing global education declarations appears to extend beyond core defense policy and military coordination functions into broader educational policy territory.",50
ERGP14232127,"DIGITALIZATIION & ARCHIVING OF ACCOUNTING BOOKS AND RECORDS
",116001001,MINISTRY OF DEFENCE - MOD HQTRS,,42000000.0,YES,HIGH,Digitalization and archiving of accounting books and records is essential for the Ministry of Defence to effectively manage defense budget allocation across service branches and maintain proper financial oversight of military expenditures as required by their mandate.,0
ERGP14232129,ESTABLISHMENT OF EDUCATION MANAGEMENT INFORMATION SYSTEM (EMIS) IN MOD AND ARMED FORCES SCHOOLS,116001001,MINISTRY OF DEFENCE - MOD HQTRS,,8400000.0,YES,HIGH,Establishing an Education Management Information System for MOD and Armed Forces schools directly supports the Ministry's statutory function to coordinate military training and professional military education within the defense establishment.,0
ERGP14232134,AUTOMATION/ACQUISITION OF ROBUST SOFTWARE TO AID THE PROGRAMMED FINANCIAL REFORMS IN IN FINANCE & ACCOUNTS FOR EFFICIENT DECISION MAKING,116001001,MINISTRY OF DEFENCE - MOD HQTRS,,51800000.0,YES,HIGH,This budget item directly supports the Ministry of Defence's statutory function to manage defense budget allocation across service branches by improving financial management systems and decision-making capabilities within the agency.,0
ERGP14232140,"DIGITALIZATION OF REVENUE MEASUREMENTS, ACCOUNTING AND REPORTING TO SUPPORT BUDGET IMPLEMENTATION AND PERFORMANCE",116001001,MINISTRY OF DEFENCE - MOD HQTRS,,25900000.0,PARTIAL,MEDIUM,"While digitalization of revenue measurements and accounting systems could support the Ministry's statutory function of managing defense budget allocation across service branches, this appears to be a general financial management initiative that doesn't directly relate to the Ministry's core defense and military oversight responsibilities.",50
ERGP14232144,"DOCUMENTATION & VERIFICATION OF FIXED AND MOVABLE ASSETS IN ALL THE DEFENCE FORMATIONS AS WELL AS INVENTORY VALUATION EXERCISE, CODING AND",116001001,MINISTRY OF DEFENCE - MOD HQTRS,,37100000.0,YES,HIGH,"Documentation and verification of defense assets directly supports the Ministry's statutory function to manage defense budget allocation, oversee defense infrastructure and military bases, and provide civilian oversight of armed forces resources.",0
ERGP14232147,"CONNSTRUCTION OF 1No 4 BBEDROOM BONGALOW IN DEFENCE SCIENCE SECONDARY SCHOOL, ZANGON KATAF",116001001,MINISTRY OF DEFENCE - MOD HQTRS,,60331058.0,YES,HIGH,Construction of residential facilities at Defence Science Secondary School falls within the Ministry's mandate to manage defense infrastructure and oversee military training institutions.,0
ERGP14232150,IMPLEMENTATION OF NATIONAL POLICY ON EDUCATION (JCCE & NCE) IN DEFENCE SCHOOLS,116001001,MINISTRY OF DEFENCE - MOD HQTRS,,8400000.0,PARTIAL,MEDIUM,"While the Ministry of Defence operates military training institutions and coordinates professional military education as part of its statutory functions, implementing general national education policies (JCCE & NCE) in defence schools extends beyond core defense and security mandates into broader educational administration.",50
ERGP14232151,IMPLEMENTATION OF BUDGET OFFICE OF THE FEDERATION (BOF)'S BUDGET MONITORING & EVALUATION EXERCISE IN THE MINISTRY AND ITS AGENCIES,116001001,MINISTRY OF DEFENCE - MOD HQTRS,,49700000.0,NO,HIGH,"This budget item relates to internal budget monitoring and evaluation processes that fall outside the Ministry of Defence's core mandate of defense policy, military oversight, and national security operations.",100
ERGP14232153,"CONPENDIUM OF NATIONAL DEFENCE STATISTICS (PHASE 3)
",116001001,MINISTRY OF DEFENCE - MOD HQTRS,,12390000.0,YES,HIGH,"Compiling national defense statistics directly supports the Ministry's core mandate to formulate defense policy, manage defense budget allocation, and provide strategic oversight of armed forces operations.",0
ERGP14232156,"RESEARCH AND DEVELOPMENT
",116001001,MINISTRY OF DEFENCE - MOD HQTRS,,15400000.0,YES,HIGH,"Research and development directly supports the Ministry's mandate to procure military equipment, oversee defense industries and military production capabilities, and enhance military effectiveness through technological advancement.",0
ERGP14232157,"PROCUREMENT OF AUDIT SPECIALIZED MATERIALS
",116001001,MINISTRY OF DEFENCE - MOD HQTRS,,5600000.0,NO,HIGH,"Procurement of audit specialized materials falls under financial oversight and auditing functions, which are not part of the Ministry of Defence's mandate focused on military operations, defense policy, and armed forces coordination.",100
ERGP14232160,AUDIT INSPECTION OF UNITS AND MILITARY FORMATIONS OF THE MINISTRY IN THE SIX GEO-POLITICAL ZONES OF THE COUNTRY,116001001,MINISTRY OF DEFENCE - MOD HQTRS,,16800000.0,YES,HIGH,Audit inspection of military units and formations across all geo-political zones directly supports the Ministry's core mandate to provide civilian oversight of the armed forces and ensure proper management of defense resources and operations.,0
ERGP14232161,"PROVISION OF LIBRARY AND INFORMATION MATERIALS
",116001001,MINISTRY OF DEFENCE - MOD HQTRS,,44141701.0,PARTIAL,MEDIUM,"While library and information materials could support military training institutions and professional military education which are within the Ministry's mandate, this appears to be a very indirect connection to core defense functions.",50
ERGP14232162,ESTABLISHMENT OF A FRAME WORK FOR A STRONG PROFESSIONAL PEOPLE ORIENTED AND WELL EQUIPPED AFN CONSIDERING COMMMITTEE REPORT ON THE,116001001,MINISTRY OF DEFENCE - MOD HQTRS,,7000000.0,YES,HIGH,"Establishing a framework for a strong, professional, people-oriented and well-equipped Armed Forces of Nigeria directly aligns with the Ministry's core mandate to provide civilian oversight, formulate defense policy, coordinate military services, and ensure military effectiveness.",0
ERGP14232163,"PERFORMANCE EVALUATION AND EFFECTIVENESS ANALYSIS PROGRAMME
",116001001,MINISTRY OF DEFENCE - MOD HQTRS,,6300000.0,YES,HIGH,Performance evaluation and effectiveness analysis directly supports the Ministry's core mandate to provide civilian oversight of armed forces and manage defense operations by assessing military performance and operational effectiveness.,0
ERGP14232165,"MINISTRY OF DEFENCE FLAGSHIP PROJECTS/PROGRAMMES REPORT TO OSGF
",116001001,MINISTRY OF DEFENCE - MOD HQTRS,,8316000.0,YES,HIGH,"Reporting flagship defense projects and programmes to the Office of the Secretary to the Government of the Federation falls within the Ministry's mandate to provide civilian oversight, coordinate defense operations, and maintain accountability in defense policy implementation.",0
ERGP14232166,IMPLEMENTATION OF INTERNATIONAL PUBLIC ACCOUNTING STANDARDS (IPSAS),116001001,MINISTRY OF DEFENCE - MOD HQTRS,,38500000.0,PARTIAL,MEDIUM,"While IPSAS implementation relates to financial management and accountability which supports the Ministry's budget management functions, it is primarily an administrative/accounting reform rather than a core defense or military oversight activity.",50
ERGP14232167,DIGITIZATION & DIGITALIZATION FOR MOD ENTERPRISE CONTENT MANAGEMENT SYSTEM,116001001,MINISTRY OF DEFENCE - MOD HQTRS,,167300000.0,YES,HIGH,"Digitization and enterprise content management systems are essential for modern defense administration, enabling the Ministry to effectively coordinate military services, manage defense budgets, oversee operations, and maintain secure information systems required for national security functions.",0
ERGP14232169,PRODUCTION OF STOCK VERIFICATION SECURITY MATERIALS.,116001001,MINISTRY OF DEFENCE - MOD HQTRS,,3500000.0,PARTIAL,MEDIUM,"While the Ministry of Defence oversees defense procurement and equipment management which could include security materials, ""stock verification"" suggests an inventory/audit function that may fall outside their primary mandate of defense policy and military coordination.",50
ERGP14232170,DEVELOPMENT OF A 5-10 YEARS DEFENCE SECTOR CAPITAL REQUIREMENTS,116001001,MINISTRY OF DEFENCE - MOD HQTRS,,3500000.0,YES,HIGH,"Developing long-term defense sector capital requirements directly aligns with the Ministry's core mandate to formulate defense policy, manage defense budget allocation, and oversee procurement of military equipment and platforms.",0
ERGP14232171,FEDERAL CIVIL SERVICE STRATEGY AND IMPLEMENTATION PLAN 2021-2025 (FCSSIP 25),116001001,MINISTRY OF DEFENCE - MOD HQTRS,,23800000.0,NO,HIGH,"The Federal Civil Service Strategy and Implementation Plan is a broad civil service reform initiative that falls outside the Ministry of Defence's specific mandate of defense policy, military oversight, and national security operations.",100
ERGP14232172,MARKET SURVEY ON MINISTRY'S MOVABLE ASSETS,116001001,MINISTRY OF DEFENCE - MOD HQTRS,,3500000.0,YES,HIGH,Conducting market surveys on movable assets falls within the Ministry's mandate to manage defense budget allocation and oversee procurement of military equipment and defense infrastructure.,0
ERGP14232173,PROJECT MONITORING AND EVALUATION,116001001,MINISTRY OF DEFENCE - MOD HQTRS,,14000000.0,YES,HIGH,"Project monitoring and evaluation is essential for the Ministry of Defence to oversee defense budget allocation, track procurement of military equipment, and ensure effective implementation of defense policies and operations across all service branches.",0
ERGP14232174,INVENTORY/CODING OF SERVICEABLE ITEMS IN CPUs NATION WIDE,116001001,MINISTRY OF DEFENCE - MOD HQTRS,,3500000.0,YES,HIGH,"Inventory and coding of serviceable items in Central Processing Units nationwide directly supports the Ministry's statutory function to manage defense budget allocation, oversee military equipment procurement, and coordinate defense infrastructure across service branches.",0
ERGP14232175,PURCHASE OF A7 TAB FOR 8 LAWYERS (E-LIBRARY),116001001,MINISTRY OF DEFENCE - MOD HQTRS,,7000000.0,PARTIAL,MEDIUM,"While purchasing tablets for legal staff could support the Ministry's mandate to supervise military justice and discipline systems, the specific justification as ""E-library"" suggests more general legal research rather than direct defense policy or military oversight functions.",50
ERGP14232176,STOCK VERIFICATION EXERCISE IN MILITARY FORMATIONS IN NIGERIA,116001001,MINISTRY OF DEFENCE - MOD HQTRS,,21000000.0,YES,HIGH,"Stock verification exercise in military formations directly falls under the Ministry of Defence's mandate to provide civilian oversight of armed forces, manage defense budget allocation, and oversee procurement and management of military equipment and resources.",0
ERGP14232177,ALTERNATIVE DISPUTE RESOLUTION (ADR),116001001,MINISTRY OF DEFENCE - MOD HQTRS,,14000000.0,PARTIAL,MEDIUM,"While ADR could relate to military justice systems or civil-military relations within the Ministry's mandate, it appears tangential to core defense functions and may be better suited for civilian justice agencies.",50
ERGP14232178,DIGITALIZATION OF ALL LAW SUIT FILED AGAINST THE GOVERNMENT,116001001,MINISTRY OF DEFENCE - MOD HQTRS,,6230000.0,NO,HIGH,"Digitalization of lawsuits filed against the government is a general administrative/legal function that falls outside the Ministry of Defence's specific mandate of defense policy, military oversight, and national security operations.",100
ERGP14232179,PREPARATION OF AN OUTLINE BUSINESS CASE/FULL BUSINESS CASE (ADVANCE COURSE),116001001,MINISTRY OF DEFENCE - MOD HQTRS,,5600000.0,YES,HIGH,Preparing business cases for advanced courses directly supports the Ministry's statutory function to coordinate military training and professional military education while ensuring proper budget management and procurement processes for defense capabilities.,0
ERGP14232180,EXPLORING THE FRONTIERS OF NON-KINETIC APPROACH IN TACKLING ORGANISE CRIME AND INSECURITY IN NIGERIA,116001001,MINISTRY OF DEFENCE - MOD HQTRS,,29400000.0,YES,HIGH,"This budget item directly aligns with the Ministry of Defence's statutory functions to formulate defense policy, coordinate counter-insurgency operations, and develop comprehensive security strategies that include non-kinetic approaches to combat organized crime and insecurity threats facing Nigeria.",0
ERGP14232181,PUBLIC PRIVATE PARTNERSHIP (PPP) PROJECT RISK ANALYSIS AND MITIGATION (ADVANCE COURSE) BY NIGERIAN INSTITUTE OF INFRASTRUCTURE & PUBLIC PRIVATE,116001001,MINISTRY OF DEFENCE - MOD HQTRS,,3500000.0,NO,HIGH,"Public-private partnership risk analysis training falls outside the Ministry of Defence's core mandate of providing civilian oversight of armed forces, defense policy formulation, and national security coordination.",100
ERGP14232183,ASSESSMENT OF NIGERIAN ARMY APCs AND OPERATION IN CONJUCTION WITH THE NIGERIAN ARMY,116001001,MINISTRY OF DEFENCE - MOD HQTRS,,15400000.0,YES,HIGH,This budget item directly aligns with the Ministry of Defence's statutory function to coordinate Nigerian Army operations and oversee military equipment assessment as part of their civilian oversight responsibilities.,0
ERGP14232184,SYSTEM STUDY AND REVIEW,116001001,MINISTRY OF DEFENCE - MOD HQTRS,,14000000.0,YES,HIGH,"System study and review directly supports the Ministry's core mandate to formulate defense policy, coordinate military services, and provide civilian oversight through analytical assessment of defense systems and operations.",0
ERGP14232185,UPGRADING OF ARMY AFFAIRS DEPARTMENT REGISTRY AND ESTABLISHMENT OF FILES/MAIL TRACKER,116001001,MINISTRY OF DEFENCE - MOD HQTRS,,33501017.0,YES,HIGH,Upgrading registry systems and establishing file/mail tracking for the Army Affairs Department directly supports the Ministry's statutory function to provide civilian oversight of the Nigerian Army and manage defense administration effectively.,0
ERGP14232187,EVALUATION OF ARMY DECOMMISSIONED EQUIPMENT IN ALL ARMY FORMATIONS ACROSS THE COUNTRY,116001001,MINISTRY OF DEFENCE - MOD HQTRS,,18200000.0,YES,HIGH,"This budget item directly supports the Ministry of Defence's statutory function to manage defense budget allocation across service branches and oversee defense infrastructure, as evaluating decommissioned Army equipment is essential for effective asset management and procurement planning.",0
ERGP14232188,IMPLEMENTATION OF COMPACT WITH G7++ WITH THE NIGERIAN NAVY FOR THE ESTABLISHMENT OF MARITIME SAFETY AND SECURITY FOR INTERNATIONAL TRADE,116001001,MINISTRY OF DEFENCE - MOD HQTRS,,19250000.0,YES,HIGH,"This budget item directly aligns with the Ministry of Defence's statutory functions to coordinate naval operations, manage defense diplomacy and bilateral military cooperation, and ensure national security through maritime domain awareness and protection of international trade routes.",0
ERGP14232190,PAYMENT OF BALANCE OF PROCUREMENT OF ARMOURED AIRBOAT FOR THE ARMED FORCES,116001001,MINISTRY OF DEFENCE - MOD HQTRS,,1821400000.0,YES,HIGH,"The procurement of armoured airboats for the armed forces directly falls under the Ministry of Defence's statutory function to procure military equipment, weapons systems and platforms for the Nigerian Armed Forces.",0
ERGP14232191,CONVENTION ON CLUSTER MUNITIONS IN NIGERIA,116001001,MINISTRY OF DEFENCE - MOD HQTRS,,21000000.0,YES,HIGH,"The Convention on Cluster Munitions relates directly to defense policy formulation, weapons procurement oversight, and international defense diplomacy coordination, which are core statutory functions of the Ministry of Defence headquarters.",0
ERGP14232194,BARRACKS REHABILITATION/REMODELLING - SOUTH SOUTH,116001001,MINISTRY OF DEFENCE - MOD HQTRS,,245000000.0,YES,HIGH,Barracks rehabilitation falls directly under the Ministry of Defence's mandate to manage defense infrastructure and military bases as specified in statutory function (p).,0
ERGP14232195,BARRACKS REHABILITATION/REMODELLING - SOUTH WEST,116001001,MINISTRY OF DEFENCE - MOD HQTRS,,245000000.0,YES,HIGH,"Managing defense infrastructure and military bases is explicitly within the Ministry of Defence's statutory functions, and barracks rehabilitation directly supports this mandate.",0
ERGP14232196,BARRACKS REHABILITATION/REMODELLING - SOUTH EAST,116001001,MINISTRY OF DEFENCE - MOD HQTRS,,245000000.0,YES,HIGH,Barracks rehabilitation/remodelling directly falls under the Ministry's mandate to manage defense infrastructure and military bases as outlined in statutory function (p).,0
ERGP14232197,BARRACKS REHABILITATION/REMODELLING - NORTH CENTRAL,116001001,MINISTRY OF DEFENCE - MOD HQTRS,,245000000.0,YES,HIGH,Barracks rehabilitation falls directly within the Ministry of Defence's mandate to manage defense infrastructure and military bases as specified in statutory function (p).,0
ERGP14232198,BARRACKS REHABILITATION/REMODELLING - NORTH WEST,116001001,MINISTRY OF DEFENCE - MOD HQTRS,,245000000.0,YES,HIGH,"Managing defense infrastructure and military bases is explicitly within the Ministry of Defence's statutory functions, and barracks rehabilitation directly supports military operational readiness and personnel welfare.",0
ERGP14232199,BARRACKS REHABILITATION/REMODELLING - NORTH EAST,116001001,MINISTRY OF DEFENCE - MOD HQTRS,,245000000.0,YES,HIGH,Barracks rehabilitation in the North East directly supports the Ministry's mandate to manage defense infrastructure and military bases while supervising counter-insurgency operations against Boko Haram in that region.,0
ERGP14232200,RENOVATION OF CEMETERIES IN SIX (6) GEO-POLITICAL ZONES,116001001,MINISTRY OF DEFENCE - MOD HQTRS,,60200000.0,PARTIAL,MEDIUM,"While cemetery renovation is not explicitly within the Ministry of Defence's core mandate, it could relate to maintaining military cemeteries or memorials for fallen service members as part of veterans' affairs responsibilities.",50
ERGP14232201,SUPPORT TO THE NIGERIAN LEGION AND CONDUCT OF ELECTION,116001001,MINISTRY OF DEFENCE - MOD HQTRS,,56000000.0,PARTIAL,MEDIUM,"While supporting the Nigerian Legion aligns with the ministry's veterans' affairs mandate, conducting elections falls outside the core defense and military oversight responsibilities of the Ministry of Defence.",50
ERGP14232202,PROVISION OF MATERIALS FOR ARMED FORCES REMEMBRANCE DAY CELEBRATION,116001001,MINISTRY OF DEFENCE - MOD HQTRS,,72800000.0,YES,HIGH,"Providing materials for Armed Forces Remembrance Day celebration falls under the Ministry's mandate to manage veterans' affairs, coordinate civil-military relations, and maintain civilian oversight of armed forces activities including ceremonial functions that honor military service.",0
ERGP14232203,REHABILITATION OF OBIOZARA FORWARD OPERATING BASE,116001001,MINISTRY OF DEFENCE - MOD HQTRS,,108500000.0,YES,HIGH,Rehabilitation of a forward operating base directly falls under the Ministry of Defence's mandate to manage defense infrastructure and military bases while supporting counter-insurgency operations.,0
ERGP14232204,PROCUREMENT OF ARMS AND AMMUNITIONS FOR THE ARMED FORCES OF NIGERIA,116001001,MINISTRY OF DEFENCE - MOD HQTRS,,688800000.0,YES,HIGH,"Procurement of arms and ammunition directly falls under the Ministry of Defence's statutory function (f) to procure military equipment, weapons systems and platforms for the Armed Forces of Nigeria.",0
ERGP14232205,REFURBISHMENT AND PROCUREMENT OF HARRIS RF-5/7 MILITARY COMMUNICATION EQUIPMENT,116001001,MINISTRY OF DEFENCE - MOD HQTRS,,105000000.0,YES,HIGH,"Procurement of military communication equipment directly falls under the Ministry's statutory function to procure military equipment, weapons systems and platforms for the Nigerian Armed Forces.",0
ERGP14232206,ANTI-PERSONNEL DEMINING IN CONTAMINATED AREAS OF THE NORTH EAST AND DOMESTICATION OF THE CONVENTION IN NIGERIA,116001001,MINISTRY OF DEFENCE - MOD HQTRS,,72800000.0,YES,HIGH,"Anti-personnel demining in the North East directly supports the Ministry's mandate to coordinate counter-insurgency operations, ensure territorial security, and manage military operations in areas affected by Boko Haram insurgency.",0
ERGP14232208,ANTIPERSONNEL MINE BAN CONVENTION,116001001,MINISTRY OF DEFENCE - MOD HQTRS,,42000000.0,YES,HIGH,"The Antipersonnel Mine Ban Convention directly relates to the Ministry of Defence's mandate to formulate defense policy, manage international defense diplomacy, and ensure compliance with international military treaties and humanitarian law.",0
ERGP14232210,ESTABLISHMENT OF A MILITARY INDUSTRIAL COMPLEX (MIC),116001001,MINISTRY OF DEFENCE - MOD HQTRS,,21000000.0,YES,HIGH,"Establishing a Military Industrial Complex directly aligns with the Ministry of Defence's statutory function to oversee defense industries and military production capabilities, as well as procure military equipment and weapons systems.",0
ERGP14232212,PRODUCTION OF ANNUAL REPORT ON BILATERAL COOPERATION WITH FRIENDLY COUNTRIES,116001001,MINISTRY OF DEFENCE - MOD HQTRS,,91000000.0,YES,HIGH,Production of annual reports on bilateral cooperation with friendly countries directly supports the agency's statutory function of managing defense diplomacy and bilateral military cooperation.,0
ERGP14232213,ARMS TRADE TREATY (ATT),116001001,MINISTRY OF DEFENCE - MOD HQTRS,,56000000.0,YES,HIGH,Arms Trade Treaty (ATT) compliance falls directly within the Ministry of Defence's mandate to procure military equipment and manage defense diplomacy and international military cooperation.,0
ERGP14232214,"PROVISION OF MOMAS PREPAID ELECTRICITY METERS TO MILITARY FORMATIONS NATION WIDE (OJO MILITARY CANTONMENT, LAGOS AND 82 DIV. ENUGU PHASE II)",116001001,MINISTRY OF DEFENCE - MOD HQTRS,,378000000.0,YES,HIGH,Providing electricity meters to military formations directly supports the Ministry of Defence's mandate to manage defense infrastructure and military bases as outlined in statutory function (p).,0
ERGP14232215,DOMESTICATION AND IMPLEMENTATION OF THE CONVENTION ON CLUSTER MUNITIONS IN NIGERIA,116001001,MINISTRY OF DEFENCE - MOD HQTRS,,53200000.0,YES,HIGH,"The domestication and implementation of the Convention on Cluster Munitions directly relates to the Ministry of Defence's statutory functions of formulating national defense policy, managing defense diplomacy and bilateral military cooperation, and overseeing military equipment procurement policies in compliance with international treaties.",0
ERGP14232216,GEOGRAPHICAL INFORMATION SYSTEM (GIS) PHASE 3 FOR CHARTING MILITARY LANDED PROPERTIES NATION WIDE.,116001001,MINISTRY OF DEFENCE - MOD HQTRS,,49000000.0,YES,HIGH,Charting military landed properties nationwide directly supports the Ministry of Defence's statutory function to manage defense infrastructure and military bases while providing essential oversight of military assets.,0
ERGP14232219,TECHNICAL SENSITIZATION ON INSTITUTIONAL FRAMEWORK OF APPOVED NATIONAL MARITIME SECURITY STRATEGY,116001001,MINISTRY OF DEFENCE - MOD HQTRS,,18900000.0,YES,HIGH,"Technical sensitization on the approved National Maritime Security Strategy directly aligns with the Ministry of Defence's mandate to formulate national defense policy, coordinate military services including the Navy, and ensure national security and territorial integrity.",0
ERGP14232220,OPERATIONALIZATION OF THE NIGERIA-EQUATORIAL GUINEA COMBINE MARITIME POLICING & SECURITY PATROL COMMITTEE,116001001,MINISTRY OF DEFENCE - MOD HQTRS,,19600000.0,YES,HIGH,"This budget item directly aligns with the Ministry of Defence's statutory functions of coordinating defense diplomacy, bilateral military cooperation, and managing maritime security operations as part of national defense policy.",0
ERGP14232221,"ASSESSMENT OF VARIOUS NAF PROJECTS ACROSS THE 6 GEO-POLITICAL ZONES
",116001001,MINISTRY OF DEFENCE - MOD HQTRS,,32200000.0,YES,HIGH,"Assessment of Nigerian Air Force projects across geopolitical zones directly aligns with the Ministry's core mandate to coordinate military services, manage defense budget allocation, and oversee defense infrastructure and military bases.",0
ERGP14232222,MONITORING AND EVALUATION OF THE ACTIVITIES IN ALL AIR FORCE UNITS/FORMATION,116001001,MINISTRY OF DEFENCE - MOD HQTRS,,21000000.0,YES,HIGH,Monitoring and evaluation of Air Force units/formations directly falls under the Ministry's statutory function to provide civilian oversight and coordinate Nigerian Air Force operations.,0
ERGP14232223,"AIRSPACE MANAGEMENT AND CONTROL
",116001001,MINISTRY OF DEFENCE - MOD HQTRS,,70000000.0,PARTIAL,MEDIUM,"While airspace management involves national security and defense coordination which falls under MOD's mandate, primary airspace control is typically handled by civil aviation authorities rather than defense ministries directly.",50
ERGP14232224,"INSPECTION OF MANUFACTURING PLANTS/SITES OF NAF AIRCRAFT PRODUCTION
",116001001,MINISTRY OF DEFENCE - MOD HQTRS,,14000000.0,YES,HIGH,"This budget item directly aligns with the Ministry's statutory function to oversee defense industries and military production capabilities, specifically related to Nigerian Air Force aircraft manufacturing oversight.",0
ERGP14232225,TENDERING OPROCESSES AND ADVERTISEMENT FOR CAPITAL PROJECTS AND RECURRENT PROCUREMENT,116001001,MINISTRY OF DEFENCE - MOD HQTRS,,12600000.0,YES,HIGH,"Tendering processes and advertisement for capital projects and recurrent procurement directly supports the Ministry's statutory function to procure military equipment, weapons systems, and manage defense budget allocation across service branches.",0
ERGP14232226,"PROCUREMENT OF SOFTWARE AND OTHER RELEVANT ICT INFRASTRUCTURE
",116001001,MINISTRY OF DEFENCE - MOD HQTRS,,5740000.0,YES,HIGH,"Procurement of software and ICT infrastructure directly supports the Ministry's core functions of defense management, military coordination, intelligence operations, and overall command and control capabilities essential for national security operations.",0
ERGP14232227,"PUBLICATION OF MONTHLY JOURNAL AND MAGAZINES
",116001001,MINISTRY OF DEFENCE - MOD HQTRS,,12810000.0,PARTIAL,MEDIUM,"While publications could support defense communication and policy dissemination functions, monthly journals and magazines are not explicitly within the core defense oversight and military coordination mandate of the Ministry of Defence headquarters.",50
ERGP14232228,REHABILITATION OF MOD SHIP HOUSE ABUJA/UPGRADING OF MINISTRY OF DEFENCE MULTIPURPOSE HALL,116001001,MINISTRY OF DEFENCE - MOD HQTRS,,70000000.0,YES,HIGH,Rehabilitating MOD Ship House and upgrading the multipurpose hall directly supports the ministry's statutory function to manage defense infrastructure and maintain facilities necessary for effective civilian oversight and coordination of the armed forces.,0
ERGP14232229,RENOVATION OF MOD CPU'S (MINNA& CALABAR) AND FURNISHING OF CPU MAKURDI/ASSESSMENT OF PROJECT AT VARIOUS SITES,116001001,MINISTRY OF DEFENCE - MOD HQTRS,,32900000.0,YES,HIGH,Renovating and furnishing Ministry of Defence Central Processing Units at various locations directly supports the agency's mandate to manage defense infrastructure and maintain operational facilities for military administration and coordination.,0
ERGP14232230,PROCUREMENT OF STORE CAPITAL ITEMS AND AUTOMATION OF MOD STORES AND PROCUREMENT OF AIR CONDITIONERS,116001001,MINISTRY OF DEFENCE - MOD HQTRS,,54460000.0,YES,HIGH,"This budget item directly supports the Ministry of Defence's statutory functions of procuring military equipment and managing defense infrastructure, which are core mandates for maintaining operational readiness and civilian oversight of armed forces.",0
ERGP14232231,PROCUREMENT OF 3 Nos UTILITY VEHICLES AND PROVISION OF MECHANICAL TOOLS AND EQUIPMENT AT MOD MECHANIC WORK SHOP,116001001,MINISTRY OF DEFENCE - MOD HQTRS,,126000000.0,YES,HIGH,"The procurement of utility vehicles and mechanical tools for the MOD workshop directly supports the ministry's statutory functions of managing defense infrastructure, coordinating military operations, and maintaining the equipment necessary for civilian oversight of armed forces.",0
ERGP14232232,"REPLACEMENT OF 2Nos 30,000L OVERHEAD TANK WITH2 Nos 30, 000L FIBRE GLASS TANK",116001001,MINISTRY OF DEFENCE - MOD HQTRS,,35000000.0,YES,HIGH,"Replacing overhead water tanks at MOD headquarters falls under managing defense infrastructure and military bases, which is essential for maintaining operational facilities that support the ministry's defense coordination functions.",0
ERGP14232233,PROVISION OF 2Nos SECURITY CABINS AND SECURITY EQUIPMENT FOR ACCESS IN THE MOD,116001001,MINISTRY OF DEFENCE - MOD HQTRS,,20489000.0,YES,HIGH,Provision of security cabins and equipment for access control at the Ministry of Defence headquarters directly supports the agency's core mandate of maintaining security infrastructure and ensuring proper civilian oversight of defense operations.,0
ERGP14232234,"RENOVATION OF MINISTRY OF DEFENCE (MOD) HOUSE KADUNA
",116001001,MINISTRY OF DEFENCE - MOD HQTRS,,49000000.0,YES,HIGH,Renovating the Ministry of Defence facility in Kaduna directly supports the agency's infrastructure management responsibilities and ensures proper facilities for defense operations and coordination activities.,0
ERGP14232235,"SERVICING AND REPLACEMENT OF FIRE EQUIPMENT, SMOKE DETECTORS EXTINGUISHERS AND FIRE ALARM SYSTEM AND TECHNICAL ENHANCEMENT",116001001,MINISTRY OF DEFENCE - MOD HQTRS,,42000000.0,YES,HIGH,"Fire safety equipment and alarm systems are essential for protecting defense infrastructure and military bases, which falls under the Ministry's statutory function of managing defense infrastructure and ensuring operational readiness of military facilities.",0
ERGP14232236,"PROCUREMENT OF MEDICAL EQUIPMENT, FURNITURE, (ICT FOR MOD CLINIC EXTENSION EMR)",116001001,MINISTRY OF DEFENCE - MOD HQTRS,,140000000.0,YES,HIGH,"Procurement of medical equipment and ICT systems for MOD clinic extension directly supports the ministry's statutory function of managing defense infrastructure and military bases, as well as supervising military welfare which includes healthcare facilities for defense personnel.",0
ERGP14232237,"MOD HEALTH RESEARCH ETHICS COMMITTEE
",116001001,MINISTRY OF DEFENCE - MOD HQTRS,,7000000.0,PARTIAL,MEDIUM,"While health research ethics oversight could relate to military medical research and personnel welfare which falls under the Ministry's broader coordination responsibilities, it represents a very specialized function that is not explicitly covered in the core defense mandate.",50
ERGP14232238,"PROCUREMENT AND INSTALLATION OF ELECTRONIC MEDICAL RECORDS
",116001001,MINISTRY OF DEFENCE - MOD HQTRS,,28000000.0,PARTIAL,MEDIUM,"While electronic medical records for military healthcare facilities could support military welfare and readiness functions, this item lacks clear connection to the Ministry's core defense policy and military coordination mandate without specifying it's for military medical facilities.",50
ERGP14232239,"PROCUREMENT OF DRUGS AND MEDICAL UNIFORMS AND OTHER CLOTHINGS
",116001001,MINISTRY OF DEFENCE - MOD HQTRS,,15400000.0,PARTIAL,MEDIUM,"While the Ministry of Defence oversees military welfare and can procure equipment for armed forces, procurement of drugs and medical uniforms appears to be primarily a medical/healthcare function that would typically fall under military medical services rather than the civilian defense headquarters' core policy and oversight mandate.",50
ERGP14232240,"CLINICAL GOVERNANCE, MOD DRUG ABUSE AND MENTAL HEALTH, MOD TUBERCULOSIS AND MALARIA",116001001,MINISTRY OF DEFENCE - MOD HQTRS,,21000000.0,PARTIAL,MEDIUM,"While not explicitly listed in core defense functions, military healthcare including mental health and disease control for service members could reasonably fall under military welfare and maintaining force readiness, though clinical governance seems outside typical defense ministry scope.",50
ERGP14232241,PROCUREMENT OF INFECTION PREVENTION/CONTROL SUPPLIES FOR IPC PROGRAMMES/ORPHAN ANND VULNERABLE CHILDREN,116001001,MINISTRY OF DEFENCE - MOD HQTRS,,28000000.0,NO,HIGH,"Procurement of infection prevention supplies for orphan and vulnerable children programs falls under health and social welfare ministries, not defense policy and military oversight functions of the Ministry of Defence.",100
ERGP14232242,"CAPTURING/ISSUING OF NEW BIOMETRIC IDENTITY CARDS NATION WIDE
",116001001,MINISTRY OF DEFENCE - MOD HQTRS,,47600000.0,NO,HIGH,"Issuing biometric identity cards nationwide is a civilian population registration function that falls outside the Ministry of Defence's core mandate of military oversight, defense policy, and national security operations.",100
ERGP14232243,"IMPLEMENTATION OF PMS IN MOD
",116001001,MINISTRY OF DEFENCE - MOD HQTRS,,124649770.0,YES,HIGH,Implementation of Performance Management System (PMS) in MOD falls within the agency's mandate as it relates to improving organizational effectiveness and management systems necessary for executing defense oversight and coordination functions.,0
ERGP14232244,"DIGITALIZATION OF RECORDS AND INFORMATION MANAGEMENT
",116001001,MINISTRY OF DEFENCE - MOD HQTRS,,32200000.0,YES,HIGH,"Digitalization of records and information management directly supports the Ministry of Defence's core functions of managing defense budget allocation, coordinating military services, overseeing procurement processes, and maintaining effective civilian oversight of armed forces operations.",0
ERGP14232245,"FURNISHING & EQUIPING OF IPPIS-HRM CENTRE
",116001001,MINISTRY OF DEFENCE - MOD HQTRS,,7000000.0,YES,MEDIUM,Furnishing and equipping an IPPIS-HRM (Integrated Personnel and Payroll Information System - Human Resource Management) centre aligns with the Ministry's mandate to manage defense budget allocation and oversee administrative functions necessary for coordinating armed forces personnel management.,5
ERGP14232246,"FURNISHING OF UNION OFFICE IN THE HEADQUARTERS
",116001001,MINISTRY OF DEFENCE - MOD HQTRS,,3500000.0,YES,HIGH,Furnishing the headquarters office falls within the agency's administrative operations necessary to maintain defense infrastructure and ensure effective civilian oversight of the armed forces.,0
ERGP14232247,"FEDERATION OF PUBLIC SERVICE GAMES (FEPSGA)
",116001001,MINISTRY OF DEFENCE - MOD HQTRS,,49000000.0,NO,HIGH,"The Federation of Public Service Games is a recreational sports competition for civil servants that has no connection to the Ministry of Defence's core mandate of defense policy, military oversight, and national security operations.",100
ERGP14232248,"MOD SPORTSWEEK/FEPSGA MONTHLY WALKING JOGGING/AEROBICS
",116001001,MINISTRY OF DEFENCE - MOD HQTRS,,2940000.0,PARTIAL,MEDIUM,"While sports activities could relate to military fitness and welfare programs under the ministry's broader personnel management responsibilities, a dedicated sports week budget appears tangential to the core defense and security mandate.",50
ERGP14232249,"CONSTRUCTION OF INTERNS QUARTERS IN MILITARY HOSPITAL, YABA LAGOS
",116001001,MINISTRY OF DEFENCE - MOD HQTRS,,609000000.0,YES,HIGH,Construction of intern quarters at a military hospital directly supports the Ministry of Defence's mandate to manage defense infrastructure and oversee military welfare facilities that are essential for maintaining operational readiness of the armed forces.,0
ERGP14232250,VERIFICATION/VALUATION FOR COMPENSATION OF LANDS ACQUIRED BY ARMED FORCES OF NIGERIA.,116001001,MINISTRY OF DEFENCE - MOD HQTRS,,11200000.0,YES,HIGH,"This budget item directly supports the Ministry of Defence's statutory function to manage defense infrastructure and military bases, as land acquisition for armed forces facilities is essential for establishing and maintaining military installations required for national defense operations.",0
ERGP14233449,"CONSTRUCTION OF 1 UNIT OF 12 FAMILY CBQ AT GIGINYA BARRACKS, SOKOTO
",116001001,MINISTRY OF DEFENCE - MOD HQTRS,,49000000.0,YES,HIGH,Construction of military family quarters at Giginya Barracks falls within the Ministry of Defence's mandate to manage defense infrastructure and military bases while supporting military welfare and housing needs.,0
ERGP14237537,SUPPLY OF MOTORCYCLES FOR SECURITY SURVEILLANCE OF REMOTE COMMUNITIES IN TARABA SOUTH SENATORIAL DISTRICT,116001001,MINISTRY OF DEFENCE - MOD HQTRS,,28000000.0,PARTIAL,MEDIUM,"While the Ministry of Defence coordinates counter-insurgency and security operations that may require surveillance equipment, procuring motorcycles specifically for one senatorial district appears more aligned with local security or police functions rather than the ministry's strategic defense coordination role.",50
ERGP23237545,"RENOVATION OF SCIENCE LAB IN IN ICHS, ILISAN OGUN STATE
",116001001,MINISTRY OF DEFENCE - MOD HQTRS,,175000000.0,NO,HIGH,"Renovating a science laboratory in a civilian school in Ogun State does not fall within the Ministry of Defence's mandate of providing civilian oversight of armed forces, defense policy formulation, and national security operations.",100
ERGP23237551,"SUPPLY OF FURNITURE AND EQUIPMENT TO SCIENCE LAB IN ICHS, ILISAN OGUN STATE
",116001001,MINISTRY OF DEFENCE - MOD HQTRS,,175000000.0,NO,HIGH,"Supplying furniture and equipment to a science laboratory at a civilian educational institution (ICHS, Ilisan Ogun State) falls outside the Ministry of Defence's core mandate of defense policy, military oversight, and national security operations.",100
ERGP30232050,REVIEW AND PRODUCTION OF GENERIC GUIDELINE AND COMPILATION OF REFORMS IN MOD AND ITS AGENCIES.,116001001,MINISTRY OF DEFENCE - MOD HQTRS,,37800000.0,YES,HIGH,"This budget item directly supports the Ministry's core mandate to provide civilian oversight of armed forces and formulate defense policy, as reviewing guidelines and compiling reforms is essential for effective organizational management and policy development within MOD and its agencies.",0
ERGP30232068,"CREACREATIVITY AND INNOVATION DRIVE (FOR NEWLY CREATED DIVISION) OHCSF/SPSO/11299/T1/45 DATED 28TH AUGUST, 2020 TIVITY AND INNOVATION",116001001,MINISTRY OF DEFENCE - MOD HQTRS,,28000000.0,PARTIAL,MEDIUM,"While creativity and innovation could relate to defense technology development or military innovation which falls under the Ministry's mandate to manage defense industries and procure military equipment, the generic nature of this budget line makes it unclear if it directly supports core defense functions.",50
ERGP30232092,EDUCATION PPROFESSIONAL DEVELOPMENT OF TEACHERS AND EVALUATORS,116001001,MINISTRY OF DEFENCE - MOD HQTRS,,21000000.0,NO,HIGH,"Education and professional development of teachers and evaluators is an educational function that falls outside the Ministry of Defence's core mandate of defense policy, military oversight, and national security operations.",100
ERGP4232143,"CONNSTRUCTION OF 1No DINING HALL IN DEFENCE SCIENCE SECONDARY SCHOOL, ZANGON KATAF",116001001,MINISTRY OF DEFENCE - MOD HQTRS,,260168055.0,YES,HIGH,Construction of dining hall infrastructure at Defence Science Secondary School falls within the Ministry's mandate to manage defense infrastructure and oversee military training institutions.,0
ERGP4247810,"MINISTRY OF DEFENCE SPECIAL INTERVENTION FOR THE NIGERIAN ARMY - RENOVATION WORKS AT BARRACKS IN OGOJA, BIRNIN KEBBI AND EDE",116001001,MINISTRY OF DEFENCE - MOD HQTRS,,4994056678.0,YES,HIGH,Renovating military barracks falls directly under the Ministry of Defence's statutory function to manage defense infrastructure and military bases while providing civilian oversight of armed forces facilities.,0
ERGP27228182,REHABILITATION/CLADDING OF MPB MAIN BUILDING,116021001,MILITARY PENSION BOARD,,109278446.0,YES,HIGH,Rehabilitating and cladding the MPB main building is necessary infrastructure maintenance to ensure the agency can effectively operate and deliver pension services to military retirees from proper facilities.,0
ERGP27228202,PROVISION AND INSTALLATION OF SOLAR SYSTEMS,116021001,MILITARY PENSION BOARD,,162323293.0,PARTIAL,MEDIUM,"While solar systems could support the agency's operations by providing reliable power for pension processing systems and databases, this infrastructure investment is not directly related to the core mandate of administering military pensions and retirement benefits.",50
ERGP27228223,PROVISION AND INSTALLATION OF AUTOMATED RETRACTABLE BOLLARD SECURITY SYSTEM,116021001,MILITARY PENSION BOARD,,87500000.0,PARTIAL,MEDIUM,"While security systems could protect facilities where pension records are maintained and payments processed, automated retractable bollards are primarily physical security infrastructure that falls outside the core mandate of administering military pensions and benefits.",50
ERGP30240902,"TRAINING OF YOUTHS AND WOMEN ON SOLAR TECHNOLOGY IN IGABI FED. CONSTITUENCY, KADUNA STATE",116021001,MILITARY PENSION BOARD,,137225029.0,NO,HIGH,"Training youths and women on solar technology is completely outside the Military Pension Board's mandate, which is specifically focused on administering pensions and retirement benefits for military personnel and their dependents.",100
ERGP27231747,"RENOVATION OF HEADQUARTERS BUILDING PHASE IV
",119001001,MINISTRY OF FOREIGN AFFAIRS - HQTRS,,175535445.0,YES,HIGH,"Renovating the headquarters building is essential infrastructure maintenance that directly supports the Ministry's core functions of formulating foreign policy, coordinating diplomatic missions, and managing Nigeria's international relations from its primary operational base in Abuja.",0
ERGP27231759,"REHABILITATION OF AIRPORT PROTOCOL LOUNGES PHASE III
",119001001,MINISTRY OF FOREIGN AFFAIRS - HQTRS,,35560000.0,YES,HIGH,"Airport protocol lounges are essential infrastructure for managing protocol services for foreign dignitaries visiting Nigeria and coordinating presidential/ministerial foreign travel, which are core statutory functions of the Ministry of Foreign Affairs.",0
ERGP27233786,"CONSTRUCTION AND PROVISION OF 6 LIFT MACHINE
",119001001,MINISTRY OF FOREIGN AFFAIRS - HQTRS,,189000000.0,PARTIAL,MEDIUM,"While lift machines could support the Ministry's headquarters operations and facilitate meetings with foreign dignitaries as part of protocol functions, this infrastructure expense is not directly related to the core diplomatic mandate of foreign policy formulation and international relations management.",50
ERGP30176210,"MONITORING AND EVALUATION OF MISSIONS ACCOUNTING BOOKS AND RECORDS
",119001001,MINISTRY OF FOREIGN AFFAIRS - HQTRS,,84000000.0,YES,HIGH,"Monitoring and evaluation of missions' accounting books and records is essential for the Ministry's oversight of Nigeria's 120+ diplomatic missions worldwide, ensuring financial accountability and proper management of resources allocated to these missions.",0
ERGP30236539,D8 HSP MEDICAL OUTREACH AND SUPPLY OF DRUGS AND COMMODITIES FOR HEALTH CENTRES IN NIGER NORTH SENATORIAL DISTRICT OF NIGER STATE,119001001,MINISTRY OF FOREIGN AFFAIRS - HQTRS,,63000000.0,NO,HIGH,"This budget item involves domestic healthcare delivery within Niger State, which falls under health ministry functions rather than the Ministry of Foreign Affairs' mandate of diplomacy, international relations, and protecting citizens abroad.",100
ERGP30236540,TRAINING AND EMPOWERMENT OF WOMEN AND YOUTH ON ENTREPRENEURSHIP IN TARABA SOUTH SENATORIAL DISTRICT,119001001,MINISTRY OF FOREIGN AFFAIRS - HQTRS,,140000000.0,NO,HIGH,"Training and empowerment of women and youth on entrepreneurship in a specific senatorial district is a domestic capacity-building function that falls outside the Ministry of Foreign Affairs' mandate of managing international relations, diplomacy, and protecting citizens abroad.",100
ERGP30236541,PROVISON OF RELIEF ITEMS & CAPACITY DEVELOPMENT FOR INTERNALLY DISPLACED PERSONS (IDP) IN NORTH EAST REGION,119001001,MINISTRY OF FOREIGN AFFAIRS - HQTRS,,210000000.0,NO,HIGH,"Providing relief items and capacity development for internally displaced persons is a domestic humanitarian issue that falls outside the Ministry of Foreign Affairs' mandate of managing foreign policy, diplomacy, and international relations.",100
ERGP3176086,INVESTMENT PROMOTION CAMPAIGN IN ALL MISSIONS AND PROMOTION OF LOCAL CONTENT,119001001,MINISTRY OF FOREIGN AFFAIRS - HQTRS,,35000000.0,YES,HIGH,"Investment promotion campaigns and local content promotion directly align with the ministry's statutory functions of promoting economic diplomacy, advancing trade and investment interests, and coordinating Nigeria's diplomatic missions worldwide.",0
ERGP3231688,"PURCHASE OF 8NO. OPERATIONAL/UTILITY VEHICLES
",119001001,MINISTRY OF FOREIGN AFFAIRS - HQTRS,,672000000.0,YES,HIGH,"Operational and utility vehicles are essential for the Ministry of Foreign Affairs headquarters to conduct diplomatic activities, coordinate with missions, transport officials for protocol functions, and manage day-to-day operations supporting Nigeria's foreign policy implementation.",0
ERGP3231689,"ROUTINE INSPECTION /MANAGEMENT OF MISSIONS
",119001001,MINISTRY OF FOREIGN AFFAIRS - HQTRS,,91000000.0,YES,HIGH,Routine inspection and management of missions directly aligns with the Ministry's core statutory function of coordinating Nigeria's 120+ diplomatic missions and consulates worldwide.,0
ERGP3231691,"IMPLEMENTATION OF THE PERFORMANCE MANAGEMENT SYSTEM AND OTHER FCSSIP 25 SCCCESSION PLAN; CAPABILITY BUILDING & TALENT MGT, INSTITUTIONALIZE",119001001,MINISTRY OF FOREIGN AFFAIRS - HQTRS,,87780000.0,PARTIAL,MEDIUM,"While capability building and talent management relate to training diplomats through the Foreign Service Academy (statutory function s), the specific focus on FCSSIP succession planning appears to be a broader civil service initiative that may extend beyond the Ministry's core diplomatic mandate.",50
ERGP3231720,"INSPECTION, VERIFICATION AND VALUATION OF FGN PROPERTIES AT MISSIONS ABROAD",119001001,MINISTRY OF FOREIGN AFFAIRS - HQTRS,,56056000.0,YES,HIGH,"This budget item directly supports the Ministry's statutory function to coordinate Nigeria's 120+ diplomatic missions worldwide, requiring regular inspection and valuation of government properties at these missions for proper asset management and oversight.",0
ERGP3231731,"EXPANDING NIGERIA'S CULTURAL DIPLOMACY ENGAGEMENT
",119001001,MINISTRY OF FOREIGN AFFAIRS - HQTRS,,42000000.0,YES,HIGH,The budget item directly aligns with the agency's statutory function (q) to promote Nigeria's soft power and cultural diplomacy as part of advancing the country's global interests and international influence.,0
ERGP3231732,"POSTING AND RETURN ENTITLEMENT OF AMBASSADORS AND OFFICERS
",119001001,MINISTRY OF FOREIGN AFFAIRS - HQTRS,,1538587407.0,YES,HIGH,Posting and return entitlements for ambassadors and officers directly supports the ministry's core function of coordinating Nigeria's 120+ diplomatic missions worldwide and managing diplomatic personnel abroad.,0
ERGP3231735,INTEGRATED EMBASSIES AND HEADQUARTERS FINANCE MODULE: TRAINING OF ACCOUNTANTS (FINANCE ATTACHE') AND AUDIT STAFF AND OTHER RELEVANT STAFF,119001001,MINISTRY OF FOREIGN AFFAIRS - HQTRS,,14905006.0,YES,HIGH,Training finance attachés and audit staff for embassies directly supports the ministry's mandate to coordinate 120+ diplomatic missions worldwide and manage international financial operations through professional diplomatic capacity building.,0
ERGP3231738,PARTICIPATION IN 80TH UNITED NATIONS GENERAL ASSEMBLY (UNGA) 2025: PROMOTING AND PROJECTING NIGERIA'S NATIONAL INTEREST IN THE COMMUNITY OF,119001001,MINISTRY OF FOREIGN AFFAIRS - HQTRS,,37200800.0,YES,HIGH,Participating in the UN General Assembly directly aligns with the Ministry's core mandate to represent Nigeria in the United Nations and advance Nigeria's interests in the international arena.,0
ERGP3231740,"AFRICAN UNION SUMMIT: TO ADDRESS SOME OF THE CHALLENGES CONFRONTING AFRICA, WITH A VIEW TO ACHIEVING GREATER UNITY AND SOLIDARITY AMONG",119001001,MINISTRY OF FOREIGN AFFAIRS - HQTRS,,20440000.0,YES,HIGH,"The African Union Summit directly aligns with the Ministry's statutory function to coordinate Nigeria's African Union participation and Pan-African agenda, as well as advance regional leadership and African integration objectives.",0
ERGP3231743,SUSTAINABLE FUNDING FOR THE EVACUATION OF DIPLOMATIC STAFF IN CONFLICT AREAS ABROAD,119001001,MINISTRY OF FOREIGN AFFAIRS - HQTRS,,70000000.0,YES,HIGH,Evacuating diplomatic staff from conflict areas abroad directly falls under the ministry's core mandate to coordinate diplomatic missions worldwide and protect Nigerian citizens and officials overseas.,0
ERGP3231749,"MONITORING AND EVALUATION OF NIGERIAN MISSIONS
",119001001,MINISTRY OF FOREIGN AFFAIRS - HQTRS,,245000000.0,YES,HIGH,Monitoring and evaluation of Nigerian missions directly supports the Ministry's core statutory function of coordinating Nigeria's 120+ diplomatic missions and consulates worldwide.,0
ERGP3231751,"DEVELOPMENT OF NIGERIA'S FOREIGN POLICY BLUEPRINT
",119001001,MINISTRY OF FOREIGN AFFAIRS - HQTRS,,8176000.0,YES,HIGH,Development of Nigeria's foreign policy blueprint directly aligns with the Ministry's core statutory function (a) to formulate and implement Nigeria's foreign policy and international strategy.,0
ERGP3231754,"CONSULAR ASSISTANCE TO MISSIONS:MONTHLY VISITATION OF NIGERIANS IN PRISONS, DETENTION CAMPS, HOSPITALS, AS WELL AS PROVISION OF LEGAL",119001001,MINISTRY OF FOREIGN AFFAIRS - HQTRS,,89250000.0,YES,HIGH,"This budget item directly supports the Ministry's statutory function to protect Nigerian citizens abroad through consular services, which includes visiting detained or hospitalized Nigerians and providing legal assistance.",0
ERGP3231755,"CONTRIBUTIONS TO INTERNATIONAL ORGANISATIONS
",119001001,MINISTRY OF FOREIGN AFFAIRS - HQTRS,,98616000.0,YES,HIGH,"Contributing to international organizations directly supports the Ministry's core mandate to represent Nigeria in multilateral organizations like the UN, AU, ECOWAS, and Commonwealth as specified in their statutory functions.",0
ERGP3231756,"PURCHASE OF OFFICE EQUIPMENT :PURCHASE OF COMPUTERS, COMPUTER PRINTERS, AIR CONDITIONERS, SHREDDING MACHINES,UNINTERRUPTED POWER SUPPLY (UPS),",119001001,MINISTRY OF FOREIGN AFFAIRS - HQTRS,,142450000.0,YES,HIGH,"Office equipment including computers, printers, air conditioners, shredding machines, and UPS systems are essential administrative infrastructure required for the Ministry to effectively carry out its diplomatic operations, communications, and coordination of Nigeria's foreign policy activities.",0
ERGP3231761,COORDINATION OF TEMPORARY WORKERS MIGRATION PROGRAMME WITH BILATERAL PARTNERS AND ESTABLISHMENT OF DEMOGRAPHIC DATABASE IN ALL NIGERIAN,119001001,MINISTRY OF FOREIGN AFFAIRS - HQTRS,,8176000.0,YES,HIGH,"This budget item directly aligns with the Ministry's statutory functions to manage bilateral relations, address migration challenges, protect Nigerian citizens abroad, and coordinate diaspora engagement policies.",0
ERGP10236618,"SUPPLY AND INSTALLATION OF SOLAR STREET LIGHTS IN ULAJA SECONDARY SCHOOL, NADDC OFFICE, AND NEW SITE AT ULAJA, DEKINA LGA, KOGI STATE.",119006001,INSTITUTE FOR PEACE AND CONFLICT RESOLUTION,,12489001.0,NO,HIGH,"Installing solar street lights at specific schools and offices is an infrastructure development activity that falls outside IPCR's core mandate of peace promotion, conflict prevention, mediation, and peace education.",100
ERGP26236551,"SUPPLY OF SPORTING KITS FOR YOUTHS IN SELECTED LOCATIONS IN BORNO CENTRAL SENATORIAL DISTRICT, BORNO STATE",119006001,INSTITUTE FOR PEACE AND CONFLICT RESOLUTION,,70000000.0,PARTIAL,MEDIUM,"While supplying sporting kits is not directly within IPCR's core mandate, it could reasonably support youth engagement and conflict prevention activities in Borno State, which has experienced significant conflict, though the connection to peace and conflict resolution is indirect.",50
ERGP27127642,"PURCHASE OF OFFICE EQUIPMENT: SCANNERS. PRINTERS, PHOTOCOPIERS
",119006001,INSTITUTE FOR PEACE AND CONFLICT RESOLUTION,,31500000.0,YES,HIGH,"Office equipment like scanners, printers, and photocopiers are essential administrative tools needed to support the agency's core functions including research documentation, training materials preparation, policy development, conflict assessments, and publishing their Peace and Conflict Review magazine.",0
ERGP27127693,"UPGRADING OF OFFICE FURNITURES
",119006001,INSTITUTE FOR PEACE AND CONFLICT RESOLUTION,,17500000.0,PARTIAL,MEDIUM,"While upgrading office furniture is not directly related to peace and conflict resolution activities, it supports the basic operational infrastructure needed for IPCR to effectively conduct its mandate of mediation, training, and conflict prevention work.",50
ERGP27236566,COMPLETION AND FURNISHING OF TWO ALTERNATIVE DISPUTE RESOLUCTION COMMUNITY HALLS IN AMAOKPARA AND OGUM SUB-COMMUNITIES RESPECTIVELY IN,119006001,INSTITUTE FOR PEACE AND CONFLICT RESOLUTION,,38500000.0,YES,HIGH,"Building community halls for alternative dispute resolution directly supports the agency's mandate to provide mediation services, facilitate dialogue, and conduct conflict resolution activities at the community level.",0
ERGP27236576,"RENOVATION OF FADAR SARKI KAITA, KAITA LGA
",119006001,INSTITUTE FOR PEACE AND CONFLICT RESOLUTION,,35000000.0,NO,HIGH,"Renovating a traditional ruler's residence (Fadar Sarki) is a physical infrastructure project that falls outside IPCR's mandate of peace promotion, conflict prevention, mediation services, and peace education activities.",100
ERGP27236588,"CONSTRUCTION OF POLICE AREA COMMAND OFFICE IN DONGA AND DIVISIONAL POLICE OFFICE IN LISSAM, USSA LGA OF TAKUM/DONGA/USSA FED. CONSTITUENCY,",119006001,INSTITUTE FOR PEACE AND CONFLICT RESOLUTION,,140000000.0,NO,HIGH,"Construction of police facilities is outside IPCR's mandate as a peace and conflict resolution agency that focuses on mediation, dialogue, training, and conflict prevention rather than building law enforcement infrastructure.",100
ERGP27236615,"CONSTRUCTION OF PALACE IN TAKUM/DONGA/USSA FED. CONSTITUENCY, TARABA STATE",119006001,INSTITUTE FOR PEACE AND CONFLICT RESOLUTION,,70000000.0,NO,HIGH,"Construction of a palace is infrastructure development that falls outside IPCR's mandate of peace promotion, conflict prevention, mediation, and peace education activities.",100
ERGP27236625,RENOVATION OF SELECTED PUBLIC INFRASTRUCTURES IN THE NIGER NORTH SENATORIAL DISTRICT OF NIGER STATE,119006001,INSTITUTE FOR PEACE AND CONFLICT RESOLUTION,,105000000.0,NO,HIGH,"Renovating public infrastructure in a specific senatorial district is a physical development activity that falls outside IPCR's mandate of peace promotion, conflict prevention, mediation, and peace education.",100
ERGP28236661,"CONSTRUCTION OF SOLAR POWERED BOREHOLE IN MALLAM MADORI LGA, JIGAWA NORTH EAST SENATORIAL DISTRICT",119006001,INSTITUTE FOR PEACE AND CONFLICT RESOLUTION,,70000000.0,PARTIAL,MEDIUM,"While water access can reduce communal conflicts and support peacebuilding efforts, constructing boreholes is not explicitly within IPCR's core mandate of conflict resolution, mediation, and peace education.",50
ERGP28236665,"CONSTRUCTION OF SOLAR POWERED BOREHOLE IN BIRNIWA, JIGAWA NORTH EAST SENATORIAL DISTRICT",119006001,INSTITUTE FOR PEACE AND CONFLICT RESOLUTION,,70000000.0,PARTIAL,MEDIUM,"While water access can reduce resource-based conflicts that IPCR mediates, constructing boreholes is not a core peacebuilding function and appears more suited to water/infrastructure agencies.",50
ERGP28236668,"CONSTRUCTION OF SOLAR POWERED BOREHOLE IN AUYO, JIGAWA NORTH EAST SENATORIAL DISTRICT",119006001,INSTITUTE FOR PEACE AND CONFLICT RESOLUTION,,70000000.0,PARTIAL,MEDIUM,"While constructing water infrastructure could potentially contribute to conflict prevention by addressing resource scarcity that often triggers communal disputes, it falls outside IPCR's core mandate of mediation, peace education, and conflict resolution services.",50
ERGP28236670,"CONSTRUCTION OF SOLAR POWERED BOREHOLE IN KAFIN HAUSA LGA, JIGAWA NORTH EAST SENATORIAL DISTRICT",119006001,INSTITUTE FOR PEACE AND CONFLICT RESOLUTION,,70000000.0,PARTIAL,MEDIUM,"While water provision could indirectly support peace by addressing resource scarcity that often triggers conflicts, constructing boreholes is not directly within IPCR's core mandate of conflict prevention, mediation, and peace education.",50
ERGP28236673,"CONSTRUCTION OF SOLAR POWERED BOREHOLE IN KIRIKASSAMA LGA, JIGAWA NORTH EAST SENATORIAL DISTRICT",119006001,INSTITUTE FOR PEACE AND CONFLICT RESOLUTION,,35000000.0,PARTIAL,MEDIUM,"While constructing solar-powered boreholes is not directly within IPCR's peace and conflict resolution mandate, providing water access could potentially prevent resource-based conflicts in communities where water scarcity triggers disputes.",50
ERGP28236676,"CONSTRUCTION OF SOLAR POWERED BOREHOLE IN GURI LGA, JIGAWA NORTH EAST SENATORIAL DISTRICT",119006001,INSTITUTE FOR PEACE AND CONFLICT RESOLUTION,,35000000.0,PARTIAL,MEDIUM,"While constructing water infrastructure could potentially reduce resource-based conflicts between communities, it falls outside IPCR's core mandate of peace promotion, conflict mediation, and education rather than direct infrastructure development.",50
ERGP28236680,CONSTRUCTION OF SOLAR POWERED BOREHOLE IN MALLAM MADORI LGA IN JIGAWA NORTH EAST SENATORIAL DISTRICT,119006001,INSTITUTE FOR PEACE AND CONFLICT RESOLUTION,,210000000.0,PARTIAL,MEDIUM,"While constructing water infrastructure doesn't directly align with IPCR's core peace and conflict resolution mandate, it could indirectly support conflict prevention by addressing resource scarcity that often drives communal conflicts.",50
ERGP28236682,CONSTRUCTION OF SOLAR POWERED BOREHOLE IN BIMIWA LGA IN JIGAWA NORTH EAST SENATORIAL DISTRICT,119006001,INSTITUTE FOR PEACE AND CONFLICT RESOLUTION,,210000000.0,PARTIAL,MEDIUM,"While constructing water infrastructure is not directly within IPCR's core mandate of conflict resolution and mediation, providing access to water resources could potentially prevent communal conflicts over scarce water resources, which falls under their conflict prevention function.",50
ERGP28236683,CONSTRUCTION OF SOLAR POWERED BOREHOLE IN AUYO LGA IN JIGAWA NORTH EAST SENATORIAL DISTRICT,119006001,INSTITUTE FOR PEACE AND CONFLICT RESOLUTION,,245000000.0,PARTIAL,MEDIUM,"While water infrastructure projects can contribute to conflict prevention by addressing resource scarcity that often triggers communal disputes, this construction project falls outside IPCR's core mandate of peace education, mediation, and conflict resolution services.",50
ERGP28236685,CONSTRUCTION OF SOLAR POWERED BOREHOLE IN KIRI KASSAMA LGA IN JIGAWA NORTH EAST SENATORIAL DISTRICT,119006001,INSTITUTE FOR PEACE AND CONFLICT RESOLUTION,,245000000.0,PARTIAL,MEDIUM,"While water access can reduce resource-based conflicts that IPCR mediates, direct infrastructure construction falls outside their core mandate of peace promotion, conflict prevention, mediation and training.",50
ERGP28236687,CONSTRUCTION OF SOLAR POWERED BOREHOLE IN GURI LGA IN JIGAWA NORTH EAST SENATORIAL DISTRICT,119006001,INSTITUTE FOR PEACE AND CONFLICT RESOLUTION,,245000000.0,PARTIAL,MEDIUM,"While constructing water infrastructure doesn't directly align with IPCR's core peace and conflict resolution mandate, it could support conflict prevention efforts since water scarcity is often a driver of communal conflicts that the agency mediates.",50
ERGP29192716,"PURCHASE AND INSTALLATION OF SOLAR SYSTEM IN IPCR COMPLES
",119006001,INSTITUTE FOR PEACE AND CONFLICT RESOLUTION,,94500000.0,PARTIAL,MEDIUM,"While solar system installation supports the agency's operational infrastructure needs to carry out its peace and conflict resolution mandate, it is not directly related to the core statutory functions of mediation, conflict prevention, peace education, or research activities.",50
ERGP29226866,"AQUISITION OF LAPTOPS AND OPERATIONAL ACCESSORIES
",119006001,INSTITUTE FOR PEACE AND CONFLICT RESOLUTION,,42000000.0,YES,HIGH,"Laptops and operational accessories are essential tools for conducting conflict early warning monitoring, research on conflict drivers, coordinating with ECOWAS Early Warning System, and managing the agency's core peace and conflict resolution activities.",0
ERGP30153602,"PURCHASE OF MEDIA EQUIPMENTS FOR PUBLIC AFFAIRS
",119006001,INSTITUTE FOR PEACE AND CONFLICT RESOLUTION,,10500000.0,PARTIAL,MEDIUM,"Media equipment for public affairs could support peace education, awareness campaigns, and conflict prevention messaging which aligns with IPCR's mandate, though it's not explicitly mentioned as a core function.",50
ERGP30153611,"PREVENTING AND COUNTERING VIOLENCE EXTREMISM IN NIGERIA
",119006001,INSTITUTE FOR PEACE AND CONFLICT RESOLUTION,,7000000.0,YES,HIGH,"Preventing and countering violent extremism directly aligns with IPCR's core mandate to promote peace, prevent conflicts, and support government conflict resolution efforts, as extremist violence represents a major threat to Nigeria's stability that requires the agency's conflict prevention and mediation expertise.",0
ERGP30192708,PEACE ADVOCACY/SENSITIZATION IN COMMUNITIES AFFECTED BY VIOLENT CONFLICTS IN NIGERIA,119006001,INSTITUTE FOR PEACE AND CONFLICT RESOLUTION,,7000000.0,YES,HIGH,"Peace advocacy and sensitization in conflict-affected communities directly aligns with IPCR's core mandate to promote peace, conduct peace education, and support conflict prevention across Nigeria.",0
ERGP30226924,"RESEARCH ON AFRICA PEACE AND SECURITY ARCHITECHTURE
",119006001,INSTITUTE FOR PEACE AND CONFLICT RESOLUTION,,21000000.0,YES,HIGH,"Research on Africa Peace and Security Architecture directly aligns with IPCR's statutory functions to conduct research on conflict drivers and peace interventions, coordinate with ECOWAS Early Warning System, and advance peaceful coexistence supporting Nigeria's stability within the broader African context.",0
ERGP30226959,"NATIONAL FRONTIERS AND SECURITY THREATS IN SAHEL AND GULF OF GUINEA
",119006001,INSTITUTE FOR PEACE AND CONFLICT RESOLUTION,,21000000.0,PARTIAL,MEDIUM,"While the agency has mandate for conflict early warning monitoring and research on security threats that could lead to conflicts, direct frontier security operations appear outside their core peace mediation and conflict resolution functions.",50
ERGP30226992,DEVELOPMENT AND PRINTING OF CONFLICT SENSITIVITY MANUAL FOR PEACE PRACTITIONERS,119006001,INSTITUTE FOR PEACE AND CONFLICT RESOLUTION,,10500000.0,YES,HIGH,"Developing and printing conflict sensitivity manuals directly supports the agency's statutory functions of conducting peace education, conflict resolution training, and providing training for security personnel, traditional leaders, religious leaders, youth and peace practitioners.",0
ERGP30227014,"CLIMATE CHANGE, PEACE AND SECURITY
",119006001,INSTITUTE FOR PEACE AND CONFLICT RESOLUTION,,7000000.0,PARTIAL,MEDIUM,"While climate change impacts can drive conflicts that fall within IPCR's mediation mandate (such as farmer-herder disputes over resources), climate change itself is not explicitly within their core peacekeeping and conflict resolution functions.",50
ERGP30227044,"ENHANCING CIVIL-MILITARY RELATIONSHIP FOR SUSTAINABLE PEACE IN NIGERIA
",119006001,INSTITUTE FOR PEACE AND CONFLICT RESOLUTION,,7000000.0,YES,HIGH,Training security personnel on conflict-sensitive approaches and promoting peaceful coexistence directly aligns with the agency's statutory functions to enhance civil-military relations for sustainable peace.,0
ERGP30227104,"NATIONAL DIALOQUE ON PEACEFULL PLATFORMS IN NIGERIA
",119006001,INSTITUTE FOR PEACE AND CONFLICT RESOLUTION,,18038033.0,YES,HIGH,"The budget item directly aligns with the agency's statutory functions to organize peace summits, dialogue forums and reconciliation programs, and to promote peaceful coexistence across Nigeria.",0
ERGP30227144,"SENSITIZATION IN ZONAL AND STATE PEACE BUILDING OFFICES
",119006001,INSTITUTE FOR PEACE AND CONFLICT RESOLUTION,,7000000.0,YES,HIGH,"Sensitization activities in zonal and state peace building offices directly supports the agency's core mandate to promote peace, conduct peace education, and organize dialogue forums across Nigeria's various regions.",0
ERGP30233327,"PURCHASE OF PROJECT VEHICLE
",119006001,INSTITUTE FOR PEACE AND CONFLICT RESOLUTION,,122500000.0,YES,HIGH,"Project vehicles are essential for IPCR's field operations including conflict monitoring, mediation visits to affected communities, and implementing peace programs across Nigeria's diverse geographical areas.",0
ERGP30233329,"DEMOCRACY WATCH
",119006001,INSTITUTE FOR PEACE AND CONFLICT RESOLUTION,,7000000.0,PARTIAL,MEDIUM,"While democracy watch activities could relate to electoral violence prevention and conflict early warning functions, this appears to extend beyond IPCR's core mandate of peace and conflict resolution into broader democratic governance monitoring.",50
ERGP30233330,"NATIONAL PEACE ACADEMY - CURRICULUM REVIEW
",119006001,INSTITUTE FOR PEACE AND CONFLICT RESOLUTION,,7000000.0,YES,HIGH,"Curriculum review for a National Peace Academy directly supports the agency's statutory functions of conducting peace education, conflict resolution training, and developing educational frameworks for peacebuilding across Nigeria.",0
ERGP30233338,"ACQUISITION OF RESEARCH BOOKS FOR LIBRARY INFORMATION
",119006001,INSTITUTE FOR PEACE AND CONFLICT RESOLUTION,,7000000.0,YES,HIGH,"Acquiring research books for library information directly supports the agency's statutory function to conduct research on conflict drivers, dynamics and peace interventions, as well as publishing Peace and Conflict Review journal to promote knowledge in peacebuilding.",0
ERGP30233339,"MONITORING AND EVALUATION OF IPCR RESEARCH PROJECTS
",119006001,INSTITUTE FOR PEACE AND CONFLICT RESOLUTION,,7000000.0,YES,HIGH,"Monitoring and evaluation of research projects directly supports the agency's statutory function to conduct research on conflict drivers, dynamics and peace interventions, ensuring research quality and effectiveness.",0
ERGP30236553,"AWARENESS AND SENSITIZATION ON ANTI-CORRUPTION PROGRAM
",119006001,INSTITUTE FOR PEACE AND CONFLICT RESOLUTION,,35000000.0,NO,HIGH,"Anti-corruption awareness and sensitization falls outside IPCR's specific mandate focused on peace promotion, conflict prevention, and mediation services, as corruption programs are typically handled by dedicated anti-corruption agencies.",100
ERGP30236555,"YOUTH PEACE AND SECURITY PROGRAMM INTERVENTION IN WEST AFRICA
",119006001,INSTITUTE FOR PEACE AND CONFLICT RESOLUTION,,70000000.0,PARTIAL,MEDIUM,"While the agency has mandate for youth conflict resolution training and peace education, the West Africa regional scope extends beyond its primary focus on Nigerian conflicts, though it aligns with ECOWAS collaboration functions.",50
ERGP30236560,PEACEFUL COEXISTENCE AWARENESS FOR SCHOOLS IN SELECTED JUNIOR SECONDARY SCHOOLS ON FCT,119006001,INSTITUTE FOR PEACE AND CONFLICT RESOLUTION,,35000000.0,YES,HIGH,"The budget item directly aligns with the agency's statutory functions to conduct peace education and conflict resolution training, specifically targeting schools to promote peaceful coexistence which is a core mandate activity.",0
ERGP30236563,PROVISION OF PALLIATIVES AND FINANCIAL GRANTS TO SELECTED VULNERABLE COMMUNITIES IN NORTH WEST NIGERIA (MULTIPLE LOTS),119006001,INSTITUTE FOR PEACE AND CONFLICT RESOLUTION,,1400000000.0,PARTIAL,MEDIUM,"While providing palliatives isn't explicitly within IPCR's core mandate of conflict resolution and mediation, it could reasonably support peacebuilding efforts in conflict-affected vulnerable communities in the North West region where IPCR operates.",50
ERGP30236570,"TRAINING AND EMPOWERMENT OF YOUTHS AND WOMEN IN EDU/MORO/PATEGI FEDERAL CONSTITEUNCY, KWARA STATE",119006001,INSTITUTE FOR PEACE AND CONFLICT RESOLUTION,,70000000.0,PARTIAL,MEDIUM,"While the agency has mandate to conduct conflict resolution training for youth, the geographic specificity to one federal constituency suggests this may be more of a political project than a systematic peace-building initiative aligned with IPCR's conflict prevention mission.",50
ERGP30236572,"SUPPLY OF EMPOWERMENT ITEMS FOR WOMEN AND YOUTH (MULTIPLE LOTS)
",119006001,INSTITUTE FOR PEACE AND CONFLICT RESOLUTION,,315000000.0,PARTIAL,MEDIUM,"While empowerment items for women and youth could support the agency's mandate to conduct conflict resolution training for youth and civil society groups as part of peace education programs, the broad ""empowerment items"" description lacks clear connection to specific conflict prevention or peace-building activities.",50
ERGP30236580,CAPACITY BUILDING TRAINING AND EMPOWERMENT FOR SME'S IN MARTE/MONGUNO/NGANZAI FEDERAL CONSTITUENCY BORNO STATE,119006001,INSTITUTE FOR PEACE AND CONFLICT RESOLUTION,,175000000.0,PARTIAL,MEDIUM,"While SME capacity building could contribute to post-conflict economic recovery and peacebuilding in conflict-affected Borno State areas, it falls outside IPCR's core mandate of conflict prevention, mediation, and peace education.",50
ERGP30236583,ENGAGEMENT OF NGBO AND AGILA YOUTHS / STAKEHOLDERS ON SUSTENANCE OF PEACE WITHIN THE TWO COMMUNITIES IN EBONYI/OHAUKWU FEDERAL,119006001,INSTITUTE FOR PEACE AND CONFLICT RESOLUTION,,14000000.0,YES,HIGH,"This budget item directly aligns with the agency's mandate to conduct peace education, youth training in conflict resolution, and organize dialogue forums for sustainable peace in communal conflicts.",0
ERGP30236621,"TRAINING OF TRADITIONAL RULERS AND CHIEFS ON PEACEFUL CONFLICT RESOLUTION IN ATAKUMOTA EAST/WEST/ILESHA EAST/WEST/ OEO FED CONST, OSUN STATE",119006001,INSTITUTE FOR PEACE AND CONFLICT RESOLUTION,,84000000.0,YES,HIGH,"This budget item directly aligns with the agency's statutory function (f) to provide peace and conflict training for traditional and religious leaders, specifically targeting traditional rulers and chiefs with peaceful conflict resolution training.",0
ERGP30236623,EMPOWERMENT OF YOUTHS AND WOMEN IN LAGOS ISLAND 1 FEDERAL CONSTITUENCY,119006001,INSTITUTE FOR PEACE AND CONFLICT RESOLUTION,,35000000.0,PARTIAL,MEDIUM,"While youth empowerment could relate to IPCR's conflict prevention training functions, the geographically specific focus on Lagos Island 1 Federal Constituency suggests a general empowerment program rather than conflict resolution activities within the agency's core peace and mediation mandate.",50
ERGP30236627,SUPPLY OF INSTRUCTIONAL MATERIALS TO SELECTED PUBLIC SCHOOLS IN THE NIGER NORTH SENATORIAL DISTRICT OF NIGER STATE,119006001,INSTITUTE FOR PEACE AND CONFLICT RESOLUTION,,70000000.0,NO,HIGH,"Supplying instructional materials to public schools is an education function that falls outside IPCR's mandate of peace promotion, conflict resolution, and mediation services.",100
ERGP30236631,"ENGAGEMENT WITH TAKEHODLERS AND TRADITIONAL RULERS, RELIGIOUS LEADERS AND COMMUNITY LEADERS ON PEACE BUILDING IN TAMUWA/GUJUBAU/DAMATURU",119006001,INSTITUTE FOR PEACE AND CONFLICT RESOLUTION,,44347259.0,YES,HIGH,"This budget item directly aligns with the agency's statutory functions to provide peace and conflict training for traditional and religious leaders, conduct peace education, and organize dialogue forums for peacebuilding in specific communities.",0
ERGP30236634,SUPPLY OF SEWING MACHINES TO EMPOWER THE WOMEN IN CROSS RIVER CENTRAL SENATORIAL DISTRICT,119006001,INSTITUTE FOR PEACE AND CONFLICT RESOLUTION,,35000000.0,PARTIAL,MEDIUM,"While supplying sewing machines for women's empowerment doesn't directly relate to IPCR's core conflict resolution mandate, it could indirectly support peacebuilding through economic empowerment that addresses underlying conflict drivers, though this connection is tenuous and geographically specific.",50
ERGP30236636,CONFLICT SENSITIVE TRAINING AND ADVOCACY FOR TRADITIONAL RULERS IN LANGTANG NORTH AND SOUTH OF PLATEAU STATE,119006001,INSTITUTE FOR PEACE AND CONFLICT RESOLUTION,,19586416.0,YES,HIGH,"This budget item directly aligns with the agency's statutory function (f) to provide peace and conflict training for traditional rulers, specifically targeting conflict-prone areas in Plateau State where IPCR regularly mediates communal conflicts.",0
ERGP30236641,CAPACITY BUILDING AND EMPOWERMENT FOR CONSTITUENTS IN SELECTED LOCATIONS NATIONAWIDE,119006001,INSTITUTE FOR PEACE AND CONFLICT RESOLUTION,,293529593.0,PARTIAL,MEDIUM,"While capacity building aligns with IPCR's training functions for conflict resolution, the broad term ""empowerment for constituents"" lacks specificity to peace and conflict resolution activities that define the agency's core mandate.",50
ERGP30236644,"PROVISION OF TEXTBOOKS & SCHOOL ACCESSORIES FOR PRIMARY & SECONDARY SCHOOLS IN KATSINA NORTH SENATORIAL DISTRICT, KATSINA STATE",119006001,INSTITUTE FOR PEACE AND CONFLICT RESOLUTION,,42000000.0,PARTIAL,MEDIUM,"While providing textbooks and school accessories is not a core function of IPCR, it could potentially align with their peace education mandate if these materials contain conflict resolution content or are part of a broader peacebuilding initiative in conflict-prone areas.",50
ERGP30236647,"ENGAGEMENT WITH STAKEHOLDERS AND TRADITIONAL RULERS, RELIGIOUS LEADERS AND COMMUNITY LEADERS ON PEACE BUILDNG AND CONFLICT RESOLUTION IN",119006001,INSTITUTE FOR PEACE AND CONFLICT RESOLUTION,,70000000.0,YES,HIGH,"This budget item directly aligns with the agency's statutory functions (f) and (g) to provide peace and conflict training for traditional and religious leaders and conduct conflict resolution training for youth and civil society, as well as function (r) to collaborate with civil society organizations on peacebuilding.",0
ERGP30236649,"SUPPLY OF SEWING MACHINES FOR WIDOWS IN CROSS RIVER CENTRAL SENATORIAL DISTRICT, CROSS RIVER STATE",119006001,INSTITUTE FOR PEACE AND CONFLICT RESOLUTION,,35000000.0,PARTIAL,MEDIUM,"While supplying sewing machines for widows could contribute to post-conflict economic recovery and peacebuilding efforts in conflict-affected communities, this appears more like a social welfare program than a core conflict resolution activity within IPCR's primary mandate of mediation, early warning, and peace education.",50
ERGP30236653,"SUPPLY OF MOTORCYCLES FOR YOUTHS IN IKOM CROSS RIVER CENTRAL SENATORIAL DISTRICT, CROSS RIVER STATE.",119006001,INSTITUTE FOR PEACE AND CONFLICT RESOLUTION,,35000000.0,PARTIAL,MEDIUM,"While the supply of motorcycles to youths could potentially support conflict prevention and youth engagement programs in Cross River State, the item lacks clear connection to IPCR's core peace and conflict resolution functions and appears more like general youth empowerment rather than targeted peacebuilding intervention.",50
ERGP30236688,SUPPLY OF MOTORCYCLES TO THE PEOPLE OF GOMBE/KWAMI/FUNAKAYE FEDERAL CONSTITUENCY,119006001,INSTITUTE FOR PEACE AND CONFLICT RESOLUTION,,35000000.0,NO,HIGH,"Supplying motorcycles to a specific federal constituency is not within IPCR's mandate of peace promotion, conflict prevention, mediation, and peace education activities.",100
ERGP30236689,NATIONAL AND SUBNATIONAL PEACEBUILDING AGENCIES DIALOGUE FOR PEACE AND DEVELOPMENT,119006001,INSTITUTE FOR PEACE AND CONFLICT RESOLUTION,,70000000.0,YES,HIGH,"This budget item directly aligns with the agency's core mandate to promote peace and stability through dialogue facilitation, organize peace summits and dialogue forums, and collaborate with various stakeholders on peacebuilding initiatives.",0
ERGP27233418,RENOVATION OF CHANCERY,119009003,FOREIGN MISSION : ADDIS ABABA,,98000000.0,YES,HIGH,Renovation of chancery directly supports the mission's core mandate to represent Nigeria's interests in Ethiopia and coordinate with African Union institutions by maintaining proper diplomatic facilities essential for diplomatic operations.,0
ERGP27233419,RENOVATION OF STAFF QUARTERS,119009003,FOREIGN MISSION : ADDIS ABABA,,74200000.0,YES,HIGH,Renovating staff quarters is essential for maintaining adequate housing for diplomatic personnel who carry out the mission's core functions of representing Nigeria's interests in Ethiopia and coordinating with African Union institutions.,0
ERGP3231094,PURCHASE OF MOTOR VEHICLES,119009003,FOREIGN MISSION : ADDIS ABABA,,140000000.0,YES,HIGH,"Motor vehicles are essential operational assets for a diplomatic mission to fulfill its core functions of diplomatic representation, consular services, citizen protection, and coordination with African Union institutions in Addis Ababa.",0
ERGP3233417,PURCHASE OF OFFICE FURNITURES,119009003,FOREIGN MISSION : ADDIS ABABA,,70187972.0,YES,HIGH,"Office furniture is essential infrastructure required for the mission to effectively carry out its diplomatic, consular, and administrative functions representing Nigeria's interests in Ethiopia and coordinating with African Union institutions.",0
ERGP10231192,OVERHAULING OF ELECTRIC POWER SYSTEMESTABLISHMENT/ACTIVATION AND COORDINATION OF THE MINISTRY OF INTERIOR INTER-AGENCY SITUATION ROOM,124001001,MINISTRY OF INTERIOR - HQTRS,,105000000.0,YES,HIGH,"Establishing an inter-agency situation room directly supports the Ministry's core mandate to coordinate internal security agencies, manage emergency response, and collaborate with security architecture for effective civil protection and border management.",0
ERGP14231133,"IMPLEMENTATION OF THE PERFORMANCE MANAGEMENT SYSTEM (PMS), ENTERPRISE CONTENT MANAGEMENT AND OTHER ACTIVITIES OF FCSSIP SUCCESSION",124001001,MINISTRY OF INTERIOR - HQTRS,,35000000.0,PARTIAL,MEDIUM,"While performance management systems could support the Ministry's oversight of internal security agencies, the specific focus on FCSSIP succession activities appears to be a cross-government initiative that may extend beyond the Ministry's core mandate of internal security, immigration, corrections and civil defense.",50
ERGP15205795,IMPLEMENTATION OF OUTSTANDING FINANCIAL TASKFORCE (FAFT) RECOMMENDED ACTIONS IN THE MUTUAL EVALUATION REPORTS (MER),124001001,MINISTRY OF INTERIOR - HQTRS,,21560000.0,PARTIAL,MEDIUM,"While FATF recommendations on anti-money laundering and counter-terrorism financing relate to border control and immigration oversight which are within the Ministry's mandate, financial crimes prevention is not a core statutory function of the Ministry of Interior.",50
ERGP15205906,IMPLEMENTATION OF ANTI-CORRUPTION ACTIVITIES IN THE MINISTRY AND ITS AGENCIES,124001001,MINISTRY OF INTERIOR - HQTRS,,21000000.0,PARTIAL,MEDIUM,"While anti-corruption activities are not explicitly within the Ministry of Interior's core mandate of internal security and border management, they are necessary for ensuring integrity in immigration services, correctional facilities, and civil defense operations under their supervision.",50
ERGP15231086,"ETHICS AND INTEGRITY COMPLIANCE SCORE CARD
",124001001,MINISTRY OF INTERIOR - HQTRS,,21000000.0,PARTIAL,MEDIUM,"While ethics and integrity compliance is relevant to internal security agencies under the Ministry's supervision, it appears more administrative than directly aligned with the core statutory functions of managing immigration, corrections, civil defense, and border security.",50
ERGP16231096,"PUBLIC PRIVATE PARTNERSHIP PROJECT INSPECTION
",124001001,MINISTRY OF INTERIOR - HQTRS,,14000000.0,NO,HIGH,"Public Private Partnership project inspection is not within the Ministry of Interior's mandate which focuses on internal security, immigration, corrections and civil defense rather than general PPP oversight functions.",100
ERGP19205935,"STAKEHOLDERS ENGAGEMENT, SENSITIZATION/ENLIGHTENMENT IN THE RESOLUTION OF INTER-ETHNIC AND BOUNDARY DISPUTES ACROSS THE 774 LGAs OF THE",124001001,MINISTRY OF INTERIOR - HQTRS,,140000000.0,PARTIAL,MEDIUM,"While stakeholder engagement on inter-ethnic disputes relates to internal security coordination, resolving boundary disputes across all 774 LGAs appears to extend beyond the Ministry of Interior's core mandate of managing immigration, correctional services, and civil defense agencies.",50
ERGP24231041,"DIGITALIZATION OF AGREEMENTS AND INSTRUMENTS (INCLUDING ONLINE DATA STORAGE), REVIEW OF SECURITY SECTOR BILLS AND LAWS, STRENGTHENING LEGAL",124001001,MINISTRY OF INTERIOR - HQTRS,,14000000.0,PARTIAL,MEDIUM,"While reviewing security sector bills and laws aligns with the Ministry's internal security mandate, the digitalization of agreements and legal strengthening components are too vague and could extend beyond the Ministry's specific focus on immigration, corrections, and civil defense.",50
ERGP27174247,"REHABILITATION AND UPGRADE OF IKOYI MARRIAGE REGISTRY
",124001001,MINISTRY OF INTERIOR - HQTRS,,175000000.0,PARTIAL,MEDIUM,"While civil registration systems fall under the Ministry's mandate, marriage registries are typically managed by state governments or the Corporate Affairs Commission, making this a borderline case for the Ministry of Interior's direct responsibilities.",50
ERGP27205994,"REHABILITATION AN D FURNISHING OF EXISTING FEDERAL MARRIAGE REGISTRIES
",124001001,MINISTRY OF INTERIOR - HQTRS,,105000000.0,PARTIAL,MEDIUM,"While marriage registries relate to civil registration which falls under the Ministry's mandate for national identity and civil registration systems, marriage registration is typically handled by the Ministry of Justice or local government authorities rather than being a core function of the Ministry of Interior.",50
ERGP27231196,"REHABILITATION OF MINISTRY BUILDINGS (ZONAL OFFICES AT MINNA, NIGER STATE
",124001001,MINISTRY OF INTERIOR - HQTRS,,70000000.0,YES,HIGH,"Rehabilitating zonal office buildings directly supports the Ministry's operational capacity to coordinate internal security agencies, immigration services, and civil defense across different geographical zones.",0
ERGP27231205,"ACQUISITION OF PERMANENT OFFICE BUILDINGS FOR FEDERAL MARRIAGE REGISTRIES IN BENIN, EDO STATE; AND IBADAN-OYO STATE,",124001001,MINISTRY OF INTERIOR - HQTRS,,245000000.0,PARTIAL,MEDIUM,"While marriage registries relate to civil registration which is within the Ministry's mandate, the acquisition of permanent office buildings for this specific function represents a limited connection to the agency's core internal security, immigration, and correctional services responsibilities.",50
ERGP27231210,"RENOVATION AND UPGRADING OF IKOYI MARRIAGE REGISTRY
",124001001,MINISTRY OF INTERIOR - HQTRS,,126051134.0,PARTIAL,MEDIUM,"While marriage registries relate to civil registration which falls under the Ministry's mandate for national identity and civil registration systems, this specific renovation project appears tangentially related to the core internal security and immigration functions.",50
ERGP29173995,"ESTABLISHMENT, ACTIVATION AND COORDINATION OF INTER-AGENCY SITUATION ROOM PHASE II & NISPSAS",124001001,MINISTRY OF INTERIOR - HQTRS,,38500000.0,YES,HIGH,"Establishing an inter-agency situation room directly supports the Ministry's core mandate to coordinate internal security agencies, manage emergency response, and collaborate with other security architecture components including the NSA and Ministry of Defence.",0
ERGP29174812,"DEVELOPMENT OF ELECTRONIC FIXED ASSETS REGISTER
",124001001,MINISTRY OF INTERIOR - HQTRS,,35140000.0,PARTIAL,MEDIUM,"While developing an electronic fixed assets register is primarily an administrative/financial management function outside the core internal security mandate, it could support the Ministry's oversight of assets across immigration, correctional, and civil defense facilities under its supervision.",50
ERGP29213072,"AUTOMATION OF SERVICES OF THE FEDERAL MINISTRY OF INTERIOR
",124001001,MINISTRY OF INTERIOR - HQTRS,,560000000.0,YES,HIGH,"Automation of services directly supports the Ministry's core functions of managing immigration, passport issuance, civil registration, border control, and coordination of internal security agencies, all of which require modern digital systems for effective service delivery.",0
ERGP29230992,DIGITIZATION OF RECORDS AND ESTABLISHMENT OF E-REGISTRY FOR CITIZENSHIP ACTIVITIES,124001001,MINISTRY OF INTERIOR - HQTRS,,28000000.0,YES,HIGH,"The digitization of records and establishment of e-registry for citizenship activities directly aligns with the Ministry's statutory function to manage national identity cards and civil registration systems, as well as oversee immigration policies and citizenship documentation.",0
ERGP29231011,"DEVELOPMENT, AUTOMATION AND DIGITALIZATION OF FINANCE AND ACCOUNTS PAYMENT VOUCHER INTO COMPUTER SOFTWARE",124001001,MINISTRY OF INTERIOR - HQTRS,,35420000.0,NO,HIGH,"This budget item relates to internal financial system automation which is not part of the Ministry of Interior's core mandate of overseeing internal security agencies, immigration, corrections, and civil defense.",100
ERGP29231027,PURCHASE AND STORAGE OF LAW REFERENCE BOOKS AND E-RESOURCES AND JOURNALS,124001001,MINISTRY OF INTERIOR - HQTRS,,17500000.0,PARTIAL,MEDIUM,"While law reference books could support policy formulation and regulatory compliance for immigration, corrections, and civil defense matters under the Ministry's mandate, this appears to be a general legal resource purchase rather than specialized materials directly tied to core internal security functions.",50
ERGP29231112,"DEVELOPMENT OF SOFTWARE AND ACTIVATION OF E-PROCUREMENT
",124001001,MINISTRY OF INTERIOR - HQTRS,,17500000.0,PARTIAL,MEDIUM,"While e-procurement software development is not explicitly within the Ministry of Interior's core mandate of internal security and immigration oversight, it could be considered necessary administrative infrastructure to support procurement for the various agencies under its supervision (Immigration, Correctional Service, Civil Defence, Fire Service).",50
ERGP29231124,"WORKFLOW AUTOMATION OF PROCUREMENT DEPARTMENT
",124001001,MINISTRY OF INTERIOR - HQTRS,,31500000.0,PARTIAL,MEDIUM,"While workflow automation of procurement is an internal administrative function that could support the Ministry's operations, it is not directly related to the core mandate of overseeing internal security agencies, immigration, corrections, and civil defense.",50
ERGP29231137,"COMPUTERIZATION OF REGISTRIES
",124001001,MINISTRY OF INTERIOR - HQTRS,,56000000.0,YES,HIGH,"Computerization of registries directly supports the Ministry's statutory function to manage national identity card and civil registration systems, which are core components of immigration control and internal security operations.",0
ERGP29231142,"INSTALLATION OF DIGITAL ELECTRONIC SCREENS AT ENTRY AND EXIT POINTS, OFFICE ENTRANCES, PASSAGES AND WALKWAYS TO BE PROGRAMMED TO DISPLAY IN",124001001,MINISTRY OF INTERIOR - HQTRS,,9800000.0,YES,HIGH,"Installing digital screens at entry/exit points and office areas directly supports the Ministry's mandate to manage borders, coordinate immigration control, and oversee internal security operations through improved information display and communication systems.",0
ERGP29231151,PROCUREMENT AND INSTALLATION OF COMPLAINT REPORTING AND FEEDBACK BARCODE SOFTWARE AND INSTALLATION IN THE MINISTRY SERVICE-WINDOWS AND,124001001,MINISTRY OF INTERIOR - HQTRS,,28000000.0,YES,HIGH,"Installing complaint reporting and feedback software in ministry service windows directly supports the Ministry of Interior's mandate to improve service delivery across its agencies including immigration, correctional services, and civil defense operations.",0
ERGP29231168,IMPLEMENTADEPLOYMENT OF PERFORMANCE MANAGEMENT SYSTEM AND LICENSE RENEWALTION OF OUTSTANDING FINANCIAL ACTION TASK FORCE (FATF),124001001,MINISTRY OF INTERIOR - HQTRS,,70000000.0,NO,HIGH,"The Financial Action Task Force (FATF) relates to anti-money laundering and counter-terrorism financing which falls under financial regulatory agencies, not the Ministry of Interior's mandate of internal security, immigration, corrections and civil defense.",100
ERGP29231199,"MAINTENANCE/EXPANSION OF SECURITY INFORMATION SYSTEM OF MINISTRY OF INTERIOR/OLD FEDERAL SECRETARIAT COMPLEX AREA 1, ABUJA.",124001001,MINISTRY OF INTERIOR - HQTRS,,35000000.0,YES,HIGH,Maintaining and expanding security information systems directly supports the Ministry's core mandate of overseeing internal security agencies and coordinating civil protection through enhanced information management capabilities.,0
ERGP29231204,"PROVISION OF POWER SYSTEM FOR THE SECURITY UNDER-VEHICLE INSPECTION SYSTEM AT GATE A 7 B, FEDERAL SECRETARIAT, AREA 1",124001001,MINISTRY OF INTERIOR - HQTRS,,70000000.0,YES,HIGH,Providing power systems for security inspection equipment at the Federal Secretariat directly supports the Ministry's mandate to coordinate civil defense and protect critical infrastructure.,0
ERGP30205744,"Bi-ANNUAL ENGAGEMENT ON EXPATRIATE QUOTA ADMINISTRATION
",124001001,MINISTRY OF INTERIOR - HQTRS,,21350000.0,YES,HIGH,"Expatriate quota administration directly relates to the Ministry's statutory function of managing immigration policies, visa requirements, and entry regulations for foreign nationals working in Nigeria.",0
ERGP30205857,IMPLEMENTATION OF SECURITY GOVERNANCE INITIATIVE JOINT COUNTRY ACTION PLAN,124001001,MINISTRY OF INTERIOR - HQTRS,,35000000.0,YES,HIGH,"The implementation of a security governance initiative joint country action plan directly aligns with the Ministry of Interior's core mandate to formulate policies on internal security, coordinate with other security agencies, and engage neighboring countries on cross-border security matters.",0
ERGP30231170,DEVELOPMENT OF SECURITY FRAMEWORK ON BORDER SURVEILLANCE AND MANAGEMENT,124001001,MINISTRY OF INTERIOR - HQTRS,,52500000.0,YES,HIGH,"Development of security framework on border surveillance and management directly aligns with the Ministry's core mandate to coordinate border management, supervise immigration controls, and formulate policies on internal security.",0
ERGP30231177,BILATERAL AND MULTILATERAL ENGAGEMENT IN CONJUNCTION WITH THE MINISTRY OF FOREIGN AFFAIRS.,124001001,MINISTRY OF INTERIOR - HQTRS,,52500000.0,PARTIAL,MEDIUM,"While the Ministry of Interior engages with neighboring countries on cross-border security and immigration matters, bilateral and multilateral engagement is primarily the mandate of the Ministry of Foreign Affairs, making this only partially aligned with Interior's core functions.",50
ERGP3174125,"PURCHASE OF PROJECT VEHICLES
",124001001,MINISTRY OF INTERIOR - HQTRS,,140000000.0,YES,HIGH,"Project vehicles are essential operational assets needed by the Ministry of Interior to effectively carry out its mandated functions across immigration services, correctional facilities, civil defense operations, fire services, and border management activities.",0
ERGP7231002,"SPECIALIZED CONTINUOUS DEVELOPMENT OF TREASURY OFFICERS E-REVENUE, E- PAYMENT, STOCK TAKING, COST MANAGEMENT, GIFMIS, TSA, PFM REFORM & OTHERS",124001001,MINISTRY OF INTERIOR - HQTRS,,10500000.0,NO,HIGH,"This budget item focuses on treasury operations, financial management systems, and revenue collection which are core functions of the Ministry of Finance, not the Ministry of Interior's mandate of internal security, immigration, corrections, and civil defense.",100
ERGP7231182,"SPECIALIZED TRAINING ON FORENSIC AUDIT, GIFMIS, IPSAS UPGRADE & CAPACITY BUILDING",124001001,MINISTRY OF INTERIOR - HQTRS,,21000000.0,NO,HIGH,"This budget item focuses on financial management systems and accounting standards training which falls outside the Ministry of Interior's core mandate of overseeing internal security agencies, immigration, corrections, and civil defense operations.",100
ERGP7231187,ROUTINE QUARTERLY AUDITING OF RECORDS AND BOOKS OF ACCOUNTS OF FEDERAL MARRIAGE REGISTRIES.,124001001,MINISTRY OF INTERIOR - HQTRS,,31500000.0,PARTIAL,MEDIUM,"While federal marriage registries relate to civil registration which falls under the Ministry's mandate for national identity and civil registration systems, routine quarterly auditing is primarily a financial oversight function that may not be a core statutory responsibility of this security-focused ministry.",50
ERGP9174562,DEVELOPING FRAMEWORK FOR MANAGING SECURITY USING EMERGING TECHNOLOGIES,124001001,MINISTRY OF INTERIOR - HQTRS,,175000000.0,YES,HIGH,"Developing frameworks for managing security using emerging technologies directly supports the Ministry's core mandate to oversee internal security agencies, coordinate civil defense, and formulate policies on internal security and civil protection.",0
ERGP9231060,"INTERIOR STRATEGIC COMMUNICATION MANAGEMENT SYSTEM
",124001001,MINISTRY OF INTERIOR - HQTRS,,17500000.0,PARTIAL,MEDIUM,"While strategic communication systems could support the Ministry's coordination of multiple internal security agencies and public safety messaging, communication management is not explicitly listed among the core statutory functions focused on immigration, corrections, civil defense, and border control operations.",50
ERGP27126923,COMPREHENSIVE REHABILITATION OF HEAD OFFICE BUILDING,159001001,INFRASTRUCTURE CONCESSION REGULATORY COMMISSION,,200900000.0,YES,HIGH,Rehabilitating the head office building is necessary for ICRC to maintain operational capacity and effectively discharge its regulatory functions over PPP projects from its Abuja headquarters.,0
ERGP27228544,FURNISHING OF HEAD OFFICE,159001001,INFRASTRUCTURE CONCESSION REGULATORY COMMISSION,,49000000.0,YES,HIGH,Furnishing of head office is a basic administrative requirement necessary for ICRC to carry out its regulatory functions and provide workspace for staff conducting PPP oversight activities.,0
ERGP27228555,PROCUREMENT OF OFFICE EQUIPMENT,159001001,INFRASTRUCTURE CONCESSION REGULATORY COMMISSION,,49000000.0,YES,HIGH,"Office equipment is necessary for ICRC to perform its core regulatory functions including reviewing PPP business cases, monitoring concessions, and providing technical support to MDAs.",0
ERGP29228501,PROCUREMENT OF ICT EQUIPMENT,159001001,INFRASTRUCTURE CONCESSION REGULATORY COMMISSION,,70000000.0,PARTIAL,MEDIUM,"While ICT equipment procurement is not explicitly within ICRC's core PPP regulatory mandate, such equipment could reasonably support their statutory functions of maintaining PPP databases, conducting technical reviews, and providing digital platforms for PPP project monitoring and disclosure.",50
ERGP30228513,REVIEW OF CONCESSION AGREEMENTS,159001001,INFRASTRUCTURE CONCESSION REGULATORY COMMISSION,,42000000.0,YES,HIGH,Reviewing concession agreements is explicitly listed as a core statutory function of ICRC under section (e) to monitor implementation of concession agreements and PPP contracts.,0
ERGP30228525,MONITORING AND VALIDATION OF PPP PROJECT,159001001,INFRASTRUCTURE CONCESSION REGULATORY COMMISSION,,84100892.0,YES,HIGH,"Monitoring PPP projects is a core statutory function explicitly listed in the agency's mandate under function (e) ""Monitor implementation of concession agreements and PPP contracts.""",0
ERGP30228534,PURCHASE OF OPERATIONAL VEHICLES,159001001,INFRASTRUCTURE CONCESSION REGULATORY COMMISSION,,193900000.0,YES,HIGH,"Operational vehicles are necessary for ICRC staff to conduct field monitoring of PPP projects, site visits for project assessments, and travel to provide technical support to MDAs across Nigeria.",0
ERGP30228566,EXTENSIVE RESEARCH ON PPP SUMMIT,159001001,INFRASTRUCTURE CONCESSION REGULATORY COMMISSION,,59500000.0,YES,HIGH,"Research on PPP Summit directly supports the agency's mandate to promote private sector participation, engage stakeholders, and advance PPP policy frameworks through knowledge sharing and capacity building activities.",0
ERGP27203660,RENOVATION OF OLD SENATE CHAMBERS,161004001,LAGOS LIAISON OFFICE,,48300000.0,NO,HIGH,Renovating old Senate chambers is a legislative infrastructure responsibility that falls outside the Lagos Liaison Office's mandate of coordinating federal operations and maintaining federal presence in Lagos's commercial sector.,100
ERGP27203671,REPAIRS TO INTERNAL & EXTERNAL FLOOR OF NATIONAL HALL,161004001,LAGOS LIAISON OFFICE,,32619382.0,YES,HIGH,Repairs to National Hall floors directly align with the agency's statutory function to manage federal government properties and assets in Lagos State.,0
ERGP27203691,GENERAL RENOVATION OF COMMITTEE ROOM,161004001,LAGOS LIAISON OFFICE,,36258146.0,YES,HIGH,Renovating committee rooms falls within the agency's mandate to manage federal government properties and offices in Lagos and maintain federal government presence in the commercial capital.,0
ERGP27203705,REPAIR TO ROOF OF INDEPENDENCE HALL,161004001,LAGOS LIAISON OFFICE,,33216295.0,YES,HIGH,Repairing the roof of Independence Hall falls under the agency's statutory function to manage federal government properties and assets in Lagos State.,0
ERGP12105081,"CONSTRUCTION/REHABILITATION/REPAIRS OF INTERNAL AND FARM ROADS, DRAINAGES AND CULVERTS",215009001,INSTITUTE OF AGRICULTURAL RESEARCH- ZARIA,,42066333.0,YES,HIGH,"Construction and maintenance of internal and farm roads, drainages and culverts is essential infrastructure required for the institute to operate its research farms across northern agroecological zones and conduct field research activities as mandated.",0
ERGP27105071,CONSTRUCTION/REHABILITATION/REPAIRS OF RESEARCH AND ADMINISTRATIVE OFFICE BUILDINGS:,215009001,INSTITUTE OF AGRICULTURAL RESEARCH- ZARIA,,42066333.0,YES,HIGH,"Construction and rehabilitation of research and administrative office buildings directly supports the agency's core functions of conducting agricultural research, operating research facilities, and providing training services across northern Nigeria's agroecological zones.",0
ERGP30104882,"COTTON IMPROVEMENT VARIETY (BREEDING, CROPS MANAGEMENT AND PROTECTION, SOIL MANAGEMENT AND SOCIAL ECONOMIC AND MARKETING)",215009001,INSTITUTE OF AGRICULTURAL RESEARCH- ZARIA,,21033166.0,YES,HIGH,"Cotton improvement variety research including breeding, crop management, protection, soil management and socio-economic aspects directly aligns with the agency's statutory function (c) to research cotton improvement and its mandate to develop improved crop varieties for northern Nigeria's savanna agroecology.",0
ERGP30104899,"COWPEA AND GROUNDNUT IMPROVEMENT VARIETY (BREEDING, CROPS MANAGEMENT AND PROTECTION, SOIL MANAGEMENT AND SOCIAL ECONOMIC AND MARKETING)",215009001,INSTITUTE OF AGRICULTURAL RESEARCH- ZARIA,,31549749.0,YES,HIGH,This budget item directly aligns with the agency's statutory functions (c) and (d) to research groundnut and cowpea improvement and develop drought-tolerant crop varieties for northern Nigeria's semi-arid regions.,0
ERGP30104925,"MAIZE AND SORGHUM IMPROVEMENT VARIETY (BREEDING, CROPS MANAGEMENT AND PROTECTION, SOIL MANAGEMENT AND SOCIAL ECONOMIC AND MARKETING)",215009001,INSTITUTE OF AGRICULTURAL RESEARCH- ZARIA,,31549749.0,YES,HIGH,"This budget item directly aligns with the agency's core mandate to develop improved sorghum varieties for dryland agriculture and conduct comprehensive agricultural research including crop breeding, management, soil fertility, and socio-economic studies for savanna agroecology.",0
ERGP30104937,"MINOR CROPS (CASTOR, SUNFLOWER AND JATROPHA)(BREEDING, CROPS MANAGEMENT AND PROTECTION, SOIL MANAGEMENT AND SOCIAL ECONOMIC AND",215009001,INSTITUTE OF AGRICULTURAL RESEARCH- ZARIA,,10516583.0,YES,HIGH,"Research on minor crops including castor, sunflower and jatropha through breeding, crop management, protection, and soil management activities directly aligns with the Institute's mandate to conduct agricultural research for savanna agroecology and develop improved crop varieties for northern Nigeria's semi-arid conditions.",0
ERGP30104948,"BIOTECHNOLOGY RESEARCH (VARIETY DEVELOPMENT): CRYOPRESCRUATION WORK, UPGRADING OF COLDROOM FACILITIES AND MICROPROGATION AND GENOMICS",215009001,INSTITUTE OF AGRICULTURAL RESEARCH- ZARIA,,10516583.0,YES,HIGH,"Biotechnology research for variety development, including cryopreservation and genomics, directly supports the agency's core mandate to develop improved and drought-tolerant crop varieties for northern Nigeria's semi-arid agriculture.",0
ERGP30104958,"RESEARCH INTO AGRICULTURAL MECHANIZATION (FABRICATION OF LABOUR SAVING TOOLS): DEVELOPMENT OF CORNSTALK CRUSHER, FORCED CONVENSION SOLAR",215009001,INSTITUTE OF AGRICULTURAL RESEARCH- ZARIA,,31549749.0,YES,HIGH,The development of cornstalk crusher and forced convection solar equipment directly supports the agency's statutory function (j) to develop agricultural mechanization for savanna farming and aligns with their mandate to conduct agricultural research for northern Nigeria's semi-arid conditions.,0
ERGP30104969,"RESEARCH INTO DEVELOPMENT OF PRODUCTS FROM IAR MANDATE CROPS (COTTON, COWPEA, MAIZE, SORGHUM, GROUNDNUT, CASTRO, SUNFLOWER AND JATROPHA}",215009001,INSTITUTE OF AGRICULTURAL RESEARCH- ZARIA,,31549749.0,YES,HIGH,"This budget item directly aligns with the agency's core mandate to conduct agricultural research on savanna crops, as it specifically targets research into developing products from IAR's mandate crops including cotton, cowpea, sorghum, and groundnut which are explicitly listed in their statutory functions.",0
ERGP30104977,"REQUIREMENT FOR DISSEMINATION OF IAR RESEARCH RESULTS TO FARMERS, ESTABLISHMENT OF TECHNOLOGY ADOPTED VILLAGES AND MONITORING AND",215009001,INSTITUTE OF AGRICULTURAL RESEARCH- ZARIA,,31549749.0,YES,HIGH,"This budget item directly supports the agency's statutory functions to train farmers on drought-resilient agricultural practices, provide extension training, and disseminate research findings to advance food security in northern Nigeria.",0
ERGP30104988,"DEVELOPMENT INTO ARTEMISIA AND OTHER MINOR HORTICULTURAL CROPS
",215009001,INSTITUTE OF AGRICULTURAL RESEARCH- ZARIA,,31549749.0,PARTIAL,MEDIUM,"While the agency conducts crop research and development, its mandate specifically focuses on dryland crops like sorghum, millet, groundnut, and cowpea rather than horticultural crops, though minor crop research could fall under its broader agricultural research functions for northern Nigeria.",50
ERGP30104995,"RESEARCH INTO IRRIGATED AGRICULTURE: PERFORMANCE OF THREE SORGHUM VARIETIES UNDER DIFFERENT IRRIGATED INTERVALS AND PLANT DEUCITY,",215009001,INSTITUTE OF AGRICULTURAL RESEARCH- ZARIA,,84132665.0,YES,HIGH,"This budget item directly aligns with the agency's core mandate to conduct agricultural research on sorghum varieties and develop drought-tolerant crops for semi-arid northern Nigeria, with irrigation research supporting water management in dryland agriculture.",0
ERGP30105004,"BREEDER AND FOUNDATION SEEDS OF IAR MANDATE CROPS (COTTON, COWPEA, MAIZE, SORGHUM, GROUNDNUT, CASTRO, SUNFLOWER AND JATROPHA)",215009001,INSTITUTE OF AGRICULTURAL RESEARCH- ZARIA,,42066333.0,YES,HIGH,"The budget item directly supports the agency's core mandate to multiply and distribute improved seeds of mandate crops including sorghum, groundnut, cowpea, and cotton for northern Nigeria's agricultural development.",0
ERGP30105032,"RESEARCH LABORATORY EQUIPMENT AND FACILITIES
",215009001,INSTITUTE OF AGRICULTURAL RESEARCH- ZARIA,,42066333.0,YES,HIGH,"Research laboratory equipment and facilities are essential infrastructure directly supporting the institute's core mandate to conduct agricultural research on crops, livestock, and farming systems for northern Nigeria's savanna agroecology.",0
ERGP30105050,"REHABILITATION OF DILAPIDATED OFFICES/INFRASTRUCTURAL FACILITIES AT KADAWA, MOKWA AND PURCHASE OF MACHINES AND EQUIPMENT FOR KANO AND",215009001,INSTITUTE OF AGRICULTURAL RESEARCH- ZARIA,,42066333.0,YES,HIGH,Rehabilitating research facilities at Kadawa and Mokwa and purchasing equipment for Kano directly supports the agency's statutory function to operate research farms across northern agroecological zones and conduct agricultural research for savanna regions.,0
ERGP30145421,"RESEARCH INTO FARMING SYSTEMS IN NORTH WEST ZONE (COST OF DIAGNOSTIC SURVEYS, IMPROVED TILLAGE/MECHANIZATION)",215009001,INSTITUTE OF AGRICULTURAL RESEARCH- ZARIA,,21033166.0,YES,HIGH,This budget item directly aligns with the agency's core mandate to develop sustainable farming systems for northern Nigeria's savanna agroecology and advance agricultural mechanization research for the region.,0
ERGP30228554,"SORGHUM IMPROVEMENT (BREEDING, CROP MANAGEMENT AND PROTECTION, SOIL MANAGEMENT, SOCIO-ECONOMIC AND MARKETING)",215009001,INSTITUTE OF AGRICULTURAL RESEARCH- ZARIA,,31549749.0,YES,HIGH,Sorghum improvement directly aligns with the agency's core mandate to develop improved sorghum varieties for dryland agriculture and conduct comprehensive agricultural research for savanna agroecology in northern Nigeria.,0
ERGP30228596,"GROUNDNUT IMPROVEMENT (BREEDING, CROP MANAGEMENT AND PROTECTION, SOIL MANAGEMENT, SOCIO-ECONOMIC AND MARKETING)",215009001,INSTITUTE OF AGRICULTURAL RESEARCH- ZARIA,,31549749.0,YES,HIGH,"Groundnut improvement through breeding, crop management, protection, soil management, and socio-economic research directly aligns with the agency's statutory function to research groundnut improvement and develop sustainable farming systems for northern Nigeria's semi-arid agriculture.",0
ERGP30228608,"SUNFLOWER IMPROVEMENT (BREEDING, CROP MANAGEMENT AND PROTECTION, SOIL MANAGEMENT, SOCIO-ECONOMIC AND MARKETING)",215009001,INSTITUTE OF AGRICULTURAL RESEARCH- ZARIA,,21033166.0,YES,HIGH,Sunflower improvement research falls within the institute's mandate to conduct agricultural research on dryland crops for savanna agroecology and develop improved varieties for northern Nigeria's semi-arid farming systems.,0
ERGP30228620,"JATROPHA IMPROVEMENT (BREEDING, CROP MANAGEMENT AND PROTECTION, SOIL MANAGEMENT, SOCIO-ECONOMIC AND MARKETING)",215009001,INSTITUTE OF AGRICULTURAL RESEARCH- ZARIA,,10516583.0,YES,HIGH,"Jatropha improvement research aligns with the agency's mandate to conduct agricultural research for savanna agroecology, develop drought-tolerant crop varieties for semi-arid regions, and research soil management and socio-economic aspects of northern Nigeria's agricultural systems.",0
ERGP30228631,"MINOR CROPS (BAMBARA NUT, OAT,) (BREEDING, CROP MANAGEMENT AND PROTECTION, SOIL MANAGEMENT, SOCIO-ECONOMIC AND MARKETING)",215009001,INSTITUTE OF AGRICULTURAL RESEARCH- ZARIA,,10516583.0,PARTIAL,MEDIUM,"While the institute's mandate covers crop research and breeding for northern Nigeria, bambara nut and oat are not explicitly listed among their focus crops (sorghum, millet, groundnut, cowpea, rice, cotton, sesame), though they could potentially fall under broader dryland crop research activities.",50
ERGP30228639,"COORDINATION AND IMPLEMENTATION OF ACTIVITIES OF ACTU, SERVICOM AND GENDER UNITS",215009001,INSTITUTE OF AGRICULTURAL RESEARCH- ZARIA,,21033166.0,NO,HIGH,"This budget item relates to administrative coordination units (ACTU, SERVICOM, Gender) that are not specified in IAR's agricultural research mandate focused on crop/livestock research and farmer training for northern Nigeria's semi-arid agriculture.",100
ERGP30228664,RESEARCH INTO AGRO-ECOLOLOGY SUSTAINABILITY AND CLIMATE-RESILIENT FARMING SYSTEMS IN NORTHWESTERN NIGERIA,215009001,INSTITUTE OF AGRICULTURAL RESEARCH- ZARIA,,42066333.0,YES,HIGH,"This budget item directly aligns with the agency's core mandate to conduct agricultural research for savanna agroecology, develop sustainable farming systems for Sahel agriculture, and research climate change adaptation for semi-arid agriculture in northern Nigeria.",0
ERGP30241576,NUCLEAR TECHNOLOGY BASED SOIL FERTILITY MAPPING AND MATERIALS EVALUTIONS OF RICE FARMING CLUSTERS IN KEBBI STATE,215009001,INSTITUTE OF AGRICULTURAL RESEARCH- ZARIA,,140000000.0,YES,HIGH,"This budget item aligns with the agency's mandate to conduct soil fertility research for northern Nigeria and rice improvement research, as nuclear technology-based soil mapping directly supports their statutory functions of developing sustainable farming systems and conducting agricultural research for northern agroecological zones including Kebbi State.",0
ERGP30241578,"ESTABLISHING THE SONGHAI MODEL FARM IN KEBBI STATE(MULTIPLE LOTS)
",215009001,INSTITUTE OF AGRICULTURAL RESEARCH- ZARIA,,2100000000.0,YES,HIGH,Establishing a model farm in Kebbi State aligns with IAR's mandate to operate research farms across northern agroecological zones and demonstrate sustainable farming systems for the Sahel region.,0
ERGP30241579,ORGANIC FERTILIZER PRODUCTION LINE TO ENHANCE FOOD SECURITY IN KEBBI STATE (MULTIPLE LOTS),215009001,INSTITUTE OF AGRICULTURAL RESEARCH- ZARIA,,2100000000.0,YES,HIGH,"Organic fertilizer production directly supports the agency's mandate to conduct soil fertility research for drylands, develop sustainable farming systems for Sahel agriculture, and advance food security in northern Nigeria including Kebbi State.",0
ERGP30241581,CONSTRUCTION OF STORAGE FACILITIES TO PREVENT POST HARVEST LOSSES FOR FARMERS IN SELECT LOCATIONS IN THE NORTH WEST (LOTS 1-10),215009001,INSTITUTE OF AGRICULTURAL RESEARCH- ZARIA,,2100000000.0,YES,HIGH,"Construction of storage facilities to prevent post-harvest losses directly supports the agency's mandate to advance food security and sustainable agriculture in northern Nigeria, complementing their research on dryland crops by addressing critical infrastructure needs for farmers in their target region.",0
ERGP30241615,ESTABLISHMENT OF GREEN HOUSE FARMS TO PROMOTE SUSTAINABLE FARMING PRACTICES IN SELECTED LOCATIONS IN NORTHWEST (MULTIPLE LOTS),215009001,INSTITUTE OF AGRICULTURAL RESEARCH- ZARIA,,70000000.0,YES,HIGH,Establishing greenhouse farms to promote sustainable farming practices in Northwest Nigeria directly aligns with IAR-Zaria's mandate to develop sustainable farming systems for Sahel agriculture and conduct agricultural research for savanna agroecological zones.,0
ERGP30241616,"CONSTRUCTION AND INSTALLATION OF SOLAR POWER SYSTEM IN PROGRAMME OFFICES, DEPARTMENTS AND OUTSTATIONS",215009001,INSTITUTE OF AGRICULTURAL RESEARCH- ZARIA,,350000000.0,PARTIAL,MEDIUM,"While solar power systems are not directly part of agricultural research activities, they support the agency's operations at research facilities, departments and outstations needed to conduct their core agricultural research mandate.",50
ERGP30241617,SUPPLY OF EMPOWERMENT MATERIALS AND FOOD ITEMS TO LOCATIONS NORTH CENTRAL,215009001,INSTITUTE OF AGRICULTURAL RESEARCH- ZARIA,,70000000.0,PARTIAL,MEDIUM,"While the agency's mandate includes training farmers and providing extension services which could involve empowerment materials, the inclusion of ""food items"" and the broad geographic scope of ""North Central"" (beyond the agency's primary focus on northern Nigeria's savanna zones) suggests only partial alignment with their core agricultural research and technology transfer functions.",50
ERGP30241618,"SUPPLY OF EMPOWERMENT MATERIALS AND FOOD ITEMS TO LOCATIONS NC/NE
",215009001,INSTITUTE OF AGRICULTURAL RESEARCH- ZARIA,,70000000.0,PARTIAL,MEDIUM,"While the agency's mandate includes training farmers and providing extension services which could involve empowerment materials, the inclusion of ""food items"" and vague geographic reference suggests this may extend beyond core agricultural research functions into relief or welfare activities not clearly specified in the mandate.",50
ERGP30241619,"WOMEN EMPOWERMENT IN BUSINESS AND YOUTH MOTORCYCLES IN KADUNA
",215009001,INSTITUTE OF AGRICULTURAL RESEARCH- ZARIA,,70000000.0,NO,HIGH,"This budget item focuses on women's business empowerment and youth motorcycle provision, which are not within IAR's statutory mandate of conducting agricultural research for savanna agroecology and developing drought-tolerant crop varieties.",100
ERGP30241620,"SUPPLY OF EMPOWERMENT MATERIALS AND FOOD ITEMS TO LOCATIONS IN NE
",215009001,INSTITUTE OF AGRICULTURAL RESEARCH- ZARIA,,70000000.0,PARTIAL,MEDIUM,"While the agency has mandate to train farmers and provide extension services which could include empowerment materials, the broad ""food items"" component and vague ""locations in NE"" description suggests activities that may extend beyond their core agricultural research and training mandate.",50
ERGP30241621,CONSTRUCTION OF SOLAR POWER STREET LIGHTS IN SOME SELECTED AREAS IN GOMBE AND BENUE STATES,215009001,INSTITUTE OF AGRICULTURAL RESEARCH- ZARIA,,140000000.0,NO,HIGH,"Construction of solar power street lights in urban areas falls outside IAR's agricultural research mandate, which focuses specifically on crop and livestock research, farming systems development, and agricultural extension for northern Nigeria's savanna agroecology.",100
ERGP30241622,TRAINING OF YOUTHS IN SUSTAINABLE FARMING METHODS IN OWAN FEDERAL CONSTITUENCY IN EDO STATE,215009001,INSTITUTE OF AGRICULTURAL RESEARCH- ZARIA,,140000000.0,NO,HIGH,"The Institute of Agricultural Research-Zaria specifically focuses on savanna agroecology and northern Nigeria's semi-arid regions, while Owan Federal Constituency in Edo State is located in southern Nigeria's forest/derived savanna zone outside the agency's geographical and agroecological mandate.",100
ERGP30241623,PURCHASE AND INSTALLATION OF SOLAR STREET LIGHTS IN SELECTED FARM SETTLEMENTS IN KABBA BUNU/IJUMU FEDERAL CONSTITUENCY.,215009001,INSTITUTE OF AGRICULTURAL RESEARCH- ZARIA,,35000000.0,NO,HIGH,"Installing solar street lights in Kabba Bunu/Ijumu Federal Constituency (located in Kogi State, southern Nigeria) falls outside IAR-Zaria's mandate which specifically focuses on agricultural research for northern Nigeria's savanna agroecology, not infrastructure development in southern regions.",100
ERGP30241625,"SUPPLY OF FERTILIZER FOR FARMERS IN BATSARI/SAFANA/DANMUSA FEDERAL CONSTITUENCY, KATSINA STATE",215009001,INSTITUTE OF AGRICULTURAL RESEARCH- ZARIA,,7000000.0,PARTIAL,MEDIUM,"While the agency's mandate includes training farmers and supporting northern Nigeria's agricultural development, direct fertilizer supply to specific constituencies appears more like an extension/input distribution function rather than the core agricultural research mandate of IAR-Zaria.",50
ERGP30241626,"PROVISION OF AGRICULTURE EQUIPMENT TO FARMERS IN BOSSO/ PAIKORO FEDERAL CONSTITUENCY, NIGER STATE",215009001,INSTITUTE OF AGRICULTURAL RESEARCH- ZARIA,,21000000.0,PARTIAL,MEDIUM,"While providing agricultural equipment supports the agency's mandate to assist farmers and advance agricultural development in northern Nigeria, the specific geographic targeting to a particular federal constituency suggests political rather than research-based distribution criteria.",50
ERGP30241628,"CONSTRUCTION AND INSTALLATION OF ALL-IN-ONE SOLAR STREET LIGHTS IN SHINKAFI/ ZURMI FEDERAL CONSTITUENCY, ZAMFARA STATE",215009001,INSTITUTE OF AGRICULTURAL RESEARCH- ZARIA,,21000000.0,NO,HIGH,Installing solar street lights in a federal constituency is infrastructure development that falls outside IAR's mandate of conducting agricultural research for savanna agroecology and developing drought-tolerant crops for northern Nigeria.,100
ERGP30241631,"SUPPLY OF FERTILIZERS AND OTHER AGRICULTURAL INPUTS ACROSS MAKARFI/KUDAN FEDERAL CONSTITUENCY, KADUNA STATE",215009001,INSTITUTE OF AGRICULTURAL RESEARCH- ZARIA,,70000000.0,PARTIAL,MEDIUM,"While the agency conducts research on agricultural inputs and supports farmers in northern Nigeria, direct supply of fertilizers to specific constituencies appears more operational than research-focused and may fall outside their core research mandate.",50
ERGP30241634,"SUPPLY AND INSTALLATION OF SOLAR STREET LIGHTS IN ALIERO/GWANDU/JEGA FEDERAL CONSTITUENCY, KEBBI STATE",215009001,INSTITUTE OF AGRICULTURAL RESEARCH- ZARIA,,350000000.0,NO,HIGH,"Installing solar street lights in specific constituencies is infrastructure development work that falls outside IAR's agricultural research mandate, which focuses on crop and livestock research for northern Nigeria's savanna agroecology.",100
ERGP30241636,"SUPPLY OF GRAINS TO SELECTED COMMUNITIES IN ALIERO/GWANDU/JEGA FEDERAL CONSTITUENCY, KEBBI STATE",215009001,INSTITUTE OF AGRICULTURAL RESEARCH- ZARIA,,140000000.0,NO,HIGH,"The Institute of Agricultural Research-Zaria's mandate focuses on conducting agricultural research, developing crop varieties, and providing technical training, not on direct food distribution or grain supply to communities.",100
ERGP30241638,"CONSTRUCTION OF MODERN POLICE OUTPOST IN GALAMBI, JIGAWA STATE
",215009001,INSTITUTE OF AGRICULTURAL RESEARCH- ZARIA,,70000000.0,NO,HIGH,Construction of a police outpost is a security infrastructure project that falls completely outside the agricultural research mandate of the Institute of Agricultural Research.,100
ERGP30241642,"EMPOWERMENT AND CAPACITY DEVELOPMENT FOR FARMERS ALONG MAIZE, RICE, SORGHUM, COWPEA, AND GROUNDNUT VALUE CHAINS IN NORTHERN NIGERIA",215009001,INSTITUTE OF AGRICULTURAL RESEARCH- ZARIA,,1155000000.0,YES,HIGH,"The budget item directly aligns with the agency's mandate to train farmers on drought-resilient practices, conduct research on sorghum, rice, cowpea and groundnut crops, and support northern Nigeria's agricultural development and food security through capacity building initiatives.",0
ERGP30241646,"SUPPLY OF WET BLEND NPK / UREA FERTILIZER, KNAPSACK SPRAYER, AND HERBICIDES TO SMALLHOLDER FARMERS IN COMMUNITIES IN THE NORTH WEST (MULTIPLE LOTS)",215009001,INSTITUTE OF AGRICULTURAL RESEARCH- ZARIA,,210000000.0,YES,HIGH,This budget item directly supports the agency's mandate to train farmers on drought-resilient agricultural practices and advance food security in northern Nigeria by providing essential agricultural inputs to smallholder farmers in their target region.,0
ERGP30241656,PROVISION AND INSTALLATION OF SOLAR STREETLIGHTS IN SOME SELECTED LOCATIONS OF IFO/EWEKORO FEDERAL CONSTITUENCY (MULTIPLE LOTS),215009001,INSTITUTE OF AGRICULTURAL RESEARCH- ZARIA,,210000000.0,NO,HIGH,"Installing solar streetlights in Ifo/Ewekoro Federal Constituency (located in Ogun State, southwestern Nigeria) falls outside IAR-Zaria's mandate which focuses specifically on agricultural research for northern Nigeria's savanna agroecology, not infrastructure development in southern constituencies.",100
ERGP30241657,"CONSTRUCTION & INSTALLATION OF PHASE 1 SOLAR POWERED STREETLIGHT IN SAKI EAST/SAKI WEST/ATISBO FEDERAL CONSTITUENCY, OYO STATE",215009001,INSTITUTE OF AGRICULTURAL RESEARCH- ZARIA,,210000000.0,NO,HIGH,The construction of solar streetlights in Oyo State constituencies is unrelated to the Institute's core mandate of conducting agricultural research for savanna agroecology and developing drought-tolerant crops for northern Nigeria.,100
ERGP30241660,PROVISION OF RURAL ELECTRIFICATION IN SELECTED LOCATION IN ATIBA-OYO WEST FEDERAL CONSTITUENCY AND OTHERS,215009001,INSTITUTE OF AGRICULTURAL RESEARCH- ZARIA,,83300000.0,NO,HIGH,"Rural electrification in Oyo State constituencies falls outside IAR Zaria's mandate which focuses specifically on agricultural research for northern Nigeria's savanna agroecology, not infrastructure development in southwestern Nigeria.",100
ERGP30241662,"PROVISION OF FOOD ITEMS IN AFIJIO/ATIBA/OYO EAST AND WEST FEDERAL CONSTITUENCY, OYO STATE",215009001,INSTITUTE OF AGRICULTURAL RESEARCH- ZARIA,,130900000.0,NO,HIGH,"The budget item involves food distribution in Oyo State constituencies, which falls outside IAR-Zaria's mandate of conducting agricultural research for northern Nigeria's savanna agroecology rather than food relief operations in southwestern Nigeria.",100
ERGP30241665,"SUPPLY OF TRACTORS FOR FARMERS IN RURAL AREA IN OYO FEDERAL CONSTITUENCY, OYO STATE",215009001,INSTITUTE OF AGRICULTURAL RESEARCH- ZARIA,,49000000.0,NO,HIGH,"The Institute of Agricultural Research-Zaria focuses specifically on northern Nigeria's savanna agroecology and research activities, while this budget item involves supplying tractors to farmers in Oyo State (southwestern Nigeria), which falls outside their geographical mandate and core research functions.",100
ERGP30241672,"CONSTRUCTION AND FURNISHING OF TOWN HALL IN WUKARI, TARABA STATE.
",215009001,INSTITUTE OF AGRICULTURAL RESEARCH- ZARIA,,28000000.0,NO,HIGH,"Construction and furnishing of a town hall in Wukari, Taraba State is a municipal infrastructure project that falls completely outside the agricultural research mandate of IAR-Zaria, which focuses on crop and livestock research for northern Nigeria's savanna agroecology.",100
ERGP30241674,"SUPPLY OF ASSORTED GRAINS FOR FASTING PERIOD ACROSS ZAMFARA CENTRAL SENATORIAL DISTRICT, ZAMFARA STATE",215009001,INSTITUTE OF AGRICULTURAL RESEARCH- ZARIA,,21000000.0,NO,HIGH,"The budget item is for direct food supply/distribution during religious fasting period, which is not within IAR's research mandate focused on agricultural research, crop development, and technical training rather than food relief or religious programs.",100
ERGP30241678,"TRAINING FOR WOMEN AND YOUTHS IN AGRICULTURE, EKITI STATE.
",215009001,INSTITUTE OF AGRICULTURAL RESEARCH- ZARIA,,17500000.0,NO,HIGH,"The Institute of Agricultural Research-Zaria is specifically mandated to conduct agricultural research and training for northern Nigeria's savanna agroecology, while this budget item targets Ekiti State in southwestern Nigeria, which falls outside their geographical mandate and core research focus.",100
ERGP30241681,"SUPPLY OF GRAINS AND OTHER ESSENTIAL FOOD ITEMS TO RURAL WOMEN IN MADAKIYA COMMUNITY, KADUNA STATE",215009001,INSTITUTE OF AGRICULTURAL RESEARCH- ZARIA,,7000000.0,NO,HIGH,"The budget item involves direct food supply/distribution which is not within IAR's research-focused mandate that centers on agricultural research, crop development, and technical training rather than food relief operations.",100
ERGP30241684,"SUPPLY OF ASSORTED GRAIN IN ZAMFARA CENTRAL IN ZAMFARA STATE
",215009001,INSTITUTE OF AGRICULTURAL RESEARCH- ZARIA,,35000000.0,PARTIAL,MEDIUM,"While supplying grain falls outside IAR's core research mandate, it could align if the grains are improved varieties being distributed as part of their seed multiplication and distribution function to farmers in northern Nigeria.",50
ERGP30241687,SUPPLY OF SCHOOL LAB EQUIPMENT TO SELECTED SECONDARY SCHOOLS IN BAUCHI SOUTH SENATORIAL DISTRICT,215009001,INSTITUTE OF AGRICULTURAL RESEARCH- ZARIA,,105000000.0,NO,HIGH,"Supplying school laboratory equipment to secondary schools falls outside IAR's mandate which is specifically focused on agricultural research, crop development, and farmer training rather than general educational infrastructure provision.",100
ERGP30241690,PROVISION OF SOLAR STREET LIGHTS TO SELECTED COMMUNITIES IN BAUCHI SOUTH SENATORIAL DISTRICT,215009001,INSTITUTE OF AGRICULTURAL RESEARCH- ZARIA,,140000000.0,NO,HIGH,"Providing solar street lights to communities is infrastructure development that falls outside IAR's agricultural research mandate, which focuses on crop and livestock research, variety development, and agricultural systems for northern Nigeria's savanna agroecology.",100
ERGP30241693,"PROVISION OF GRAINS TO THE DISPLACED KWANDE, KATSINA-ALA, LOGO AND UKUM LGAS PEOPLE OF BENUE NORTH EAST SENATORIAL DISTRICT",215009001,INSTITUTE OF AGRICULTURAL RESEARCH- ZARIA,,140000000.0,NO,HIGH,"This budget item involves direct food distribution/relief operations to displaced persons, which falls outside IAR's research-focused mandate of conducting agricultural research, developing crop varieties, and providing technical training rather than humanitarian assistance or food aid distribution.",100
ERGP30241695,RADIOLOGICAL ASSESSMENT AND SURVEY FOR SOIL FERTILITY MAPPING OF AGRICULTURAL SOILS IN ZURU EMIRATE KEBBI STATE,215009001,INSTITUTE OF AGRICULTURAL RESEARCH- ZARIA,,175000000.0,YES,HIGH,Soil fertility mapping directly aligns with the agency's statutory function to conduct soil fertility research for drylands and support sustainable agriculture in northern Nigeria.,0
ERGP30241699,"REHABILITATION OF MORIBUND SOLAR POWERED BOREHOLES IN SELECTED COMMUNITIES IN SOKOTO SOUTH, SOKOTO NORTH AND WAMAKKO LGAS",215009001,INSTITUTE OF AGRICULTURAL RESEARCH- ZARIA,,70000000.0,PARTIAL,MEDIUM,"While water infrastructure rehabilitation supports agricultural development in northern Nigeria which aligns with IAR's regional focus, the agency's core mandate centers on agricultural research rather than community water infrastructure projects.",50
ERGP30241703,PROVISION OF INSECTICIDE (IRON FORCE & DOMINATOR) TO ONION FARMERS IN SOKOTO,215009001,INSTITUTE OF AGRICULTURAL RESEARCH- ZARIA,,70000000.0,PARTIAL,MEDIUM,"While the agency conducts pest and disease management research for dryland crops and provides technical support to northern farmers, direct provision of specific insecticides to farmers in a particular state appears more operational than research-focused and may exceed their typical research institute mandate.",50
ERGP30241708,AGRICULTURAL EMPOWERMENT (MULTIPLE LOTS) IN SOKOTO SOUTH SENATORIAL DISTRICT,215009001,INSTITUTE OF AGRICULTURAL RESEARCH- ZARIA,,980000000.0,PARTIAL,MEDIUM,"While agricultural empowerment in Sokoto South aligns with IAR's mandate to support northern Nigeria's agricultural development, the broad ""empowerment"" activities may extend beyond IAR's core research focus into implementation and direct farmer support programs.",50
ERGP30241711,"CONSTRUCTION OF TSAFE TOWN FIFTH JUMU'AT MOSQUE, ISLAMIYYA SCHOOL, ADMINISTRATION OFFICES, FENCING AND IMAM HOUSE IN ZAMFARA CENTRAL",215009001,INSTITUTE OF AGRICULTURAL RESEARCH- ZARIA,,210000000.0,NO,HIGH,"The construction of a mosque, Islamic school, and religious facilities has no connection to the Institute of Agricultural Research's mandate of conducting agricultural research, developing drought-tolerant crops, and supporting farming systems in northern Nigeria.",100
ERGP30241713,"CONSTRUCTION OF ISLAMIYYA SCHOOLS (ALMAJIRI SCHOOLS) ACROSS ZAMFARA CENTRAL SENATORIAL DISTRICT, ZAMFARA STATE.",215009001,INSTITUTE OF AGRICULTURAL RESEARCH- ZARIA,,245000000.0,NO,HIGH,"Construction of Islamic schools falls under education ministry mandate, not agricultural research which is IAR's core function for developing drought-tolerant crops and livestock systems in northern Nigeria.",100
ERGP30241715,"RENOVATION OF ISLAMIYYA SCHOOLS (ALMAJIRI SCHOOLS) ACROSS ZAMFARA CENTRAL SENATORIAL DISTRICT, ZAMFARA STATE.",215009001,INSTITUTE OF AGRICULTURAL RESEARCH- ZARIA,,315000000.0,NO,HIGH,"The renovation of Islamiyya schools falls under education infrastructure and has no connection to the Institute's core mandate of agricultural research, crop development, and livestock systems for northern Nigeria's savanna agriculture.",100
ERGP30241717,"PROVISION OF WATER PUMPS IN ZAMFARA CENTRAL SENATORIAL DISTRICT, ZAMFARA STATE.",215009001,INSTITUTE OF AGRICULTURAL RESEARCH- ZARIA,,105000000.0,PARTIAL,MEDIUM,"While water pumps could support the institute's research on water conservation and irrigation systems for semi-arid agriculture, the specific geographic targeting to one senatorial district suggests this may be more of a development project rather than agricultural research activity.",50
ERGP30241720,"SUPPLY OF MOTORCYCLES TO ZAMFARA CENTRAL SENATORIAL DISTRICT
",215009001,INSTITUTE OF AGRICULTURAL RESEARCH- ZARIA,,175000000.0,NO,HIGH,"Supply of motorcycles to a specific senatorial district is not related to agricultural research, crop development, livestock research, or any of the Institute's core scientific and technical functions.",100
ERGP30241722,"SUPPLY OF FERTILIZER TO ZAMFARA CENTRAL SENATORIAL DISTRICT
",215009001,INSTITUTE OF AGRICULTURAL RESEARCH- ZARIA,,70000000.0,PARTIAL,MEDIUM,"While fertilizer supply could support the agency's mandate to train farmers and conduct adaptive research, direct fertilizer distribution to a specific senatorial district appears more operational than research-focused and may exceed IAR's primary research mandate.",50
ERGP30241725,"CONSTRUCTION OF 60 BED PRIMARY HEALTH CENTER IN GADA BIYU, GUSAU, ZAMFARA CENTRAL SENATORIAL DISTRICT",215009001,INSTITUTE OF AGRICULTURAL RESEARCH- ZARIA,,35000000.0,NO,HIGH,"Construction of a primary health center falls outside IAR's mandate which is specifically focused on agricultural research, crop development, and livestock systems for northern Nigeria's savanna agriculture.",100
ERGP30241727,"MEDICAL OUTREACH- OPTHALMOLOGIST SERVICES, EYE SURGERIES, MEDICAL GLASSES AND TREATMENT ACROSS ZAMFARA CENTRAL SENATORIAL DISTRICT, ZAMFARA",215009001,INSTITUTE OF AGRICULTURAL RESEARCH- ZARIA,,42000000.0,NO,HIGH,"Medical outreach services including eye surgeries and ophthalmologist services fall outside the agricultural research mandate of IAR, which focuses exclusively on crop and livestock research for northern Nigeria's savanna agriculture.",100
ERGP30241729,"CONSTRUCTION OF 60 BED HOSPITAL, MAGAMI, GUSAU LGA, ZAMFARA CENTRAL SENATORIAL DISTRICT",215009001,INSTITUTE OF AGRICULTURAL RESEARCH- ZARIA,,28000000.0,NO,HIGH,"Construction of a hospital falls outside the Institute of Agricultural Research's mandate which is specifically focused on agricultural research, crop development, livestock systems, and farming practices for northern Nigeria's savanna agroecology.",100
ERGP30241731,"CONSTRUCTION OF SOLAR POWERED BOREHOLES WITH 50,000 LITRES FRP FIBER TANKS AND RETICULATION TO EASE WATER SUPPLY IN VAROUS SCHOOLS IN NIGER",215009001,INSTITUTE OF AGRICULTURAL RESEARCH- ZARIA,,350000000.0,NO,HIGH,"The budget item involves constructing water infrastructure in Niger schools, which falls outside IAR Zaria's mandate to conduct agricultural research for savanna agroecology and support northern Nigeria's agricultural development.",100
ERGP30241733,PROVISION AND INSTALLATION OF 3-IN-1 SOLAR STREET LIGHTS IN SOME SELECTED COMMUNITIES IN SOUTH/SOUTH AND SOUTH EAST TO ENHANCE PRODUCTION AT,215009001,INSTITUTE OF AGRICULTURAL RESEARCH- ZARIA,,1120000000.0,NO,HIGH,"Installing solar street lights in South/South and South East communities falls completely outside IAR-Zaria's mandate, which is specifically focused on agricultural research for northern Nigeria's savanna agroecology, not infrastructure development in southern regions.",100
ERGP30241734,"CONSTRUCTION AND PROVISION OF FURNITURE AND OTHER FINISHES ITEMS IN SELECTED SCHOOLS IN OHAKPU, OGBERURU, OWERRE-EBIRI AND OTHER",215009001,INSTITUTE OF AGRICULTURAL RESEARCH- ZARIA,,2100000000.0,NO,HIGH,Construction and provision of furniture in schools is an educational infrastructure function that falls outside IAR-Zaria's mandate which is specifically focused on agricultural research for savanna agroecology and drought-resistant crop development.,100
ERGP30241740,"TRAINING AND EMPOWERMENT OF YOUTHS IN CINEMATOGRAPHY , VIDEO EDITING AND GENERAL PHOTOGRAPHY IN SELECTED STATES OF THE FEDERATION",215009001,INSTITUTE OF AGRICULTURAL RESEARCH- ZARIA,,700000000.0,NO,HIGH,"Training youths in cinematography, video editing and photography has no connection to the Institute's core mandate of conducting agricultural research for savanna agroecology, developing drought-tolerant crops, and supporting northern Nigeria's agricultural development.",100
ERGP30241741,"CONSTRUCTION OF SOLAR POWERED BOREHOLES WITH 50,000 LITRES FRP FIBER TANKS AND RETICULATION TO EASE WATER SUPPLY IN TWO LOCATION IN NIGER",215009001,INSTITUTE OF AGRICULTURAL RESEARCH- ZARIA,,700000000.0,NO,HIGH,"This budget item involves construction of water infrastructure in Niger State which falls outside the Institute's mandate of conducting agricultural research, as it represents infrastructure development rather than research activities and the Institute's mandate does not include general water supply infrastructure construction.",100
ERGP30241744,SUPPLY AND DISTRIBUTION CNG POWERED TRYCYCLES ACROSS THE 15 LOCAL GOVERNMENT AREAS OF KANO CENTRAL SENATORIAL DISTRICT.,215009001,INSTITUTE OF AGRICULTURAL RESEARCH- ZARIA,,140000000.0,NO,HIGH,"Supplying CNG-powered tricycles for transportation in Kano districts falls outside IAR's core mandate of agricultural research, crop development, and livestock systems research for northern Nigeria's savanna agroecology.",100
ERGP30241745,FISH EMPOWERMENT PROGRAM FOR INDIGINES OF KANO CENTRAL SENATORIAL DISTRICT.,215009001,INSTITUTE OF AGRICULTURAL RESEARCH- ZARIA,,140000000.0,NO,HIGH,"The Institute of Agricultural Research-Zaria focuses specifically on dryland crops, livestock, and savanna agroecology research for northern Nigeria, with no mandate for fisheries or aquaculture programs.",100
ERGP30241748,POULTRY TRAINING AND EMPOWERMENT OF YOUTHS ACROSS THE 15 LOCAL GOVERNMENT AREAS OF KANO CENTRAL SENATORIAL DISTRICT.,215009001,INSTITUTE OF AGRICULTURAL RESEARCH- ZARIA,,140000000.0,PARTIAL,MEDIUM,"While poultry research and training falls within IAR's livestock research mandate, the focus on specifically Kano Central Senatorial District's 15 LGAs may be too geographically narrow for a federal research institute with broader northern Nigeria coverage responsibilities.",50
ERGP30241750,"""PROVISION OF TRACTORS AND TRACTORS EQUIPMENT TO SOKOTO NORTH SENATORIAL DISTRICT (MULTIPLE LOTS) """,215009001,INSTITUTE OF AGRICULTURAL RESEARCH- ZARIA,,1400000000.0,PARTIAL,MEDIUM,"While the agency has mandate for agricultural mechanization research for savanna farming, directly providing tractors to a specific senatorial district appears more like equipment distribution than research activities within their core research mandate.",50
ERGP30241752,"WOMEN AND YOUTH EMPOWERMENT-SUPPLY OF MOTOR CYCLES, SEWING MACHINES AND COMPUTERS IN ZAMFARA CENTRAL SENATORIAL DISTRICT, ZAMFARA STATE",215009001,INSTITUTE OF AGRICULTURAL RESEARCH- ZARIA,,140000000.0,NO,HIGH,"The budget item for supplying motorcycles, sewing machines and computers for women and youth empowerment in Zamfara is a general empowerment program that falls outside IAR's specific mandate of agricultural research, crop variety development, and livestock research for northern Nigeria's savanna agroecology.",100
ERGP30241754,"CONSTRUCTION OF TSAFE TOWN 5TH JUMU'AT MOSQUE, ISLAMIYYA SCHOOL, ADMINISTRATIVE OFFICES, FENCING AND IMAM HOUSE ZAMFARA CENTRAL",215009001,INSTITUTE OF AGRICULTURAL RESEARCH- ZARIA,,35000000.0,NO,HIGH,"Construction of a mosque, Islamic school, administrative offices, fencing and imam house falls completely outside the agricultural research mandate of IAR-Zaria, which focuses on crop and livestock research for northern Nigeria's savanna agroecology.",100
ERGP30241758,"PROVISION OF SOLAR STREET LIGHTS ACROSS ZAMFARA CENTRAL SENATORIAL DISTRICT, ZAMFARA STATE.",215009001,INSTITUTE OF AGRICULTURAL RESEARCH- ZARIA,,140000000.0,NO,HIGH,"Installing solar street lights across a senatorial district is public infrastructure development that falls outside IAR's core mandate of conducting agricultural research, developing crop varieties, and supporting farming systems in northern Nigeria.",100
ERGP30241760,"""SUPPLY OF AGRIC IMPLEMENTS IMPROVED SEEDS, FERTILIZER AND ASSORTED GRAINS """,215009001,INSTITUTE OF AGRICULTURAL RESEARCH- ZARIA,,350000000.0,YES,HIGH,"The supply of agricultural implements, improved seeds, fertilizer and assorted grains directly aligns with the institute's statutory functions to multiply and distribute improved seeds to northern farmers, support drought-resilient agricultural practices, and advance food security in northern Nigeria.",0
ERGP30241762,"PROCUREMENT AND DISTRIBUTION OF TRACTORS, TRACTOR IMPLEMENTS, AND HAULAGE TRUCKS FOR FARMERS ACROSS SOKOTO AND KADUNA Ã¢â¬â HBH",215009001,INSTITUTE OF AGRICULTURAL RESEARCH- ZARIA,,700000000.0,PARTIAL,MEDIUM,"While the agency has a mandate to develop agricultural mechanization for savanna farming and support northern farmers, direct procurement and distribution of tractors appears to be more of an implementation/extension function rather than the research-focused core mandate of this agricultural research institute.",50
ERGP5105065,"PURCHASE AND REHABILITATION OF TRACTORS, PLANTERS, BOOM SPRAYERS, HARVESTERS, HEAVY DUTY HARROW, MOULD BOARD RIDGER AND ROTARY SLASHER",215009001,INSTITUTE OF AGRICULTURAL RESEARCH- ZARIA,,42066333.0,YES,HIGH,The purchase and rehabilitation of agricultural machinery directly supports the agency's statutory function to develop agricultural mechanization for savanna farming and operate research farms across northern agroecological zones.,0
ERGP5105129,PURCHASE OF OFFICE FURNITURE AND FITTINGS FOR HEADQUARTERS AND OUTSTATIONS,215009001,INSTITUTE OF AGRICULTURAL RESEARCH- ZARIA,,42066333.0,YES,HIGH,"Office furniture and fittings are essential administrative infrastructure required for the institute's headquarters and research outstations to effectively conduct agricultural research, training, and coordination activities across northern Nigeria's agroecological zones.",0
ERGP5105137,"PURCHASE OF COMPUTERS,DATA CAPTURING/COLLECTION DEVICES AND SOFTWARES
",215009001,INSTITUTE OF AGRICULTURAL RESEARCH- ZARIA,,42066333.0,YES,HIGH,"Computers, data capturing devices and software are essential tools for conducting agricultural research, analyzing crop and livestock data, publishing research findings, and managing the institute's research operations across northern Nigeria's agroecological zones.",0
ERGP19229674,EROSION /FLOOD CONTROL WITHIN THE UNIVERSITY,215012003,"MICHAEL OKPARA UNIVERSITY OF AGRICULTURE, UMUDIKE",,63000000.0,YES,HIGH,"Erosion and flood control within the university directly supports the agency's core educational and research operations by protecting campus infrastructure, teaching/research farms, and ensuring continuity of agricultural education and research activities.",0
ERGP23229651,3 NOS VEHICLES FOR PRO CHANCELLOR AND 2 PRINCIPAL OFFICERS,215012003,"MICHAEL OKPARA UNIVERSITY OF AGRICULTURE, UMUDIKE",,252000000.0,PARTIAL,MEDIUM,"While vehicles for senior university officers like Pro Chancellor and Principal Officers support general university administration and operations, the purchase of 3 vehicles appears excessive for a specialized agricultural university and doesn't directly advance the core mandate of agricultural education and research.",50
ERGP23229657,PROCUREMENT OF UTILITY VEHICLE FOR POOL,215012003,"MICHAEL OKPARA UNIVERSITY OF AGRICULTURE, UMUDIKE",,56000000.0,YES,HIGH,"A utility vehicle for the pool directly supports the university's core functions of operating teaching and research farms, conducting field research, extension services, and transportation needs across the agricultural campus and field sites.",0
ERGP23229668,LAND ACQUSITION AND COMPENSATION,215012003,"MICHAEL OKPARA UNIVERSITY OF AGRICULTURE, UMUDIKE",,28000000.0,YES,HIGH,Land acquisition and compensation directly supports the university's mandate to operate teaching and research farms for practical agricultural training and research activities.,0
ERGP23229683,PERIMETER FENCING OF THE UNIVERSITY,215012003,"MICHAEL OKPARA UNIVERSITY OF AGRICULTURE, UMUDIKE",,105000000.0,YES,HIGH,"Perimeter fencing is essential infrastructure for securing the university's teaching and research farms, protecting agricultural experiments, livestock, and ensuring campus security for educational operations.",0
ERGP27125348,COMPLETION AND FURNISHING OF CHANCELLOR'S LODGE,215012003,"MICHAEL OKPARA UNIVERSITY OF AGRICULTURE, UMUDIKE",,98000000.0,PARTIAL,MEDIUM,"While not directly related to agricultural education or research, a Chancellor's Lodge serves essential ceremonial and administrative functions for university governance, which indirectly supports the institution's core academic mission.",50
ERGP27125355,COMPLETION AND FURNISHING OF PRO-CHANCELLOR'S LODGE,215012003,"MICHAEL OKPARA UNIVERSITY OF AGRICULTURE, UMUDIKE",,21000000.0,PARTIAL,MEDIUM,"While completing and furnishing a Pro-Chancellor's lodge supports university governance infrastructure, it is not directly aligned with the core agricultural education, research, and development mandate of the institution.",50
ERGP27150193,CONSTRUCTION OF CENTRAL STORE OF THE UNIVERSITY,215012003,"MICHAEL OKPARA UNIVERSITY OF AGRICULTURE, UMUDIKE",,21000000.0,YES,HIGH,"Construction of a central store is essential university infrastructure needed to support MOUAU's core functions of agricultural education, research operations, and management of teaching/research farm resources and equipment.",0
ERGP30241486,"TRAINING OF YOUTH AND WOMEN FROM COMMUNITIES IN ABIA SOUTH SENATORIAL DISTRICT ON MODERN AGRICULTURAL PRACTICES LIKE HYDROPONIC, SMART",215012003,"MICHAEL OKPARA UNIVERSITY OF AGRICULTURE, UMUDIKE",,35000000.0,YES,HIGH,"Training youth and women on modern agricultural practices like hydroponics directly aligns with the university's mandate to conduct extension services, provide agricultural education, and research agricultural technologies and innovation.",0
ERGP30241487,"CONSTRUCTION OF 7.5KM OLOKO-AMIZI ROAD (SECTION 11), ABIA CENTRAL SENATORIAL DISTRICT",215012003,"MICHAEL OKPARA UNIVERSITY OF AGRICULTURE, UMUDIKE",,350000000.0,NO,HIGH,"Road construction outside the university campus is not within MOUAU's mandate of providing agricultural education, research, and extension services as a specialized federal university.",100
ERGP30241488,"CONSTRUCTION OF NKUKUNMIRI ALA ALA - OKEUZO OLOKO ROAD IN IKWUANO, ABIA CENTRAL SENATORIAL DISTRICT",215012003,"MICHAEL OKPARA UNIVERSITY OF AGRICULTURE, UMUDIKE",,210000000.0,NO,HIGH,"Road construction in Ikwuano falls under infrastructure development which is outside the mandate of a specialized agricultural university focused on education, research, and agricultural development.",100
ERGP30241489,CONSTRUCTION AND FURNISHING OF SKILLS ACQUISITION SCHOOLS+/CENTERS IN 6 LGAS IN ABIA CENTRAL SENATORIAL DISTRICT,215012003,"MICHAEL OKPARA UNIVERSITY OF AGRICULTURE, UMUDIKE",,280000000.0,NO,HIGH,"The budget item focuses on general skills acquisition schools across multiple LGAs in a senatorial district, which falls outside MOUAU's specific mandate of providing specialized agricultural university education, research, and agricultural development rather than operating general skills acquisition centers.",100
ERGP30241490,"CONSTRUCTION OF 4.5KM OGBUEBULLE - OLOKO ROAD PHASE 11, IN ABIA CENTRAL SENATORIAL DISTRICT",215012003,"MICHAEL OKPARA UNIVERSITY OF AGRICULTURE, UMUDIKE",,140000000.0,NO,HIGH,"Construction of public roads falls outside the mandate of a specialized agricultural university, which should focus on agricultural education, research, and related academic activities rather than general infrastructure development.",100
ERGP30241491,"CONSTRUCTION OF 1.1KM AMUZU - UMULAGBADO - OGBUEBULLE LINK ROAD, SPUR AT UZOIYI OLOKO, IKWUANO, ABIA CENTRAL SENATORIAL DISTRICT",215012003,"MICHAEL OKPARA UNIVERSITY OF AGRICULTURE, UMUDIKE",,140000000.0,NO,HIGH,"Construction of rural link roads falls under infrastructure development which is outside the mandate of a specialized agricultural university focused on education, research, and agricultural development.",100
ERGP5229662,PROCUREMENT OF FARM EQUIPMENTS AND IMPLEMENTS,215012003,"MICHAEL OKPARA UNIVERSITY OF AGRICULTURE, UMUDIKE",,89837639.0,YES,HIGH,"Farm equipment and implements procurement directly supports the university's core functions of agricultural education, research farm operations, and practical training in agricultural engineering and mechanization.",0
ERGP30151628,AGRICULTURAL RESEARCH AND INNOVATION,215015001,INSTITUTE OF AGRICULTURAL RESEARCH AND TRAINING- IBADAN,,70000000.0,YES,HIGH,"Agricultural research and innovation directly aligns with the Institute's core mandate to conduct agricultural research, develop improved crop varieties, and generate agricultural technologies for food security and agricultural development.",0
ERGP30151632,AGRICULTURAL INPUT TRANSFORMATION FOR RESEARCH ACTIVITIES,215015001,INSTITUTE OF AGRICULTURAL RESEARCH AND TRAINING- IBADAN,,29390400.0,YES,HIGH,"Agricultural input transformation for research activities directly supports the agency's core mandate to conduct agricultural research, develop improved crop varieties, and generate agricultural technologies.",0
ERGP30151660,"NUTRITION,QUALITY CONTROL AND STANDARDIZATION EQUIPMENT",215015001,INSTITUTE OF AGRICULTURAL RESEARCH AND TRAINING- IBADAN,,31885686.0,YES,HIGH,"The equipment aligns with the agency's mandate to conduct post-harvest handling, processing and value addition research, as well as developing improved crop varieties which requires nutrition analysis and quality standardization.",0
ERGP30151684,COMPREHENSIVE LIVESTOCK DEVELOPMENT,215015001,INSTITUTE OF AGRICULTURAL RESEARCH AND TRAINING- IBADAN,,14315686.0,PARTIAL,MEDIUM,"While the agency's mandate focuses primarily on crop research and production, livestock development could fall under their broader agricultural research and farming systems mandate, though it's not explicitly listed among their core statutory functions.",50
ERGP30151698,"AGRICULTURAL TECHNICAL WORKSHOP SUPPORT BUILDING AND INFRASTRUCTURE
",215015001,INSTITUTE OF AGRICULTURAL RESEARCH AND TRAINING- IBADAN,,14315686.0,YES,HIGH,"Agricultural technical workshop support building and infrastructure directly supports the agency's mandate to develop agricultural technologies, conduct research, and provide training to farmers and extension agents.",0
ERGP30151704,COMMERCIAL AGRICULTURE EXPANSION SUPPORT FOR POWER INFRASTRUCTURE FOR RESEARCH AND LABORATORIES,215015001,INSTITUTE OF AGRICULTURAL RESEARCH AND TRAINING- IBADAN,,10048583.0,YES,HIGH,"Power infrastructure for research and laboratories directly supports the agency's core mandate to conduct agricultural research, develop improved crop varieties, and generate agricultural technologies which requires reliable electricity for laboratory equipment and research facilities.",0
ERGP30151707,"FIELD BUILDING AND INFRASTRUCTURE FOR RESEARCH AND PRACTICAL TRAINING
",215015001,INSTITUTE OF AGRICULTURAL RESEARCH AND TRAINING- IBADAN,,6918244.0,YES,HIGH,"Field buildings and infrastructure for research and practical training directly support the agency's core functions of conducting agricultural research, operating research farms, providing farmer training, and maintaining demonstration facilities as specified in their statutory functions.",0
ERGP30151729,"PURCHASE OF OFFICE FURNITURE & EQUIPMENTS
",215015001,INSTITUTE OF AGRICULTURAL RESEARCH AND TRAINING- IBADAN,,13860149.0,YES,HIGH,"Office furniture and equipment are necessary administrative support items required for the institute to conduct its research activities, training programs, and operational functions effectively.",0
ERGP30151807,COMPLETION OF PROCUREMENT AND INSTALLATION OF PILOT SCALE OF JUTE BAG MACHINERY,215015001,INSTITUTE OF AGRICULTURAL RESEARCH AND TRAINING- IBADAN,,14067655.0,PARTIAL,MEDIUM,"While jute bag machinery could support post-harvest handling and value addition research activities within the institute's mandate, jute production and processing is not a core crop focus area for IAR&T which primarily concentrates on food crops like cassava, maize, yam, and tree crops.",50
ERGP30192377,"VALUE ADDITION RESEARCH SUPPORT
",215015001,INSTITUTE OF AGRICULTURAL RESEARCH AND TRAINING- IBADAN,,51924760.0,YES,HIGH,"Value addition research directly aligns with the agency's statutory function (i) to research post-harvest handling, processing and value addition, which is essential for improving agricultural productivity and food security.",0
ERGP30192461,"ON-FARM EVALUATION AND PROMOTION OF TECHNOLOGIES
",215015001,INSTITUTE OF AGRICULTURAL RESEARCH AND TRAINING- IBADAN,,37275070.0,YES,HIGH,"On-farm evaluation and promotion of technologies directly aligns with the agency's statutory functions to conduct adaptive research, operate demonstration farms, train farmers on improved practices, and distribute agricultural technologies to support food security and agricultural development.",0
ERGP30203457,"CONSTRUCTION, PERIMETER FENCING AND LANDSCAPING OF CAR PARK
",215015001,INSTITUTE OF AGRICULTURAL RESEARCH AND TRAINING- IBADAN,,37299413.0,PARTIAL,MEDIUM,"While car park construction is not directly related to agricultural research activities, it supports the agency's operational infrastructure needed for staff, visitors, and stakeholders accessing research facilities and training programs.",50
ERGP30241515,"PROVISION OF EMPOWERMENT ITEMS FOR THE YOUTHS IN KABBA-BUNU/IJUMU FEDERAL CONSTITUENCY, KOGI STATE",215015001,INSTITUTE OF AGRICULTURAL RESEARCH AND TRAINING- IBADAN,,70000000.0,NO,HIGH,"The budget item focuses on general youth empowerment in a specific political constituency rather than agricultural research, crop development, or farming technology training which are the institute's core statutory functions.",100
ERGP30241517,ICT TRAINING AND PROVISION OF LAPTOPS FOR YOUTHS IN IBADAN SOUTH-EAST FEDERAL CONSTITUENCY OF OYO STATE.,215015001,INSTITUTE OF AGRICULTURAL RESEARCH AND TRAINING- IBADAN,,35000000.0,NO,HIGH,"ICT training and laptop provision for general youth in a federal constituency falls outside IAR&T's core mandate of agricultural research, crop development, and agricultural training, as it targets general ICT skills rather than agricultural research or farming technologies.",100
ERGP30241519,TRAINING AND EMPOWERMENT OF YOUTH & WOMEN FOR ENTREPRENEURSHIP DEVELOPMENT WITHIN BAUCHI CENTRAL SENATORIAL DISTRICT.,215015001,INSTITUTE OF AGRICULTURAL RESEARCH AND TRAINING- IBADAN,,315000000.0,NO,HIGH,"This budget item is geographically misaligned as IAR&T Ibadan focuses on southwestern Nigeria's agroecological zone while Bauchi Central Senatorial District is in northeastern Nigeria, and the item lacks specific agricultural research or training content that matches the agency's technical mandate.",100
ERGP30241520,"CONSTRUCTION OF A MODERN COMMUNITY HALL IN IBADAN NORTH LOCAL GOVERNMENT OYO SOUTH SENATORIAL DISTRICT, OYO STATE.",215015001,INSTITUTE OF AGRICULTURAL RESEARCH AND TRAINING- IBADAN,,140000000.0,NO,HIGH,"Construction of a community hall is not related to agricultural research, crop development, or any of the Institute's statutory functions which focus exclusively on agricultural research and training.",100
ERGP30241522,CONSTRUCTION OF ULTRA MODERN TOWN HALLS IN SELECTED SCHOOLS OF SOUTH SOUTH STATES (LOT 1-3),215015001,INSTITUTE OF AGRICULTURAL RESEARCH AND TRAINING- IBADAN,,1050000000.0,NO,HIGH,"The construction of town halls in South South states falls outside IAR&T's mandate to conduct agricultural research and training, as it involves infrastructure construction unrelated to agricultural research facilities and targets a different geographical region than IAR&T's southwestern Nigeria focus.",100
ERGP30241524,"STRATEGIC EMPOWERMENT PROGRAMME FOR WOMEN, YOUTHS, WIDOWS OF OYO CENTRAL SENATORIAL DISTRICT, OYO STATE (MULTIPLE LOTS)",215015001,INSTITUTE OF AGRICULTURAL RESEARCH AND TRAINING- IBADAN,,420000000.0,NO,HIGH,"The budget item focuses on general empowerment programs for specific demographic groups in a political district, which falls outside IAR&T's core mandate of conducting agricultural research, developing crop varieties, and providing agricultural training and technologies.",100
ERGP12174905,CONSTRUCTION AND REHABILITATION OF ROADS NETWORK AND DRAINAGES SYSTEM IN THE INSTITUTE HEADQUARTERS,215056001,LAKE CHAD RESEARCH INSTITUTE MAIDUGURI,,13174798.0,PARTIAL,MEDIUM,"While road construction is not part of the core agricultural research mandate, adequate infrastructure at the institute headquarters is necessary to support research operations, staff access, and equipment transport for conducting Lake Chad Basin agricultural research.",50
ERGP27111381,"RENOVATION OF LABORATORY AND RESEARCH OFFICE BLOCKS (B, C, AND D), PROCUREMENT AND REPLACEMENT OF FURNITURE FOR CONFERENCE HALL, BOARD",215056001,LAKE CHAD RESEARCH INSTITUTE MAIDUGURI,,27141352.0,YES,HIGH,"Renovating laboratory and research office blocks is essential infrastructure directly supporting the institute's core mandate to conduct agricultural, fisheries, and natural resources research for the Lake Chad Basin.",0
ERGP27155812,"RENOVATION OF 1 NOS OF 3 BEDROOM AND 2 NOS 0F 2 BEDROOM OF BURNT STAFF QUARTERS, GUEST HOUSE AND CORPERS' LODGE",215056001,LAKE CHAD RESEARCH INSTITUTE MAIDUGURI,,25058831.0,PARTIAL,HIGH,"While renovating burnt staff quarters and guest house supports the institute's operational capacity to conduct Lake Chad Basin research, it addresses infrastructure maintenance rather than directly advancing the core agricultural research mandate.",50
ERGP27155826,FENCING OF 20 HECTRES RESEARCH FARM AND PROCUREMENT OF FARM MACHINERIES AND IRRIGATION FACILITIES AT THE HEADQUARTERS,215056001,LAKE CHAD RESEARCH INSTITUTE MAIDUGURI,,11369610.0,YES,HIGH,"Fencing research farms, procuring farm machinery, and installing irrigation facilities directly supports the institute's core mandate to conduct agricultural research for the Lake Chad Basin and develop irrigation farming systems utilizing Lake Chad waters.",0
ERGP27174940,REHABILITATION OF THE INSTITUTE WORKSHOP COMPLEX AND PROCUREMENT OF MAINTENANCE TOOLS,215056001,LAKE CHAD RESEARCH INSTITUTE MAIDUGURI,,11085471.0,YES,HIGH,Rehabilitating workshop facilities and procuring maintenance tools is essential infrastructure support that enables the institute to maintain research equipment and facilities needed to conduct its agricultural research activities in the Lake Chad Basin.,0
ERGP27203657,"RENOVATION OF ADMINISTRATIVE BLOCK (A), FURNISHING AND EQUIPING OF DIRECTOR/CEO OFFICE",215056001,LAKE CHAD RESEARCH INSTITUTE MAIDUGURI,,33370608.0,PARTIAL,MEDIUM,"While renovating administrative infrastructure supports general institutional operations, the specific focus on furnishing and equipping the Director's office appears more about executive comfort than directly advancing the agency's core agricultural research mandate for the Lake Chad Basin.",50
ERGP28174956,CONTRUCTION AND REHABILITATION OF EXISTING BOREHOLE AND WATER RETICULATION,215056001,LAKE CHAD RESEARCH INSTITUTE MAIDUGURI,,11438815.0,YES,HIGH,"Construction and rehabilitation of boreholes and water reticulation directly supports the institute's mandate to develop irrigation farming systems, research water management technologies, and conduct agricultural research in the semi-arid Lake Chad Basin where water access is critical for crop production and research operations.",0
ERGP30155814,"INVESTIGATION AND IMPROVEMENT OF CONSTRAINTS OF PRODUCTION OF POPULAR AGRICULTURAL FOOD CROPS AND INTEGRATION OF LIVESTOCK, TREE CROPS AND",215056001,LAKE CHAD RESEARCH INSTITUTE MAIDUGURI,,28899486.0,YES,HIGH,"This budget item directly aligns with the agency's core mandate to conduct agricultural research for the Lake Chad Basin, including developing improved crop varieties, researching livestock production, and integrating farming systems for the semi-arid region.",0
ERGP30155823,"DEVELOPMENT OF HIGH YIELDING HEAT TOLERANT AND GOOD QUALITY VARIETIES OF WHEAT AND BARLEY, AND AVAILABILITY OF IMPROVE SEED TO FARMERS",215056001,LAKE CHAD RESEARCH INSTITUTE MAIDUGURI,,34856328.0,YES,HIGH,"This budget item directly aligns with the agency's statutory functions to develop improved wheat varieties and drought-tolerant crops for the semi-arid Lake Chad region, and to provide improved seeds to farmers in the Sahel environment.",0
ERGP30155824,"DEVELOPMENT OF EARLY MATURING OF MILLET WITH HIGH YIELDING, GOOD PROCESSING QUALITY AND AVAILABILITY OF IMPROVE SEED TO FARMERS",215056001,LAKE CHAD RESEARCH INSTITUTE MAIDUGURI,,21384748.0,YES,HIGH,"Development of early maturing, high-yielding millet varieties with good processing quality directly aligns with the agency's statutory function to develop improved millet varieties for the semi-arid Lake Chad Basin region and provide improved seeds to farmers.",0
ERGP30155825,"PROMOTING THE ADOPTION OF IMPROVED TECHNOLOGIES OF THE INSTITUTE'S MANDATE CROPS THROUGH SOCIO-ECONOMIC RESEARCH, EFFECTIVE DISSEMINATION",215056001,LAKE CHAD RESEARCH INSTITUTE MAIDUGURI,,12268953.0,YES,HIGH,"This budget item directly aligns with the institute's statutory functions to develop improved crop varieties for semi-arid regions, train farmers on adapted agricultural practices, and advance food security in the Lake Chad Basin through research and dissemination of agricultural technologies.",0
ERGP30172803,"PROCUREMENT OF AGRICUTURAL EQUIPMENT AND RESEARCH VEHICLES
",215056001,LAKE CHAD RESEARCH INSTITUTE MAIDUGURI,,36637967.0,YES,HIGH,"Agricultural equipment and research vehicles are essential tools for conducting field research on crops, fisheries, livestock, and water management systems across the Lake Chad Basin region, directly supporting the institute's core research mandate.",0
ERGP30172833,"MONITORING AND EVALUATION OF INTERNAL AND EXTERNAL PROJECTS
",215056001,LAKE CHAD RESEARCH INSTITUTE MAIDUGURI,,25844605.0,YES,HIGH,"Monitoring and evaluation of internal and external projects is essential for LCRI to assess the effectiveness of its agricultural research programs, collaborative projects with regional partners, and ensure proper implementation of research initiatives addressing Lake Chad Basin challenges.",0
ERGP30172907,"REHABILITATION OF PLANT MACHINERIES AND IRRIGATION EQUIPMENT
",215056001,LAKE CHAD RESEARCH INSTITUTE MAIDUGURI,,9256604.0,YES,HIGH,Rehabilitating plant machineries and irrigation equipment directly supports the institute's statutory functions to develop irrigation farming systems utilizing Lake Chad waters and research water management technologies for semi-arid agriculture.,0
ERGP30174403,RESEARCH AND DEVELOPMENT OF MODERN AGRICULTURAL TECHNOLOGIES AND INNOVATION,215056001,LAKE CHAD RESEARCH INSTITUTE MAIDUGURI,,25963278.0,YES,HIGH,"Research and development of modern agricultural technologies directly aligns with LCRI's core mandate to conduct agricultural research for the Lake Chad Basin and develop climate-resilient farming systems, irrigation technologies, and adapted crop varieties.",0
ERGP30203624,INVESTIGATION INTO IMPROVEMENT OF LIVESTOCK AND AGROFORESTRY SYSTEM IN NORTH EAST ZONE,215056001,LAKE CHAD RESEARCH INSTITUTE MAIDUGURI,,20317496.0,YES,HIGH,This budget item directly aligns with the agency's statutory functions to conduct livestock production research for pastoral communities and develop climate-resilient farming systems for the Sahel environment in the northeastern region.,0
ERGP30203633,"PROCUREMENT OF ASSORTED FERTILIZERS, AGRO- CHEMICALS, FARM INPUTS AND ACCESSORIES",215056001,LAKE CHAD RESEARCH INSTITUTE MAIDUGURI,,30615569.0,YES,HIGH,"Procurement of fertilizers, agro-chemicals, and farm inputs directly supports the institute's core mandate to conduct agricultural research, develop improved crop varieties, and advance sustainable agriculture in the Lake Chad Basin.",0
ERGP30203728,PROVISION OF POWER TO THE LABORATORY COMPLEX AND LIBRARY IN THE HEADQUARTERS,215056001,LAKE CHAD RESEARCH INSTITUTE MAIDUGURI,,23065583.0,YES,HIGH,"Providing power to laboratory complex and library is essential infrastructure directly supporting the institute's core mandate to conduct agricultural research, as laboratories require electricity for research equipment and activities while libraries support research documentation and knowledge management.",0
ERGP30203866,"BANDWIDTH SUBSCRIPTION, EXPANSION AND E-LIBRARY DEVELOPMENT
",215056001,LAKE CHAD RESEARCH INSTITUTE MAIDUGURI,,8244639.0,PARTIAL,MEDIUM,"While bandwidth and e-library services can support agricultural research activities through access to scientific databases and communication with collaborating institutions, this IT infrastructure item is not directly related to the agency's core mandate of conducting agricultural research specific to the Lake Chad Basin.",50
ERGP30203879,"PROCUREMENT AND REPAIRS OF LABORATORY EQUIPMENT, CAPACITY BUILDING OF LABORATORY STAFF",215056001,LAKE CHAD RESEARCH INSTITUTE MAIDUGURI,,46342436.0,YES,HIGH,"Laboratory equipment and staff capacity building are essential for conducting agricultural, fisheries, and natural resources research which directly supports the institute's core mandate of research for Lake Chad Basin agriculture.",0
ERGP30203893,"CONSTRUCTION OF GREEN AND SCREEN HOUSES, TISSUE CULTURE LABORATORY AND PROVISION OF REQUISITE EQUIPMENT",215056001,LAKE CHAD RESEARCH INSTITUTE MAIDUGURI,,26251193.0,YES,HIGH,"Construction of green houses, screen houses, tissue culture laboratory and equipment directly supports the institute's core mandate to conduct agricultural research, develop improved crop varieties adapted to the Lake Chad Basin, and advance food security through scientific research infrastructure.",0
ERGP30205831,"PROCUREMENT OF LAPTOPS, DESKTOP COMPUTERS AND ACCESSORIES
",215056001,LAKE CHAD RESEARCH INSTITUTE MAIDUGURI,,13181697.0,YES,HIGH,"Computer equipment is essential for conducting agricultural research, data analysis, managing research databases, and coordinating with regional partners as required by the institute's research mandate.",0
ERGP30206907,EXTENSION OF THE IMPROVED TECHNOLOGIES TO THE CLIENTHAN FOR IMPACTS AND DEVELOPMENT,215056001,LAKE CHAD RESEARCH INSTITUTE MAIDUGURI,,7156604.0,YES,HIGH,Extension of improved technologies to clients directly aligns with the institute's statutory functions to train farmers on adapted agricultural practices and provide technical advice on Lake Chad Basin agricultural development.,0
ERGP30228784,"TECHNICAL CONSULTANCY SERVICES
",215056001,LAKE CHAD RESEARCH INSTITUTE MAIDUGURI,,14383376.0,YES,HIGH,"Technical consultancy services directly support the institute's statutory functions to provide technical advice on Lake Chad Basin agricultural development, collaborate with regional organizations, and advance research activities across crops, fisheries, and water management.",0
ERGP30241561,"TRAINING AND EMPOWERMENT OF WOMENON PACKAGING ANF PRESERVATION OF FARM PRODUCT AND AT BULA YOBE, GONIRI, ABBARI, DUMBA, BASH, AND KANGANERI",215056001,LAKE CHAD RESEARCH INSTITUTE MAIDUGURI,,70000000.0,PARTIAL,MEDIUM,"While training farmers aligns with the institute's mandate to provide technical advice and train farmers on adapted agricultural practices, the focus on women's empowerment and packaging/preservation is somewhat peripheral to LCRI's core research functions on crop varieties, fisheries, and Lake Chad Basin agriculture.",50
ERGP30241563,PROVISION OF WATER PUMPING MACHINES FOR IRRIGATION IN BORNO SOUTH SENATORIAL DISTRICT.,215056001,LAKE CHAD RESEARCH INSTITUTE MAIDUGURI,,70000000.0,YES,HIGH,Providing water pumping machines for irrigation directly supports the institute's mandate to develop irrigation farming systems utilizing Lake Chad waters and advance agricultural development in the Lake Chad Basin region.,0
ERGP5110977,DEVELOPMENT OF HIGH YIELDING HEAT TOLERANT AND GOOD QUALITY VARIETIES OF WHEAT AND BARLEY AND DEVELOPMENT OF EARLY MATURING AND HIGH YIELDING,215056001,LAKE CHAD RESEARCH INSTITUTE MAIDUGURI,,36924743.0,YES,HIGH,The budget item directly aligns with the agency's statutory functions to develop improved wheat varieties and drought-tolerant crops adapted for the semi-arid Lake Chad Basin region.,0
ERGP5111337,COMPLETION OF INSTALLATION OF 3- COMPARTMENT COMPACT MILLING MACHINE FOR THE PRODUCTION OF NIGERIAN WHEAT FLOUR.,215056001,LAKE CHAD RESEARCH INSTITUTE MAIDUGURI,,9511365.0,YES,HIGH,Installing milling equipment for wheat flour production directly supports the institute's mandate to research wheat cultivation and develop value-added processing for crops adapted to the Lake Chad Basin semi-arid region.,0
ERGP5111344,"DEVELOPMENT AND MAINTENANCE OF RESEARCH OUTSTATIONS (KADAWA, KANO STATE) DADINKOWA AND TALASE IN GOMBE, KEBBI STATE AND ABUJA LIAISON",215056001,LAKE CHAD RESEARCH INSTITUTE MAIDUGURI,,25090324.0,PARTIAL,MEDIUM,"While the agency can operate research outstations, the listed locations (Kadawa/Kano, Gombe, Kebbi, Abuja) are outside the Lake Chad Basin agroecological zone that defines LCRI's specific geographic mandate.",50
ERGP5111350,PROCUREMENT OF REAGENTS AND PESTICIDES FOR VALUE ADDITION AND QUALITY ENHANCEMENT OF FOOD AND FEED PRODUCTS.,215056001,LAKE CHAD RESEARCH INSTITUTE MAIDUGURI,,17878267.0,PARTIAL,MEDIUM,"While reagents for value addition and quality enhancement could support the institute's research on crops and feed development, pesticides procurement aligns with agricultural research but value addition activities are not explicitly within LCRI's core research mandate which focuses on crop development, fisheries, and farming systems rather than food processing.",50
ERGP17224468,PURCHASE OF POWER GENERATING SET FOR HEAD OFFICE,220006001,INVESTMENT AND SECURITIES TRIBUNAL,,35000000.0,YES,HIGH,"A power generating set is essential operational infrastructure needed to ensure uninterrupted tribunal hearings, case proceedings, and judicial operations at the head office.",0
ERGP17224568,PROVISION OF ICT INFRASTRUCTURE AT ZONAL OFFICE,220006001,INVESTMENT AND SECURITIES TRIBUNAL,,38616516.0,YES,HIGH,"Providing ICT infrastructure at zonal offices directly supports the tribunal's mandate to conduct hearings, examine evidence, and provide fast-track dispute resolution across its multiple divisions in Lagos and Port Harcourt.",0
ERGP27202377,REMODELLING OF A FLOOR OF FMF BUILDING LAGOS FOR TRIBUNAL OFFICIAL USE,220006001,INVESTMENT AND SECURITIES TRIBUNAL,,66500000.0,YES,HIGH,Remodelling office space in Lagos directly supports the tribunal's statutory mandate as IST operates a Lagos division and requires proper facilities to conduct hearings and adjudicate capital market disputes.,0
ERGP30236247,CAPACITY BUILDING AWARENESS ON THE ETHICS AND OPERATIONS OF CAPITAL MARKET FOR WOMEN AND YOUTHS IN IMO STATE,220006001,INVESTMENT AND SECURITIES TRIBUNAL,,21005826.0,PARTIAL,MEDIUM,"While the IST's mandate focuses on adjudicating capital market disputes rather than education, capacity building on capital market operations could indirectly support investor protection by creating more informed market participants who are less likely to fall victim to fraud or disputes.",50
ERGP30224103,CAPACITY BUILDING FOR AUTO GELLE AND COSMETOLOGY FOR 80 YOUTHS AND WOMEN IN PLATEAU,222005001,INDUSTRIAL TRAINING FUND,,35560000.0,YES,HIGH,"This budget item directly aligns with ITF's statutory functions to provide vocational skills training, support women's skills development, and conduct entrepreneurship training for youth as specified in functions (a), (i), and (q).",0
ERGP30224112,"EMPOWERMENT AND TRAINING OF 100 YOUTHS ON ICT IN NORTHWEST STATE (KANO, KATSINA,SOKOTO AND JIGAWA)",222005001,INDUSTRIAL TRAINING FUND,,49434000.0,YES,HIGH,This budget item directly aligns with ITF's statutory functions to conduct ICT and digital skills training programs and provide skills training for unemployed youth across Nigeria.,0
ERGP30224116,"CAPACITY BUILDING FOR TAILORING AND FASHION DESIGN FOR 100 YOUTHS AND WOMEN IN SOUTHWEST STATES ( OGUN,OYO,OSUN AND EKITI)",222005001,INDUSTRIAL TRAINING FUND,,49279467.0,YES,HIGH,"This budget item directly aligns with ITF's statutory functions to provide vocational skills training, support women's skills development, and conduct skills acquisition programs for unemployed youth across different states.",0
ERGP30224120,"CATERING AND EVENT MANAGEMENT TRAINING FOR 80 YOUTHS IN DELTA STATE
",222005001,INDUSTRIAL TRAINING FUND,,45500000.0,YES,HIGH,"Catering and event management training directly aligns with ITF's mandate to provide vocational skills training and entrepreneurship development for unemployed youth, as these are legitimate commercial and service sector skills that support workforce development and unemployment reduction.",0
ERGP30224126,"SKILLS ACQUISITION FOR 85 SELECTED YOUTHS ON ICT IN BAGAMA B, WAMBAI AND HASHIMI A, SULEJA LGA, NIGER STATE",222005001,INDUSTRIAL TRAINING FUND,,35700000.0,YES,HIGH,"This budget item directly aligns with ITF's statutory functions to conduct ICT and digital skills training programs for youth skills acquisition, which is a core component of their mandate to promote vocational skills development and reduce unemployment.",0
ERGP30224134,EMPOWERMENT AND TRAINING OF 100 YOUTHS AND WOMEN ON BEAD MAKING AND SOAP MAKING.,222005001,INDUSTRIAL TRAINING FUND,,35000000.0,YES,HIGH,"This budget item directly aligns with ITF's statutory functions to provide skills training, entrepreneurship training for unemployed youth, and support women's skills development as specified in functions (a), (i), and (q) of their mandate.",0
ERGP30224140,"CAPACITY BUILDING FOR TILLING FOR 80 YOUTHS AND WOMEN IN SOUTHSOUTH ( PORTHARCOURT,EBONYI,BAYELSA AND AKWA-IBOM)",222005001,INDUSTRIAL TRAINING FUND,,37940000.0,YES,HIGH,"This budget item directly aligns with ITF's statutory functions to promote skills acquisition, provide vocational training for youth and women, and support agricultural/technical skills development across different states.",0
ERGP30224143,"SKILLS DEVELOPMENT FOR 100 YOUTHS ON PLASTER OF PARIS(POP) IN SOUTHEAST (ENUGU,ANAMBRA,IMO AND ABIA)",222005001,INDUSTRIAL TRAINING FUND,,51100000.0,YES,HIGH,"This budget item directly aligns with ITF's core mandate to provide vocational training in building construction trades, as plaster of paris (POP) is a essential construction skill covered under their statutory functions.",0
ERGP30224146,"SKILL DEVELOPMENT AND EMPOWERMENT OF 85 YOUTHS ON SOLAR INVERTER INSTALLATIONS IN NORTHCENTRAL (NASARAWA,BENUE,KWARA AND KOGI)",222005001,INDUSTRIAL TRAINING FUND,,40040000.0,YES,HIGH,"This budget item directly aligns with ITF's core mandate to provide vocational training and skills acquisition, specifically covering solar inverter installation which falls under electrical/technical trades training for youth empowerment.",0
ERGP30224157,"SKILL DEVELOPMENT FOR 80 YOUTHS ON GRAPHICS ,PAINTING,PHOTOGRAPY AND PRODUCTION IN LAGOS STATE",222005001,INDUSTRIAL TRAINING FUND,,39060000.0,YES,HIGH,"This budget item directly aligns with ITF's core mandate to promote skills acquisition and provide vocational training for youth, specifically covering graphics, painting, photography and production skills which fall under the agency's technical and creative skills development programs.",0
ERGP30224160,"SKILLS ACQUISITION FOR 40 SELECTED YOUTHS ON POULTRY FARMING IN GAWU BABANGIDA, AND WUSE LGA, NIGER STATE.",222005001,INDUSTRIAL TRAINING FUND,,22400000.0,YES,HIGH,"This budget item directly aligns with ITF's core mandate to promote skills acquisition and provide vocational training for youth, as poultry farming constitutes a viable technical skill that supports entrepreneurship and unemployment reduction.",0
ERGP30236212,"TRAINING AND EMPORMENT OF SELECTED YOUTHS IN GSM REPAIRS AND HAIR DRESSING IN DEKINA LGA, KOGI STATE",222005001,INDUSTRIAL TRAINING FUND,,21000000.0,YES,HIGH,"This budget item directly aligns with ITF's core mandate to provide vocational training and skills acquisition programs for youth, as GSM repairs and hair dressing are technical/vocational skills that support entrepreneurship and employment creation.",0
ERGP30236215,TRAINING AND EMPOWERMENT IN TAILORING FOR SELECTED WOMEN AND YOUTHS IN AHOADA,222005001,INDUSTRIAL TRAINING FUND,,8400000.0,YES,HIGH,"Training and empowerment in tailoring for selected women and youths directly aligns with ITF's statutory functions to promote acquisition of vocational skills, provide skills training programs, and support women's skills training as specified in functions (a), (g), and (q).",0
ERGP30236217,"YOUTH EMPOWERMENT & LEADERSHIP TRAINING IN SURULERE 1, FEDERAL CONSTITUENCY, LAGOS STATE.",222005001,INDUSTRIAL TRAINING FUND,,30555000.0,YES,HIGH,Youth empowerment and leadership training directly aligns with ITF's statutory mandate to provide entrepreneurship training for unemployed youth and support skills development programs that reduce unemployment.,0
ERGP10225606,"PURCHASE AND INSTALLATION OF SOLAR PANELS IN NORTH CENTRAL, JOS AND SOUTH-SOUTH, ASABA ZONAL OFFICES",227002001,INDUSTRIAL ARBITRATION PANEL,,42000000.0,PARTIAL,MEDIUM,"While solar panels for zonal offices could support the agency's operations by ensuring reliable power for conducting arbitration hearings and administrative functions, this infrastructure investment has only an indirect relationship to the core mandate of adjudicating industrial disputes.",50
ERGP10238743,CONSTRUCTION AND INSTALLATION OF SOLAR STREET LIGHTS IN SOME SELECTED COMMUNITIES OF YOBE NORTH,227002001,INDUSTRIAL ARBITRATION PANEL,,175000000.0,NO,HIGH,Construction and installation of solar street lights in communities is infrastructure development work that falls completely outside the Industrial Arbitration Panel's specialized mandate of adjudicating industrial disputes and labor conflicts.,100
ERGP10238746,INSTALLATION OF SOLAR STREET LIGHT IN AWWAL ALIYU CLOSE UNGUWAN DOSA KADUNA,227002001,INDUSTRIAL ARBITRATION PANEL,,35000000.0,NO,HIGH,Installing solar street lights in a residential area in Kaduna has no connection to the Industrial Arbitration Panel's core mandate of adjudicating industrial disputes and resolving employer-worker conflicts through arbitration.,100
ERGP10238751,"PROVISION OF SOLAR POWERED BOREHOLES AT GYAWANA DEVELOPMENT AREA, LAMURDE LGA, ADAMAWA",227002001,INDUSTRIAL ARBITRATION PANEL,,35000000.0,NO,HIGH,Providing solar powered boreholes is a water infrastructure project that has no connection to the Industrial Arbitration Panel's mandate of adjudicating industrial disputes and resolving employer-worker conflicts.,100
ERGP10238755,"PROVISION OF SOLAR POWERED STREET LIGHTS AT GYAWANA, LAMURDE LGA, ADAMAWA STATE",227002001,INDUSTRIAL ARBITRATION PANEL,,35000000.0,NO,HIGH,Installing solar street lights in a specific local government area has no connection to the Industrial Arbitration Panel's core mandate of adjudicating industrial disputes and resolving employer-worker conflicts.,100
ERGP10238757,"PROVISION OF ALL-IN-ONE SOLAR STREETLIGHTS FOR GAA OMOBA, GAA KUNDI, GAA MAJO AND ILEMONA TOWNSHIPS FOR SECURITY AWARENESS AND COMMUNITY",227002001,INDUSTRIAL ARBITRATION PANEL,,270813186.0,NO,HIGH,"Providing solar streetlights for townships relates to community infrastructure and security, which falls completely outside the Industrial Arbitration Panel's mandate of adjudicating industrial disputes between employers and workers.",100
ERGP10238765,PROVISION OF ALL-IN-ONE SOLAR STREETLIGHTS FOR THE SECURITY ENHANCEMENT ACROSS OYUN AND OFFA LGA,227002001,INDUSTRIAL ARBITRATION PANEL,,193050658.0,NO,HIGH,Providing solar streetlights for security enhancement in local government areas falls outside the Industrial Arbitration Panel's mandate of adjudicating industrial disputes and resolving employer-worker conflicts through arbitration.,100
ERGP10238772,"PROVISION OF SOLAR STREET LIGHTS AT ,BEHIND GENERAL HOSPITAL(ALI KWARA) , GANDUN WAMBAI, AZARE",227002001,INDUSTRIAL ARBITRATION PANEL,,10500000.0,NO,HIGH,Providing solar street lights in specific locations has no connection to the Industrial Arbitration Panel's core mandate of adjudicating industrial disputes and resolving employer-worker conflicts through arbitration.,100
ERGP10238785,PURCHASE AND INSTALLATIONS OF ALL IN ONE SOALR STREET LIGHT IN ANKPA LOCAL GOVERNMENT AREA KOGI STATE,227002001,INDUSTRIAL ARBITRATION PANEL,,70000000.0,NO,HIGH,Installing solar street lights in a local government area has no connection to the Industrial Arbitration Panel's mandate of adjudicating industrial disputes and resolving employer-worker conflicts.,100
ERGP10238791,"PROVISION OF MINI GRID IN EKITI/IREPODUN/ISIN/OKE-ERO FEDERAL CONSTIUENCY, KWARA",227002001,INDUSTRIAL ARBITRATION PANEL,,21000000.0,NO,HIGH,Providing mini grid electricity infrastructure in Kwara state constituencies is completely outside the Industrial Arbitration Panel's mandate to adjudicate industrial disputes and resolve employer-worker conflicts.,100
ERGP10238805,"INSTALLATION OF SOLAR STREET LIGHTS IN BIRNIN KUDU/BUJI FEDERAL CONSTITUENCY, JIGAWA STATE",227002001,INDUSTRIAL ARBITRATION PANEL,,140000000.0,NO,HIGH,Installing solar street lights in a specific constituency is infrastructure development that has no connection to the Industrial Arbitration Panel's mandate of adjudicating industrial disputes and resolving employer-worker conflicts.,100
ERGP10238822,"SUPPLY AND INSTALLATION OF SOLAR POWERED INVERTS IN SOME POLICE STATIONS IN ADO/IREPODUN-IFELODUN, FED CONST, EKITI STATE",227002001,INDUSTRIAL ARBITRATION PANEL,,35000000.0,NO,HIGH,Installing solar powered inverters in police stations is completely outside the Industrial Arbitration Panel's mandate of adjudicating industrial disputes between employers and workers.,100
ERGP10238842,"SUPPLY OF SOLAR STREETLIGHTS IN ENUGU EAST SENATORIAL DISTRICT.
",227002001,INDUSTRIAL ARBITRATION PANEL,,28000000.0,NO,HIGH,"Solar streetlight installation in Enugu East falls completely outside IAP's specialized mandate of adjudicating industrial disputes and labor conflicts, as this is infrastructure development unrelated to employer-worker arbitration services.",100
ERGP10238925,"SUPPLY OF SOLAR STREET LIGHTS IN ENUGU EAST SENATORIAL DISTRICT.
",227002001,INDUSTRIAL ARBITRATION PANEL,,35000000.0,NO,HIGH,Supply of solar street lights is public infrastructure provision that has no connection to the Industrial Arbitration Panel's core mandate of adjudicating industrial disputes and resolving employer-worker conflicts through arbitration.,100
ERGP10238928,"INSTALLATION OF SOLAR POWERED STREET LIGHT IN OGORI MAGONGO, KOGI STATE
",227002001,INDUSTRIAL ARBITRATION PANEL,,21000000.0,NO,HIGH,Installing solar powered street lights in a specific locality has no connection to the Industrial Arbitration Panel's core mandate of adjudicating industrial disputes and resolving employer-worker conflicts through arbitration.,100
ERGP10238938,"SUPPLY AND INSTALLATION OF ALL IN ONE SOLAR STREET LIGHT IN OSUN STATE
",227002001,INDUSTRIAL ARBITRATION PANEL,,105000000.0,NO,HIGH,Installing solar street lights in Osun State has no connection to the Industrial Arbitration Panel's mandate of adjudicating industrial disputes and resolving employer-worker conflicts through arbitration.,100
ERGP10238941,"PROVISION AND INSTALLATION OF SOLAR STREET LIGHT IN ILE IFE OSUN STATE
",227002001,INDUSTRIAL ARBITRATION PANEL,,105000000.0,NO,HIGH,Installing solar street lights in Ile Ife has no connection to the Industrial Arbitration Panel's core mandate of adjudicating industrial disputes and resolving employer-worker conflicts through arbitration.,100
ERGP10238943,SUPPLY AND INSTALLATION OF SOLAR STREET LIGHT IN ILE IFE NORTH AND SOUTH OSUN STATE,227002001,INDUSTRIAL ARBITRATION PANEL,,105000000.0,NO,HIGH,Installing solar street lights in Osun State has no connection to the Industrial Arbitration Panel's mandate of adjudicating industrial disputes and resolving employer-worker conflicts through arbitration.,100
ERGP10238948,"SUPPLY & INSTALLATION OF SOLAR STREETLIGHT WITHIN IFE EAST, OSUN STATE
",227002001,INDUSTRIAL ARBITRATION PANEL,,2800000000.0,NO,HIGH,Installing solar streetlights in Osun State is infrastructure development work that falls completely outside the Industrial Arbitration Panel's specialized mandate of adjudicating industrial disputes and labor conflicts.,100
ERGP12226263,"PURCHASE OF 1NO. SUV FOR THE OFFICE OF THE CHIEF REGISTRAR
",227002001,INDUSTRIAL ARBITRATION PANEL,,66500000.0,PARTIAL,MEDIUM,"While the SUV purchase supports administrative operations necessary for the Chief Registrar to oversee tribunal functions, it is an indirect support expense rather than a direct fulfillment of the agency's core arbitration and dispute resolution mandate.",50
ERGP12238749,"CONSTRUCTION OF RURAL ROAD IN YOBE NORTH SENATORIAL DISTRICT
",227002001,INDUSTRIAL ARBITRATION PANEL,,140000000.0,NO,HIGH,Construction of rural roads is infrastructure development work that falls completely outside the Industrial Arbitration Panel's specialized mandate of adjudicating industrial disputes and labor conflicts.,100
ERGP12238821,"CONSTRUCTION OF ROAD AT AYOOLA OGUNFUNWA STREET, GRA, (AREMO AA) SOUTH WEST",227002001,INDUSTRIAL ARBITRATION PANEL,,35000000.0,NO,HIGH,"Road construction is completely outside the Industrial Arbitration Panel's mandate, which is exclusively focused on adjudicating industrial disputes and labor relations matters.",100
ERGP12238946,RECONSTRUCTION AND REHABILITATION OF 1.4KM WITH DRAINAGE SYSTEM OF ABEKOKO RIGHT ROAD TO AGOSI HEALTH CENTER WITH 50 SOLAR LIGHTS IN IFO,227002001,INDUSTRIAL ARBITRATION PANEL,,105000000.0,NO,HIGH,"Road reconstruction, drainage systems, and solar lighting infrastructure projects fall completely outside the Industrial Arbitration Panel's mandate to adjudicate labor disputes and resolve employer-worker conflicts through arbitration.",100
ERGP16189637,SUCCESSION PLANNING/SURVEY FOR PERSONNEL DEVELOPMENT IN IAP: ACCESSING AND VERIFICATION OF PERSONNEL IN ZONAL OFFICES AND HEADQUARTERS.,227002001,INDUSTRIAL ARBITRATION PANEL,,14350000.0,YES,HIGH,Personnel development and verification of staff in zonal offices and headquarters is essential for maintaining qualified arbitrators and administrative staff needed to effectively adjudicate industrial disputes and fulfill the agency's core mandate.,0
ERGP17174794,ESTABLISHMENT OF E-ARBITRATION LIBRARY AND PUBLICATION OF IAP ANNUAL LAW REPORTS.,227002001,INDUSTRIAL ARBITRATION PANEL,,18049761.0,YES,HIGH,Establishing an e-arbitration library and publishing annual law reports directly supports the agency's core function of adjudicating industrial disputes by providing essential legal resources and documentation of arbitration precedents.,0
ERGP17203772,COLLABORATION WITH INTERNATIONAL LABOUR ORGANIZATION (ILO) ON EFFECTIVE ARBITRATION IN NIGERIA,227002001,INDUSTRIAL ARBITRATION PANEL,,24639080.0,YES,HIGH,Collaborating with ILO on effective arbitration directly supports the agency's core mandate to adjudicate industrial disputes through arbitration and aligns with their statutory function to advance industrial harmony and resolve employer-worker conflicts.,0
ERGP22225659,"MANAGING INDUSTRIAL RELATIONS WITH INTERNAL LABOUR/UNION STAKEHOLDERS
",227002001,INDUSTRIAL ARBITRATION PANEL,,10500000.0,YES,HIGH,"Managing industrial relations with internal labour/union stakeholders directly supports the IAP's core mandate to promote industrial harmony, resolve employer-worker conflicts, and maintain peaceful labor relations as specified in their statutory functions.",0
ERGP23238779,"SUPPLY OF FERTILIZERS TO FARMERS IN KOGI STATE
",227002001,INDUSTRIAL ARBITRATION PANEL,,70000000.0,NO,HIGH,"The Industrial Arbitration Panel's mandate is exclusively focused on adjudicating industrial disputes and labor relations, with no authority or responsibility for agricultural activities like fertilizer supply to farmers.",100
ERGP23238782,"SUPPLY OF FURNITURE TO SELECTED SECONDARY SCHOOLS ACROSS THE 34 WARDS OF ANKPA FEDERAL CONSTITUENCY, KOGI STATE",227002001,INDUSTRIAL ARBITRATION PANEL,,70000000.0,NO,HIGH,Supplying furniture to secondary schools is completely outside the Industrial Arbitration Panel's mandate of adjudicating industrial disputes and resolving employer-worker conflicts.,100
ERGP23238794,CONSTRUCTION AND RENOVATION OFSOME SELECTED PRIMARY AND SECONDARY SCHOOLS ACROSS KWARA,227002001,INDUSTRIAL ARBITRATION PANEL,,350000000.0,NO,HIGH,Construction and renovation of primary and secondary schools is an education sector function that falls outside the Industrial Arbitration Panel's specialized mandate of adjudicating industrial disputes between employers and workers.,100
ERGP23238808,"REHABILITATION OF BLOCK OF CLASSROOMS AT OJUWOYE NURSERY AND PRIMARY SCHOOL IN MUSHIN I FEDERAL CONSTITUENCY, LAGOS STATE",227002001,INDUSTRIAL ARBITRATION PANEL,,70000000.0,NO,HIGH,Rehabilitating classrooms at a primary school has no connection to the Industrial Arbitration Panel's mandate of adjudicating industrial disputes and resolving employer-worker conflicts through arbitration.,100
ERGP23238827,"SCHOLARSHIP GRANT TO STUDENTS OF TERTIARY INSTITUTIONS AND SECONDARY SCHOOLS OF APA/AGATU FEDERAL CONSTITUENCY, BENUE STATE.",227002001,INDUSTRIAL ARBITRATION PANEL,,105000000.0,NO,HIGH,Educational scholarships for students in a specific federal constituency fall completely outside the Industrial Arbitration Panel's mandate to adjudicate industrial disputes and resolve employer-worker conflicts.,100
ERGP25238759,CONSTRUCTION OF MODERN SCIENCE LABORATORIES & EQUIPPED WITH LABORATORY EQUIPMENTS AT OYUN LGEA SECONDARY SCHOOL KWARA STATE,227002001,INDUSTRIAL ARBITRATION PANEL,,208374895.0,NO,HIGH,Construction of science laboratories at a secondary school is an educational infrastructure project that has no connection to the Industrial Arbitration Panel's core mandate of adjudicating industrial disputes and resolving employer-worker conflicts.,100
ERGP25238797,"SUPPLY AND INSTALLATION OF HEALTH EQUIPMENT IN STRATEGIC LOCATION OF INDUSTRIAL COMMUNITIES AND ORGANIZATIONS IN ILORIN, KWARA STATE",227002001,INDUSTRIAL ARBITRATION PANEL,,280000000.0,NO,HIGH,"The Industrial Arbitration Panel's mandate is solely focused on adjudicating industrial disputes and labor conflicts, not providing healthcare equipment or medical services to communities.",100
ERGP27225588,"RENOVATION/FURNISHING OF NORTH CENTRAL ZONAL OFFICE, JOS, PLATEAU STATE
",227002001,INDUSTRIAL ARBITRATION PANEL,,35945000.0,YES,HIGH,"Renovating and furnishing a zonal office in Jos directly supports the agency's mandate by providing proper facilities needed to conduct arbitration hearings, examine evidence, and adjudicate industrial disputes in the North Central region.",0
ERGP27225617,"RENOVATION/FURNISHING OF SOUTH-SOUTH ZONAL OFFICE, ASABA DELTA STATE
",227002001,INDUSTRIAL ARBITRATION PANEL,,17885000.0,YES,HIGH,Renovating and furnishing a South-South zonal office in Asaba supports the agency's mandate to adjudicate industrial disputes nationwide by providing proper regional infrastructure for hearings and operations.,0
ERGP27226287,"COMPLETION OF CONSTRUCTION OF SOUTH-EAST ZONAL OFFICE IN UMUAHIA, ABIA STATE",227002001,INDUSTRIAL ARBITRATION PANEL,,35350000.0,YES,HIGH,Constructing a South-East zonal office directly supports the IAP's mandate to adjudicate industrial disputes nationwide by establishing regional presence to serve employers and workers in the South-East geopolitical zone.,0
ERGP27238816,"COMPLETION OF CIVIC CENTRE IN IKOT AKPA EDET NDYIA AND CONSTRUCTION OF CULVERT IN EDEM URUA, IWERE IKONO/INI FEDERAL CONSTITUENCY, AKWA IBOM",227002001,INDUSTRIAL ARBITRATION PANEL,,42000000.0,NO,HIGH,Construction of civic centres and culverts in Akwa Ibom State has no connection to the Industrial Arbitration Panel's specialized mandate of adjudicating industrial disputes and resolving employer-worker conflicts through arbitration.,100
ERGP27238820,"MINI STADIUM KAKWAGOM, BOKI, IKOM/BOKI FED CONST, CROSS RIVER STATE
",227002001,INDUSTRIAL ARBITRATION PANEL,,105000000.0,NO,HIGH,Construction of a mini stadium in Cross River State has no connection to the Industrial Arbitration Panel's mandate of adjudicating industrial disputes and resolving employer-worker conflicts through arbitration.,100
ERGP28238775,"PROVISION OF DRAINAGES IN SELECTED COMMUNITIES ACROSS ANKPA SURBURBS IN ANKPA LOCAL GOVERNMENT AREA, KOGI STATE",227002001,INDUSTRIAL ARBITRATION PANEL,,70000000.0,NO,HIGH,"Providing drainage infrastructure in communities falls under public works and local development, which has no connection to the Industrial Arbitration Panel's mandate of adjudicating industrial disputes and labor relations.",100
ERGP28238837,"DRILLING OF MOTORISED BOREHOLE AT OGBA AYO AREA, OPPOSITE BAKERY IN OKEODE IFELODUN LGA, KWARA STATE.",227002001,INDUSTRIAL ARBITRATION PANEL,,4360747.0,NO,HIGH,Drilling motorised boreholes is infrastructure development work that falls completely outside the Industrial Arbitration Panel's mandate to adjudicate industrial disputes and resolve employer-worker conflicts through arbitration.,100
ERGP29174724,DIGITALISATION OF IAP'S OPERATIONS/PROVISION OF ICT EQUIPMENT FOR BUDGET PREPARATION,227002001,INDUSTRIAL ARBITRATION PANEL,,15402786.0,YES,HIGH,"Digitalizing IAP's operations and providing ICT equipment directly supports the agency's core functions of conducting arbitration hearings, examining evidence, issuing binding awards, and providing expedited dispute resolution services.",0
ERGP29238838,"SUPPLY OF COMPUTERS TO STUDENTS ACROSS ETINAN/NSIT IBOM/NSIT UBIUM FEDERAL CONSTITUENCY, AKWA IBOM STATE",227002001,INDUSTRIAL ARBITRATION PANEL,,18333000.0,NO,HIGH,"The Industrial Arbitration Panel's mandate is specifically to adjudicate industrial disputes and promote labor relations, which has no connection to supplying computers to students in a federal constituency.",100
ERGP29238840,"SUPPLY OF COMPUTERS TO SELECTED STUDENTS IN COMMUNITIES IN BIRNIN KUDU/BUJI, FEDERAL CONSTITUENCY, JIGAWA STATE.",227002001,INDUSTRIAL ARBITRATION PANEL,,6111000.0,NO,HIGH,Supplying computers to students in a specific constituency is an education/community development activity that has no connection to the Industrial Arbitration Panel's mandate of adjudicating industrial disputes and resolving employer-worker conflicts.,100
ERGP30189616,"MONITORING AND EVALUATION OF CAPITAL PROJECTS AND PROGRAMMES, INCLUDING NEEDS/IMPACT ASSESSMENT VISITS TO ZONAL OFFICES.",227002001,INDUSTRIAL ARBITRATION PANEL,,10815000.0,NO,HIGH,"The Industrial Arbitration Panel's mandate is exclusively focused on adjudicating industrial disputes through arbitration, and monitoring/evaluating capital projects falls outside this specialized tribunal function.",100
ERGP30189630,EMPOWERMENT AND DEVELOPMENT PROGRAMME FOR THE PANEL'S STAFF TO BUILD AND EQUIP THEM FOR THE PURPOSE OF ATTAINING THE MANDATE OF THE AGENCY,227002001,INDUSTRIAL ARBITRATION PANEL,,22855000.0,YES,HIGH,"Staff empowerment and development directly supports the agency's core mandate by building capacity needed to effectively adjudicate industrial disputes, conduct hearings, and issue binding awards.",0
ERGP30238742,"GRANT FOR INDEGENT OF YOBE NORTH SENSTORIAL DISTRICT
",227002001,INDUSTRIAL ARBITRATION PANEL,,105000000.0,NO,HIGH,"The Industrial Arbitration Panel's mandate is to adjudicate industrial disputes and promote labor relations, not to provide grants for indigent people in specific senatorial districts, which falls outside their statutory functions entirely.",100
ERGP30238770,"TRAINING OF WOMEN AND YOUTHS IN A SELECTED AREA IN ENUGU EAST SENATORIAL DISTRICT, ENUGU STATE",227002001,INDUSTRIAL ARBITRATION PANEL,,35000000.0,NO,HIGH,Training women and youths in Enugu East Senatorial District is a capacity building/skills development program that falls outside the Industrial Arbitration Panel's specialized mandate of adjudicating industrial disputes and resolving employer-worker conflicts through arbitration.,100
ERGP30238787,PROVISION OF UTILITY VEHICLES (NIGERIAN USED) FOR YOUTHS IN ANKPA LOCAL GOVERNMENT AREA KOGI STATE.,227002001,INDUSTRIAL ARBITRATION PANEL,,70000000.0,NO,HIGH,Providing utility vehicles for youths in a specific local government area has no connection to the Industrial Arbitration Panel's core mandate of adjudicating industrial disputes and resolving employer-worker conflicts through arbitration.,100
ERGP30238803,"SUPPLY OF ELECTRIC TRICYCLE TO YOUTHS IN IDO EKITI
",227002001,INDUSTRIAL ARBITRATION PANEL,,280000000.0,NO,HIGH,Supplying electric tricycles to youths in Ido Ekiti is a youth empowerment/transportation initiative that falls completely outside the Industrial Arbitration Panel's core mandate of adjudicating industrial disputes between employers and workers.,100
ERGP30238814,"SUPPLY OF EMPOWERMENT ITEMS TO YOUTH AND WOMEN IN SELECTED LOCATIONS IN IKONO/INI FEDERAL CONSTITUENCY, AKWA IBOM STATE.",227002001,INDUSTRIAL ARBITRATION PANEL,,140000000.0,NO,HIGH,"The Industrial Arbitration Panel's mandate is specifically to adjudicate industrial disputes and resolve employer-worker conflicts, not to provide empowerment items or conduct development programs for youth and women in specific constituencies.",100
ERGP30238818,"PROVISION OF TRANSFORMATIONAL TRAINING AND EMPOWERMENT TO DEPRIVED PEOPLE IN ENUGU EAST/ISI-UZO FED CONST, ENUGU STATE (MULTILOTS)",227002001,INDUSTRIAL ARBITRATION PANEL,,140000000.0,NO,HIGH,"The Industrial Arbitration Panel's mandate is specifically to adjudicate industrial disputes and promote labor relations harmony, not to provide transformational training and empowerment programs to deprived people in specific constituencies.",100
ERGP30238823,AGRICULTURAL GRANT TO WIDOWS AND PHYSICALLY CHALLENGED IN AKAMKPA/BIASE FED CONST. CROSS RIVER,227002001,INDUSTRIAL ARBITRATION PANEL,,35000000.0,NO,HIGH,"The Industrial Arbitration Panel's mandate is specifically to adjudicate industrial disputes and labor conflicts, not to provide agricultural grants or social welfare assistance to widows and physically challenged individuals.",100
ERGP30238826,"PEACE AND CONFLICT RESOLUTION IN AKAMKPA/BIASE FEDERAL CONSTITUENCY, CROSS RIVER STATE",227002001,INDUSTRIAL ARBITRATION PANEL,,28000000.0,NO,HIGH,"The Industrial Arbitration Panel's mandate is specifically limited to adjudicating industrial disputes between employers and workers, not general peace and conflict resolution in geographical constituencies.",100
ERGP30238830,"SUPPLY OF RICE TO THE PEOPLE OF APA/AGATU FEDERAL CONSTITUENCY, BENUE STATE",227002001,INDUSTRIAL ARBITRATION PANEL,,70000000.0,NO,HIGH,Supplying rice to a specific federal constituency is completely outside the Industrial Arbitration Panel's mandate of adjudicating industrial disputes and labor conflicts.,100
ERGP30238832,"PROVISION OF EMPOWERMENT MATERIALS IN UNGUWAR FULANI, MANA, GIDAN DAHALA IN SOKOTO",227002001,INDUSTRIAL ARBITRATION PANEL,,14605137.0,NO,HIGH,Providing empowerment materials in specific villages in Sokoto falls outside the Industrial Arbitration Panel's specialized mandate of adjudicating industrial disputes between employers and workers through arbitration proceedings.,100
ERGP30238833,"PROVISION OF EMPOWERMENT MATERIALS I.E MOTORCYCLES TO BARIKI AREA IN KOGI
",227002001,INDUSTRIAL ARBITRATION PANEL,,7000000.0,NO,HIGH,Providing motorcycles to a specific geographical area in Kogi State has no connection to the Industrial Arbitration Panel's specialized mandate of adjudicating industrial disputes and resolving employer-worker conflicts through arbitration.,100
ERGP30238834,SUPPLY AND DISTRIBUTION OF EMPLOYMENT MATERIALS I.E (DIGITAL CAMERAS) TO YOUTH IN OTUKPO-ICHO VILLAGE OF OTUKPO LOCAL GOVERNMENT AREA OF BENUE,227002001,INDUSTRIAL ARBITRATION PANEL,,7000000.0,NO,HIGH,"The Industrial Arbitration Panel's mandate is strictly focused on adjudicating industrial disputes and labor arbitration, not on supplying employment materials or youth empowerment programs in local communities.",100
ERGP30238836,SUPPLY OF EMPOWERMENT MATERIAL I.E MOTORCYCLES TO YOUTH AND WOMEN IN UNGUWAR FULANI AND IDDI AREAS OF SOKOTO.,227002001,INDUSTRIAL ARBITRATION PANEL,,7000000.0,NO,HIGH,Supplying motorcycles for youth and women empowerment in specific areas of Sokoto is completely outside the Industrial Arbitration Panel's core mandate of adjudicating industrial disputes and resolving employer-worker conflicts through arbitration.,100
ERGP30238923,"TRAINING AND EMPOWERMENT OF YOUTHS AND WOMEN ON ICT AS A TOOL FOR ECONOMIC EMPOWERMENT IN ENUGU EAST SENATORIAL DISTRICT, ENUGU STATE.",227002001,INDUSTRIAL ARBITRATION PANEL,,70000000.0,NO,HIGH,"The Industrial Arbitration Panel's mandate is specifically to adjudicate industrial disputes and promote labor relations harmony, not to conduct ICT training and empowerment programs for youths and women.",100
ERGP30238924,"SUPPLY OF FERTILIZERS TO FARMERS IN ENUGU EAST SENATORIAL DISTRICT, ENUGU STATE",227002001,INDUSTRIAL ARBITRATION PANEL,,28000000.0,NO,HIGH,Supply of fertilizers to farmers is an agricultural development activity that has no connection to the Industrial Arbitration Panel's mandate of adjudicating industrial disputes between employers and workers.,100
ERGP30238926,"TRAINING AND EMPOWERMENT OF YOUTHS AND WOMEN ON ICT AS A TOOL FOR ECONOMIC EMPOWERMENT IN ENUGU EAST SENATORIAL DISTRICT, ENUGU STATE",227002001,INDUSTRIAL ARBITRATION PANEL,,70000000.0,NO,HIGH,"The Industrial Arbitration Panel's mandate is specifically focused on adjudicating industrial disputes and labor conflicts, not providing ICT training and empowerment programs for youths and women.",100
ERGP30238927,"TRAINING AND EMPOWERMENT OF YOUTHS ON TECHNICAL SKILLS IN ENUGU EAST SENATORIAL DISTRICT, ENUGU STATE",227002001,INDUSTRIAL ARBITRATION PANEL,,35000000.0,NO,HIGH,"The Industrial Arbitration Panel's mandate is specifically to adjudicate industrial disputes and resolve employer-worker conflicts, not to provide youth training or skills development programs in specific geographic locations.",100
ERGP30238929,"SUPPLY OF FARM IMPLEMENTS IN ENUGU EAST SENATORIAL DISTRICT
",227002001,INDUSTRIAL ARBITRATION PANEL,,70000000.0,NO,HIGH,Supply of farm implements is completely unrelated to the Industrial Arbitration Panel's core mandate of adjudicating industrial disputes and labor conflicts between employers and workers.,100
ERGP30238930,"PROVISION OF FOOD GRAINS FOR PEOPLE OF KWARA CENTRAL SENATORIAL DISTRICT
",227002001,INDUSTRIAL ARBITRATION PANEL,,140000000.0,NO,HIGH,Providing food grains to a specific senatorial district is a social welfare/agricultural program that falls completely outside the Industrial Arbitration Panel's specialized mandate of adjudicating industrial disputes between employers and workers.,100
ERGP30238931,PROVISION OF MINI BUSES FOR INDIGENT INDIVIDUALS AND UNEMPLOYED YOUTHS IN BAYELSA EAST SENATORIAL DISTRICT,227002001,INDUSTRIAL ARBITRATION PANEL,,35000000.0,NO,HIGH,Providing mini buses for indigent individuals and unemployed youths in a specific senatorial district is a social welfare program that falls outside the Industrial Arbitration Panel's specialized mandate of adjudicating industrial disputes between employers and workers.,100
ERGP30238932,SUPPLY AND EMPOWERMENT OF INDIGENES IN KWARA SOUTH SENATORIAL DISTRICT WITH ENTREPRENEURSHIP ITEMS,227002001,INDUSTRIAL ARBITRATION PANEL,,175000000.0,NO,HIGH,"The Industrial Arbitration Panel's mandate is specifically limited to adjudicating industrial disputes and labor conflicts, not providing entrepreneurship supplies or empowerment programs to specific geographic constituencies.",100
ERGP30238933,SUPPLY AND EQUIPPING OF SKILL ACQUISITION CENTRES IN KWARA SOUTH WITH STATE-OF- THE-ART EQUIPMENT FOR TECHNICAL AND ARTISANAL TRAINING,227002001,INDUSTRIAL ARBITRATION PANEL,,175000000.0,NO,HIGH,"The Industrial Arbitration Panel's mandate is specifically to adjudicate industrial disputes and promote labor relations harmony, not to supply equipment or operate skill acquisition centers for technical training.",100
ERGP30238934,FABRICATION AND EQUIPPING OF LECTURE HALL FOR SELECTED TERTIARY INSTITUTIONS IN SOUTHERN STATES (LOT 1-5),227002001,INDUSTRIAL ARBITRATION PANEL,,1750000000.0,NO,HIGH,Fabricating and equipping lecture halls for tertiary institutions is an educational infrastructure project that falls completely outside the Industrial Arbitration Panel's mandate of adjudicating industrial disputes and resolving employer-worker conflicts.,100
ERGP30238936,"DISTRIBUTION OF EMPOWERMENT ITEMS TO ARTISANS IN ODI-OLOWO/ OJUWOYE COMMUNITIES, MUSHIN1 FEDERAL CONSTITUENCY",227002001,INDUSTRIAL ARBITRATION PANEL,,140000000.0,NO,HIGH,"The Industrial Arbitration Panel's mandate is specifically to adjudicate industrial disputes through arbitration and promote labor relations, not to distribute empowerment items or engage in community development activities.",100
ERGP30238937,SUPPLY OF EMPOWERMENT MATERIALS FOR AGED MEN AND WOMEN IN BAYELSA EAST SENATORIAL DISTRICT,227002001,INDUSTRIAL ARBITRATION PANEL,,35000000.0,NO,HIGH,"The Industrial Arbitration Panel's mandate is specifically to adjudicate industrial disputes and promote labor relations, not to provide empowerment materials or social welfare services to elderly citizens in specific senatorial districts.",100
ERGP30238944,TRAINING AND EMPOWERMENT OF YOUTHS AND WIDOWS ON CATERING AND SEWING BUSINESS IN AMUWO ODOFIN FEDERAL CONSTITUENCY,227002001,INDUSTRIAL ARBITRATION PANEL,,70000000.0,NO,HIGH,Training youths and widows in catering and sewing businesses is a vocational skills development program that falls outside the Industrial Arbitration Panel's specialized mandate of adjudicating industrial disputes between employers and workers through arbitration.,100
ERGP3114910,ARBITRATION AND QUASI JUDICIAL FUNCTIONS : INTERFACE WITH STAKEHOLDERS DISPUTANTS AND INTERNATIONAL COLLABORATION.,227002001,INDUSTRIAL ARBITRATION PANEL,,28554728.0,YES,HIGH,This budget item directly supports the agency's core mandate to adjudicate industrial disputes through arbitration while enabling necessary stakeholder engagement and international best practice collaboration for effective dispute resolution.,0
ERGP16234094,CAPACITY BUILDING FOR ORGANISED LABOUR LEADDER ON THE PRESIDENT 8 POINT AGENDA IN 6 GEO POLITICAL ZONES,227003001,MICHAEL IMODU INSTITUTE OF LABOUR STUDIES,,28000000.0,YES,HIGH,"This budget item directly aligns with the agency's core mandate to provide specialized training for trade union leaders and organized labour, which falls under statutory functions (b) and (c) for training trade union leaders and labor organizers.",0
ERGP23229908,CONTINUATION/COMPLETION OF CONSTRUCTION OF NEW ADMINISTRATIVE/RECEPTION BLOCK,227003001,MICHAEL IMODU INSTITUTE OF LABOUR STUDIES,,119000000.0,YES,HIGH,"Construction of administrative and reception facilities is necessary infrastructure to support the institute's core functions of providing labor education, training, and research services.",0
ERGP23229911,"CONTINUATION OF REHABILITATION OF HOSTELS INCLUDING CHANGING OF DILAPIDATED DOORS AND WINDOWS, PAINTING OF INTERNAL AND EXTERNAL WALL",227003001,MICHAEL IMODU INSTITUTE OF LABOUR STUDIES,,49000000.0,YES,HIGH,"Rehabilitating hostels directly supports the institute's core mandate to provide residential training facilities for trade union leaders, labor officials, and other participants in their specialized labor education and capacity building programs.",0
ERGP23229916,PURCHASE OF 24 SEATER BUS AND REFURBISHING OF DILAPIDATED MOTOR VEHICLES FOR ROAD WORTHINESS,227003001,MICHAEL IMODU INSTITUTE OF LABOUR STUDIES,,101500000.0,PARTIAL,MEDIUM,"While transportation vehicles could support the institute's training and outreach activities to various locations for labor education programs, the budget item lacks clear connection to the core educational and research mandate and may be better justified with specific program delivery requirements.",50
ERGP23229946,"FURNISHING AND EQUIPPING OF NEWLY COMPLETED U-SHAPE OFFICE BUILDING WITH AIR CONDITIONS, WINDOW BLINDS, NET, CEILING FANS AND OFFICE FURNITURE",227003001,MICHAEL IMODU INSTITUTE OF LABOUR STUDIES,,22400000.0,YES,HIGH,"Furnishing and equipping office buildings is essential infrastructure needed to carry out the agency's core functions of providing labor education, training, and research services.",0
ERGP23229985,"PROCUREMENT PROCESSES, MONITORING & EVALUATION OF PROJECTS
",227003001,MICHAEL IMODU INSTITUTE OF LABOUR STUDIES,,12600000.0,PARTIAL,MEDIUM,"While procurement processes and project monitoring are necessary administrative functions for any government agency, this budget item does not directly relate to the institute's core mandate of labor education, training, and research, though it may support these activities indirectly.",50
ERGP23229992,"RECONSTRUCTION OF TEN OF 3-IN-1 CAR PARKS, THREE OF 2-IN-1 CAR PARKS
",227003001,MICHAEL IMODU INSTITUTE OF LABOUR STUDIES,,23100000.0,NO,HIGH,"Construction of car parks is not related to the agency's core mandate of providing labor education, training trade unionists, conducting labor research, and building industrial relations capacity.",100
ERGP23238957,"SUPPLY OF BRANDED TEXTBOOKS, EXERCISE BOOKS, AND EDUCATIONAL CHARTS TO SELECTED SCHOOLS OF PLATEAU CENTRAL SENATORIAL DISTRICT",227003001,MICHAEL IMODU INSTITUTE OF LABOUR STUDIES,,91000000.0,NO,HIGH,"The budget item involves supplying educational materials to general schools in a specific senatorial district, which falls outside the agency's specialized mandate of providing labor education, trade union training, and industrial relations research.",100
ERGP23238966,"CONSTRUCTION OF BLOCK OF CLASSROOM IN OPI AGU SCHOOL ,NSUKKA LGA
",227003001,MICHAEL IMODU INSTITUTE OF LABOUR STUDIES,,350000000.0,NO,HIGH,"The construction of a classroom block in a local school in Nsukka LGA does not align with the Michael Imodu Institute of Labour Studies' specific mandate to provide labor education, industrial relations training, and trade union capacity building.",100
ERGP23238971,"FABRICATION AND EQUPPING OF BLOCK OF CLASSROOM IN OPI AGU SCHOOL , NSUKKA LGA",227003001,MICHAEL IMODU INSTITUTE OF LABOUR STUDIES,,210000000.0,NO,HIGH,"The budget item involves fabricating and equipping a classroom block in a school in Nsukka LGA, which falls outside the agency's mandate of providing labor education, training trade unionists, and conducting labor research.",100
ERGP23238979,"CONSTRUCTION OF BLOCKS OF CLASSROOMS, BOREHOLE AND LANDSCAPING IN A SELECTED RURAL FARMING COMMUNITY IN SOUTH WEST GEO POLITICAL ZONE. LOT",227003001,MICHAEL IMODU INSTITUTE OF LABOUR STUDIES,,1050000000.0,NO,HIGH,"Construction of classrooms, boreholes and landscaping in rural farming communities falls outside the agency's core mandate of labor education, trade union training, and industrial relations research.",100
ERGP23238982,"FABRICATION, FURNISHING AND EQUIPPING OF BLOCKS OF CLASSROOMS IN RURAL FARMING COMMUNITY IN SOUTH WEST STATE. LOT (1-3)",227003001,MICHAEL IMODU INSTITUTE OF LABOUR STUDIES,,630000000.0,NO,HIGH,"The budget item focuses on rural farming community classroom infrastructure which falls outside the agency's specific mandate of labor education, trade union training, and industrial relations research.",100
ERGP26229999,"RENOVATION OF RECREATION CENTRE AND PURCHASE OF SPORT EQUIPMENT
",227003001,MICHAEL IMODU INSTITUTE OF LABOUR STUDIES,,7000000.0,PARTIAL,MEDIUM,"While recreation facilities are not explicitly mentioned in the core labor education mandate, they could reasonably support staff welfare and training programs at the institute, though this represents a tangential rather than direct alignment with the agency's primary functions.",50
ERGP27234092,"RECONSTRUCTION OF PERIMETER FENCING OF THE INSTITUTE
",227003001,MICHAEL IMODU INSTITUTE OF LABOUR STUDIES,,210000000.0,YES,HIGH,"Reconstructing perimeter fencing is necessary infrastructure maintenance to secure the institute's facilities where labor education, training programs, and research activities are conducted.",0
ERGP27234093,"COMPLETE REROOFING OF INSTITUTE AUDITORIUM
",227003001,MICHAEL IMODU INSTITUTE OF LABOUR STUDIES,,175000000.0,YES,HIGH,"Reroofing the institute auditorium is necessary infrastructure maintenance that directly supports the agency's core training and education functions by ensuring proper facilities for labor studies programs, workshops, and conferences.",0
ERGP27238960,CONSTRUCTION OF ULTRA MODERN MARKETS IN VARIOUS COMMUNITIES OF SOUTH SOUTH STATE(LOT 1-5),227003001,MICHAEL IMODU INSTITUTE OF LABOUR STUDIES,,1750000000.0,NO,HIGH,"Construction of markets is completely outside the mandate of a labor studies institute focused on trade union training, industrial relations education, and labor research.",100
ERGP27238976,CONSTRUCTION OF AFFORDABLE HOUSING SCHEME FOR LOW INCOME EARNERS IN SELECTED LOCATIONS OF SIX GEO-POLITICAL ZONES OF THE FEDERATION (LOT 1-10),227003001,MICHAEL IMODU INSTITUTE OF LABOUR STUDIES,,3500000000.0,NO,HIGH,"Construction of affordable housing schemes is completely outside the mandate of a labor studies and industrial relations training institute, which focuses on labor education, trade union training, and employment research rather than housing development.",100
ERGP28238953,PROVISION OF FERTILIZER PUMPING MACHINE AND GRANTS TO FARMER GROUPS TO BOOST FOOD PRODUCTION IN EKITI/IREPODUN/ISIN/OKE - ERO FEDERAL,227003001,MICHAEL IMODU INSTITUTE OF LABOUR STUDIES,,70000000.0,NO,HIGH,"The provision of fertilizer pumping machines and grants to farmer groups for agricultural production has no connection to the Michael Imodu Institute of Labour Studies' mandate of labor education, trade union training, and industrial relations research.",100
ERGP29229968,DIGITALIZATION AND COMPUTERIZATION OF FINANCE AND ACCOUNTS DEPARTMENT AND TRAINING OF USERS FOR EFFECTIVE SERVICE DELIVERY,227003001,MICHAEL IMODU INSTITUTE OF LABOUR STUDIES,,24500000.0,PARTIAL,MEDIUM,"While digitalization of finance and accounts is primarily an administrative function outside the core labor education mandate, the training component for effective service delivery aligns with the institute's broader training and capacity building functions.",50
ERGP30229922,PARTICIPATION OF APPROVED STAKEHOLDER(S) IN THE SESSION OF INTERNATIONAL LABOUR ORGANIZATION (ILO) AND INTERNATIONAL LABOUR CONFERENCE (ILC) IN,227003001,MICHAEL IMODU INSTITUTE OF LABOUR STUDIES,,70000000.0,YES,HIGH,"The agency's mandate explicitly includes collaborating with ILO on labor education programs and engaging international labor education institutions, making ILO/ILC participation directly aligned with its statutory functions.",0
ERGP30229941,"ACQUISITION OF 20 MODERN LAPTOPS, 10 TABLETS 7 PRINTERS AND OTHER OFFICE EQUIPMENTS",227003001,MICHAEL IMODU INSTITUTE OF LABOUR STUDIES,,21000000.0,YES,HIGH,"Modern laptops, tablets, printers and office equipment are essential tools for delivering the institute's training programs, conducting labor research, and supporting educational activities for trade unionists and industrial relations practitioners.",0
ERGP30229954,CAPACITY BUILDING AND ENHANCEMENT OF STAFF ON THE JOB AND NEW INNOVATION IN PUBLIC SERVICE FOR EFFECTIVE AND EFFICIENT PERFORMANCE,227003001,MICHAEL IMODU INSTITUTE OF LABOUR STUDIES,,101882348.0,YES,HIGH,"Capacity building and staff enhancement directly aligns with the Institute's core mandate to provide specialized training in labor studies, industrial relations, and capacity building for labor practitioners and government officials.",0
ERGP30229964,"RENEWAL OF MOU WITH AFFILIATED INSTITUTION, MATRICULATION OF NEW INTAKES ND AND BSC PROGRAM. GRADUATION CEREMONY OF FINAL YEAR STUDENTS AND",227003001,MICHAEL IMODU INSTITUTE OF LABOUR STUDIES,,17500000.0,YES,HIGH,"The budget item directly supports the agency's statutory functions of offering certificate and diploma programs in labor studies, providing continuing education for labor practitioners, and collaborating with affiliated institutions as part of its core educational mandate.",0
ERGP30229975,"ANNUAL NATIONAL STAKEHOLDERS LABOUR SUMMIT
",227003001,MICHAEL IMODU INSTITUTE OF LABOUR STUDIES,,56000000.0,YES,HIGH,"The Annual National Stakeholders Labour Summit directly aligns with the agency's mandate to advance industrial harmony, coordinate with labor stakeholders like NLC and TUC, and facilitate dialogue between employers, workers, and government officials in industrial relations.",0
ERGP30238955,SUPPLY OF GRAINS TO SELECTED SPECIAL SCHOOLS - PHYSICALLY CHALLENGED IN PLATEAU CENTRAL AND JOS,227003001,MICHAEL IMODU INSTITUTE OF LABOUR STUDIES,,35000000.0,NO,HIGH,"Supplying grains to special schools for physically challenged students is completely outside the mandate of a labor studies institute focused on trade union training, industrial relations education, and labor research.",100
ERGP30238989,"PROVISION OF SKILL ACQUISITION EQUIPMENTS TO DIYO SKILLS ACQUISITION CENTRES AT IDI-ISI ILORIN, KWARA STATE.",227003001,MICHAEL IMODU INSTITUTE OF LABOUR STUDIES,,70000000.0,NO,HIGH,"The budget item focuses on general skill acquisition equipment for a specific local center, which falls outside the agency's specialized mandate of labor education, trade union training, and industrial relations research.",100
ERGP8229931,CONTINUATION OF TRAINING OF YOUTHS ON SKILL ACQUISITION ON VARIOUS TRADES AND EMPOWERMENT FOR SELF-SUSTAINABILITY,227003001,MICHAEL IMODU INSTITUTE OF LABOUR STUDIES,,56000000.0,PARTIAL,MEDIUM,"While the institute provides labor education and training, this general youth skills acquisition program falls outside its core mandate of specialized labor studies, trade union training, and industrial relations education.",50
ERGP10240782,CONSTRUCTION AND INSTALLATION OF SOLAR STREET LIGHT IN AKURE NORTH LOCAL GOVERNMENT OF ONDO STATE,232001001,MINISTRY OF PETROLEUM RESOURCES HQTRS,,21000000.0,NO,HIGH,"Solar street light installation in a local government area falls outside the Ministry of Petroleum Resources' core mandate of regulating oil and gas industry, managing petroleum revenues, and overseeing hydrocarbon resources.",100
ERGP1247791,ACCELERATING THE DECADE OF GAS POLICY INITIATIVES: DOMESTIC GAS MARKET DEEPENING,232001001,MINISTRY OF PETROLEUM RESOURCES HQTRS,,400000000.0,YES,HIGH,"This budget item directly aligns with the Ministry's statutory function (e) to manage natural gas sector development and gas-to-power programs, as well as their core mandate to ensure optimal exploitation of Nigeria's hydrocarbon resources including gas market development.",0
ERGP14247789,PETROLEUM INDUSTRY-WIDE CONSULTATIVE AND STAKEHOLDERS MANAGEMENT PROGRAMMES,232001001,MINISTRY OF PETROLEUM RESOURCES HQTRS,,400000000.0,YES,HIGH,"Petroleum industry-wide consultative and stakeholders management programmes directly align with the Ministry's core mandate to formulate petroleum policies, coordinate industry operations, and manage relationships with oil companies, regulatory bodies, and other stakeholders across Nigeria's petroleum sector.",0
ERGP14247792,"AUTOMATION OF ECM
",232001001,MINISTRY OF PETROLEUM RESOURCES HQTRS,,400000000.0,PARTIAL,MEDIUM,"While ""Automation of ECM"" (Enterprise Content Management) could support the Ministry's regulatory and administrative functions in managing petroleum sector documentation and workflows, it is not explicitly within their core petroleum policy and industry oversight mandate.",50
ERGP14247793,"STAFF WELFARE
",232001001,MINISTRY OF PETROLEUM RESOURCES HQTRS,,300000000.0,YES,HIGH,Staff welfare is a standard administrative function necessary for the Ministry to maintain personnel capable of executing its petroleum sector oversight and regulatory mandate.,0
ERGP17178725,"CONSULTANCY FOR LEGAL SERVICES AND LITIGATION
",232001001,MINISTRY OF PETROLEUM RESOURCES HQTRS,,17798690.0,YES,HIGH,"Legal services and litigation consultancy directly supports the Ministry's core functions of negotiating petroleum contracts, regulatory enforcement, policy implementation, and addressing complex legal issues in oil and gas operations.",0
ERGP2100893,"IMPLEMENTATION OF NEW GAS POLICY
",232001001,MINISTRY OF PETROLEUM RESOURCES HQTRS,,7217473.0,YES,HIGH,Implementation of new gas policy directly aligns with the Ministry's core mandate to formulate national petroleum policies and manage natural gas sector development as specified in statutory functions (a) and (e).,0
ERGP2100903,"OIL AND GAS SECTOR REFORMS
",232001001,MINISTRY OF PETROLEUM RESOURCES HQTRS,,8554780.0,YES,HIGH,"Oil and gas sector reforms directly align with the Ministry's core mandate to formulate petroleum policies, implement the Petroleum Industry Act, and coordinate petroleum sector optimization and reforms.",0
ERGP2104814,DEVELOPMENT OF CRITICAL MANAGERIAL COMPETENCIES THROUGH PERFORMANCE ENHANCEMENT WORKSHOP FOR THE OIL AND GAS SECTOR,232001001,MINISTRY OF PETROLEUM RESOURCES HQTRS,,28358070.0,YES,HIGH,"Developing managerial competencies for oil and gas sector personnel directly supports the Ministry's core mandate to optimize petroleum sector performance, supervise NNPC operations, and ensure effective exploitation of hydrocarbon resources.",0
ERGP2105025,"NATIONAL OIL AND GAS PRODUCTION ECONOMIC MODEL
",232001001,MINISTRY OF PETROLEUM RESOURCES HQTRS,,3653195.0,YES,HIGH,"Developing a national oil and gas production economic model directly aligns with the Ministry's core mandate to formulate petroleum policies, optimize petroleum sector operations, and manage Nigeria's hydrocarbon resources for revenue generation.",0
ERGP2158333,"PUBLIC PRIVATE PARTNERSHIP (PPP) PROJECT INITIATIVE
",232001001,MINISTRY OF PETROLEUM RESOURCES HQTRS,,4606595.0,PARTIAL,MEDIUM,"While PPP projects could be relevant for petroleum infrastructure development like refineries or gas facilities, the generic nature of this budget line without petroleum-specific context makes it only partially aligned with the Ministry's core oil and gas mandate.",50
ERGP2175069,"NATIONAL GAS EXPANSION PROGRAMME
",232001001,MINISTRY OF PETROLEUM RESOURCES HQTRS,,7308553.0,YES,HIGH,The National Gas Expansion Programme directly aligns with the Ministry's statutory function to manage natural gas sector development and gas-to-power programs as specified in function (e).,0
ERGP2175082,"EMISSION REDUCTION PROGRAMME: GREEN BOND ISSUANCE
",232001001,MINISTRY OF PETROLEUM RESOURCES HQTRS,,3971800.0,PARTIAL,MEDIUM,"While emission reduction relates to environmental remediation in oil-producing areas within the ministry's mandate, green bond issuance is primarily a financial instrument that may fall outside the core petroleum sector regulatory functions.",50
ERGP2175094,"MODULAR REFINERY DEVELOPMENT PROGRAMME
",232001001,MINISTRY OF PETROLEUM RESOURCES HQTRS,,7016748.0,YES,HIGH,Modular refinery development directly aligns with the ministry's statutory function to oversee refineries rehabilitation and new refineries development as part of downstream petroleum operations.,0
ERGP2175995,"COMMERCIALIZATION AND LIBERALIZATION PROGRAMME FOR DOWNSTREAM SECTOR
",232001001,MINISTRY OF PETROLEUM RESOURCES HQTRS,,10796737.0,YES,HIGH,"The commercialization and liberalization programme for downstream sector directly aligns with the ministry's statutory function to oversee downstream petroleum refining, distribution and marketing, and coordinate Petroleum Industry Act implementation and reforms.",0
ERGP2193757,"NIGERIAN OIL AND GAS INFRASTRUCTURE REBIRTH AND ASSET MANAGEMENT
",232001001,MINISTRY OF PETROLEUM RESOURCES HQTRS,,7489748.0,YES,HIGH,"This budget item directly aligns with the ministry's core mandate to manage petroleum assets, oversee NNPC operations, supervise refineries rehabilitation, and ensure optimal exploitation of Nigeria's hydrocarbon resources through infrastructure development and asset management.",0
ERGP2193775,DEVELOPMENT OF OIL AND GAS PETROCHEMICAL COMPONENT OF THE NATIONAL INTEGRATED INFRASTRUCTURE MASTER PLAN (NIIMP)-DOWNSTREAM,232001001,MINISTRY OF PETROLEUM RESOURCES HQTRS,,6095271.0,YES,HIGH,"This budget item directly aligns with the Ministry's statutory functions to oversee downstream petroleum operations, manage natural gas sector development, and coordinate petroleum industry infrastructure development as part of their core mandate to optimize Nigeria's hydrocarbon resources.",0
ERGP2193782,"ORGANIZATION OF ANNUAL NATIONAL COUNCIL ON HYDROCARBON (NCH)
",232001001,MINISTRY OF PETROLEUM RESOURCES HQTRS,,5214692.0,YES,HIGH,Organizing the Annual National Council on Hydrocarbon directly aligns with the Ministry's core mandate to formulate national petroleum policies and coordinate hydrocarbon resource management across Nigeria's oil and gas sector.,0
ERGP2193787,"STABILIZATION OF PEACE AND POLITY IN THE NIGER DELTA
",232001001,MINISTRY OF PETROLEUM RESOURCES HQTRS,,3271800.0,PARTIAL,MEDIUM,"While the Ministry has mandate to manage environmental remediation in oil-producing Niger Delta areas, ""stabilization of peace and polity"" appears more aligned with security/political affairs rather than petroleum sector regulation and resource management.",50
ERGP2212988,"DEVELOPMENT OF NATIONAL STRATEGY ON ACREAGE MANAGEMENT
",232001001,MINISTRY OF PETROLEUM RESOURCES HQTRS,,2343668.0,YES,HIGH,"Development of national strategy on acreage management directly aligns with the ministry's statutory functions to allocate oil blocks for exploration and production, issue petroleum licenses, and formulate national petroleum policies.",0
ERGP2212993,"NATIONAL STRATEGIC HYDROCARBON RESERVE PROJECTS
",232001001,MINISTRY OF PETROLEUM RESOURCES HQTRS,,3743663.0,YES,HIGH,"Strategic hydrocarbon reserve projects directly align with the ministry's core mandate to manage petroleum assets, ensure energy security, and optimize Nigeria's hydrocarbon resources exploitation.",0
ERGP2212996,COMPLIANCE ANNUAL COMPLIANCE AUDIT OF JOINT OPERATING AGREEMENTS (JOA'S) AND PRODUCTION SHARING CONTROLS,232001001,MINISTRY OF PETROLEUM RESOURCES HQTRS,,5843668.0,YES,HIGH,"Annual compliance audits of Joint Operating Agreements and Production Sharing Contracts directly align with the Ministry's statutory functions to negotiate PSCs with international oil companies, supervise NNPC operations, and coordinate petroleum revenue collection and management.",0
ERGP2212998,"REVIEW OF PETROLEUM INDUSTRY ACT (PIA)
",232001001,MINISTRY OF PETROLEUM RESOURCES HQTRS,,14336679.0,YES,HIGH,"Reviewing the Petroleum Industry Act directly falls under the Ministry's statutory function (k) to coordinate Petroleum Industry Act implementation and reforms, which is central to their mandate of formulating petroleum policies and regulations.",0
ERGP2213001,"TAKE-OFF GRANT/FUNDING OF MINISTRY OF PETROLEUM INCORPORATED (MoPI)
",232001001,MINISTRY OF PETROLEUM RESOURCES HQTRS,,133075131.0,YES,HIGH,"The take-off grant for Ministry of Petroleum Incorporated (MoPI) directly aligns with the ministry's core mandate to manage petroleum sector operations and supervise petroleum assets, as this appears to be funding for establishing or operationalizing a petroleum-related entity under the ministry's oversight.",0
ERGP2213002,"MPR MINITERIAL RETREAT
",232001001,MINISTRY OF PETROLEUM RESOURCES HQTRS,,22724366.0,YES,HIGH,"Ministerial retreats are essential administrative activities for strategic planning, policy formulation, and coordination of the Ministry's petroleum sector oversight responsibilities.",0
ERGP2213004,"GEO-MAPPING OF OIL AND GAS RESERVE
",232001001,MINISTRY OF PETROLEUM RESOURCES HQTRS,,39173369.0,YES,HIGH,"Geo-mapping of oil and gas reserves directly supports the ministry's core mandate to regulate upstream oil exploration and production activities, allocate oil blocks, and ensure optimal exploitation of Nigeria's hydrocarbon resources.",0
ERGP2213005,"FEASIBILITY STUDY FOR NATIONAL OIL AND GAS INFRASTRUCTURE
",232001001,MINISTRY OF PETROLEUM RESOURCES HQTRS,,35155027.0,YES,HIGH,"Conducting feasibility studies for national oil and gas infrastructure directly supports the Ministry's core mandate to optimize petroleum sector development, oversee upstream and downstream operations, and manage Nigeria's hydrocarbon resources.",0
ERGP2213007,"AUDIT OF NATIONAL OIL AND GAS ASSET (MoPI)
",232001001,MINISTRY OF PETROLEUM RESOURCES HQTRS,,21336685.0,YES,HIGH,"Auditing national oil and gas assets directly falls within the Ministry's core mandate to supervise NNPC Ltd operations, manage petroleum assets, and ensure optimal exploitation of Nigeria's hydrocarbon resources.",0
ERGP2213009,"NIGERIA OIL AND GAS INVESTMENT CATALOGUE/COMPENDIUM
",232001001,MINISTRY OF PETROLEUM RESOURCES HQTRS,,21336679.0,YES,HIGH,"Creating an oil and gas investment catalogue/compendium directly supports the ministry's statutory functions of attracting investment, allocating oil blocks, negotiating contracts with international companies, and promoting optimal exploitation of Nigeria's hydrocarbon resources.",0
ERGP2213015,"STUDY OF COMPARATIVE ADVANTAGES OF CNG,LPG, NLG, & CLNG FOR SUSTAINABLE TRANSITION",232001001,MINISTRY OF PETROLEUM RESOURCES HQTRS,,11718336.0,YES,HIGH,"This study directly aligns with the ministry's mandate to manage natural gas sector development, formulate petroleum policies, and oversee energy transition initiatives as part of optimizing Nigeria's hydrocarbon resources.",0
ERGP2213016,"ESTABLISHMENT AND MAINTENANCE OF MPR INVENTORY MANAGEMENT SYSTEM
",232001001,MINISTRY OF PETROLEUM RESOURCES HQTRS,,5843663.0,YES,HIGH,"Establishing and maintaining an inventory management system is essential for the Ministry to effectively supervise NNPC operations, manage petroleum assets, track oil and gas resources, and fulfill its core mandate of ensuring optimal exploitation of Nigeria's hydrocarbon resources.",0
ERGP2225806,DEVELOPMENT OF RESEARCH PROGRAMMES ON EMERGING TECHNOLOGIES AND ENVIROMENTAL IMPACTS IN OIL AND GAS SECTOR,232001001,MINISTRY OF PETROLEUM RESOURCES HQTRS,,14000000.0,YES,HIGH,"Research on emerging technologies and environmental impacts in oil and gas directly supports the Ministry's mandate to formulate petroleum policies, regulate the industry, and manage environmental remediation in oil-producing areas.",0
ERGP2231291,"HYDROGEN ENERGY DEVELOPMENT INITIATIVE (HEDI)
",232001001,MINISTRY OF PETROLEUM RESOURCES HQTRS,,14000000.0,PARTIAL,MEDIUM,"While hydrogen energy development relates to the ministry's gas sector management and energy diversification responsibilities, it represents an emerging technology area not explicitly covered in the traditional petroleum-focused mandate.",50
ERGP29137932,MPR COMMUNICATION AND PUBLICITY MANAGEMENT,232001001,MINISTRY OF PETROLEUM RESOURCES HQTRS,,5776400.0,YES,HIGH,"Communication and publicity management is essential for the Ministry to inform stakeholders about petroleum policies, regulations, industry developments, and public awareness campaigns related to Nigeria's oil and gas sector.",0
ERGP29213019,"AUTOMATION AND DIGITALIAZATION OF PMS, ECM,ETC.",232001001,MINISTRY OF PETROLEUM RESOURCES HQTRS,,21305676.0,YES,HIGH,"Automation and digitalization of PMS (Premium Motor Spirit) and ECM systems directly supports the Ministry's mandate to oversee downstream petroleum distribution, regulate pricing, and modernize operations to combat oil theft and improve revenue management.",0
ERGP30158329,COORDINATION OF RESEARCH AND DEVELOPMENT PROGRAMMES IN THE OIL AND GAS INDUSTRY,232001001,MINISTRY OF PETROLEUM RESOURCES HQTRS,,18018336.0,YES,HIGH,"Research and development coordination in the oil and gas industry directly supports the Ministry's core mandate to formulate petroleum policies, optimize petroleum sector operations, and ensure optimal exploitation of Nigeria's hydrocarbon resources.",0
ERGP30175922,IMPLEMENTATION AND COORDINATION OF PUBLIC SERVICE REFORM,232001001,MINISTRY OF PETROLEUM RESOURCES HQTRS,,3561691.0,NO,HIGH,"Public service reform implementation and coordination is not within the Ministry of Petroleum Resources' statutory mandate, which is specifically focused on petroleum policy, oil and gas industry regulation, and hydrocarbon resource management.",100
ERGP30206726,AUTOMATION OF MPR FINANCE AND ACCOUNTS PAYMENT MANAGEMENT SYSTEM,232001001,MINISTRY OF PETROLEUM RESOURCES HQTRS,,21959171.0,YES,HIGH,"Automating the Ministry's finance and accounts payment management system is a necessary administrative function that supports the Ministry's ability to effectively manage petroleum revenues, coordinate with the Ministry of Finance, and execute its core petroleum sector oversight responsibilities.",0
ERGP30206750,IMPLEMENTATION OF GENERALLY ACCEPTED AUDIT STANDARDS (GAAS) IN PETROLEUM INDUSTRY DEVELOPMENT PROGRAMMES,232001001,MINISTRY OF PETROLEUM RESOURCES HQTRS,,3971828.0,PARTIAL,MEDIUM,"While the Ministry oversees petroleum industry development programmes which could benefit from audit standards, implementing Generally Accepted Audit Standards appears to be primarily an accounting/auditing function that falls outside their core petroleum policy and regulatory mandate.",50
ERGP30240771,STAKEHOLDERS ENGAGEMENT ON THE IMPLEMENTATION OF PIA,232001001,MINISTRY OF PETROLEUM RESOURCES HQTRS,,31620400.0,YES,HIGH,Stakeholder engagement on PIA implementation directly aligns with the ministry's statutory function (k) to coordinate Petroleum Industry Act implementation and reforms.,0
ERGP7100922,PROJECT MONITORING AND EVALUATION,232001001,MINISTRY OF PETROLEUM RESOURCES HQTRS,,31526831.0,YES,HIGH,"Project monitoring and evaluation is essential for the Ministry to oversee implementation of petroleum policies, track NNPC operations, assess oil and gas projects, and ensure effective management of Nigeria's hydrocarbon resources across all statutory functions.",0
ERGP7225712,UPGRADING OF MPR PROCUREMENT INFORMATION MANAGEMENT SYSTEM (PIMS),232001001,MINISTRY OF PETROLEUM RESOURCES HQTRS,,21291480.0,YES,HIGH,"Upgrading procurement information management systems directly supports the Ministry's core operational functions of supervising NNPC operations, managing petroleum assets, and overseeing the complex procurement processes required for oil and gas industry regulation and development.",0
ERGP7231418,IMPLEMENTATION OF GENERALLY ACCEPTED FINANCIAL MANAGEMENT STANDARDS IN OIL AND GAS SECTOR PROGRAMMES,232001001,MINISTRY OF PETROLEUM RESOURCES HQTRS,,14000000.0,YES,HIGH,"This budget item directly aligns with the Ministry's mandate to supervise NNPC operations, coordinate petroleum revenue collection and management, and oversee petroleum sector reforms including proper financial governance of oil and gas resources.",0
ERGP9100928,"STATUTORY CONTRIBUTIONS TO INTERNATIONAL ENERGY ORGANISATIONS (APPO, OPEC, IEF, GECF)",232001001,MINISTRY OF PETROLEUM RESOURCES HQTRS,,7525322.0,YES,HIGH,The Ministry of Petroleum Resources has explicit statutory responsibility to manage Nigeria's OPEC participation and these international energy organization memberships directly support its mandate to formulate petroleum policies and coordinate Nigeria's role in global energy governance.,0
ERGP9177735,INTERNATIONAL ENERGY ORGANISATION PROGRAMMES,232001001,MINISTRY OF PETROLEUM RESOURCES HQTRS,,17631964.0,YES,HIGH,"International energy organisation programmes directly support the Ministry's mandate to manage Nigeria's OPEC participation, coordinate international petroleum partnerships, and formulate national petroleum policies through global energy cooperation.",0
ERGP30226597,"PURCHASE OF OFFICE EQUIPMENT
",233006001,"METALLURGICAL TRAINING INSTITUTE, ONITSHA",,23799416.0,YES,HIGH,"Office equipment is necessary for the administrative functions required to operate a training institute, including student records management, curriculum development, and coordination with steel companies and technical colleges as specified in the agency's mandate.",0
ERGP30226798,"AUTOMATION OF PAYMENT PROCESSES FOR ENHANCED EFFICIENCY, TRANSPARENCY AND ACCOUNTABILITY",233006001,"METALLURGICAL TRAINING INSTITUTE, ONITSHA",,56000000.0,PARTIAL,MEDIUM,"While automation of payment processes is not directly related to metallurgical training, it supports the administrative infrastructure necessary for the institute to operate efficiently and manage its core training functions.",50
ERGP10206398,"ESTABLISHMENT OF SOLAR LIGHTING ELECTRIFICATION SYSTEM AT BUK MAIN LIBRARY
",252041001,HADEJIA-JAMAÃÂ»ARE RBDA,,91000000.0,NO,HIGH,"Establishing solar lighting for a university library falls outside HJRBDA's mandate which focuses specifically on water resources management, irrigation development, and agricultural programs in the Hadejia-Jama'are river basin.",100
ERGP10228387,"PROCUREMENT AND INSTALLATION OF SOLAR STREET LIGHTS IN SEMI URBAN AREAS
",252041001,HADEJIA-JAMAÃÂ»ARE RBDA,,70000000.0,NO,HIGH,"Installing solar street lights in semi-urban areas is unrelated to HJRBDA's core mandate of water resources management, irrigation development, and agricultural programs in the river basin.",100
ERGP10229115,"PROVISION OF SOLAR STREET LIGHTS IN VARIOUS LOCATIONS IN THE CATCHMENT
",252041001,HADEJIA-JAMAÃÂ»ARE RBDA,,42000000.0,PARTIAL,MEDIUM,"While solar street lights are not directly related to water resources management and irrigation, they could support rural infrastructure development in communities within the river basin catchment area that benefit from HJRBDA's agricultural programs.",50
ERGP10236842,PROVISION OF ASTRAL LIGHTNING SYSTEM IN THE RURAL COMMUNITIES OF HADEJIA JAMAARE RIVER BASIN (MULTIPLE LOTS),252041001,HADEJIA-JAMAÃÂ»ARE RBDA,,700000000.0,NO,HIGH,"The provision of astral lightning systems is not related to water resources management, irrigation development, or agricultural programs which constitute the core mandate of HJRBDA.",100
ERGP10236845,PROVISION OF STELLAR LIGHTNING SYSTEM IN PERI URBAN COMMUNITIES OF H-JRBDA (MULTIPLE LOTS),252041001,HADEJIA-JAMAÃÂ»ARE RBDA,,700000000.0,NO,HIGH,"Providing stellar lightning systems in peri-urban communities falls outside HJRBDA's core mandate of water resources management, irrigation development, and agricultural support in the river basin.",100
ERGP10236873,"PROVISION AND INTALLATION OF SOLAR STREET LIGHTS AT ABDULLAHI ADAMU ROAD, UNGUWAR NUFAWA COMMUNITY, KEFFI, NASARAWA STATE",252041001,HADEJIA-JAMAÃÂ»ARE RBDA,,10500000.0,NO,HIGH,"Installing solar street lights in Keffi, Nasarawa State falls outside HJRBDA's mandate which is specifically limited to water resources management and irrigation development in the Hadejia-Jama'are river basin covering Kano, Jigawa, Yobe and Bauchi States, not Nasarawa State.",100
ERGP10236931,PROVISION AND CONSTRUCTION OF SOLAR SECURITY LIGHT TO SECURITY CHALLENGE J/K VARIOUS COMMUNITIES IN KATSINA,252041001,HADEJIA-JAMAÃÂ»ARE RBDA,,140000000.0,NO,HIGH,"Installing solar security lights in Katsina communities falls outside HJRBDA's mandate which focuses on water resources management, irrigation development, and agricultural programs in the Hadejia-Jama'are river basin covering Kano, Jigawa, Yobe and Bauchi States, not Katsina State.",100
ERGP10236948,"PROVISION OF SOLAR STREET LIGHTS IN YANKATAKO, NEW HOSPITAL ROAD, RINJI AND OTHER LOCATIOS WITHIN THE CATCHMENT",252041001,HADEJIA-JAMAÃÂ»ARE RBDA,,49000000.0,NO,HIGH,"Providing solar street lights is a municipal infrastructure function that falls outside HJRBDA's core mandate of water resources management, irrigation development, and agricultural programs in the river basin.",100
ERGP10236950,CONTINUATION OF PROCUREMENT AND INSTALLATION OF SOLAR POWERED STREETLIGHT IN SELECTED PLACES OF OSUN STATE,252041001,HADEJIA-JAMAÃÂ»ARE RBDA,,14000000.0,NO,HIGH,"The budget item involves streetlight installation in Osun State, which falls outside HJRBDA's geographic mandate of managing water resources and irrigation in the Hadejia-Jama'are river basin covering Kano, Jigawa, Yobe and Bauchi States in northern Nigeria.",100
ERGP10236979,"PROVISION OF BOREHOLE IN SURULERE 2 FEDERAL CONSTITUENCY, LAGOS STATE
",252041001,HADEJIA-JAMAÃÂ»ARE RBDA,,140000000.0,NO,HIGH,"The agency's mandate is specifically limited to managing water resources in the Hadejia-Jama'are river basin covering Kano, Jigawa, Yobe, and Bauchi States in northern Nigeria, while this budget item is for Lagos State in southwestern Nigeria which falls outside their geographical jurisdiction.",100
ERGP10236981,"PROVISION AND INSTALLATION OF SOLAR STREET LIGHTS IN WORSHIP AND COMMUNITY CENTRES IN YAMALTU-DEBA FEDERAL CONSTITEUNCY, GOMBE STATE",252041001,HADEJIA-JAMAÃÂ»ARE RBDA,,140000000.0,NO,HIGH,"Installing solar street lights in worship and community centers falls outside HJRBDA's core mandate of water resources management, irrigation development, and agricultural programs in the Hadejia-Jama'are river basin.",100
ERGP10236983,CONSTRUCTION AND PROVISION OF ILLUMINATION IN SELECTED LOCATIONS ACROSS SOUTH WEST ZONE,252041001,HADEJIA-JAMAÃÂ»ARE RBDA,,350000000.0,NO,HIGH,"The budget item for illumination construction in South West Zone falls completely outside HJRBDA's mandate, which is specifically limited to water resources management and irrigation development in the Hadejia-Jama'are river basin covering northern Nigeria states (Kano, Jigawa, Yobe, Bauchi), not the South West Zone.",100
ERGP10236991,"PROVISION AND INSTALLATION OF SOLAR STREET LIGHTS IN JAMA'ARE/ITAS-GADAU FEDERAL CONSTITUENCY, BAUCHI STATE",252041001,HADEJIA-JAMAÃÂ»ARE RBDA,,70000000.0,NO,HIGH,"Installing solar street lights is an urban infrastructure function that falls outside HJRBDA's core mandate of water resources management, irrigation development, and agricultural programs in the river basin.",100
ERGP10237010,"RURAL ELECTRIFICATION OF SELECTED TOWNS IN GEZAWA/GABASAWA FEDERAL CONSTITUENCY, KANO STATE",252041001,HADEJIA-JAMAÃÂ»ARE RBDA,,70000000.0,NO,HIGH,"Rural electrification falls outside HJRBDA's mandate which focuses specifically on water resources management, irrigation development, and agricultural programs rather than electrical power infrastructure.",100
ERGP10237024,"INSTALLATION OF SOLAR STREETLIGHTS ACROSS GAMAWA FEDERAL CONSTITUENCY.
",252041001,HADEJIA-JAMAÃÂ»ARE RBDA,,140000000.0,NO,HIGH,"Installing solar streetlights is urban infrastructure development that falls outside HJRBDA's core mandate of water resources management, irrigation development, and agricultural programs in the river basin.",100
ERGP10237055,SUPPLY AND INSTALLATION OF SOLAR STREET LIGHTS IN VARIOUS COMMUNITIES OF KATAGUM FEDERAL CONSTITUENCY OF BAUCHI STATE,252041001,HADEJIA-JAMAÃÂ»ARE RBDA,,140000000.0,NO,HIGH,"Installing solar street lights in communities falls outside HJRBDA's core mandate of water resources management, irrigation development, and agricultural programs in the river basin.",100
ERGP10237061,"SUPPLY AND INSTALLATION OF SOLAR STREET LIGHTS IN NANGERE/POSTISKUM FEDERAL CONSTITUENCY, YOBE SATE",252041001,HADEJIA-JAMAÃÂ»ARE RBDA,,140000000.0,NO,HIGH,"Installing solar street lights in a federal constituency falls outside HJRBDA's core mandate of water resources management, irrigation development, and agricultural programs in the river basin.",100
ERGP10237072,"PROVISION AND INSTALLATION OF SOLAR STREET LIGHTS IN VARIOUS LOCATIONS IN KUMBOTSO FEDERAL CONSTITUENCY, KANO STATE",252041001,HADEJIA-JAMAÃÂ»ARE RBDA,,70000000.0,NO,HIGH,"Installing solar street lights in constituencies is a municipal infrastructure function that falls outside HJRBDA's core mandate of water resources management, irrigation development, and agricultural programs in the river basin.",100
ERGP10237074,"SUPPLY AND INSTALLATION OF TRANSFORMERS IN VARIOUS LOCATIONS IN KUMBOTSO FEDERAL CONSTITUENCY, KANO STATE",252041001,HADEJIA-JAMAÃÂ»ARE RBDA,,105000000.0,PARTIAL,MEDIUM,"While transformers could support irrigation infrastructure and water management facilities within HJRBDA's operational area in Kano State, the item lacks specificity about connection to water resources or irrigation activities and appears more like general constituency electrification.",50
ERGP10237095,"DARAI, DORO,KARGO RURAL ELECTRIFICATION IN JAHUN/MIGA FEDERAL CONSTITUENCY, JIGAWA STATE",252041001,HADEJIA-JAMAÃÂ»ARE RBDA,,140000000.0,NO,HIGH,"Rural electrification projects fall outside HJRBDA's water resources and irrigation-focused mandate, as the agency has no statutory functions related to electrical power infrastructure development.",100
ERGP10237220,SUPPLY AND INSTALLATION OF SOLAR POWER STREET LIGHTS TO TARAUNI FEDERAL CONSTITUENCY KANO STATE,252041001,HADEJIA-JAMAÃÂ»ARE RBDA,,21000000.0,NO,HIGH,"Installing street lights in a federal constituency is a municipal infrastructure responsibility that falls outside HJRBDA's core mandate of water resources management, irrigation development, and agricultural programs in the river basin.",100
ERGP10237223,"SUPPLY OF TRANSFORMERS 500 KVA TO KATAGUM FEDERAL CONSTITUENCY AZARE
",252041001,HADEJIA-JAMAÃÂ»ARE RBDA,,24444000.0,PARTIAL,MEDIUM,"While transformers are not directly within HJRBDA's water resources mandate, they could be necessary infrastructure to power irrigation pumps, water treatment facilities, or dam operations that support the agency's core functions.",50
ERGP10237322,"SUPPLY AND INSTALLATION OF MODERN SOLAR STREET LIGHTS IN VARIOUS COMMUNITIES OF DOGUWA/ T/WADA FEDERAL CONSTITUENCY, KANO STATE.",252041001,HADEJIA-JAMAÃÂ»ARE RBDA,,140000000.0,NO,HIGH,"Installing solar street lights in communities falls outside HJRBDA's core mandate of water resources management, irrigation development, and agricultural programs in the Hadejia-Jama'are river basin.",100
ERGP10237345,SUPPLY AND INSTALLATION OF SOLAR STREET LIGHTS IN KADUNA SOUTH FEDERAL CONSTITUENCY,252041001,HADEJIA-JAMAÃÂ»ARE RBDA,,17500000.0,NO,HIGH,"Installing solar street lights in Kaduna South Federal Constituency falls outside HJRBDA's core mandate of water resources management and irrigation development in the Hadejia-Jama'are river basin, and Kaduna is not within their geographic coverage area of Kano, Jigawa, Yobe and Bauchi States.",100
ERGP12207027,CONSTRUCTION OF RURAL ROAD FROM CHANDAN- ZANDA- DOKOKI IN BIRNIN KUDU LOCAL GOVERNMENT AREA ALL IN JIGAWA STATE,252041001,HADEJIA-JAMAÃÂ»ARE RBDA,,21000000.0,NO,HIGH,"Construction of rural roads falls outside HJRBDA's mandate which is specifically focused on water resources management, irrigation development, and agricultural programs rather than road infrastructure development.",100
ERGP12236857,CONSTRUCTION OF DRAINAGE AND ACCESS ROAD AT FARAWA AND KUMBOTSO KANO STATE (PHASE II),252041001,HADEJIA-JAMAÃÂ»ARE RBDA,,630000000.0,YES,HIGH,"Construction of drainage and access roads directly supports the agency's mandate to develop irrigation infrastructure, maintain water distribution systems, and provide agricultural support services in Kano State within their operational basin.",0
ERGP12237003,"CONSTRUCTION OF FEEDER ROAD, MAKODA-TSAMIYA IN DANBATTA/MAKODA FEDERAL CONSTITUENCY, KANO STATE",252041001,HADEJIA-JAMAÃÂ»ARE RBDA,,175000000.0,NO,HIGH,"Construction of feeder roads falls outside HJRBDA's mandate which focuses specifically on water resources management, irrigation development, and wetland conservation rather than road infrastructure.",100
ERGP12237005,"CONSTRUCTION OF PHC AT GAMJI MAKODA AND MARKE IN DANBATTA, DANBATTA/MAKODA FEDERAL CONSTITUENCY, KANO STATE",252041001,HADEJIA-JAMAÃÂ»ARE RBDA,,140000000.0,NO,HIGH,"Construction of Primary Health Care centers falls under health ministry mandate, not water resources and irrigation development which is HJRBDA's core function.",100
ERGP12237008,"CONSTRUCTION OF FEEDER ROAD IN GEZAWA/GABASAWA FEDERAL CONSTITUENCY, KANO STATE",252041001,HADEJIA-JAMAÃÂ»ARE RBDA,,245000000.0,NO,HIGH,"Construction of feeder roads is not within HJRBDA's statutory mandate which focuses specifically on water resources management, irrigation development, dam operations, and wetland conservation rather than road infrastructure development.",100
ERGP12237085,"CONSTRUCTION OF 1KM ROADS IN FEDERAL CONSTITUENCY, KANO STATE
",252041001,HADEJIA-JAMAÃÂ»ARE RBDA,,245000000.0,PARTIAL,MEDIUM,"While road construction is not a core function of HJRBDA, roads within their operational area in Kano State could serve as access infrastructure supporting their irrigation schemes, dam operations, or agricultural extension services.",50
ERGP12237101,CONSTRUCTION OF DRAINAGE BEHIND MADAWAKIÃ¢â¬â¢S HOUSE AT WAZIRI Ã¢ â¬ËBÃ¢â¬â¢WARD IN SOKOTO NORTH AND SOUTH FEDERAL CONSTITUENCY,252041001,HADEJIA-JAMAÃÂ»ARE RBDA,,21000000.0,NO,HIGH,"The budget item is for drainage construction in Sokoto State, which is outside HJRBDA's geographical mandate that covers only Kano, Jigawa, Yobe, and Bauchi States in the Hadejia-Jama'are river basin.",100
ERGP12237325,PROVISION OF ROAD AND GENERAL INFRASTRUCTURE IN AJIWA-TSAGEM-DURBI TAKUSHEYI-MASHI,252041001,HADEJIA-JAMAÃÂ»ARE RBDA,,420000000.0,PARTIAL,MEDIUM,"While road infrastructure is not a core function of HJRBDA, such infrastructure could be necessary to support irrigation schemes and agricultural development projects in the basin, though the item lacks clear connection to water resources or irrigation activities.",50
ERGP16193284,SETTLEMENT OF OUTSTANDING LIABILITIES ON AGRICULTURAL FACILITIES AND STAFF CLAIMS,252041001,HADEJIA-JAMAÃÂ»ARE RBDA,,24500000.0,PARTIAL,MEDIUM,"While settling staff claims relates to operational continuity and agricultural facilities could include irrigation infrastructure within the agency's mandate, the vague nature of ""outstanding liabilities"" makes it unclear if all expenditures would directly support water resources management and irrigation development functions.",50
ERGP16227839,"LEGAL SERVICES RETAINERSHIP AND ONGOING ACTIVITIES
",252041001,HADEJIA-JAMAÃÂ»ARE RBDA,,17500000.0,PARTIAL,MEDIUM,"Legal services may be necessary for water rights disputes, land acquisition for irrigation projects, and regulatory compliance related to the agency's core water resources management functions, though it's not explicitly listed among statutory functions.",50
ERGP16227897,"SETTLEMENT OF BASIN LIABILITY
",252041001,HADEJIA-JAMAÃÂ»ARE RBDA,,56000000.0,YES,HIGH,"Settlement of basin liability directly relates to the agency's core mandate of managing water resources and infrastructure in the Hadejia-Jama'are river basin, as such liabilities would typically arise from the agency's statutory functions of operating dams, irrigation schemes, and water distribution systems.",0
ERGP16228060,"PROVISION OF NATIONAL FLAGS IN THE OFFICES
",252041001,HADEJIA-JAMAÃÂ»ARE RBDA,,10500000.0,NO,HIGH,"Provision of national flags in offices is a general administrative expense that does not relate to the agency's specific mandate of water resources management, irrigation development, and agricultural programs in the Hadejia-Jama'are river basin.",100
ERGP18228052,"PROVISION OF FOOD ITEMS FOR VULNERABLE COMMUNITIES
",252041001,HADEJIA-JAMAÃÂ»ARE RBDA,,35226221.0,NO,HIGH,"The agency's mandate focuses specifically on water resources management, irrigation development, and agricultural infrastructure support, not direct food provision or social welfare programs for vulnerable communities.",100
ERGP19152095,"MAIGATARI FLOOD CONTROL AND LAND RECLAMATION PROJECT, JIGAWA STATE
",252041001,HADEJIA-JAMAÃÂ»ARE RBDA,,25200000.0,YES,HIGH,"The Maigatari flood control and land reclamation project directly aligns with HJRBDA's statutory functions to provide flood control services and manage water resources in Jigawa State, which is within their operational coverage area of the Hadejia-Jama'are river basin.",0
ERGP19152191,"FLOOD CONTROL AT DUGWAL & ZARAWA, AJINGI LGA KANO STATE
",252041001,HADEJIA-JAMAÃÂ»ARE RBDA,,56000000.0,YES,HIGH,Flood control activities in Kano State directly align with the agency's statutory function to provide flood control services and manage water resources in the Hadejia-Jama'are river basin covering Kano State.,0
ERGP19152207,"GRAVE YARDS DRAINAGE IMPROVEMENT AND EROSION CONTROL WORKS
",252041001,HADEJIA-JAMAÃÂ»ARE RBDA,,84000000.0,PARTIAL,MEDIUM,"While graveyard drainage improvement involves water management which relates to the agency's water resources mandate, cemetery infrastructure is not a core function of a river basin development authority focused on irrigation and agricultural water systems.",50
ERGP19159123,"FLOOD AND EROSION CONTROL WORKS AT BIRNIN KUDU
",252041001,HADEJIA-JAMAÃÂ»ARE RBDA,,14000000.0,YES,HIGH,"Flood and erosion control works directly align with the agency's statutory function to provide flood control services and manage water resources in the Hadejia-Jama'are river basin, which includes areas like Birnin Kudu in Jigawa State.",0
ERGP19176792,"CLIMATE CHANGE AND AGRICULTURAL PRODUCTION
",252041001,HADEJIA-JAMAÃÂ»ARE RBDA,,14000000.0,YES,HIGH,Climate change and agricultural production directly aligns with HJRBDA's core mandate to support agricultural production through irrigation and adapt to climate variability affecting water availability in the basin.,0
ERGP19193375,"UNIVERSITY OF KAFIN HAUSA COMMUNITY JUMA'AT MOSQUE, KAFIN HAUSA, JIGAWA STATE",252041001,HADEJIA-JAMAÃÂ»ARE RBDA,,28000000.0,NO,HIGH,"Construction of a community mosque is a religious infrastructure project that falls completely outside HJRBDA's water resources, irrigation, and agricultural development mandate.",100
ERGP19193501,"LAND RECLAMATION AND EROSION CONTROL AT KOFAR GABAS
",252041001,HADEJIA-JAMAÃÂ»ARE RBDA,,700000.0,YES,HIGH,"Land reclamation and erosion control activities directly support the agency's mandate to manage water resources, maintain irrigation infrastructure, and protect the Hadejia-Jama'are river basin from degradation.",0
ERGP19206679,"LAND RECLAMATION IN THE CATCHMENT
",252041001,HADEJIA-JAMAÃÂ»ARE RBDA,,5600000.0,YES,HIGH,"Land reclamation in the catchment directly supports the agency's mandate to manage water resources, develop irrigation infrastructure, and support agricultural production in the Hadejia-Jama'are river basin.",0
ERGP19206685,"FLOOD AND EROSION CONTROL AT DANLADI NASIDI IN KUMBOTSO LGA AND YOLA QUARTERS IN KMC LGA, KANO STATE",252041001,HADEJIA-JAMAÃÂ»ARE RBDA,,5600000.0,YES,HIGH,"Flood control is explicitly listed as a statutory function of HJRBDA, and the locations in Kano State fall within their geographical mandate covering the Hadejia-Jama'are river basin.",0
ERGP19206695,"DRAINAGE AND EROSION CONTROL WORKS AT HOTORO AND ENVIRONS
",252041001,HADEJIA-JAMAÃÂ»ARE RBDA,,7000000.0,YES,HIGH,"Drainage and erosion control works directly align with the agency's statutory functions of flood control, water management, and infrastructure maintenance within its operational area covering Kano State where Hotoro is located.",0
ERGP19207079,"LAND RECLAMATION AND EROSION CONTORL WORKS AT ALANGAWARI
",252041001,HADEJIA-JAMAÃÂ»ARE RBDA,,7000000.0,YES,HIGH,"Land reclamation and erosion control works directly support the agency's mandate to manage water resources, develop irrigation infrastructure, and maintain water distribution systems in the Hadejia-Jama'are river basin.",0
ERGP19207088,CONSTRUCTION OF MADANGALA STORM WATER DRAINAGE IN KATAGUM LGA BAUCHI STATE,252041001,HADEJIA-JAMAÃÂ»ARE RBDA,,45500000.0,PARTIAL,MEDIUM,"While storm water drainage construction falls outside the agency's core irrigation and water resources management mandate, it relates to water management infrastructure in Bauchi State which is within HJRBDA's geographical coverage area.",50
ERGP19228570,"CONSTRUCTION OF A CONCRETE DRAINAGE TO CONTROL GULLY EROSION AND FLOOD AT DADIN KOWA KUDU COMMUNITY DOGUWA LGA , KANO STATE",252041001,HADEJIA-JAMAÃÂ»ARE RBDA,,700000.0,YES,HIGH,The construction of drainage infrastructure for flood control at Dadin Kowa Kudu Community in Kano State directly aligns with HJRBDA's statutory functions of providing flood control services and managing water resources within their geographic mandate covering Kano State.,0
ERGP19229195,"MARATAYI KOFAR GABAS ZANGON TAGWAI, KANA II, AND SAUNA FLOOD AND EROSION CONTROL KANO STATE",252041001,HADEJIA-JAMAÃÂ»ARE RBDA,,700000.0,YES,HIGH,Flood control activities in Kano State directly align with the agency's statutory function to provide flood control services and manage water resources in the Hadejia-Jama'are river basin covering Kano State.,0
ERGP19236847,CONSTRUCTION OF DRAINAGE FOR FLOOD WATER CONTROL IN ALIKO DANGOTE UNIVERSITY OF SCIENCE AND TECHNOLOGY WUDIL,252041001,HADEJIA-JAMAÃÂ»ARE RBDA,,350000000.0,PARTIAL,MEDIUM,"While flood control is within HJRBDA's mandate, constructing drainage specifically for a university appears to be outside their primary focus on basin-wide water resources management and agricultural irrigation development.",50
ERGP19236914,CONSTRUCTION OF ADEQUATE FLOOD CONTROL STRUCTURES IN THE HADEJIJAMAARE BASIN TO FREE MORE FARMLANDS FOR FOOD PRODUCTION(MULTIPLE,252041001,HADEJIA-JAMAÃÂ»ARE RBDA,,5250000000.0,YES,HIGH,Construction of flood control structures directly aligns with the agency's statutory functions to provide flood control services and manage water resources in the Hadejia-Jama'are basin to support agricultural production.,0
ERGP19236945,EROSION CONTROL AND LAND RECLAIMATION IN MALAM MADORI TOWN OF JIGAWA STATE,252041001,HADEJIA-JAMAÃÂ»ARE RBDA,,49000000.0,PARTIAL,MEDIUM,"While erosion control in Jigawa State relates to water resources management within HJRBDA's geographic coverage, land reclamation in a specific town appears more focused on urban infrastructure rather than the agency's core mandate of irrigation development, agricultural water management, and wetlands conservation.",50
ERGP19236951,"MARATAYI, KOFAR GABAS, ZANGON TAGWAI KANA II AND SAUNA FLOOD AND EROSION CONTROL, KANO STATE",252041001,HADEJIA-JAMAÃÂ»ARE RBDA,,21000000.0,YES,HIGH,"Flood control is explicitly listed as one of HJRBDA's statutory functions, and the project locations in Kano State fall within the agency's geographical mandate covering the Hadejia-Jama'are river basin.",0
ERGP19236954,"LAND RECLAMATION AND EROSION CONTROL AT KOFAR GABAS
",252041001,HADEJIA-JAMAÃÂ»ARE RBDA,,21000000.0,YES,HIGH,"Land reclamation and erosion control activities directly support the agency's mandate to manage water resources, maintain irrigation infrastructure, and protect wetlands from degradation in the Hadejia-Jama'are river basin.",0
ERGP19236963,"LAND RECLAMATION AND EROSION CONTROL AT KOFAR GABAS
",252041001,HADEJIA-JAMAÃÂ»ARE RBDA,,35000000.0,YES,HIGH,"Land reclamation and erosion control activities directly support the agency's mandate to manage water resources, develop irrigation infrastructure, and maintain water distribution systems within their basin coverage area.",0
ERGP19236967,"FLOOD CONTROL AT DUGWAL & ZARAWA, AJINGI LGA KANO STATE
",252041001,HADEJIA-JAMAÃÂ»ARE RBDA,,17850000.0,YES,HIGH,"Flood control activities at Dugwal & Zarawa in Ajingi LGA, Kano State directly align with HJRBDA's statutory function to provide flood control services and manage water resources within Kano State, which is part of their designated river basin area.",0
ERGP19237096,"CONCRETE EMBANKMENT AT MIGA L.G.A IN JAHUN/MIGA FEDERAL CONSTITUENCY, JIGAWA STATE",252041001,HADEJIA-JAMAÃÂ»ARE RBDA,,140000000.0,YES,HIGH,"Concrete embankment construction in Jigawa State directly supports the agency's mandate to provide flood control, manage water resources, and maintain water infrastructure in the Hadejia-Jama'are river basin.",0
ERGP19237221,"RECLAMATION AND EROSION CONTROL WORKS IN LERE FEDERAL CONSTITUENCY, KADUNA STATE",252041001,HADEJIA-JAMAÃÂ»ARE RBDA,,273000000.0,NO,HIGH,"The budget item targets Lere Federal Constituency in Kaduna State, which falls outside HJRBDA's designated operational area that covers only Kano, Jigawa, Yobe, and Bauchi States within the Hadejia-Jama'are river basin.",100
ERGP19237319,"EROSION AND WATER HARVESTING WORKS AT RIVER TUBBALE, MALAM MADORI, MALAM MADORI LGA, IN JIGAWA NORTH EAST SENATORIAL DISTRICT, JIGAWA STATE",252041001,HADEJIA-JAMAÃÂ»ARE RBDA,,140000000.0,YES,HIGH,"Erosion control and water harvesting works at River Tubbale directly align with HJRBDA's mandate to manage water resources, conduct hydrological monitoring, and develop water infrastructure in the Hadejia-Jama'are river basin covering Jigawa State.",0
ERGP22227822,"GENDER SERVICES AND MAINSTREAMING
",252041001,HADEJIA-JAMAÃÂ»ARE RBDA,,7000000.0,PARTIAL,MEDIUM,"While gender mainstreaming is not explicitly listed in HJRBDA's statutory functions, it could be reasonably integrated into their community engagement, agricultural extension services, and participatory water resources management activities to ensure equitable access to irrigation and water resources.",50
ERGP23227963,"IMPROVEMENT OF SANITARY CONDITIONS IN VARIOUS INSTITUTIONS
",252041001,HADEJIA-JAMAÃÂ»ARE RBDA,,28000000.0,NO,HIGH,"The budget item focuses on sanitary conditions in institutions, which falls outside HJRBDA's core mandate of water resources management, irrigation development, and agricultural programs in the river basin.",100
ERGP23227980,"IMPROVEMENT OF SANITARY CONDITIONS IN BUK
",252041001,HADEJIA-JAMAÃÂ»ARE RBDA,,21000000.0,NO,HIGH,"Improving sanitary conditions in BUK (Bayero University Kano) is outside HJRBDA's mandate which focuses specifically on water resources management, irrigation development, and agricultural programs in the river basin, not university sanitation infrastructure.",100
ERGP23236988,"GENERAL REHABILITATION OF GARKI PRIMARY SCHOOL IN BAURE LGA, KATSINA STATE
",252041001,HADEJIA-JAMAÃÂ»ARE RBDA,,140000000.0,NO,HIGH,"The budget item involves rehabilitating a primary school in Katsina State, which falls outside HJRBDA's water resources and irrigation mandate and geographic coverage (Kano, Jigawa, Yobe, Bauchi States).",100
ERGP23236995,"CONSTRUCTION AND RENOVATION OF SELECTED CLASSROOM BLOCKS IN VARIOUS LOCATIONS IN BEBEJI/KIRU FEDERAL CONSTITUENCY, KANO STATE",252041001,HADEJIA-JAMAÃÂ»ARE RBDA,,525000000.0,NO,HIGH,Construction and renovation of classroom blocks is an education infrastructure function that falls outside HJRBDA's water resources management and irrigation development mandate.,100
ERGP23237018,"CONSTRUCTION AND FURNISHING OF PRIMARY SCHOOLS IN TARAUNI FEDERAL CONSTITUENCY, KANO STATE.",252041001,HADEJIA-JAMAÃÂ»ARE RBDA,,175000000.0,NO,HIGH,Construction and furnishing of primary schools is an education infrastructure function that falls outside HJRBDA's water resources management and irrigation development mandate.,100
ERGP23237019,"CONSTRUCTION OF CLASSROOMS WITHIN KUMBOTSO FEDERAL CONSTITUENCY, KANO STATE",252041001,HADEJIA-JAMAÃÂ»ARE RBDA,,210000000.0,NO,HIGH,"Construction of classrooms is an educational infrastructure project that falls outside HJRBDA's mandate which is specifically focused on water resources management, irrigation development, and agricultural programs in the river basin.",100
ERGP23237023,"CONSTRUCTION OF BLOCK OF CLASSROOMS WITHIN SHANONO/BAKWAI FEDERAL CONSTITUENCY, KANO STATE",252041001,HADEJIA-JAMAÃÂ»ARE RBDA,,175000000.0,NO,HIGH,"Construction of classroom blocks is an educational infrastructure project that falls outside HJRBDA's mandate which is specifically focused on water resources management, irrigation development, and agricultural programs in the river basin.",100
ERGP23237033,"RENOVATION OF CLASSROOMS IN GAMAWA FEDERAL CONSTITUENCY, BAUCHI STATE.
",252041001,HADEJIA-JAMAÃÂ»ARE RBDA,,35000000.0,NO,HIGH,"Classroom renovation is an education infrastructure project that falls outside HJRBDA's water resources management, irrigation development, and agricultural support mandate.",100
ERGP23237065,"CONSTRUCTION OF 1 BLOCK OF OFFICES AND TOILETS AT UNGUWAR RIMI WARD IN KUMBOTSO FEDERAL CONSTITUENCY, KANO STATE",252041001,HADEJIA-JAMAÃÂ»ARE RBDA,,70000000.0,PARTIAL,MEDIUM,"While office construction could support HJRBDA's administrative operations in their Kano headquarters area, the item lacks clear connection to water resources management, irrigation development, or other core statutory functions of the river basin authority.",50
ERGP24236956,SUPPLY OF INSTRUCTIONAL MATERIALS WITHIN DADDARA DISTRICT PRIMARY SCHOOLS,252041001,HADEJIA-JAMAÃÂ»ARE RBDA,,17500000.0,NO,HIGH,"Supply of instructional materials to primary schools is an educational function that falls outside HJRBDA's mandate of water resources management, irrigation development, and agricultural programs.",100
ERGP25227997,"PEAWASH BAUCHI
",252041001,HADEJIA-JAMAÃÂ»ARE RBDA,,14000000.0,NO,LOW,"""PEAWASH BAUCHI"" appears to be an unclear or potentially misspelled budget item that does not correspond to any recognizable water resources, irrigation, or agricultural activities within HJRBDA's mandate.",90
ERGP25228002,"PEWASH JIGAWA
",252041001,HADEJIA-JAMAÃÂ»ARE RBDA,,14000000.0,PARTIAL,MEDIUM,"While PEWASH (Partnership for Expanded Water Supply, Sanitation and Hygiene) activities in Jigawa State could relate to water resources management within HJRBDA's geographic mandate, the agency's core focus is on irrigation, agriculture, and basin water management rather than domestic water supply and sanitation services.",50
ERGP25228008,"PEWASH KANO
",252041001,HADEJIA-JAMAÃÂ»ARE RBDA,,14000000.0,PARTIAL,MEDIUM,"PEWASH (Partnership for Expanded Water Supply, Sanitation and Hygiene) relates to water supply which connects to the agency's water resources management mandate, but sanitation and hygiene services are not explicitly within HJRBDA's core irrigation and agricultural focus.",50
ERGP25237014,"CONSTRUCTION OF PRIMARY HEALTH CARE WITH MEDICAL EQUIPMENT AT DAWAKI KUDU TOWN OF DAWAKIN KUDU/WARAWA FEDERAL CONSTITUENCY, KANO STATE",252041001,HADEJIA-JAMAÃÂ»ARE RBDA,,210000000.0,NO,HIGH,"Construction of primary health care facilities with medical equipment falls under health sector responsibilities, not water resources management and irrigation development which is HJRBDA's core mandate.",100
ERGP25237015,"CONSTRUCTION AND FURNISHING OF PRIMARY HEALTH CARE CENTER IN TARAUNI FEDERAL CONSTITUENCY, KANO STATE",252041001,HADEJIA-JAMAÃÂ»ARE RBDA,,175000000.0,NO,HIGH,"Construction and furnishing of primary health care centers falls outside HJRBDA's mandate which is specifically focused on water resources management, irrigation development, and agricultural programs rather than healthcare infrastructure.",100
ERGP26236834,DRILLING TUBE WELLS AND SUPPLY OF SOLAR IRRIGATION PUMPS ACROSS JIGAWA STATE.,252041001,HADEJIA-JAMAÃÂ»ARE RBDA,,210000000.0,YES,HIGH,"Drilling tube wells and supplying solar irrigation pumps directly supports the agency's mandate to develop irrigation infrastructure, distribute water to farmers, and support agricultural production in Jigawa State which is within their designated river basin coverage area.",0
ERGP27152107,"REHABILITATION OF HJRBDA HEADQUARTERS AND IRRIGATION SCHEMES MANAGEMENT OFFICES IN KANO, JIGAWA AND BAUCHI STATES",252041001,HADEJIA-JAMAÃÂ»ARE RBDA,,42000000.0,YES,HIGH,"Rehabilitating HJRBDA headquarters and irrigation schemes management offices directly supports the agency's core functions of managing water resources and operating irrigation infrastructure across its mandated states of Kano, Jigawa, and Bauchi.",0
ERGP27176789,"PROVISION AND EQUIPPING OF HJRBDA ABUJA LIAISON OFFICE
",252041001,HADEJIA-JAMAÃÂ»ARE RBDA,,38500000.0,PARTIAL,MEDIUM,"While liaison offices can facilitate coordination with the Federal Ministry of Water Resources and other agencies which supports the agency's mandate, establishing an Abuja office is not directly related to the core functions of water resources management, irrigation development, and agricultural programs in the Hadejia-Jama'are river basin.",50
ERGP27206347,"REHABILITATION WORKS AT KURA AND HADEJIA CAMPS
",252041001,HADEJIA-JAMAÃÂ»ARE RBDA,,14000000.0,PARTIAL,MEDIUM,"While the budget item mentions Hadejia which is within HJRBDA's geographical mandate, the term ""camps"" is unclear and could refer to irrigation facilities (aligned) or non-water related infrastructure (misaligned).",50
ERGP27228195,"CONSTRUCTION AND FURNISHING OF H-JRBDA GUEST HOUSE
",252041001,HADEJIA-JAMAÃÂ»ARE RBDA,,49000000.0,NO,HIGH,"Construction and furnishing of a guest house is not related to the agency's core mandate of water resources management, irrigation development, dam operations, or wetland conservation in the Hadejia-Jama'are river basin.",100
ERGP27236823,"ONGOING CONSTRUCTION OF STAND, ATHLETICS INFRASTURE AND SUPPORT SPORTING EQUIPMENT IN GASHUA",252041001,HADEJIA-JAMAÃÂ»ARE RBDA,,70000000.0,NO,HIGH,Construction of athletics infrastructure and sporting equipment falls entirely outside HJRBDA's water resources management and irrigation development mandate.,100
ERGP27236830,ONGOING CONSTRUCTION AND FURNISHING OF COMMUNITY CENTER IN UMAR SULEIMAN COLLEGE OF EDUCATION YOBE STATE,252041001,HADEJIA-JAMAÃÂ»ARE RBDA,,42000000.0,NO,HIGH,"Construction and furnishing of a community center in a college of education falls outside HJRBDA's mandate which is specifically focused on water resources management, irrigation development, and agricultural programs in the river basin.",100
ERGP27237028,"CONSTRUCTION AND EQUIPPING OF EXAM CENTRE IN GAMAWA FEDERAL CONSTITUENCY, BAUCHI STATE.",252041001,HADEJIA-JAMAÃÂ»ARE RBDA,,105000000.0,NO,HIGH,"Construction and equipping of exam centres falls under education infrastructure, which is completely outside HJRBDA's mandate of water resources management, irrigation development, and agricultural programs in the river basin.",100
ERGP27237100,COMPLETION OF DURUMBU WOMEN CENTRE IN SOKOTO NORTH AND SOUTH FEDERAL CONSTITUENCY SOKOTO STATE,252041001,HADEJIA-JAMAÃÂ»ARE RBDA,,21000000.0,NO,HIGH,"The completion of a women's center in Sokoto State falls outside HJRBDA's water resources and irrigation mandate, and Sokoto is not within their designated basin area covering Kano, Jigawa, Yobe and Bauchi States.",100
ERGP28151958,"CONSTRUCTION OF RURAL WATER SUPPLY SCHEMES IN KANO, JIGAWA AND BAUCHI STATES",252041001,HADEJIA-JAMAÃÂ»ARE RBDA,,35000000.0,PARTIAL,MEDIUM,"While the agency manages water resources in the specified states, its primary mandate focuses on irrigation development and agricultural water supply rather than rural domestic water supply schemes.",50
ERGP28151985,UPGRADING AND EXPANSION OF CHALLAWA SPRING WATER PROCESSING AND BOTTLING PLANT,252041001,HADEJIA-JAMAÃÂ»ARE RBDA,,28000000.0,NO,HIGH,"The agency's mandate focuses on water resources management, irrigation development, and agricultural support, not commercial water bottling operations which fall outside their statutory functions.",100
ERGP28152121,"PARTNERSHIP FOR EXPANDED WATER SANITATION AND HYGIENCE (PEWASH)
",252041001,HADEJIA-JAMAÃÂ»ARE RBDA,,28000000.0,PARTIAL,MEDIUM,"While PEWASH focuses on water sanitation and hygiene which is outside HJRBDA's core irrigation and agricultural mandate, there is some overlap in water management responsibilities that could justify partnership involvement.",50
ERGP28176768,ESTABLISHMENT OF WATER SUPPLY SCHEME IN EDUCATIONAL INSTITUTE WITHIN THE AUTHORITY'S CATCHMENT AREAS,252041001,HADEJIA-JAMAÃÂ»ARE RBDA,,28000000.0,PARTIAL,MEDIUM,"While water supply falls under the agency's water resources management mandate, providing water specifically to educational institutes is not explicitly within their core functions which focus primarily on irrigation, agricultural water distribution, and wetland management rather than institutional water supply services.",50
ERGP28176774,"IMPROVEMENT OF BIRNIN KUDU WATER SUPPLY SCHEME
",252041001,HADEJIA-JAMAÃÂ»ARE RBDA,,28000000.0,YES,HIGH,"Improving water supply schemes directly aligns with HJRBDA's statutory function to manage water resources and provide water distribution services within their basin coverage area, which includes the relevant geographic region.",0
ERGP28193467,"WATER SUPPLY SCHEME IN AJINGI, AJINGI LGA, KANO STATE
",252041001,HADEJIA-JAMAÃÂ»ARE RBDA,,5250000.0,PARTIAL,MEDIUM,"While water supply schemes are not explicitly listed in HJRBDA's core irrigation and agricultural mandate, the agency does manage water resources distribution in Kano State and may provide water services as part of its broader water resources management responsibilities in the Hadejia-Jama'are basin.",50
ERGP28193472,"WATER SUPPLY SCHEME IN ALANGAWARI, ZAKI LGA, BAUCHI STATE
",252041001,HADEJIA-JAMAÃÂ»ARE RBDA,,5250000.0,YES,HIGH,"Water supply schemes fall directly within HJRBDA's mandate to manage water resources and provide water distribution services in the Hadejia-Jama'are river basin, which includes Bauchi State where this project is located.",0
ERGP28206376,"COMPLETION OF KURA TOWNSHIP WATER SUPPLY PROJECT
",252041001,HADEJIA-JAMAÃÂ»ARE RBDA,,19600000.0,PARTIAL,MEDIUM,"While the agency manages water resources in the basin which includes Kura area, their primary mandate focuses on irrigation and agricultural water supply rather than municipal/township water supply systems.",50
ERGP28206495,"REPAIRS OF FAULTY BOREHOLES WITHIN THE CATCHMENT
",252041001,HADEJIA-JAMAÃÂ»ARE RBDA,,14000000.0,YES,HIGH,"Repairing faulty boreholes within the catchment directly supports the agency's statutory functions of managing water resources, providing water distribution services, and maintaining water infrastructure in the Hadejia-Jama'are river basin.",0
ERGP28206506,"DRILLING AND EQUIPPING OF SOLAR POWERED BOREHOLES
",252041001,HADEJIA-JAMAÃÂ»ARE RBDA,,15400000.0,PARTIAL,MEDIUM,"While drilling boreholes for water access relates to water resources management which is within HJRBDA's mandate, the agency's primary focus is on surface water management through dams, irrigation schemes, and river basin management rather than groundwater development through boreholes.",50
ERGP28206521,PROVISION OF SOLAR POWERED BOREHOLES AND HAND PUMPS FOR IMPROVED WATER SUPPLY,252041001,HADEJIA-JAMAÃÂ»ARE RBDA,,59500000.0,YES,HIGH,Providing solar powered boreholes and hand pumps for improved water supply directly aligns with the agency's core mandate to manage water resources and distribute water to meet domestic and agricultural needs across the Hadejia-Jama'are river basin.,0
ERGP28206584,"DRILLING AND EQUIPPING OF HAND PUMP BOREHOLES
",252041001,HADEJIA-JAMAÃÂ»ARE RBDA,,14000000.0,YES,HIGH,"Drilling and equipping hand pump boreholes directly supports the agency's mandate to manage water resources and provide water access for agricultural, domestic and community uses within the Hadejia-Jama'are river basin.",0
ERGP28206610,"CONSTRUCTION AND PROVISION OF WATER SUPPLY SCHEMES
",252041001,HADEJIA-JAMAÃÂ»ARE RBDA,,17500000.0,PARTIAL,MEDIUM,"While water supply schemes relate to water resources management which is within HJRBDA's mandate, the agency's core focus is specifically on irrigation development, dam operations, and agricultural water distribution rather than general water supply provision.",50
ERGP28206617,"WATER SUPPLY SCHEME IN BIRNIN KUDU LGA, JIGAWA STATE
",252041001,HADEJIA-JAMAÃÂ»ARE RBDA,,7000000.0,YES,HIGH,"Water supply schemes in Jigawa State fall directly within HJRBDA's mandate to manage water resources across the Hadejia-Jama'are river basin, which explicitly includes Jigawa State.",0
ERGP28206651,"DRILLING AND EQIUIPPING OF DWARF SOLAR POWERED BOREHOLE AT MASAMAWA
",252041001,HADEJIA-JAMAÃÂ»ARE RBDA,,7000000.0,YES,HIGH,Drilling and equipping solar-powered boreholes for water access directly supports the agency's mandate to manage water resources and provide water distribution services in the Hadejia-Jama'are river basin.,0
ERGP28206669,"DRILLING AND EQUIPPING OF HAND PUMP BOREHOLE AT BICHI TOWN, KANO STATE
",252041001,HADEJIA-JAMAÃÂ»ARE RBDA,,7000000.0,YES,HIGH,"Drilling and equipping boreholes for water supply directly supports the agency's statutory function to manage water resources and provide water services in the Hadejia-Jama'are river basin, which includes Kano State.",0
ERGP28227894,"DRILLING OF BOREHOLES IN DAURAWA FARM CENTER
",252041001,HADEJIA-JAMAÃÂ»ARE RBDA,,10500000.0,YES,HIGH,"Drilling boreholes at a farm center directly supports the agency's mandate to develop irrigation infrastructure, distribute water to farmers, and support agricultural production in the Hadejia-Jama'are river basin.",0
ERGP28227977,"WATER SUPPLIES IN SHARADA
",252041001,HADEJIA-JAMAÃÂ»ARE RBDA,,4900000.0,YES,HIGH,Water supplies development falls directly within HJRBDA's core mandate to manage water resources and provide water distribution services across their basin coverage area including Kano State where Sharada is located.,0
ERGP28227990,"DRILLING OF BOREHOLES IN KANO WARDS
",252041001,HADEJIA-JAMAÃÂ»ARE RBDA,,7000000.0,PARTIAL,MEDIUM,"While drilling boreholes relates to water resources management which is within HJRBDA's mandate, the agency's primary focus is on surface water management, irrigation schemes, and dam operations rather than groundwater development through borehole drilling.",50
ERGP28228005,"DRILLING OF BOREHOLE IN TARAUNI
",252041001,HADEJIA-JAMAÃÂ»ARE RBDA,,7000000.0,PARTIAL,MEDIUM,"While drilling boreholes for water access relates to water resources management, the agency's primary mandate focuses on river basin management, irrigation schemes, and dam operations rather than groundwater development through borehole drilling.",50
ERGP28228021,"WATER SUPPLIES IN KANO
",252041001,HADEJIA-JAMAÃÂ»ARE RBDA,,10500000.0,YES,HIGH,"Water supplies in Kano directly aligns with HJRBDA's statutory function to manage water resources in the Hadejia-Jama'are river basin which covers Kano State, and the agency operates major water infrastructure including Tiga and Challawa Gorge Dams in Kano.",0
ERGP28228026,"WATER SUPPLY SCHEME IN VARIOUS LOCATION IN KANO
",252041001,HADEJIA-JAMAÃÂ»ARE RBDA,,8400000.0,YES,HIGH,"Water supply schemes directly align with HJRBDA's core mandate to manage water resources and provide water distribution services across Kano State, which is within their designated river basin coverage area.",0
ERGP28228029,"WATER SUPPLIES IN BAUCHI
",252041001,HADEJIA-JAMAÃÂ»ARE RBDA,,14000000.0,YES,HIGH,"Water supplies in Bauchi falls within HJRBDA's statutory mandate to manage water resources across the Hadejia-Jama'are river basin, which explicitly includes Bauchi State as part of its coverage area.",0
ERGP28228038,"WATER SUPPLIES IN BUJI LGA
",252041001,HADEJIA-JAMAÃÂ»ARE RBDA,,35000000.0,YES,HIGH,Water supplies in Buji LGA (located in Jigawa State) directly falls within HJRBDA's mandate to manage water resources and provide water distribution services across the Hadejia-Jama'are river basin covering Jigawa State.,0
ERGP28228048,"WATER SUPPLIES IN KABO LGA
",252041001,HADEJIA-JAMAÃÂ»ARE RBDA,,17500000.0,YES,HIGH,Water supplies in Kabo LGA falls within HJRBDA's mandate as the agency manages water resources across Kano State (where Kabo LGA is located) and has statutory functions to allocate water for domestic uses and provide water distribution services in the Hadejia-Jama'are river basin.,0
ERGP28228067,"IMPROVEMENT OF WATER SUPPLIES IN HEALTH INSTITUTIONS
",252041001,HADEJIA-JAMAÃÂ»ARE RBDA,,24500000.0,NO,HIGH,"The agency's mandate focuses specifically on river basin water resources management, irrigation development, and agricultural support, not on improving water supplies to health institutions which falls outside their statutory functions.",100
ERGP28228093,"REHABILITATION OF EXISTING BOREHOLES IN BAUCHI
",252041001,HADEJIA-JAMAÃÂ»ARE RBDA,,17500000.0,YES,HIGH,"Rehabilitating existing boreholes in Bauchi State falls directly within HJRBDA's mandate to manage water resources and provide water distribution infrastructure across the Hadejia-Jama'are river basin, which includes Bauchi State.",0
ERGP28228112,"REHABILITATION OF EXISTING BOREHOLES IN JIGAWA
",252041001,HADEJIA-JAMAÃÂ»ARE RBDA,,17500000.0,YES,HIGH,Rehabilitating boreholes in Jigawa directly supports the agency's mandate to manage water resources and provide water distribution services within its operational coverage area that includes Jigawa State.,0
ERGP28228113,"IMPROVEMENT OF KAUGAMA WATER SUPPLY
",252041001,HADEJIA-JAMAÃÂ»ARE RBDA,,24500000.0,YES,HIGH,"Improving water supply infrastructure falls within HJRBDA's statutory functions to manage water resources, provide water distribution services, and serve domestic water needs across the Hadejia-Jama'are river basin which includes areas where Kaugama is located.",0
ERGP28228120,"REHABILITATION OF EXISTING BOREHOLES IN KANO
",252041001,HADEJIA-JAMAÃÂ»ARE RBDA,,17500000.0,YES,HIGH,Rehabilitating existing boreholes in Kano directly supports the agency's mandate to manage water resources and provide water distribution services within its operational area that includes Kano State.,0
ERGP28229275,"WATER SUPPLY IN KANGIRE, BIRNIN KUDU, JIGAWA STATE
",252041001,HADEJIA-JAMAÃÂ»ARE RBDA,,7000000.0,YES,HIGH,"Water supply in Kangire, Birnin Kudu, Jigawa State falls within HJRBDA's mandate to manage water resources across Jigawa State and allocate water among competing agricultural, domestic and environmental uses in the Hadejia-Jama'are river basin.",0
ERGP28236837,"DRILLING OF COMPLETE SOLAR BOREHOLES ACROSS BUJI, AUYO AND DUTSE LGAÃ¢â ¬â¢S.",252041001,HADEJIA-JAMAÃÂ»ARE RBDA,,70000000.0,PARTIAL,MEDIUM,"While drilling boreholes for water access relates to water resources management which is within HJRBDA's mandate, solar boreholes primarily serve domestic/community water supply rather than the agency's core focus on irrigation development and agricultural water distribution in the river basin.",50
ERGP28236850,DEVELOPMENT OF SMALL SCALE IRRIGATION SCHEMES AND PROVISION OF INFRASTRUCTURE IN THE FARMING COMMUNITIES OF THE CATCHMENT AREAS OF H-,252041001,HADEJIA-JAMAÃÂ»ARE RBDA,,350000000.0,YES,HIGH,This budget item directly aligns with the agency's statutory function (f) to develop small and medium irrigation infrastructure and supports their core mandate of irrigation development in the Hadejia-Jama'are river basin catchment areas.,0
ERGP28236853,PROVISION OF WATER SUPPLY AND OTHER INFRASTRUCTURE IN BAYERO UNIVERSITY AND OTHER INSTITUTIONS,252041001,HADEJIA-JAMAÃÂ»ARE RBDA,,350000000.0,PARTIAL,MEDIUM,"While the agency has water resources management mandate, providing water supply to universities falls outside its core focus on irrigation, agricultural water distribution, and wetland management in the river basin.",50
ERGP28236861,REHABILITATION OF EXISTING WATER SUPPLY SYSTEMS AND BOREHOLES IN KANO STATE,252041001,HADEJIA-JAMAÃÂ»ARE RBDA,,630000000.0,PARTIAL,MEDIUM,"While water supply systems could relate to the agency's water resources management mandate, HJRBDA's primary focus is on irrigation development and agricultural water use rather than general water supply and borehole rehabilitation for domestic purposes.",50
ERGP28236868,REHABILITATION OF EXISTING WATER SUPPLY SYSTEMS AND BOREHOLES IN JIGAWA STATE,252041001,HADEJIA-JAMAÃÂ»ARE RBDA,,350000000.0,PARTIAL,MEDIUM,"While water infrastructure rehabilitation relates to the agency's water resources management mandate, the focus on general water supply systems and boreholes for domestic use differs from their primary mandate of irrigation development and agricultural water distribution in the Hadejia-Jama'are basin.",50
ERGP28236871,DRILLING OF COMPLETE SOLAR BOREHOLES ACROSS JIGAWA SOUTH-WEST SENATORIAL DISTRICT,252041001,HADEJIA-JAMAÃÂ»ARE RBDA,,70000000.0,PARTIAL,MEDIUM,"While drilling boreholes relates to water resources management which is within HJRBDA's mandate, the focus on a specific senatorial district rather than basin-wide water management and the solar component may not fully align with their core irrigation and river basin development functions.",50
ERGP28236877,REHABILITATION OF EXISTING AND DEVELOPMENT OF NEW IRRIGATION SCHEMES IN THE CATCHMENT AREAS OF HADEJIA-JAMAÃÂRE FOR FOOD SECURITY TO SUPPORT,252041001,HADEJIA-JAMAÃÂ»ARE RBDA,,7000000000.0,YES,HIGH,"This budget item directly aligns with the agency's core statutory functions of developing irrigation schemes, supporting agricultural production, and ensuring food security in the Hadejia-Jama'are river basin catchment areas.",0
ERGP28236883,"DEVELOPMENT OF SMALL, MEDIUM, AND LARGE DAMS IN THE HADEJIA JAMAÃÂRE RIVER BASIN TO PREVENT FLOOD AND PROVIDE WATER FOR IRRIGATION (MULTIPLE",252041001,HADEJIA-JAMAÃÂ»ARE RBDA,,5250000000.0,YES,HIGH,"The budget item directly aligns with the agency's core statutory functions of constructing dams, providing flood control, developing irrigation infrastructure, and managing water resources in the Hadejia-Jama'are river basin.",0
ERGP28236918,"PROVISION FOR WATER-SMART IRRIGATION SYSTEMS (DRIP, SPRINKLER, AND GREEN HOUSE) IN THE CATCHMENT AREAS OF HADEJIA-JAMAÃÂRE RIVER BASIN FOR FOOD",252041001,HADEJIA-JAMAÃÂ»ARE RBDA,,5250000000.0,YES,HIGH,"This budget item directly aligns with the agency's core mandate to develop irrigation infrastructure and support agricultural production in the Hadejia-Jama'are river basin, specifically fulfilling statutory functions (b), (e), and (f) regarding irrigation scheme development and agricultural support.",0
ERGP28236928,"STUDY DESIGN AND CONSTRUCTION OF EARTH DAM AT UNIVERSITY OF TRANSPORT DAURA, KATSINA STATE",252041001,HADEJIA-JAMAÃÂ»ARE RBDA,,140000000.0,NO,HIGH,"The project is located in Katsina State which is outside HJRBDA's statutory coverage area of Kano, Jigawa, Yobe and Bauchi States in the Hadejia-Jama'are river basin.",100
ERGP28236933,"REHABILITATION OF HAYA EARTH DAM IN GWARAM LGA, JIGAWA STATE
",252041001,HADEJIA-JAMAÃÂ»ARE RBDA,,70000000.0,YES,HIGH,"Rehabilitation of Haya Earth Dam in Jigawa State directly aligns with HJRBDA's statutory functions to construct, operate and maintain dams and irrigation infrastructure within their geographic mandate covering Jigawa State.",0
ERGP28236934,"REHABILITATION OF DAM IN KURA/MADOBI/ GARUN MALLAM (WRCTT) FEDERAL CONSTITUENCY, KANO STATE",252041001,HADEJIA-JAMAÃÂ»ARE RBDA,,35000000.0,YES,HIGH,"Rehabilitating dams in Kano State directly aligns with HJRBDA's statutory function to construct, operate and maintain dams including Tiga and Challawa Gorge Dams, and manage water resources infrastructure in their coverage area that includes Kano State.",0
ERGP28236939,EROSION CONSTROL AND DRAINAGES ALONG DUTSIN-SAFE-DAGA-RIKO KAGADAMA RURAL ACCESS ROAD,252041001,HADEJIA-JAMAÃÂ»ARE RBDA,,350000000.0,PARTIAL,MEDIUM,"While erosion control and drainage work relates to water management which is within HJRBDA's mandate, constructing road drainage infrastructure appears to be primarily a transportation project rather than core water resources or irrigation development activity.",50
ERGP28236940,REHABILITATION TO UPGRADE THE EXISTING JIBIA WATER WORKS FOR EFFECTIVE WATER SUPPLY SYSTEM PHASE ONE,252041001,HADEJIA-JAMAÃÂ»ARE RBDA,,280000000.0,PARTIAL,MEDIUM,"While water infrastructure rehabilitation aligns with HJRBDA's water resources management mandate, the Jibia Water Works appears to be for municipal water supply rather than the agency's core focus on irrigation and agricultural water distribution in the Hadejia-Jama'are basin.",50
ERGP28236943,REHABILITATION TO UPGRADE THE EXISTING JIBIA WATER WORKS FOR EFFECTIVE WATER SUPPLY SYSTEM PHASE TWO,252041001,HADEJIA-JAMAÃÂ»ARE RBDA,,280000000.0,NO,HIGH,"The budget item focuses on urban water supply works in Jibia, which falls outside HJRBDA's mandate of managing water resources specifically within the Hadejia-Jama'are river basin for irrigation and agricultural purposes.",100
ERGP28236958,"WATER SUPPLY SCHEME IN MALAMMADORI/KAUGAMA FEDERAL CONSTITUENCY, JIGAWA STATE",252041001,HADEJIA-JAMAÃÂ»ARE RBDA,,28000000.0,YES,HIGH,"Water supply schemes in Jigawa State fall directly within HJRBDA's mandate to manage water resources and provide water distribution services across the Hadejia-Jama'are river basin, which explicitly covers Jigawa State.",0
ERGP28236961,"PROVISION OF HAND PUMP BOREHOLES IN DOGUWA/TUDUN WADA FEDERAL CONSTITUENCY, KANO STATE",252041001,HADEJIA-JAMAÃÂ»ARE RBDA,,35000000.0,PARTIAL,MEDIUM,"While providing boreholes for water access relates to water resources management which is within HJRBDA's mandate, hand pump boreholes for general water supply differ from their primary focus on irrigation infrastructure and agricultural water distribution in the river basin.",50
ERGP28236962,"PROVISION OF HAND PUMP BOREHOLES IN BIRNIWA/GURI/KIRIKASAMMA FEDERAL CONSTITUENCY, JIGAWA STATE",252041001,HADEJIA-JAMAÃÂ»ARE RBDA,,42000000.0,PARTIAL,MEDIUM,"While providing boreholes falls outside HJRBDA's core irrigation and river basin management mandate, it relates to water resources development in their operational area of Jigawa State.",50
ERGP28236971,"DRILLING OF WATER BOREHOLE, CONSTRUCTION OF OVERHEAD TANK, POWER GENERATOR AND RETICULATION OF WATER AT SKILL ACQUISITION AND INDOOR",252041001,HADEJIA-JAMAÃÂ»ARE RBDA,,35000000.0,PARTIAL,MEDIUM,"While water infrastructure development aligns with HJRBDA's water resources management mandate, this appears to be for a skill acquisition facility rather than the agency's core focus on irrigation, agricultural water supply, and river basin management in their designated catchment area.",50
ERGP28236974,SUPPLY OF BOREHOLES SPARE PARTS FOR MAINTENANCE OF EXISTING SOLAR AND HAND PUMP BOREHOLES TO VARIOUS COMMUNITIES OF SHANONO/BAGWAI FEDERAL,252041001,HADEJIA-JAMAÃÂ»ARE RBDA,,14000000.0,YES,HIGH,Supplying borehole spare parts for maintenance aligns with the agency's mandate to manage water resources and provide water distribution services to communities within their basin coverage area including Kano State where Shanono/Bagwai is located.,0
ERGP28236985,"PROVISION OF CLEAN AND SAFE WATER FACILITIES IN BICHI FEDERAL CONSTITUENCY
",252041001,HADEJIA-JAMAÃÂ»ARE RBDA,,210000000.0,YES,HIGH,"Providing clean and safe water facilities in Bichi Federal Constituency (located in Kano State) directly aligns with HJRBDA's statutory function to manage water resources and allocate water for domestic uses within their coverage area of Kano, Jigawa, Yobe and Bauchi States.",0
ERGP28236994,"PROVISION AND SUPPLY OF WATER PUMPS TO JAMA'ARE/ITAS-GADAU FEDERAL CONSTITUENCY, BAUCHI STATE",252041001,HADEJIA-JAMAÃÂ»ARE RBDA,,70000000.0,YES,HIGH,Providing water pumps to Jama'are/Itas-Gadau Federal Constituency directly supports the agency's mandate to develop irrigation infrastructure and distribute water for agricultural production in the Hadejia-Jama'are river basin covering Bauchi State.,0
ERGP28236997,"WATER PROJECT SCHEME IN KANO STATE (MULTIPLE LOTS)
",252041001,HADEJIA-JAMAÃÂ»ARE RBDA,,4900000000.0,YES,HIGH,"Water project schemes in Kano State directly align with HJRBDA's core mandate to manage water resources and develop irrigation infrastructure in the Hadejia-Jama'are river basin, which includes Kano State as part of its operational coverage area.",0
ERGP28237002,"CONSTRUCTION OF SOLAR BOREHOLES AT DAWAKIN TOFA/TOFA/RIMIN GADO FEDERAL CONSTITUENCY, KANO STATE",252041001,HADEJIA-JAMAÃÂ»ARE RBDA,,350000000.0,YES,HIGH,"Solar borehole construction directly supports the agency's mandate to manage water resources and develop water infrastructure in Kano State, which is within their designated river basin coverage area.",0
ERGP28237006,"PROVISION OF HANDPUMP BOREHOLES IN DANBATTA AND MAKODA, DANBATTA/MAKODA FEDERAL CONSTITUENCY, KANO STATE",252041001,HADEJIA-JAMAÃÂ»ARE RBDA,,35000000.0,PARTIAL,MEDIUM,"While handpump boreholes for water provision are not explicitly listed in HJRBDA's core irrigation and river basin management mandate, they could support domestic water needs in the agency's operational area of Kano State, though this appears peripheral to their primary focus on irrigation infrastructure and agricultural water management.",50
ERGP28237011,"SOLAR POWERED BOREHOLE IN GEZAWA/GABASAWA FEDERAL CONSTITUENCY, KANO STATE",252041001,HADEJIA-JAMAÃÂ»ARE RBDA,,35000000.0,YES,HIGH,"Solar powered boreholes directly support water resources management and distribution within HJRBDA's operational area of Kano State, aligning with their mandate to manage water resources and provide water access in the Hadejia-Jama'are river basin.",0
ERGP28237012,"CONSTRUCTION OF SOLAR POWERED BOREHOLES IN DAWAKIN KUDU/WARAWA FEDERAL CONSTITUENCY, KANO STATE",252041001,HADEJIA-JAMAÃÂ»ARE RBDA,,140000000.0,YES,HIGH,"Construction of solar powered boreholes directly supports the agency's mandate to manage water resources and provide water distribution services in Kano State, which is within their operational jurisdiction of the Hadejia-Jama'are river basin.",0
ERGP28237022,"CONSTRUCTION OF SOLAR BOREHOLES WITHIN KUMBOTSO FEDERAL CONSTITUENCY, KANO STATE",252041001,HADEJIA-JAMAÃÂ»ARE RBDA,,140000000.0,PARTIAL,MEDIUM,"While solar boreholes provide water access which relates to water resources management, the agency's core mandate focuses on river basin management, irrigation development, and dam operations rather than groundwater development through boreholes.",50
ERGP28237026,"CONSTRUCTION OF WATER HAND PUMPS IN GAMAWA FEDERAL CONSTITUENCY, BAUCHI STATE.",252041001,HADEJIA-JAMAÃÂ»ARE RBDA,,70000000.0,PARTIAL,MEDIUM,"While Bauchi State is within HJRBDA's coverage area, constructing water hand pumps for domestic water supply falls outside the agency's core mandate which focuses on irrigation infrastructure, dam operations, and agricultural water management rather than rural water supply systems.",50
ERGP28237030,"CONSTRUCTION AND INSTALLATION OF SOLAR POWERED BOREHOLES IN GAMAWA FEDERAL CONSTITUENCY, BAUCHI STATE",252041001,HADEJIA-JAMAÃÂ»ARE RBDA,,70000000.0,YES,HIGH,Construction of solar-powered boreholes in Bauchi State (which is within HJRBDA's coverage area) directly supports the agency's mandate to manage water resources and provide water access for agricultural and domestic uses in the Hadejia-Jama'are river basin.,0
ERGP28237036,"INSTALLATION OF SOLAR POWERED BOREHOLES WITH TANKS AT SELECTED COMMUNITIES OF KATAGUM FEDERAL CONSTITUENCY, BAUCHI STATE",252041001,HADEJIA-JAMAÃÂ»ARE RBDA,,70000000.0,YES,HIGH,Installing solar powered boreholes with tanks for water supply in Bauchi State communities directly supports the agency's statutory function to manage water resources and provide water services within the Hadejia-Jama'are river basin which covers Bauchi State.,0
ERGP28237063,"PROVISION OF WATER HAND PUMPS IN IKARA/KUBAU FEDERAL CONSTITUENCY, KADUNA STATE",252041001,HADEJIA-JAMAÃÂ»ARE RBDA,,140000000.0,NO,HIGH,"The budget item is for water hand pumps in Kaduna State, which falls outside HJRBDA's geographic mandate that covers only Kano, Jigawa, Yobe, and Bauchi States in the Hadejia-Jama'are river basin.",100
ERGP28237066,"CONSTRUCTION OF SOLAR POWER BOREHOLE/INSTALLATION AT KUREKEN SANI IN KUMBOTSO FEDERAL CONSTITUENCY, KANO STATE",252041001,HADEJIA-JAMAÃÂ»ARE RBDA,,70000000.0,YES,HIGH,"Construction of solar-powered boreholes for water access directly supports the agency's core mandate of managing water resources and developing water infrastructure in the Hadejia-Jama'are river basin, particularly in Kano State which is within their operational area.",0
ERGP28237068,"CONSTRUCTION OF SOLAR POWER BOREHOLE/INSTALLATION AT DANMALIKI WARD IN KUMBOTSO FEDERAL CONSTITUENCY, KANO STATE",252041001,HADEJIA-JAMAÃÂ»ARE RBDA,,70000000.0,YES,HIGH,"Construction of solar power boreholes directly supports the agency's mandate to manage water resources and develop water infrastructure in Kano State, which is within their operational jurisdiction of the Hadejia-Jama'are river basin.",0
ERGP28237070,"CONSTRUCTION OF SOLAR POWER BOREHOLE/INSTALLATION AT KUREKAN SANI IN KUMBOTSO FEDERAL CONSTITUENCY, KANO STATE",252041001,HADEJIA-JAMAÃÂ»ARE RBDA,,70000000.0,YES,HIGH,Solar-powered borehole construction directly supports the agency's mandate to manage water resources and provide water distribution services in Kano State within the Hadejia-Jama'are river basin.,0
ERGP28237087,"HAND PUMP BOREHOLES IN SELECTED AREAS OF GWALE FEDERAL CONSTITUENCY, KANO STATE",252041001,HADEJIA-JAMAÃÂ»ARE RBDA,,49000000.0,PARTIAL,MEDIUM,"While HJRBDA manages water resources in Kano State, hand pump boreholes for general water supply fall outside their core mandate of irrigation development and agricultural water management, though they could be justified as supporting rural water access in their operational area.",50
ERGP28237088,"CONSTRUCTION OF MOTORIZE SOLAR BOREHOLE TO SELECTED WARDS IN KANO MUNICIPAL FEDERAL CONSTITUENCY, KANO STATE",252041001,HADEJIA-JAMAÃÂ»ARE RBDA,,105000000.0,YES,HIGH,"Construction of motorized solar boreholes for water supply directly supports the agency's statutory function to manage water resources and provide water distribution services within Kano State, which is part of their designated river basin coverage area.",0
ERGP28237092,REHABILITATION OF TUDUN-WADA TOWNSHIP WATER SUPPLY SCHEME WITH FULL RETICULATION IN DOGUWA/TUNDUNWADA FEDERAL CONSTITUENCY,252041001,HADEJIA-JAMAÃÂ»ARE RBDA,,175000000.0,YES,HIGH,Rehabilitating township water supply schemes falls within HJRBDA's mandate to manage water resources and provide water distribution services in their basin area covering northern Nigeria states.,0
ERGP28237098,"CONSTRUCTION AND DRILLLING OF SOLAR POWERED BOREHOLES IN MALLAM MADORI/KAUGAMA FEDERAL CONSTITUENCY, JIGAWA STATE",252041001,HADEJIA-JAMAÃÂ»ARE RBDA,,140000000.0,YES,HIGH,"Solar powered boreholes construction directly supports the agency's mandate to manage water resources and provide water distribution services in Jigawa State, which is within HJRBDA's operational coverage area.",0
ERGP28237216,"DRILLING OF SOLAR BOREHOLES IN SELECTED LOCATIONS IN YAMALTU-DEBA FEDERAL CONSTITUENCY, GOMBE STATE",252041001,HADEJIA-JAMAÃÂ»ARE RBDA,,35000000.0,NO,HIGH,"The agency's mandate covers Kano, Jigawa, Yobe, and Bauchi States only, while this budget item is for Gombe State which falls outside HJRBDA's designated river basin territory.",100
ERGP28237217,"DRILLINGS OF WATER HAND PUMP BOREHOLES IN MALLAM MADORI / KAUGAMA FEDERAL CONSTITUENCY, JIGAWA STATE.",252041001,HADEJIA-JAMAÃÂ»ARE RBDA,,35000000.0,YES,HIGH,Drilling water hand pump boreholes in Jigawa State falls directly within HJRBDA's mandate to manage water resources and provide water services in the Hadejia-Jama'are river basin which includes Jigawa State.,0
ERGP28237222,"INSTALLATION OF SOLAR WATER BOREHOLES IN LERE FEDERAL CONSTITUENCY, KADUNA STATE",252041001,HADEJIA-JAMAÃÂ»ARE RBDA,,114287221.0,NO,HIGH,"The budget item targets Lere Federal Constituency in Kaduna State, which falls outside HJRBDA's specific geographic mandate covering only Kano, Jigawa, Yobe, and Bauchi States within the Hadejia-Jama'are river basin.",100
ERGP28237224,"WATER SUPPLY SCHEME IN NASARAWA FEDERAL CONSTITUENCY, KANO STATE
",252041001,HADEJIA-JAMAÃÂ»ARE RBDA,,28000000.0,YES,HIGH,Water supply schemes in Kano State fall directly within HJRBDA's mandate to manage water resources and provide water distribution services in the Hadejia-Jama'are river basin covering Kano State.,0
ERGP28237225,"WATER SUPPLY SCHEME IN GWARAM FEDERAL CONSTITUENCY, JIGAWA STATE
",252041001,HADEJIA-JAMAÃÂ»ARE RBDA,,28000000.0,YES,HIGH,"Water supply schemes directly align with HJRBDA's mandate to manage water resources and distribute water in the Hadejia-Jama'are river basin, which includes Jigawa State where Gwaram Federal Constituency is located.",0
ERGP28237226,"PROVISION OF HANDPUMP BOREHOLES IN TUDUN WADA/DOGUWA FEDERAL CONSTITUENCY, KANO STATE",252041001,HADEJIA-JAMAÃÂ»ARE RBDA,,28000000.0,YES,HIGH,"Providing handpump boreholes for water access falls within HJRBDA's mandate to manage water resources and support communities in the Hadejia-Jama'are river basin, which includes Kano State.",0
ERGP28237228,"WATER SUPPLY SCHEME IN GAMAWA FEDERAL CONSTITUENCY, BAUCHI STATE
",252041001,HADEJIA-JAMAÃÂ»ARE RBDA,,28000000.0,YES,HIGH,"Water supply scheme in Gamawa Federal Constituency, Bauchi State directly aligns with HJRBDA's mandate to manage water resources and provide water distribution services across Bauchi State, which is explicitly within their operational coverage area.",0
ERGP28237231,"WATER SUPPLY SCHEME IN MISAU DANBAM FEDERAL CONSTITUENCY, BAUCHI STTATE
",252041001,HADEJIA-JAMAÃÂ»ARE RBDA,,28000000.0,YES,HIGH,Water supply scheme in Misau Danbam Federal Constituency falls within HJRBDA's mandate as the agency manages water resources across Bauchi State (part of its coverage area) and has statutory functions to provide water services and manage water distribution in the Hadejia-Jama'are river basin.,0
ERGP28237268,"WATER SUPPLY SCHEME IN KANO MUNICIPAL FEDERAL CONSTITUENCY, KANO STATE
",252041001,HADEJIA-JAMAÃÂ»ARE RBDA,,49000000.0,PARTIAL,MEDIUM,"While water supply schemes are related to water resources management which is within HJRBDA's mandate, the agency's primary focus is on irrigation development, agricultural water distribution, and wetland management rather than municipal water supply services.",50
ERGP28237285,"PROCUREMENT OF SOLAR POWERED IRRIGATION PUMPS AND ACCESSORIES FOR NGURU, MACHINA AND JAKUSKO LGAs OF YOBE NORTH SENATORIAL DISTRICT",252041001,HADEJIA-JAMAÃÂ»ARE RBDA,,175000000.0,YES,HIGH,"The procurement of solar powered irrigation pumps directly supports the agency's core mandate to develop irrigation infrastructure and distribute irrigation water to farmers in the Hadejia-Jama'are river basin, which includes Yobe State.",0
ERGP28237293,"PROCUREMENT OF SOLAR POWERED IRRIGATION PUMPS AND ACCESSORIES FOR BADE, KARASUWA AND YUSUFARI LGAs OF YOBE NORTH SENATORIAL DISTRICT",252041001,HADEJIA-JAMAÃÂ»ARE RBDA,,175000000.0,YES,HIGH,"The procurement of solar powered irrigation pumps directly supports the agency's core mandate to develop irrigation infrastructure and distribute irrigation water to farmers in Yobe State, which is within HJRBDA's geographical coverage area.",0
ERGP28237296,"PROVISION OF HAND PUMPS TO SOME SELECTED COMMUNITIES IN NINGI, WARJI, GANJUWA, DARAZO, MISAU & DAMBAM LGAÃ¢â¬â¢S OF BAUCHI CENTRAL",252041001,HADEJIA-JAMAÃÂ»ARE RBDA,,420000000.0,YES,HIGH,"Providing hand pumps for water access in Bauchi State communities falls within HJRBDA's mandate to manage water resources and serve domestic water needs across the Hadejia-Jama'are river basin, which includes Bauchi State.",0
ERGP28237300,"PURCHASE & SUPPLY OF IRRIGATION PUMPS, SPRAYERS AND LIQUID FERTILIZER TO FARMERS FOR DRY SEASON FARMING IN NINGI, WARJI, GANJUWA, DARAZO, MISAU &",252041001,HADEJIA-JAMAÃÂ»ARE RBDA,,140000000.0,YES,HIGH,"The purchase and supply of irrigation equipment and fertilizer for dry season farming directly supports HJRBDA's statutory functions of developing irrigation schemes, supporting agricultural production, and providing extension services to farmers in their coverage area including Bauchi State where these locations are situated.",0
ERGP28237307,"JAHUN WATER SCHEME IN JAHUN, JIGAWA SOUTH-WEST SENATORIAL DISTRICT
",252041001,HADEJIA-JAMAÃÂ»ARE RBDA,,350000000.0,YES,HIGH,"The Jahun Water Scheme directly aligns with HJRBDA's mandate to manage water resources and develop irrigation infrastructure in Jigawa State, which is within their designated river basin coverage area.",0
ERGP28237328,"PROVISION OF INFRASTRUCTURE WITHIN CATCHMENT AREA
",252041001,HADEJIA-JAMAÃÂ»ARE RBDA,,350000000.0,YES,HIGH,"Provision of infrastructure within catchment area directly aligns with HJRBDA's statutory functions to develop irrigation infrastructure, construct and maintain dams, and build water distribution systems within the Hadejia-Jama'are river basin.",0
ERGP30152073,"ANNUAL MONITORING AND EVALUATION OF CAPITAL PROJECTS OF THE RBDA
",252041001,HADEJIA-JAMAÃÂ»ARE RBDA,,42000000.0,YES,HIGH,"Monitoring and evaluation of capital projects directly supports the agency's statutory functions of constructing, operating and maintaining dams, irrigation infrastructure, and water distribution systems which require ongoing assessment to ensure effective performance.",0
ERGP30152111,ESTABLISHMENT AND EQUIPPING OF WATER RESOURCES INFORMATION AND BRIEFING CENTRE AT HJRBDA HEADQUARTERS,252041001,HADEJIA-JAMAÃÂ»ARE RBDA,,28000000.0,YES,HIGH,"Establishing a water resources information and briefing centre directly supports the agency's statutory functions of conducting hydrological monitoring, water resources assessment, and engaging communities in participatory water resources management within the Hadejia-Jama'are river basin.",0
ERGP30152114,"COMPLETION OF DATA BANK AND MANAGEMENT INFORMATION SYSTEMS
",252041001,HADEJIA-JAMAÃÂ»ARE RBDA,,21000000.0,YES,HIGH,"Data bank and management information systems are essential for the agency's hydrological monitoring, water resources assessment, and water allocation functions across the Hadejia-Jama'are river basin.",0
ERGP30192910,"SETTLEMENT OF BASIN WORKFORCE LIABILITY
",252041001,HADEJIA-JAMAÃÂ»ARE RBDA,,28000000.0,YES,HIGH,Settling workforce liability is a necessary administrative function for HJRBDA to maintain its operational capacity and fulfill its statutory mandate of managing water resources and irrigation infrastructure in the basin.,0
ERGP30227747,"RESEARCH AND DEVELOPMENT FOR INNOVATION TO SECURE IRRIGATION FACILITIES
",252041001,HADEJIA-JAMAÃÂ»ARE RBDA,,21000000.0,YES,HIGH,"Research and development for securing irrigation facilities directly supports the agency's core mandate to develop, operate, and maintain irrigation infrastructure and schemes across the Hadejia-Jama'are river basin.",0
ERGP30227781,"WORKFORCE CAPACITY BUILDING
",252041001,HADEJIA-JAMAÃÂ»ARE RBDA,,21000000.0,YES,HIGH,"Workforce capacity building directly supports the agency's mandate by developing staff capabilities needed to effectively manage water resources, operate irrigation infrastructure, and provide agricultural extension services across the Hadejia-Jama'are river basin.",0
ERGP3176794,"ESTABLISHMENT OF TISSUE CULTURE LAB AT HEADQUARTERS
",252041001,HADEJIA-JAMAÃÂ»ARE RBDA,,28000000.0,PARTIAL,MEDIUM,"While a tissue culture lab could support agricultural research and crop improvement for the irrigation schemes the agency manages, it represents a significant expansion beyond their core water resources and irrigation infrastructure mandate into specialized agricultural research.",50
ERGP5139077,CONSTRUCTION OF SHANGU SMALL EARTH DAM AND IRRIGATION SCHEME IN KANO STATE,252041001,HADEJIA-JAMAÃÂ»ARE RBDA,,700000.0,YES,HIGH,"Construction of Shangu small earth dam and irrigation scheme in Kano State directly aligns with HJRBDA's statutory functions to develop irrigation infrastructure, construct water storage facilities, and support agricultural production within their operational coverage area including Kano State.",0
ERGP5139310,"CONSTRUCTION OF GULKA/DARAZO EARTH DAM, BAUCHI STATE
",252041001,HADEJIA-JAMAÃÂ»ARE RBDA,,700000.0,YES,HIGH,Construction of Gulka/Darazo Earth Dam in Bauchi State directly aligns with the agency's statutory function to construct and operate dams for water storage and irrigation development within its coverage area that includes Bauchi State.,0
ERGP5151905,"ESTABLISHMENT OF SMALL SCALE IRRIGATION SCHEMES IN KANO, JIGAWA AND BAUCHI STATES",252041001,HADEJIA-JAMAÃÂ»ARE RBDA,,24500000.0,YES,HIGH,"The establishment of small scale irrigation schemes in Kano, Jigawa and Bauchi States directly aligns with HJRBDA's statutory function to develop small and medium irrigation infrastructure and manage water resources across these specific states within their basin coverage area.",0
ERGP5151907,"COMPLETION OF GALALA IRRIGATION PROJECT
",252041001,HADEJIA-JAMAÃÂ»ARE RBDA,,38500000.0,YES,HIGH,Completing the Galala Irrigation Project directly aligns with HJRBDA's core mandate to develop and operate irrigation schemes and infrastructure within the Hadejia-Jama'are river basin for agricultural production.,0
ERGP5151946,OPERATION AND MAINTENANCE OF HADEJIA VALLEY IRIGATION PROJECT INFRASTRUCTURES,252041001,HADEJIA-JAMAÃÂ»ARE RBDA,,35000000.0,YES,HIGH,"Operating and maintaining irrigation project infrastructures in the Hadejia Valley directly aligns with HJRBDA's core mandate to develop, operate and maintain irrigation schemes and infrastructure in the Hadejia-Jama'are river basin.",0
ERGP5151953,"COMPLETION OF CHALLAWA KARAYE IRRIGATION SCHEME
",252041001,HADEJIA-JAMAÃÂ»ARE RBDA,,28000000.0,YES,HIGH,"The completion of Challawa Karaye Irrigation Scheme directly aligns with HJRBDA's statutory functions to develop and operate irrigation schemes, manage water distribution infrastructure, and support agricultural production in the Hadejia-Jama'are river basin.",0
ERGP5151972,"OPERATION AND MAINTENANCE OF TIGA DAM
",252041001,HADEJIA-JAMAÃÂ»ARE RBDA,,45500000.0,YES,HIGH,"Operation and maintenance of Tiga Dam is explicitly listed as a statutory function of HJRBDA, which constructs, operates and maintains the Tiga Dam for irrigation water provision and flood control in the Hadejia-Jama'are river basin.",0
ERGP5151993,"COMPLETION OF SAWE PILOT IRRIGATION SCHEME
",252041001,HADEJIA-JAMAÃÂ»ARE RBDA,,14000000.0,YES,HIGH,Completing the Sawe Pilot Irrigation Scheme directly aligns with HJRBDA's core mandate to develop irrigation infrastructure and schemes within the Hadejia-Jama'are river basin for agricultural production.,0
ERGP5152004,"OPERATION AND REHABILITATION OF HADEJIA BARRAGE
",252041001,HADEJIA-JAMAÃÂ»ARE RBDA,,35000000.0,YES,HIGH,"Operating and rehabilitating the Hadejia Barrage directly aligns with the agency's statutory functions to construct, operate and maintain water infrastructure including dams and barrages for irrigation water distribution and flood control in the Hadejia-Jama'are river basin.",0
ERGP5152034,"REHABILITATION OF HJRBDA REVENUE GENERATING ASSETS
",252041001,HADEJIA-JAMAÃÂ»ARE RBDA,,31500000.0,YES,HIGH,"Rehabilitating revenue generating assets directly supports the agency's core mandate to maintain irrigation infrastructure, dams, and water distribution systems that are essential for water resources management and agricultural production in the basin.",0
ERGP5152042,"TYPHA GRASS CONTROL AND MANAGEMENT
",252041001,HADEJIA-JAMAÃÂ»ARE RBDA,,21000000.0,YES,HIGH,"Typha grass control and management directly supports the agency's mandate to manage water resources, maintain irrigation infrastructure, and conserve the Hadejia-Nguru wetlands, as invasive typha grass can block waterways and degrade irrigation systems and wetland ecosystems.",0
ERGP5152059,"CONSTRUCTION OF KOREYEL EARTH DAM, KANO STATE
",252041001,HADEJIA-JAMAÃÂ»ARE RBDA,,21000000.0,YES,HIGH,"Construction of Koreyel Earth Dam in Kano State directly aligns with HJRBDA's statutory function to construct and operate dams for water storage, irrigation, and flood control within their operational area covering Kano State.",0
ERGP5152082,"COMPLETION OF DAGWALO DAM, BIRNIN KUDU LGA, JIGAWA STATE
",252041001,HADEJIA-JAMAÃÂ»ARE RBDA,,42000000.0,YES,HIGH,"The completion of Dagwalo Dam in Jigawa State directly aligns with HJRBDA's statutory function to construct and operate dams for water storage, irrigation, and flood control within their coverage area that includes Jigawa State.",0
ERGP5152084,"OPERATION AND REHABILITATION OF GALALA EARTH DAM
",252041001,HADEJIA-JAMAÃÂ»ARE RBDA,,24500000.0,YES,HIGH,"Operating and rehabilitating the Galala Earth Dam directly aligns with HJRBDA's statutory functions to construct, operate and maintain dams for irrigation water supply and flood control within their river basin coverage area.",0
ERGP5152085,"HADEJIA JAMA'ARE-KOMADUGU-YOBE RIVER SYSTEM IMPROVEMENT PROJECT
",252041001,HADEJIA-JAMAÃÂ»ARE RBDA,,31500000.0,YES,HIGH,"The project directly aligns with HJRBDA's core mandate to manage water resources in the Hadejia-Jama'are river basin system, which includes the Komadugu-Yobe River that flows into Lake Chad within their operational jurisdiction.",0
ERGP5152086,"INTEGRATED RIVER BASIN DEVELOPMENT MANAGEMENT
",252041001,HADEJIA-JAMAÃÂ»ARE RBDA,,42000000.0,YES,HIGH,"Integrated river basin development management directly aligns with HJRBDA's core mandate to manage water resources, develop irrigation infrastructure, and conduct comprehensive basin management across the Hadejia-Jama'are river basin.",0
ERGP5152103,LAND HOLDING REVALIDATION SURVEY IN KANO RIVER AND HADEJIA VALLEY IRRIGATION PROJECTS,252041001,HADEJIA-JAMAÃÂ»ARE RBDA,,28000000.0,YES,HIGH,"Land holding revalidation surveys in irrigation projects directly support the agency's statutory functions of managing irrigation schemes, distributing irrigation water to farmers, and conducting participatory water resources management in their operational area.",0
ERGP5159046,"ESTABLISHMENT OF IMPROVED SEED MULTIPLICATION AND PROCESSING CENTRE
",252041001,HADEJIA-JAMAÃÂ»ARE RBDA,,17500000.0,PARTIAL,MEDIUM,"While seed multiplication and processing supports agricultural production which aligns with HJRBDA's mandate to support rice, wheat and vegetable production through irrigation, establishing processing centers extends beyond their core water resources and irrigation infrastructure focus into agricultural value chain activities.",50
ERGP5159048,OPERATION AND REHABILITATION OF KANO RIVER IRRIGATION PROJECT INFRASTRUCTURES,252041001,HADEJIA-JAMAÃÂ»ARE RBDA,,38500000.0,YES,HIGH,"The operation and rehabilitation of Kano River irrigation project infrastructures directly aligns with HJRBDA's core mandate to develop, operate and maintain irrigation infrastructure including the Tiga and Challawa Gorge Dams on the Kano River and manage water distribution systems in their basin area.",0
ERGP5159054,"OPERATION AND REHABILITAION OF CHALLAWA GORGE DAM
",252041001,HADEJIA-JAMAÃÂ»ARE RBDA,,35000000.0,YES,HIGH,"Operating and rehabilitating Challawa Gorge Dam directly falls under the agency's statutory function to construct, operate and maintain the Challawa Gorge Dam as specified in function (c).",0
ERGP5159112,PROCUREMENT OF AMPHIBIAN EXCAVATOR FOR TYPHA GRASS CLEARANCE & DESILTING OF RIVERS,252041001,HADEJIA-JAMAÃÂ»ARE RBDA,,21000000.0,YES,HIGH,"Procurement of amphibian excavator for typha grass clearance and desilting directly supports the agency's mandate to manage water resources, maintain irrigation infrastructure, and preserve the Hadejia-Nguru wetlands by removing invasive vegetation and sediment that impede water flow and irrigation systems.",0
ERGP5176830,"INTRODUCTION OF NOVEL ANIMAL HUSBANDARY IN IRRIGATION SKILLS, KANO, JIGAWA AND BAUCHI STATES",252041001,HADEJIA-JAMAÃÂ»ARE RBDA,,14000000.0,PARTIAL,MEDIUM,"While the agency covers irrigation skills training in Kano, Jigawa and Bauchi states within its mandate, animal husbandry is not explicitly part of its core water resources and irrigation infrastructure functions, though it could support integrated farming systems in irrigated areas.",50
ERGP5177796,"GYAURO DAM/IRRIGATION - I IN KANO STATE
",252041001,HADEJIA-JAMAÃÂ»ARE RBDA,,38500000.0,YES,HIGH,"The Gyauro Dam/Irrigation project in Kano State directly aligns with HJRBDA's core mandate to construct dams, develop irrigation infrastructure, and manage water resources in the Hadejia-Jama'are river basin covering Kano State.",0
ERGP5193317,"CONSTRUCTION OF DUDDURUN GAYA EARTH DAM
",252041001,HADEJIA-JAMAÃÂ»ARE RBDA,,5250000.0,YES,HIGH,"Construction of Duddurun Gaya Earth Dam directly aligns with HJRBDA's statutory function to construct, operate and maintain dams for water storage, irrigation, and flood control within their river basin coverage area.",0
ERGP5193509,"CONSTRUCTION OF GEZAWA EARTH DAM, KANO STATE
",252041001,HADEJIA-JAMAÃÂ»ARE RBDA,,21000000.0,YES,HIGH,"Construction of Gezawa Earth Dam in Kano State directly aligns with the agency's statutory function to construct and operate dams for water storage, irrigation, and flood control within their geographical mandate covering Kano State.",0
ERGP5206027,"PAYMENT OF LIABILITY KANO RIVER IRRIGATION PROJECT
",252041001,HADEJIA-JAMAÃÂ»ARE RBDA,,28000000.0,YES,HIGH,Payment of liability for Kano River Irrigation Project directly aligns with HJRBDA's statutory function to develop and operate irrigation schemes and manage water distribution infrastructure in the Hadejia-Jama'are river basin.,0
ERGP5206050,"PAYMENT OF LIABILITY ON REHABILITATION OF TIGA DAM
",252041001,HADEJIA-JAMAÃÂ»ARE RBDA,,28000000.0,YES,HIGH,"The rehabilitation of Tiga Dam directly falls under the agency's statutory function to construct, operate and maintain Tiga and Challawa Gorge Dams as part of their water resources management mandate.",0
ERGP5206096,"PAYMENT OF LIABILITY ON REHABILITATION OF HADEJIA BARRAGE
",252041001,HADEJIA-JAMAÃÂ»ARE RBDA,,24500000.0,YES,HIGH,"Payment of liability for rehabilitating Hadejia Barrage directly aligns with the agency's statutory function to construct, operate and maintain water infrastructure including dams and barrages for irrigation and water management in the Hadejia-Jama'are river basin.",0
ERGP5206237,"OPERATION AND REHABILITATION OF GARI IRRIGATION PROJECT INFRASTRUCTURES
",252041001,HADEJIA-JAMAÃÂ»ARE RBDA,,24500000.0,YES,HIGH,"Operating and rehabilitating irrigation project infrastructures directly aligns with HJRBDA's core mandate to develop, operate and maintain irrigation schemes and infrastructure within the Hadejia-Jama'are river basin.",0
ERGP5206309,"PAYMENT OF LIABILITY ON HADEJIA AND KURA PROJECTS
",252041001,HADEJIA-JAMAÃÂ»ARE RBDA,,21000000.0,YES,HIGH,"Payment of liability on Hadejia and Kura projects directly relates to the agency's core mandate of managing water resources and irrigation infrastructure in the Hadejia-Jama'are river basin, as these are likely existing water development projects within their operational area.",0
ERGP5206321,"PAYMENT OF LIABILITY ON TIGA DAM AND RUWAN KANYA RESERVOIR
",252041001,HADEJIA-JAMAÃÂ»ARE RBDA,,21000000.0,YES,HIGH,"The payment of liability on Tiga Dam directly relates to the agency's statutory function to construct, operate and maintain Tiga Dam as specified in their mandate.",0
ERGP5206338,"WATER SUPPLY SCHEMES IN VARIOUS LOCATIONS WITHIN THE CATCHMENT
",252041001,HADEJIA-JAMAÃÂ»ARE RBDA,,14000000.0,YES,HIGH,Water supply schemes within the catchment directly align with HJRBDA's core mandate to manage water resources and distribute water in the Hadejia-Jama'are river basin.,0
ERGP5206452,"REHABILITATION OF KATAGUM IRRIGATION PROJECT
",252041001,HADEJIA-JAMAÃÂ»ARE RBDA,,14000000.0,YES,HIGH,"Rehabilitation of Katagum Irrigation Project directly aligns with HJRBDA's statutory functions to develop and maintain irrigation infrastructure, support agricultural production, and manage water resources in the Hadejia-Jama'are river basin covering northern Nigeria states including where Katagum is located.",0
ERGP5206594,"CONSTRUCTION OF MAIGATARI IRRIGATION SCHEME
",252041001,HADEJIA-JAMAÃÂ»ARE RBDA,,49000000.0,YES,HIGH,Construction of Maigatari Irrigation Scheme directly aligns with HJRBDA's core mandate to develop irrigation infrastructure and schemes within their basin coverage area including Jigawa State where Maigatari is located.,0
ERGP5207066,"PAYMENT OF LIABILITY FOR THE REHABILITAION OF CHALLAWA GORGE DAM
",252041001,HADEJIA-JAMAÃÂ»ARE RBDA,,24500000.0,YES,HIGH,"The rehabilitation of Challawa Gorge Dam directly aligns with the agency's statutory function to construct, operate and maintain the Challawa Gorge Dam as specified in function (c) of their mandate.",0
ERGP5207071,"PAYMENT OF LIABILITY ON REHABILITATION OF GALALA EARTH DAM
",252041001,HADEJIA-JAMAÃÂ»ARE RBDA,,24500000.0,YES,HIGH,"The rehabilitation of Galala Earth Dam directly aligns with HJRBDA's statutory function to construct, operate and maintain dams and water infrastructure within their river basin coverage area.",0
ERGP5207086,"REHABILITATION OF GARI MAIN CANAL AND RESERVOIR
",252041001,HADEJIA-JAMAÃÂ»ARE RBDA,,21000000.0,YES,HIGH,"Rehabilitation of irrigation infrastructure including canals and reservoirs directly aligns with HJRBDA's statutory functions to maintain irrigation canals and water distribution infrastructure, and operate irrigation schemes within the Hadejia-Jama'are river basin.",0
ERGP5207095,"CONSTRUCTION OF EARTH DAM IN BAYERO UNIVERSITY, KANO
",252041001,HADEJIA-JAMAÃÂ»ARE RBDA,,49000000.0,PARTIAL,MEDIUM,"While the agency has mandate to construct dams and manage water resources in Kano State, constructing a dam specifically within a university campus may not directly serve the core irrigation, agricultural, and basin-wide water management purposes outlined in their statutory functions.",50
ERGP5227792,"REHABILITATION OF HAYIN WARDE MINI EARTH DAM IN GWARAM LGA JIGAWA STATE
",252041001,HADEJIA-JAMAÃÂ»ARE RBDA,,14000000.0,YES,HIGH,"Rehabilitating a mini earth dam in Jigawa State directly aligns with HJRBDA's statutory functions to construct, operate and maintain water infrastructure and develop irrigation schemes within their coverage area.",0
ERGP5227836,"LAND RECLAMATION AND EROSION CONTROL IN SABON GARI
",252041001,HADEJIA-JAMAÃÂ»ARE RBDA,,7000000.0,YES,HIGH,"Land reclamation and erosion control activities directly support the agency's mandate to manage water resources, develop irrigation infrastructure, and maintain watershed integrity within the Hadejia-Jama'are river basin.",0
ERGP5228074,REMODELING AND IMPROVEMENT OF WUDIL PILOT IRRIGATION FOR COMMERCIAL OPERATION KANO STATE PHASE II,252041001,HADEJIA-JAMAÃÂ»ARE RBDA,,35000000.0,YES,HIGH,"This budget item directly aligns with the agency's statutory functions to develop and operate irrigation schemes, maintain irrigation infrastructure, and support commercial agricultural production in Kano State within the Hadejia-Jama'are river basin.",0
ERGP5228084,"SUPPLY OF LUBRICANTS FOR HEAVY DUTY EQUIPMENT
",252041001,HADEJIA-JAMAÃÂ»ARE RBDA,,21000000.0,YES,HIGH,"Lubricants for heavy duty equipment are essential for maintaining and operating the dams, irrigation infrastructure, and construction equipment that HJRBDA uses to fulfill its core mandate of managing water resources and developing irrigation schemes.",0
ERGP5228127,"SUPPLY OF PMS FOR THE AUTHORITY'S FLEET OF VEHICLES
",252041001,HADEJIA-JAMAÃÂ»ARE RBDA,,24500000.0,YES,HIGH,"Vehicle fuel supply is essential for HJRBDA to conduct field operations including dam maintenance, irrigation scheme management, wetland monitoring, and providing services across the vast river basin territory covering multiple northern Nigerian states.",0
ERGP5228138,"SUPPLY OF DIESEL FOR THE AUTHORITY'S POWER GENERATION
",252041001,HADEJIA-JAMAÃÂ»ARE RBDA,,24500000.0,YES,HIGH,"Diesel for power generation is essential for operating irrigation infrastructure, water pumping systems, dams, and other critical water management facilities that are core to HJRBDA's mandate.",0
ERGP5228145,"DIGITIZATION OF H-JRBDA LAND ASSETS
",252041001,HADEJIA-JAMAÃÂ»ARE RBDA,,35000000.0,PARTIAL,MEDIUM,"While digitizing land assets could support the agency's irrigation development and water resources management functions by improving land records for agricultural schemes, it represents an indirect administrative activity rather than a core statutory function focused on water resources, irrigation infrastructure, and agricultural production.",50
ERGP5228149,"SUPPLY OF LIVESTOCK FEED
",252041001,HADEJIA-JAMAÃÂ»ARE RBDA,,21000000.0,NO,HIGH,"Supply of livestock feed is not within HJRBDA's mandate which focuses specifically on water resources management, irrigation development, and crop agriculture rather than livestock operations.",100
ERGP5228168,"PROVISION OF POST HARVEST EQUIPMENT FOR FOOD SECURITY
",252041001,HADEJIA-JAMAÃÂ»ARE RBDA,,49000000.0,PARTIAL,MEDIUM,"While post-harvest equipment supports food security which aligns with the agency's agricultural support role, the mandate focuses primarily on water resources management and irrigation development rather than comprehensive agricultural equipment provision.",50
ERGP5228178,"PROVISION FOR NASENI ASSET RESTORATION PROGRAMME
",252041001,HADEJIA-JAMAÃÂ»ARE RBDA,,63000000.0,NO,HIGH,"NASENI Asset Restoration Programme relates to the National Agency for Science and Engineering Infrastructure, which is completely outside HJRBDA's water resources and irrigation development mandate.",100
ERGP5228428,"CONSTRUCTION OF DUDDURUN GAYA EARTH DAM
",252041001,HADEJIA-JAMAÃÂ»ARE RBDA,,70000000.0,YES,HIGH,"Construction of Duddurun Gaya Earth Dam directly aligns with the agency's statutory function to construct and operate dams for water storage, irrigation, and flood control within the Hadejia-Jama'are river basin.",0
ERGP5228558,"CONSTRUCTION OF TIGA DAM CATCHMENT ACCESS ROAD PHASE 1 FROM WURA- WURA TO YALLABI TUDUN WADA LGA, KANO STATE",252041001,HADEJIA-JAMAÃÂ»ARE RBDA,,700000.0,PARTIAL,MEDIUM,"While the agency operates Tiga Dam and needs infrastructure access for dam operations and maintenance, constructing general access roads extends beyond their core water resources and irrigation mandate unless specifically justified for dam operational purposes.",50
ERGP5228582,"PAYMENT OF LIABILITY ON GARI IRRIGATION PROJECT
",252041001,HADEJIA-JAMAÃÂ»ARE RBDA,,21000000.0,YES,HIGH,Payment of liability on Gari Irrigation Project directly aligns with HJRBDA's core mandate to develop and operate irrigation schemes and maintain irrigation infrastructure in the Hadejia-Jama'are river basin.,0
ERGP5236880,"PROVISION OF AGRICULTURAL INFRASTRUCTURE (CANALS, FARM ACCESS ROADS AND OTHERS) IN THE IRRIGABLE LANDS OF THE HADEJIA JAMAÃÂRE RIVER BASIN UNDER",252041001,HADEJIA-JAMAÃÂ»ARE RBDA,,5250000000.0,YES,HIGH,"The provision of agricultural infrastructure including canals and farm access roads in irrigable lands directly aligns with HJRBDA's statutory functions to develop irrigation infrastructure, maintain irrigation canals, and support agricultural production in the Hadejia-Jama'are river basin.",0
ERGP5236887,"PROVISION OF CRITICAL INPUTS, MECHANIZATION AND ADEQUATE EXTENSION SERVICES IN THE HADEJIA-JAMAARE RIVER BASIN TO SUPPORT THE RENEWED HOPE",252041001,HADEJIA-JAMAÃÂ»ARE RBDA,,5250000000.0,YES,HIGH,"This budget item directly aligns with the agency's statutory functions to provide agricultural extension services to irrigated farmers, support agricultural production, and develop irrigation infrastructure in the Hadejia-Jama'are river basin.",0
ERGP5236890,SUPPORT TO IRRIGATION DEVELOPMENT FOR FOOD SECURITY TOWARDS THE ACTUALIZATION OF THE RENEWED HOPE AGENDA (MULTIPLE LOTS),252041001,HADEJIA-JAMAÃÂ»ARE RBDA,,5250000000.0,YES,HIGH,This budget item directly aligns with the agency's core mandate to develop irrigation infrastructure and support agricultural production for food security in the Hadejia-Jama'are river basin.,0
ERGP5236921,"SUPPLY OF ASSORTED GRAINS IN KANO SOUTH SENATORIAL DISTRICT, KANO
",252041001,HADEJIA-JAMAÃÂ»ARE RBDA,,1050000000.0,NO,HIGH,"The agency's mandate focuses on water resources management, irrigation infrastructure, and dam operations, not direct supply or distribution of grains which falls outside their statutory functions.",100
ERGP5236922,"SUPPLY OF AGRICULTURAL AND IRRIGATION EQUIPMENT IN KANO SOUTH SENATORIAL DISTRICT, KANO",252041001,HADEJIA-JAMAÃÂ»ARE RBDA,,1050000000.0,YES,HIGH,"Supplying agricultural and irrigation equipment in Kano South Senatorial District directly supports the agency's statutory functions of developing irrigation infrastructure, supporting agricultural production, and distributing irrigation water to farmers within their operational area of Kano State.",0
ERGP5236926,PROVISION OF AGRICULTURAL INPUTS TO FARMING COMMUNITIES IN RADI AND OTHER SURROUNDING COMMUNITIES,252041001,HADEJIA-JAMAÃÂ»ARE RBDA,,70000000.0,YES,HIGH,Providing agricultural inputs to farming communities directly supports the agency's statutory function to support agricultural production and provide extension services to irrigated farmers in the basin.,0
ERGP5236978,"PURCHASE OF ASSORTED GRAINS IN DOGUWA/TUDUN WADA FEDERAL CONSTITUENCY, KANO STATE",252041001,HADEJIA-JAMAÃÂ»ARE RBDA,,21000000.0,PARTIAL,MEDIUM,"While purchasing grains falls outside HJRBDA's core mandate of water resource management and irrigation infrastructure development, it could be justified as supporting agricultural production in their operational area if related to seed distribution or demonstration programs for irrigated farming.",50
ERGP5236999,"PROVISION FOR SESAME SEED PROCESSING, PRECLEARING EQUIPMENT, AND TRAINING FOR FARMERS ALONG THE NORTHEAST AND NORTHEAST FOR VALUE ADDITION.",252041001,HADEJIA-JAMAÃÂ»ARE RBDA,,2072983275.0,PARTIAL,MEDIUM,"While the agency supports agricultural production and provides extension services to farmers in northern Nigeria, sesame seed processing and value addition falls outside its core water resources management and irrigation infrastructure mandate.",50
ERGP5237091,PROCUREMENT AND SUPPLY OF ASSORTED FOOD STUFFS TO SUPPORT INDIGENT AND VULNERABLE FAMILIES IN DOGUWA/TUDUNWADA FEDERAL CONSTITUENCY,252041001,HADEJIA-JAMAÃÂ»ARE RBDA,,175000000.0,NO,HIGH,"The budget item involves direct food distribution to vulnerable families, which is not within HJRBDA's mandate of water resources management, irrigation development, and agricultural infrastructure provision.",100
ERGP5237104,"PROVISION OF INFRASTRUTURE (TOILETS, LOADING RAMPS AND PERIMRTER FENCING) IN GAMAWA CATTLE MARKET IN GAMAWA FEDERAL CONSTITUENCY, BAUCHI STATE",252041001,HADEJIA-JAMAÃÂ»ARE RBDA,,70000000.0,NO,HIGH,"Providing infrastructure for cattle markets falls outside HJRBDA's mandate which is specifically focused on water resources management, irrigation development, and agricultural production rather than livestock market infrastructure.",100
ERGP5237271,PROVISION OF FOOD ITEMS IN AFIJIO/ATIBA/OYO EAST AND WEST FEDERAL CONSTITUENCY,252041001,HADEJIA-JAMAÃÂ»ARE RBDA,,58170000.0,NO,HIGH,"The budget item involves provision of food items in Oyo State constituencies, which falls outside HJRBDA's geographical mandate that covers only Kano, Jigawa, Yobe, and Bauchi States in northern Nigeria, and does not align with the agency's core functions of water resources management and irrigation development.",100
ERGP5237317,"SUPPLY OF RICE, FERTILIZERS AND OTHER FARMING IMPLEMENT TO GWARAM LGA, JIGAWA STATE.",252041001,HADEJIA-JAMAÃÂ»ARE RBDA,,35000000.0,YES,HIGH,"Supply of rice, fertilizers and farming implements to Gwaram LGA in Jigawa State directly supports the agency's mandate to promote agricultural production and provide extension services to farmers within its coverage area of the Hadejia-Jama'are river basin.",0
ERGP5237331,"PROVISION FOR THE PURCHASE OF AGRIC IMPLEMENT IN BAUCHI CENTRAL
",252041001,HADEJIA-JAMAÃÂ»ARE RBDA,,70000000.0,YES,HIGH,"The purchase of agricultural implements in Bauchi Central aligns with HJRBDA's mandate to support agricultural production and provide extension services to farmers in the Hadejia-Jama'are river basin, which includes Bauchi State.",0
ERGP7206489,"ANNUAL AUDIT MONITORING AND EVALUATION
",252041001,HADEJIA-JAMAÃÂ»ARE RBDA,,8400000.0,PARTIAL,MEDIUM,"While audit monitoring and evaluation is not explicitly listed in HJRBDA's statutory functions, it serves as a necessary administrative function to ensure accountability and effectiveness in executing the agency's water resources management and irrigation development mandates.",50
ERGP7227807,"PROCUREMENT PROCESSES AND IMPLEMENTATION
",252041001,HADEJIA-JAMAÃÂ»ARE RBDA,,21000000.0,PARTIAL,MEDIUM,"While procurement processes are necessary for HJRBDA to acquire equipment, materials and services for irrigation infrastructure, dam operations and water management projects within their mandate, this generic budget line lacks specificity about what is being procured and whether it directly supports their core water resources and agricultural development functions.",50
ERGP8159047,"GRADUATE HUMAN DEVELOPMENT IN IRRIGATED AGRICULTURE SCHEME
",252041001,HADEJIA-JAMAÃÂ»ARE RBDA,,31500000.0,YES,HIGH,Graduate human development in irrigated agriculture directly supports the agency's mandate to provide agricultural extension services to irrigated farmers and develop irrigation schemes for agricultural production in the Hadejia-Jama'are river basin.,0
ERGP8159051,"ESTABLISHMENT OF MODEL FARM CENTRE BASED ON SONGHAI MODEL
",252041001,HADEJIA-JAMAÃÂ»ARE RBDA,,42000000.0,PARTIAL,MEDIUM,"While establishing a model farm centre supports agricultural production which aligns with the agency's irrigation and farming support functions, the Songhai model approach may extend beyond the agency's core water resources and irrigation infrastructure mandate into broader agricultural development activities.",50
ERGP8236969,"ENTERPRENEURSHIP TRAINING FOR YOUTH DEVELOPMENT AND EMPOWERMENT IN GOLOLO TOWN, GAMAWA LGA BAUCHI STATE",252041001,HADEJIA-JAMAÃÂ»ARE RBDA,,88760000.0,PARTIAL,MEDIUM,"While youth entrepreneurship training is not explicitly within HJRBDA's core water resources and irrigation mandate, it could relate to supporting agricultural livelihoods and community engagement in their operational area of Bauchi State.",50
ERGP8236972,"PROVSION OF SEWING MACHINES FOR YOUTHS AND WOMEN IN KADUNA SOUTH FEDERAL CONS., KADUNA STATE.",252041001,HADEJIA-JAMAÃÂ»ARE RBDA,,35000000.0,NO,HIGH,"Providing sewing machines for youths and women in Kaduna South falls outside HJRBDA's water resources and irrigation mandate, and Kaduna State is not within their designated coverage area of Kano, Jigawa, Yobe, and Bauchi States.",100
ERGP8236976,"SUPPLY OF EMPOWERMENT MATERIALS IN FAGGE FEDERAL CONSTITUENCY, KANO STATE",252041001,HADEJIA-JAMAÃÂ»ARE RBDA,,14000000.0,PARTIAL,MEDIUM,"The item could align with the agency's mandate if the empowerment materials are specifically related to irrigation farming, water management, or agricultural extension services within their operational area of Kano State, but the vague description makes it unclear whether these materials support the agency's core water resources and irrigation functions.",50
ERGP8236987,"EMPOWERMENT OF WOMEN AND YOUTHS IN OYI/AYAMELUM FEDERAL CONSTITUENCY, ANAMBRA STATE (MCG)",252041001,HADEJIA-JAMAÃÂ»ARE RBDA,,70000000.0,NO,HIGH,"This budget item targets a specific federal constituency in Anambra State (southeastern Nigeria) which is completely outside HJRBDA's geographical mandate that covers only Kano, Jigawa, Yobe and Bauchi States in northern Nigeria.",100
ERGP8237215,"TRAINING AND EMPOWERMENT OF YOUTHS AND WOMEN IN AGRICULTURE IN YAMALTU-DEBA FEDERAL CONSTITUENCY, GOMBE STATE",252041001,HADEJIA-JAMAÃÂ»ARE RBDA,,35000000.0,NO,HIGH,"The budget item targets Yamaltu-Deba Federal Constituency in Gombe State, which falls outside HJRBDA's statutory coverage area of Kano, Jigawa, Yobe, and Bauchi States in the Hadejia-Jama'are river basin.",100
ERGP8237218,EMPOWERMENT OF WOMEN AND YOUTHS ON SEWING MACHINE IN TARAUNI FEDERAL CONSTITUENCY KANO STATE,252041001,HADEJIA-JAMAÃÂ»ARE RBDA,,175000000.0,NO,HIGH,"Providing sewing machines for women and youth empowerment falls outside HJRBDA's core mandate of water resources management, irrigation development, and agricultural production in the river basin.",100
ERGP8237219,"SEMI-SKILLED TRAINING AND EMPOWERMENT OF SMALL AND MEDIUM ENTERPRISES IN OLUYOLE FEDERAL CONSTITUENCY, OYO STATE",252041001,HADEJIA-JAMAÃÂ»ARE RBDA,,35000000.0,NO,HIGH,"The budget item targets Oluyole Federal Constituency in Oyo State (southwestern Nigeria) which is completely outside HJRBDA's geographical mandate that covers only Kano, Jigawa, Yobe and Bauchi States in northern Nigeria.",100
ERGP8237276,"YOUTH & WOMEN EMPOWERMENT IN UMUAHIA NORTH, IKORODU & OTHER LOCATIONS",252041001,HADEJIA-JAMAÃÂ»ARE RBDA,,46536000.0,NO,HIGH,"The budget item focuses on youth and women empowerment in locations outside HJRBDA's geographic mandate (which covers Kano, Jigawa, Yobe, and Bauchi States in northern Nigeria), and does not relate to the agency's core functions of water resources management, irrigation development, or agricultural programs in the Hadejia-Jama'are river basin.",100
ERGP8237281,"EMPOWERMENT FOR FARMERS IN KANO SOUTH SENATORIAL DISTRICT, KANO STATE.
",252041001,HADEJIA-JAMAÃÂ»ARE RBDA,,35000000.0,YES,HIGH,"The budget item directly aligns with the agency's mandate to support agricultural production and provide extension services to farmers in Kano State, which is within the Hadejia-Jama'are river basin coverage area.",0
ERGP8237333,"PROCUREMENT AND SUPPLY OF ASSORTED YOUTH EMPOWERMENT MATERIALS (MOTORCYCLES, SEWING AND GRINDING MACHINES, WATER PUMPS) IN",252041001,HADEJIA-JAMAÃÂ»ARE RBDA,,175000000.0,PARTIAL,MEDIUM,"Water pumps align with the agency's irrigation and water distribution mandate, but motorcycles, sewing machines, and grinding machines fall outside their core water resources and irrigation infrastructure responsibilities.",50
ERGP10157494,"COMPLETION OF SMALL HYDRO POWER IN DOMA PROJECT
",252042001,LOWER BENUE RBDA,,42322000.0,PARTIAL,MEDIUM,"While the agency constructs dams and water infrastructure that could incorporate hydropower components, electricity generation is not explicitly within LBRBDA's core mandate which focuses on irrigation, water resources management, and agricultural development.",50
ERGP10158076,PROVISION OF ALTERNATIVE POWER SOURCE (SOLAR/INVERTER) FOR HEADQUARTERS OPERATIONS,252042001,LOWER BENUE RBDA,,4858000.0,PARTIAL,MEDIUM,"While solar power provision supports essential headquarters operations for water resources management activities, it falls outside the core mandate of irrigation, flood control, and water resource development but serves as necessary operational infrastructure.",50
ERGP10158105,"ELECTRIFICATION OF GUNGUL TO MANTA/BONTA
",252042001,LOWER BENUE RBDA,,9716000.0,NO,HIGH,"Electrification projects fall outside LBRBDA's core mandate which focuses on water resources management, irrigation development, and flood control rather than power infrastructure.",100
ERGP10158210,"COMPLETION OF THE UPGRADING OF ELECTRICAL INFRASTRUCTURES IN KARU, NASARAWA STATE",252042001,LOWER BENUE RBDA,,32935000.0,NO,HIGH,"Upgrading electrical infrastructure in Karu falls outside LBRBDA's water resources and irrigation mandate, as the agency is specifically focused on water management, irrigation development, and flood control rather than general electrical infrastructure projects.",100
ERGP10223072,"PROVISION OF STREET LIGHTS AT MOUNT SAINT MICHAELS ALAIDE, BENUE STATE
",252042001,LOWER BENUE RBDA,,9716000.0,NO,HIGH,"Providing street lights is an urban infrastructure function that falls outside LBRBDA's core mandate of water resources management, irrigation development, and agricultural support in the Lower Benue River Basin.",100
ERGP10223076,"PROVISION OF SOLAR STREET LIGHTS AT THE HEADQUARTERS COLONY MAKURDI, BENUE STATE AND PROVISION OF TRANSFORMERS FOR UPPER HILL AND ADAMAWA",252042001,LOWER BENUE RBDA,,11074000.0,NO,HIGH,"Providing solar street lights and transformers for residential areas falls outside LBRBDA's core mandate of water resources management, irrigation development, and agricultural support in the Lower Benue River Basin.",100
ERGP10231051,"ELECTRIFICATION OF OGLEWU/OGBOJU BENUE STATE
",252042001,LOWER BENUE RBDA,,3500000.0,PARTIAL,MEDIUM,"While electrification is not a core mandate of LBRBDA, it could be justified if supporting irrigation infrastructure operations or agricultural development facilities in these communities within their coverage area of Benue State.",50
ERGP10237737,"PROVISION AND INSTALLATION OF SOLAR STREET LIGHTS IN BASSA LGA, PLATEAU STATE",252042001,LOWER BENUE RBDA,,7000000.0,NO,HIGH,"Installing solar street lights in Plateau State falls outside LBRBDA's water resources and irrigation mandate, and Plateau State is not within the agency's seven-state coverage area which includes Benue, Kogi, Nasarawa, Cross River, Ebonyi, Enugu and Anambra States.",100
ERGP10237745,PROVISION AND INSTALLATION OF SOLAR SECURITY LIGHTS AT RADDA AND OTHER SURROUNDING COMMLUNITIES,252042001,LOWER BENUE RBDA,,70000000.0,PARTIAL,MEDIUM,"While solar security lights for communities is not a core water/irrigation function, it could reasonably support community engagement and security for irrigation infrastructure in areas where LBRBDA operates.",50
ERGP10237910,"PROVISION OF SOLAR STREET LIGHTS IN EBIKORO EZEKOM AMATTA IN IKEDURU LGA, IMO STATE",252042001,LOWER BENUE RBDA,,35000000.0,NO,HIGH,"Installing solar street lights in Imo State falls outside LBRBDA's core mandate of water resources management, irrigation development, and agricultural support, and Imo State is not within their designated seven-state coverage area.",100
ERGP10237943,"PROVISION OF SOLAR STREET LIGHTS IN OBE NKANU WEST ENUGU STATE (ONGOING)
",252042001,LOWER BENUE RBDA,,140000000.0,NO,HIGH,"Installing solar street lights in urban areas falls outside LBRBDA's core mandate of water resources management, irrigation development, and agricultural support in the Lower Benue River Basin.",100
ERGP10237977,ELECTRIFICATION OF SOME SELECTED COMMUNITIES IN GBOKO/TARKA FEDERAL CONSTITUENCY,252042001,LOWER BENUE RBDA,,35000000.0,NO,HIGH,"Electrification of communities is outside LBRBDA's mandate which focuses specifically on water resources management, irrigation development, and agricultural support rather than power/electricity infrastructure.",100
ERGP10238075,PROVISION AND INSTALLATION OF SURVEILLANCE ILLUMINATION IN SECURITY CHALLENGED COMMUNITIES OF A FEDERAL CONSTITUENCY IN KATSINA CENTRAL,252042001,LOWER BENUE RBDA,,140000000.0,NO,HIGH,"Installing surveillance illumination in Katsina Central falls completely outside LBRBDA's mandate of water resources management and irrigation development in the Lower Benue River Basin, and Katsina is not within their geographical jurisdiction.",100
ERGP10238151,"PROVISION OF SOLAR STREET LIGHTS IN SELECTED TOWNS IN TAKUM LGA, TAKUM/DONGA/USSA FED. CONSTITUENCY, TARABA STATE.",252042001,LOWER BENUE RBDA,,122500000.0,NO,HIGH,"Providing solar street lights in towns falls outside LBRBDA's core mandate of water resources management, irrigation development, and agricultural support in the Lower Benue River Basin.",100
ERGP10238162,"PROVISION OF SOLAR STREET LIGHTS IN SELECTED COMMUNITIES IN OSUN EAST SENATORIAL DISTRICT, OSUN STATE.",252042001,LOWER BENUE RBDA,,105000000.0,NO,HIGH,"The budget item involves providing solar street lights in Osun State, which is outside the Lower Benue RBDA's geographical mandate that covers only seven specific states (Benue, Kogi, Nasarawa, Cross River, Ebonyi, Enugu and Anambra), and street lighting falls outside their core functions of water resources management, irrigation development, and flood control.",100
ERGP10238166,"PROVISION OF SOLAR STREET LIGHTS IN OKE ADA AREA OF OKEMESI, EKITI WEST LGA, EKITI STATE.",252042001,LOWER BENUE RBDA,,17500000.0,NO,HIGH,"Installing solar street lights in Ekiti State falls outside LBRBDA's core mandate of water resources management and irrigation development, and Ekiti State is not within the agency's designated seven-state coverage area of the Lower Benue River Basin.",100
ERGP10238171,"PROVISION OF SOLAR STREET LIGHTS IN ALAJAGBE-EGUNPE- IDOFIN TOWN, EKITI STATE.",252042001,LOWER BENUE RBDA,,14000000.0,NO,HIGH,"Installing solar street lights in Ekiti State falls outside LBRBDA's mandate which focuses on water resources management, irrigation development, and agricultural support in the Lower Benue River Basin covering seven specific states (Benue, Kogi, Nasarawa, Cross River, Ebonyi, Enugu and Anambra), and Ekiti State is not within this geographical jurisdiction.",100
ERGP10238175,"SUPPLY AND INSTALLATION OF SOLAR STREET LIGHTS IN SOME SELECTED LOCATIONS ACROSS ZANGO KATAF/JABA FEDERAL CONSTITUENCY, KADUNA STATE",252042001,LOWER BENUE RBDA,,14000000.0,NO,HIGH,Installing solar street lights in Kaduna State falls outside LBRBDA's water resources and irrigation mandate and beyond its seven-state jurisdiction which does not include Kaduna State.,100
ERGP10238209,SUPPLY AND INSTALLATION OF SOLAR STREET LIGHT IN OTUKPO/OHIMINI FEDERAL CONSTITUENCY OF BENUE STATE,252042001,LOWER BENUE RBDA,,14000000.0,NO,HIGH,"Supply and installation of solar street lights is a general infrastructure project that falls outside LBRBDA's specific mandate of water resources management, irrigation development, and agricultural support in the Lower Benue River Basin.",100
ERGP10238227,"PROVISION OF SOLAR STREET LIGHTS IN IJOKORO-OJENYO ADO LGA, BENUE STATE
",252042001,LOWER BENUE RBDA,,10500000.0,NO,HIGH,"Providing solar street lights in a local government area falls outside LBRBDA's core mandate of water resources management, irrigation development, and agricultural support in the Lower Benue River Basin.",100
ERGP10238232,"PROVISON OF SOLAR POWERED STREET LIGHTS IN ADEOBA TOWN, EKITI STATE.
",252042001,LOWER BENUE RBDA,,10854636.0,NO,HIGH,"The budget item involves street lighting in Ekiti State, which falls outside LBRBDA's geographic mandate (covers only Benue, Kogi, Nasarawa, Cross River, Ebonyi, Enugu and Anambra States) and functional mandate focused on water resources management and irrigation development.",100
ERGP10238248,"PROVISION OF SOLAR STREET LIGHT AT NYEMDUNG, MANGU LGA, PLATEAU STATE.
",252042001,LOWER BENUE RBDA,,4900000.0,NO,HIGH,"Installing solar street lights in Plateau State falls outside LBRBDA's water resources and irrigation mandate, and Plateau State is not within the agency's seven-state jurisdiction (Benue, Kogi, Nasarawa, Cross River, Ebonyi, Enugu, Anambra).",100
ERGP10238284,"SUPPLY AND INSTALLATION OF TRANSFORMER TO KWANDE LGA, BENUE NORTH EAST SENATORIAL DISTRICT",252042001,LOWER BENUE RBDA,,28000000.0,PARTIAL,MEDIUM,"While electrical infrastructure like transformers could support irrigation pumping systems and water treatment facilities within LBRBDA's water resources mandate, the item lacks specific connection to irrigation, water management, or agricultural development activities.",50
ERGP10238337,INSTALLATION OF SOLAR POWERED BOREHOLES IN SOME SELECTED COMMUNITIES IN BENUE NORTH EAST SENATORIAL DISTRICT.,252042001,LOWER BENUE RBDA,,35000000.0,PARTIAL,MEDIUM,"While water provision aligns with LBRBDA's water resources management mandate, the focus on community boreholes for domestic water supply rather than irrigation infrastructure for agricultural development represents a peripheral activity to their core irrigation and agricultural mandate.",50
ERGP10238339,INSTALLATION OF SOLAR POWERED BOREHOLES IN SOME SELECTED COMMUNITIES IN AKWA IBOM NORTH EAST SENATORIAL DISTRICT.,252042001,LOWER BENUE RBDA,,35000000.0,NO,HIGH,"Akwa Ibom North East Senatorial District is outside LBRBDA's geographical mandate which covers Lower Benue River Basin (Benue, Kogi, Nasarawa, Cross River, Ebonyi, Enugu and Anambra States), not Akwa Ibom State.",100
ERGP10238342,"SOLAR STREET LIGHTS IN THE 6 GEO-POLITICAL ZONES
",252042001,LOWER BENUE RBDA,,173586416.0,NO,HIGH,"Solar street lights in geopolitical zones fall outside LBRBDA's core mandate of water resources management, irrigation development, and agricultural support within the Lower Benue River Basin.",100
ERGP10238373,"PROVISION OF ELECTRICITY FROM MCHIA TO ATONGO VILLAGE IN MBAVUUR COUNCIL WARD OF LOGO LGA, BENUE NORTH EAST SENATORIAL DISTRICT.",252042001,LOWER BENUE RBDA,,42000000.0,NO,HIGH,"Providing electricity infrastructure is outside LBRBDA's mandate which focuses specifically on water resources management, irrigation development, and agricultural support rather than electrical power supply.",100
ERGP10238385,PURCHASE AND SUPPLY OF 500KVA/33 TRANSFORMER FOR SELECTED COMMUNITIES IN AKWA IBOM NORTH-EAST SENATORIAL DISTRICT,252042001,LOWER BENUE RBDA,,105000000.0,NO,HIGH,"The budget item targets Akwa Ibom North-East Senatorial District, which is outside LBRBDA's geographical mandate that covers only seven states (Benue, Kogi, Nasarawa, Cross River, Ebonyi, Enugu and Anambra), and involves electrical transformer supply which is not within the agency's water resources and irrigation development functions.",100
ERGP10238389,SUPPLY AND INSTALLATION OF SOLAR STREETLIGHTS IN SELECTED COMMUNITIES WITHIN ITU AND IBIONO IBOM LGAS IN AKWA IBOM NORTH-EAST SENATORIAL,252042001,LOWER BENUE RBDA,,70000000.0,NO,HIGH,"Installing solar streetlights in Akwa Ibom communities falls outside LBRBDA's core mandate of water resources management and irrigation development, and Akwa Ibom is not within the agency's designated coverage area of seven states in the Lower Benue River Basin.",100
ERGP10238406,REHABILITATION OF 33KVA LINE IN NUNG IKONO/ADADIA AND EKIM-ENEN FARM SETTLEMENT IN AKWA IBOM NORTH-EAST SENATORIAL DISTRICT,252042001,LOWER BENUE RBDA,,105000000.0,NO,HIGH,"The budget item involves electrical infrastructure rehabilitation in Akwa Ibom State, which is outside LBRBDA's geographical mandate covering seven specific states (Benue, Kogi, Nasarawa, Cross River, Ebonyi, Enugu and Anambra) and does not relate to water resources or irrigation development.",100
ERGP1113220,"ESTABLISHMENT OF PROPOSED SHONGHAI MODEL FARM CENTRE AT DOMA PROJECT
",252042001,LOWER BENUE RBDA,,28077000.0,PARTIAL,MEDIUM,"While establishing a model farm centre supports agricultural development which aligns with LBRBDA's mandate to support crop production through irrigation, the specific ""Shonghai Model"" may involve broader agricultural activities beyond the agency's core focus on water resources management and irrigation infrastructure.",50
ERGP11238448,"CONSTRUCTION OF TRIPPLE CELL BOX AT AHOR, USHONGO LGA BENUE NORTH EAST SENATORIAL DISTRICT",252042001,LOWER BENUE RBDA,,52500000.0,YES,HIGH,"Construction of triple cell box culverts at Ahor falls directly within LBRBDA's mandate to provide flood control and drainage infrastructure in the Lower Benue River Basin, specifically addressing flooding challenges in Benue State.",0
ERGP1157509,"ESTABLISHMENT OF RICE PROCESSING PLANT AT MAKURDI PROJECT
",252042001,LOWER BENUE RBDA,,4858000.0,PARTIAL,MEDIUM,"While rice processing falls outside LBRBDA's core water resources and irrigation mandate, it directly supports rice production which the agency promotes through its irrigation schemes, creating a reasonable but indirect connection to their agricultural development functions.",50
ERGP1164965,"PROVISION OF IRRIGATION SCHEME FOR KPOBI IN BASSA LGA OF KOGI STATE
",252042001,LOWER BENUE RBDA,,7287000.0,YES,HIGH,"Providing irrigation schemes directly aligns with LBRBDA's core mandate to develop irrigation infrastructure for agricultural production in the Lower Benue River Basin, which includes Kogi State.",0
ERGP1201809,"REHABILITATION OF OBAGAJI IRRIGATION SCHEME
",252042001,LOWER BENUE RBDA,,14574000.0,YES,HIGH,Rehabilitating the Obagaji Irrigation Scheme directly aligns with LBRBDA's core mandate to develop and maintain irrigation infrastructure for agricultural production in the Lower Benue River Basin.,0
ERGP1202149,"PROVISION FOR GROUND RENT, RIGHT OF OCCUPANCY AND AND CERTIFCATE OF OCCUPANCY ACROSS CATCHMENT AREAS",252042001,LOWER BENUE RBDA,,6801200.0,YES,HIGH,"Ground rent and certificates of occupancy for catchment areas are necessary for LBRBDA to legally acquire and maintain land rights for constructing irrigation infrastructure, dams, canals, and flood control facilities across their seven-state operational area.",0
ERGP12157856,"CONSTRUCTION OF CULVERTS ON ALAGYE-OLONYA ROAD
",252042001,LOWER BENUE RBDA,,7287000.0,PARTIAL,MEDIUM,"While road culverts are not directly within LBRBDA's core mandate, they could be justified as water management infrastructure supporting drainage and flood control functions in the Lower Benue Basin.",50
ERGP12157873,"CONSTRUCTION OF KWANDARE TO AWUMA RURAL ROAD
",252042001,LOWER BENUE RBDA,,6801200.0,NO,HIGH,"Construction of rural roads falls outside LBRBDA's water resources management mandate, which focuses specifically on irrigation, flood control, and agricultural water infrastructure rather than road construction.",100
ERGP12157889,"REHABILITATION OF 1KM ROAD AT OMBI-ADAMAWA SHABU
",252042001,LOWER BENUE RBDA,,43650086.0,NO,HIGH,"Road rehabilitation is outside LBRBDA's core mandate which focuses specifically on water resources management, irrigation development, and agricultural support rather than road infrastructure.",100
ERGP12157910,"CONSTRUCTION OF OFEJIJI-AJEDIBO ROAD, KOGI STATE
",252042001,LOWER BENUE RBDA,,4858000.0,NO,HIGH,"Construction of roads is not within LBRBDA's mandate which focuses specifically on water resources management, irrigation development, and agricultural support rather than general road infrastructure.",100
ERGP12157932,"CONSTRUCTION OF 1KM ROAD WITH SPUR AND GUTTER AT ZONE A EXTENSION, APO RESETTLEMENT, ABUJA",252042001,LOWER BENUE RBDA,,7287000.0,NO,HIGH,"Construction of roads in Abuja falls outside LBRBDA's mandate which focuses specifically on water resources management, irrigation development, and flood control in the Lower Benue River Basin covering seven states (none of which include FCT Abuja).",100
ERGP12158023,"CONSTRUCTION OF 80M, 5 SPAN BRIDGE AT KARSHI-OROZO
",252042001,LOWER BENUE RBDA,,14574000.0,NO,HIGH,"Construction of a road bridge at Karshi-Orozo falls outside LBRBDA's water resources and irrigation mandate, which focuses on dams, irrigation infrastructure, and water management rather than transportation infrastructure.",100
ERGP12158089,"CONSTRUCTION OF SMALL EARTH DAM, MANGUN, PLATEAU STATE
",252042001,LOWER BENUE RBDA,,11858000.0,NO,HIGH,"The budget item is for construction in Plateau State, which is outside LBRBDA's geographical mandate that covers only Benue, Kogi, Nasarawa, Cross River, Ebonyi, Enugu and Anambra States.",100
ERGP12158097,"RECONSTRUCTION ROAD OF HEADQUARTER/COLONY ROAD
",252042001,LOWER BENUE RBDA,,21490000.0,PARTIAL,MEDIUM,"While road construction is not a core mandate function, maintaining access roads to headquarters and staff colonies could be reasonably necessary for operational functionality of the water resources and irrigation management agency.",50
ERGP12158100,"COMPLETION OF CONSTRUCTION OF DOMA DAM ACCESS ROAD
",252042001,LOWER BENUE RBDA,,19432000.0,YES,HIGH,"Construction of access roads to dams directly supports the agency's statutory function of constructing and operating small/medium dams for irrigation water supply, as access infrastructure is essential for dam operations and maintenance.",0
ERGP12158126,"CONSTRUCTION OF I KM ROAD WITH DRAINAGES AND CULVERTS, AT UGONDO MEGA LAYOUT PHASE 3 MAKURDI, BENUE STATE.",252042001,LOWER BENUE RBDA,,12145000.0,NO,HIGH,"Construction of roads with drainages at a residential layout falls outside LBRBDA's core mandate of water resources management, irrigation development, and agricultural support in the Lower Benue River Basin.",100
ERGP12158409,"CONSTRUCTION OF ROADS WITH CULVERTS AT OMBI, ILERI, OGUNJI ROADS
",252042001,LOWER BENUE RBDA,,42077000.0,PARTIAL,MEDIUM,"Road construction with culverts could support water management and drainage infrastructure within the agency's flood control mandate, but general road construction appears to exceed their core water resources and irrigation focus.",50
ERGP12184991,"CONSTRUCTION OF ACCESS ROAD WITH CULVERTS AND BRIDGES AT MANGUN- WUBEL ROAD, MANGU LGA, PLATEAU STATE",252042001,LOWER BENUE RBDA,,4858000.0,NO,HIGH,"The budget item involves road construction in Plateau State, which is outside LBRBDA's geographical mandate that covers seven specific states (Benue, Kogi, Nasarawa, Cross River, Ebonyi, Enugu and Anambra) and does not include general road infrastructure development.",100
ERGP12187985,"CONSTRUCTION OF ACCESS ROAD AND DRAINAGES AT RAMINGHEL, BEHIND CITRUS GARDEN ESTATE, JOS PLATEAU STATE",252042001,LOWER BENUE RBDA,,12145000.0,NO,HIGH,"The budget item is located in Jos, Plateau State, which is outside LBRBDA's geographical mandate that covers only seven states (Benue, Kogi, Nasarawa, Cross River, Ebonyi, Enugu and Anambra States) in the Lower Benue River Basin.",100
ERGP12197510,"CONSTRUCTION OF ADRA CRESCENT ROAD, DOMA LGA, NASARAWA.
",252042001,LOWER BENUE RBDA,,42322000.0,NO,HIGH,"Construction of a crescent road in Doma LGA is general road infrastructure development that falls outside LBRBDA's specific mandate of water resources management, irrigation development, and agricultural support in the Lower Benue River Basin.",100
ERGP12197517,"CONSTRUCTION OF CHOMBU ATUME STREET, NEW GRA, MAKURDI, BENUE STATE
",252042001,LOWER BENUE RBDA,,9716000.0,NO,HIGH,"Construction of a street in Makurdi falls under urban infrastructure development, which is outside LBRBDA's mandate focused on water resources management, irrigation infrastructure, and agricultural development in the Lower Benue River Basin.",100
ERGP12201234,"CONSTRUCTION OF OKPAGINAGBO BRIDGE
",252042001,LOWER BENUE RBDA,,4858000.0,NO,HIGH,"Construction of bridges is outside LBRBDA's core mandate of water resources management, irrigation development, and agricultural support, as bridge construction falls under transportation infrastructure rather than water/irrigation infrastructure.",100
ERGP12201245,"CONSTRUCTION OF KAGBU-BAD ROAD PHASE 2
",252042001,LOWER BENUE RBDA,,12145000.0,NO,HIGH,"Construction of roads falls outside LBRBDA's core mandate which is specifically focused on water resources management, irrigation infrastructure, and agricultural development rather than general road construction.",100
ERGP12201802,CONSTRUCTION OF SURFACE DRESSING OF KOGIN KASAR WASE-TOFAR ROAD IN PLATEAU STATE,252042001,LOWER BENUE RBDA,,7287000.0,NO,HIGH,"Road construction and surface dressing falls outside LBRBDA's water resources, irrigation, and agricultural development mandate, and Plateau State is not within their designated seven-state coverage area.",100
ERGP12201837,CONSTRUCTION OF ACCESS ROAD WITH DRAINAGES FROM OGBODO/OJUWO TO IMANE,252042001,LOWER BENUE RBDA,,35000000.0,PARTIAL,MEDIUM,"While the construction of drainages aligns with LBRBDA's flood control and water management mandate, building general access roads falls outside their core water resources and irrigation infrastructure responsibilities unless specifically serving irrigation projects.",50
ERGP12204604,STUDY AND DESIGN OF 7KM ROAD WITH CULVERTS AND DRAINAGES AT AGULUGU ACROSS RIVER DINYAM KATSINA ALA LGA BENUE STATE,252042001,LOWER BENUE RBDA,,2429000.0,PARTIAL,MEDIUM,"While road construction is not a core function of LBRBDA, the culverts and drainage components could relate to flood control infrastructure and water management within their mandate area.",50
ERGP12204833,"CONSTRUCTION OF JINGIRA-IKYUME ACCESS ROAD BURUKU LGA
",252042001,LOWER BENUE RBDA,,273000000.0,PARTIAL,MEDIUM,"While road construction is not explicitly within LBRBDA's core water resources mandate, an access road to Jingira-Ikyume could be justified if it provides essential access to irrigation infrastructure, water projects, or agricultural areas served by the agency's irrigation schemes in Buruku LGA.",50
ERGP12223058,"CONSTRUCTION OF ANCHIHA- TSE-AKAA ACCESS ROAD (SOKPO SPUR), BENUE STATE
",252042001,LOWER BENUE RBDA,,497000000.0,PARTIAL,MEDIUM,"While road construction is not a core function of LBRBDA, this access road could be justified if it provides essential access to irrigation schemes, water infrastructure, or agricultural areas served by the agency in Benue State.",50
ERGP12223064,"CONSTRUCTION OF TYOWANYE- ANSHAV KUSUV ACCESS ROAD BENUE STATE
",252042001,LOWER BENUE RBDA,,14000000.0,PARTIAL,MEDIUM,"While road construction is not explicitly within LBRBDA's core water resources mandate, this access road may be necessary infrastructure to support irrigation schemes, dam construction, or agricultural development activities in their operational area.",50
ERGP12223066,"CONSTRUCTION OF ACHIGBE -USEN ACCESS ROAD TOMBU BENUE STATE
",252042001,LOWER BENUE RBDA,,14000000.0,PARTIAL,MEDIUM,"While road construction is not explicitly within LBRBDA's core water resources mandate, this access road may be necessary infrastructure to support irrigation projects, agricultural development, or flood management activities in their operational area.",50
ERGP12223070,"CONSTRUCTION OF MECHANIC VILLAGE - TOWERING TOTS ADEKE VILLAGE ACCESS ROAD MAKURDI, BENUE STATE",252042001,LOWER BENUE RBDA,,140000000.0,NO,HIGH,"Construction of a mechanic village access road falls outside LBRBDA's core mandate of water resources management, irrigation development, and agricultural support, as it relates to transportation infrastructure rather than water or agricultural infrastructure.",100
ERGP12223080,"EROSION CONTROL AT ADA CHENGE CLOSE MAKURDI BENUE STATE
",252042001,LOWER BENUE RBDA,,14014000.0,YES,HIGH,"Erosion control directly aligns with LBRBDA's statutory function to provide flood control and drainage infrastructure, as erosion control is essential for water resource management and protecting irrigation infrastructure in the Lower Benue River Basin.",0
ERGP12223092,"EROSION CONTROL AT TSE-ADI COMMUNITY MAKURDI, BENUE STATE
",252042001,LOWER BENUE RBDA,,9716000.0,PARTIAL,MEDIUM,"While erosion control relates to water management and could support the agency's flood control functions, it appears to be a localized community infrastructure project that may fall outside LBRBDA's primary focus on irrigation development and basin-wide water resource management.",50
ERGP12223093,"EROSION CONTROL AT FEDERAL LOW COST HOUSING EXTENSION Z-LINE ROAD NORTH BANK MAKURDI, BENUE STATE",252042001,LOWER BENUE RBDA,,9716000.0,PARTIAL,MEDIUM,"While erosion control relates to water management which is within LBRBDA's mandate, this specific item appears focused on urban infrastructure protection rather than the agency's core functions of irrigation development, agricultural support, and river basin water resource management.",50
ERGP12223094,"EROSION/FLOOD CONTROL AT OSOTEGIDADU/KUTUBALE WARD DOMA LGA, NASARAWA STATE",252042001,LOWER BENUE RBDA,,21490000.0,YES,HIGH,"Erosion and flood control projects in Nasarawa State directly align with LBRBDA's statutory function to provide flood control infrastructure within the Lower Benue River Basin, which explicitly covers Nasarawa State.",0
ERGP12223097,CONSTRUCTION OF 1.5M ROAD IN LOWER BENUE STAFF RESIDENTIAL QUARTERS MAKURDI (PHASE III),252042001,LOWER BENUE RBDA,,9716000.0,PARTIAL,MEDIUM,"While road construction is not a core mandate function, improving staff residential quarters infrastructure could be considered necessary administrative support for agency operations at headquarters.",50
ERGP12225686,"ASPALTING OF ILERI TO OMBI FARM ROAD LAFIA NASARAWA STATE
",252042001,LOWER BENUE RBDA,,2429000.0,PARTIAL,MEDIUM,"Road construction to farm areas could support agricultural access within the agency's irrigation development mandate, but asphalting roads is not a core water resources or irrigation infrastructure function.",50
ERGP12228543,CONSTRUCTION OF ACCESS ROAD AND DRAINAGES TO LUWE MANGUN PLATEAU STATE,252042001,LOWER BENUE RBDA,,35000000.0,NO,HIGH,"The budget item involves construction in Plateau State, which is outside LBRBDA's geographical mandate that covers only seven states (Benue, Kogi, Nasarawa, Cross River, Ebonyi, Enugu and Anambra).",100
ERGP12228572,REHABILITATION OF 4KM ACCESS ROAD AND DRAINAGES FROM ABOH TO EJINYA KOGI STATE,252042001,LOWER BENUE RBDA,,4858000.0,PARTIAL,MEDIUM,"While road rehabilitation falls outside LBRBDA's core water resources mandate, the drainage component and agricultural access improvements in their operational area of Kogi State have some connection to their irrigation and water management functions.",50
ERGP12228676,EROSION CONTROL AND BRIDGE IN FARM SETTLEMENT IN BAJA MBAUSU GBOKO BENUE STATE,252042001,LOWER BENUE RBDA,,3500000.0,PARTIAL,MEDIUM,"While erosion control aligns with the agency's flood control and water management functions, bridge construction for farm settlements extends beyond their core water resources and irrigation mandate.",50
ERGP12228693,"EROSION CONTROL WITH DARINAGES IN HAUSA QUARTERS GBOKO BENUE STATE
",252042001,LOWER BENUE RBDA,,3500000.0,PARTIAL,MEDIUM,"While erosion control with drainage aligns with LBRBDA's flood control and drainage infrastructure mandate, the specific focus on urban quarters in Gboko may fall outside their primary agricultural and water basin management scope.",50
ERGP12228709,"EROSION CONTROL FROM GBAN-UDEI MARKET NYIEV GUMA BENUE STATE
",252042001,LOWER BENUE RBDA,,8932000.0,PARTIAL,MEDIUM,"While erosion control relates to water management and environmental protection within LBRBDA's operational area, the agency's primary mandate focuses on irrigation development and flood control rather than general erosion control at market locations.",50
ERGP1223106,"REPAIRS OF AUTHORITY'S VEHICLES IN MAKURDI BENUE STATE
",252042001,LOWER BENUE RBDA,,35050400.0,YES,HIGH,"Vehicle repairs are necessary operational expenses for LBRBDA to carry out field operations including irrigation system maintenance, hydrological monitoring, agricultural extension services, and water resource management activities across the seven-state basin area.",0
ERGP12237713,REHABLITATION OF 4 KM ROAD FROM IKPOGO TO OMADEWU TO OKONOBO WARD IN OKPOKWU LGA OF BENUE STATE,252042001,LOWER BENUE RBDA,,105000000.0,NO,HIGH,"Road rehabilitation falls outside LBRBDA's core mandate of water resources management, irrigation development, and flood control, as the agency has no statutory authority for general road infrastructure projects.",100
ERGP12237719,"CONSTRUCTION OF 1 BRIDGE AND EROSION CONTROL IN OKPEYI, OKONOBO WARD, OKPOKWU LGA OF BENUE STATE",252042001,LOWER BENUE RBDA,,35000000.0,PARTIAL,MEDIUM,"While erosion control aligns with the agency's flood control and water management mandate, bridge construction falls outside LBRBDA's core functions which focus on irrigation infrastructure, dams, and water resources rather than transportation infrastructure.",50
ERGP12237740,CONSTRUCTION OF ACCESS ROAD WITH DRAINAGES AND CULVERTS AT OJOCHE. (LBR/CON/60/2024),252042001,LOWER BENUE RBDA,,38500000.0,PARTIAL,MEDIUM,"While road construction is not a core mandate, access roads with drainage infrastructure at Ojoche could support water management operations and agricultural development activities within the basin.",50
ERGP12237918,"CONSTRUCTION OF 4KM ACCESS ROAD AT ABOHO - OJOCHE TO EJINYA OKENYI, OLAMABORO LGA, KOGI STATE",252042001,LOWER BENUE RBDA,,105000000.0,PARTIAL,MEDIUM,"While road construction is not a core function of LBRBDA, access roads may be necessary infrastructure to support irrigation schemes, agricultural development, or water resource management projects in their operational area of Kogi State.",50
ERGP12237922,"CONSTRUCTION OF ONGOING ACCESS ROAD WITH DRAINAGE AND CULVERTS FROM ABO - OGBODO - EMANE, KOGI STATE",252042001,LOWER BENUE RBDA,,105000000.0,PARTIAL,MEDIUM,"While road construction is not a core function of LBRBDA, the drainage and culverts components could support the agency's flood control and water management mandate in the Lower Benue Basin.",50
ERGP12237951,CONSTRUCTION OF ACCESS ROAD AT UMUARUMMWAGU UMUIKEOWO IN ENUGU STATE (ONGOING),252042001,LOWER BENUE RBDA,,245000000.0,PARTIAL,MEDIUM,"While constructing access roads is not a core function of LBRBDA, such infrastructure could be necessary to support irrigation projects, water facilities, or agricultural development within their mandate in Enugu State which falls under their coverage area.",50
ERGP12237954,"CONSTRUCTION OF RURAL ROADS IN AKKO FEDERAL CONSTITUENCY, GOMBE STATE
",252042001,LOWER BENUE RBDA,,210000000.0,NO,HIGH,"Construction of rural roads in Gombe State falls outside LBRBDA's mandate as the agency manages water resources and irrigation in the Lower Benue River Basin covering seven specific states (Benue, Kogi, Nasarawa, Cross River, Ebonyi, Enugu and Anambra), while Gombe State is not within this geographical jurisdiction and road construction is not among the agency's water resources and agricultural development functions.",100
ERGP12238081,"REHABITATION, AND SURFACE DRESSING OF MADA, EZZEN ALHAMIS ROAD NASARAWA NORTH SENATORIAL DISTRICT",252042001,LOWER BENUE RBDA,,350000000.0,NO,HIGH,"Road rehabilitation and surface dressing falls outside LBRBDA's water resources and irrigation-focused mandate, as the agency is specifically tasked with water management, irrigation infrastructure, and agricultural development rather than road construction or maintenance.",100
ERGP12238085,"REHABITATION AND CONSTRUCTION OF CULVET AND BRIDGES OF LAFIA, IGA ROAD IN NASARAWA NORTH SENATORIAL DISTRICT",252042001,LOWER BENUE RBDA,,350000000.0,PARTIAL,MEDIUM,"While culverts and bridges on roads are primarily transportation infrastructure outside LBRBDA's core mandate, they may serve water management functions like drainage and flood control which are within the agency's statutory responsibilities for flood management in the Lower Benue Basin.",50
ERGP12238111,CONSTRUCTION OF WAMBA WAYO NASARAWA EGGON ROAD IN NASARAWA NORTH SENETORIAL DISTRICT,252042001,LOWER BENUE RBDA,,350000000.0,NO,HIGH,"Road construction falls outside LBRBDA's water resources management and irrigation development mandate, as the agency is specifically tasked with water infrastructure, irrigation schemes, and flood control rather than transportation infrastructure.",100
ERGP12238158,"MARARABA TOWNSHIP DRAINAGE LANDSCAPING WORK AT DONGA LOCAL GOVERNMENT AREA, TARABA STATE",252042001,LOWER BENUE RBDA,,30100000.0,NO,HIGH,"The Lower Benue RBDA's mandate covers seven specific states (Benue, Kogi, Nasarawa, Cross River, Ebonyi, Enugu and Anambra) but this project is located in Taraba State, which is outside their geographical jurisdiction.",100
ERGP12238242,"CONSTRUCTION OF ACCESS ROAD WITH DRAINAGES AT CHIEF ICHIFU AGBALI AVENUE, UGWOLAWO, KOGI STATE.",252042001,LOWER BENUE RBDA,,7000000.0,PARTIAL,MEDIUM,"While the drainage component aligns with LBRBDA's flood control and water management mandate, constructing general access roads appears to extend beyond their core water resources and irrigation infrastructure responsibilities.",50
ERGP12238257,"CONSTRUCTION OF ACCESS ROAD TO AJI OCHIMETE, ABOH OJOCHE, IMANE, KOGI STATE.",252042001,LOWER BENUE RBDA,,9454636.0,PARTIAL,MEDIUM,"While road construction is not a core function, access roads to irrigation projects or water infrastructure facilities in Kogi State (which is within LBRBDA's coverage area) could be necessary supporting infrastructure for the agency's water resources and agricultural development mandate.",50
ERGP12238349,"REHABILITATION OF FARM ROAD FROM HIGHWAY THROUGH PA ANDREW OJIE TO BETTER LIFE NTAMENTE, BOKI LGA, CROSS RIVER STATE.",252042001,LOWER BENUE RBDA,,10075200.0,PARTIAL,MEDIUM,"While farm roads can support agricultural activities that LBRBDA promotes through irrigation schemes, road rehabilitation is not explicitly within their core mandate of water resources management and irrigation infrastructure development.",50
ERGP12238354,"CONSTRUCTION OF 1.65KM RIGID PAVEMENT ROAD AT EIKA ADAGU NEW LAYOUT, OKEHI LGA.",252042001,LOWER BENUE RBDA,,17273817.0,NO,HIGH,"Construction of rigid pavement roads falls outside LBRBDA's core mandate of water resources management, irrigation development, and agricultural support, as this is general road infrastructure unrelated to water or irrigation projects.",100
ERGP12238413,"REHABILITATION AND SURFACE DRESSING OF TASHA MADA ANGWA AKU IGGE GWANDARA AGIDI DEVELOPMENT AREA OF NASARAWA NORTH SENATORIAL DISTRICT,",252042001,LOWER BENUE RBDA,,350000000.0,NO,HIGH,"Road rehabilitation and surface dressing falls under transportation infrastructure which is outside LBRBDA's water resources, irrigation, and agricultural development mandate.",100
ERGP12238419,"REHABILITATION AND SURFACE DRESSING OF NAKERE ROAD, NASARAWA NORTH SENATORIAL DISTRICT, NASARAWA STATE",252042001,LOWER BENUE RBDA,,350000000.0,NO,HIGH,"Road rehabilitation and surface dressing is outside LBRBDA's mandate which focuses specifically on water resources management, irrigation infrastructure, and agricultural development rather than general road construction.",100
ERGP12238424,"REHABILITATION AND SURFACE DRESSING OF NASARAWA EGGON KAGBU BAD BAKING BRIDGE, NASARAWA NORTH SENATORIAL DISTRICT, NASARAWA STATE",252042001,LOWER BENUE RBDA,,280000000.0,NO,HIGH,"Bridge rehabilitation and surface dressing is road infrastructure work that falls outside LBRBDA's water resources, irrigation, and agricultural development mandate.",100
ERGP12238428,"REHABILITATION AND SURFACE DRESSING OF WAKAMA TUDU ANGWA RIMI ROAD, NASARAWA EGGON LOCAL GOVERNMENT, NASARAWA NORTH SENATORIAL DISTRICT,",252042001,LOWER BENUE RBDA,,350000000.0,NO,HIGH,"Road rehabilitation and surface dressing falls outside LBRBDA's water resources, irrigation, and agricultural development mandate, as the agency is specifically tasked with water management and irrigation infrastructure rather than general road construction.",100
ERGP12238431,"REHABILITATION AND SURFACE DRESSING OF CHUMAGA ROAD WAMBA LOCAL GOVERNMENT, NASARAWA NORTH SENATORIAL DISTRICT, NASARAWA STATE",252042001,LOWER BENUE RBDA,,70000000.0,NO,HIGH,"Road rehabilitation and surface dressing falls outside LBRBDA's mandate which focuses specifically on water resources management, irrigation infrastructure, and agricultural development rather than general road construction and maintenance.",100
ERGP12238434,CONSTRUCTION OF TRIPPLE CULVERT BOX AT BARAZOB AND MBAZUN COUNCIL WARD IN UKUM LGA OF BENUE NORTH EAST SENATORIAL DISTRICT.,252042001,LOWER BENUE RBDA,,35000000.0,YES,HIGH,"Construction of triple culvert boxes directly supports the agency's flood control and drainage infrastructure mandate, which is essential for managing water flow and preventing flooding in the Lower Benue River Basin.",0
ERGP12238439,CONSTRUCTION OF BRIDGE AT TSE-MON MBAZUN COUNCIL WARD IN UKUM LGA OF BENUE NORTH EAST SENATORIAL DISTRICT.,252042001,LOWER BENUE RBDA,,35000000.0,NO,HIGH,"Construction of bridges is infrastructure development outside LBRBDA's core mandate of water resources management, irrigation development, and agricultural support, which focuses on dams, irrigation schemes, and water distribution rather than transportation infrastructure.",100
ERGP12238444,CONSTRUCTION OF BRIDGE AT TSE-TOR AMASETIMIN KENDEV COUNCIL IN UKUM LGA OF BENUE NORTH EAST SENATORIAL DISTRICT.,252042001,LOWER BENUE RBDA,,35000000.0,NO,HIGH,"Construction of bridges falls outside LBRBDA's mandate which focuses specifically on water resources management, irrigation infrastructure, and agricultural development rather than general transportation infrastructure.",100
ERGP1238271,"PROVISON OF SOLAR POWERED BOREHOLE AT EKITI STATE
",252042001,LOWER BENUE RBDA,,21000000.0,NO,HIGH,"The budget item targets Ekiti State, which is outside LOWER BENUE RBDA's geographical mandate that covers only Benue, Kogi, Nasarawa, Cross River, Ebonyi, Enugu and Anambra States.",100
ERGP15123289,INSTITUTIONAL STRENGTHENING AND SUPPORT FOR ANTI CORRUPTION ACTIVITIES IN LOWER BENUE RBDA,252042001,LOWER BENUE RBDA,,4858000.0,PARTIAL,MEDIUM,"While institutional strengthening could support the agency's core water resource management functions, anti-corruption activities are not explicitly within LBRBDA's statutory mandate focused on irrigation, flood control, and agricultural development in the Lower Benue Basin.",50
ERGP16223084,"HUMAN CAPACITY DEVELOPMENT (PMS) FOR STAFF OF THE AUTHORITY
",252042001,LOWER BENUE RBDA,,7287000.0,YES,HIGH,"Human capacity development for staff is essential for the agency to effectively execute its technical mandate of water resources management, irrigation development, and agricultural extension services across the Lower Benue River Basin.",0
ERGP16223095,PROVISION OF INTEGRATED FINANCIAL ACCOUNTING SOFTWARE MANAGEMENT PROJECT,252042001,LOWER BENUE RBDA,,4858000.0,PARTIAL,MEDIUM,"While financial accounting software is not a core water resources or irrigation function, it supports the agency's operational management and financial accountability requirements for executing its water and agricultural development mandate.",50
ERGP17158064,"EQUIPING OF LEGAL DEPARTMENT OF THE BASIN
",252042001,LOWER BENUE RBDA,,4858000.0,PARTIAL,MEDIUM,"While equipping a legal department is not explicitly within LBRBDA's core water resources and irrigation mandate, legal services may be necessary to support statutory functions like water rights management, contract administration, and regulatory compliance in basin operations.",50
ERGP18201236,"TRAINING ON PROMOTION OF GENDER PARTICIPATION, SERVICE DELIVERY AND PUBLIC RELATIONS FOR CRITICAL STAFF AT HEADQUARTERS MAKURDI, BENUE STATE",252042001,LOWER BENUE RBDA,,4858000.0,PARTIAL,MEDIUM,"While training staff on service delivery and public relations supports the agency's core water resources and irrigation functions, gender participation training extends beyond the specific technical mandate of water resource management and irrigation development.",50
ERGP19157844,PROCUREMENT OF THE GEOGRAPHIC INFORMATION SYSTEM (GIS) LABORATORY EQUIPMENT,252042001,LOWER BENUE RBDA,,4858000.0,YES,HIGH,"GIS laboratory equipment is essential for hydrological studies, water resources assessment, flood mapping, and irrigation scheme planning which are core statutory functions of the Lower Benue RBDA.",0
ERGP19197392,"EMBANKMENT PROTECTION AND STONE PITCHING AT DEP
",252042001,LOWER BENUE RBDA,,9716000.0,YES,HIGH,Embankment protection and stone pitching are essential flood control infrastructure activities that directly align with LBRBDA's mandate to provide flood control and drainage infrastructure in the flood-prone Lower Benue River Basin.,0
ERGP19223079,"FLOOD AND EROSION CONTROL WORK AT EBOYA II, OKONOBO WARD, OKPOKWU LGA, BENUE STATE",252042001,LOWER BENUE RBDA,,9716000.0,YES,HIGH,Flood and erosion control work directly aligns with LBRBDA's statutory function to provide flood control infrastructure and address major flooding affecting Benue valley communities within their coverage area.,0
ERGP19223091,"EROSION CONTROL FROM AGU-TSE TATYOUGH-ILIM NYIEV-TSE UKOR COMMUNITIES GUMA, BENUE STATE",252042001,LOWER BENUE RBDA,,9716000.0,YES,HIGH,Erosion control activities in Benue State communities directly align with the agency's mandate to provide flood control and drainage infrastructure while managing water resources in the Lower Benue River Basin.,0
ERGP19237795,"EROSION CONTROL AND DRAINAGES AT GRAVE YARD IN GARAKU, KOKONA LGA
",252042001,LOWER BENUE RBDA,,17500000.0,PARTIAL,MEDIUM,"While drainage infrastructure aligns with LBRBDA's flood control and water management functions, erosion control at a specific graveyard appears to be a local infrastructure project outside the agency's primary focus on irrigation, agricultural water supply, and basin-wide water resources management.",50
ERGP19238147,"EROSION CONTROL IN UNGWAN DAHMA, ROGO, WARD TAKUM IN TAKUM/DONGA/USSA FED. CONSTITUENCY, TARABA STATE.",252042001,LOWER BENUE RBDA,,35000000.0,NO,HIGH,"This budget item is for erosion control in Taraba State, which falls outside LBRBDA's geographical mandate that covers only seven specific states (Benue, Kogi, Nasarawa, Cross River, Ebonyi, Enugu and Anambra States).",100
ERGP19238515,COMPLETION OF EARTHWORKS AND DRAINAGE ON IHE-OGUGU-OGBAKU LINK ROAD (PHASE 1),252042001,LOWER BENUE RBDA,,70000000.0,NO,HIGH,"Road construction and earthworks for transportation infrastructure falls outside LBRBDA's water resources, irrigation, and agricultural development mandate.",100
ERGP20157685,"IRBM (HYDRO-METEOROLOGICAL INFRASTRUCTURE)
",252042001,LOWER BENUE RBDA,,4858000.0,YES,HIGH,"IRBM (Integrated River Basin Management) hydro-meteorological infrastructure directly supports the agency's statutory functions of conducting hydrological monitoring, water resources assessment, and managing water resources in the Lower Benue River Basin.",0
ERGP20225664,"FLOOD AND EROSION CONTROL FROM OMBI 1 TO DANKA FARM COMMUNITY LAFIA, NASARAWA STATE",252042001,LOWER BENUE RBDA,,5929000.0,YES,HIGH,"Flood control infrastructure development falls directly within LBRBDA's statutory functions as outlined in sections (g) and (q), specifically providing flood control infrastructure and addressing major flooding in the Lower Benue Basin, which includes Nasarawa State.",0
ERGP23158083,"REHABILITATION OF LOWER BENUE PRIMARY SCHOOL AT MAKURDI HEADQUARTERS
",252042001,LOWER BENUE RBDA,,21490000.0,NO,HIGH,"Rehabilitating a primary school falls under education infrastructure which is outside LBRBDA's statutory mandate focused on water resources management, irrigation development, and agricultural support.",100
ERGP23223074,"CONSTRUCTION OF BLOCK OF CLASSROOM AT MBAKUMA BENUE STATE
",252042001,LOWER BENUE RBDA,,35000000.0,NO,HIGH,"Construction of classroom blocks is an educational infrastructure function that falls outside LBRBDA's core mandate of water resources management, irrigation development, and agricultural support.",100
ERGP23238059,"CONSTRUCTION OF 6 CLASSROOMS BLOCK/DRILLING OF BOREHOLES IN SELECTED AREAS OF KWANDE/ USHONGO FEDERAL CONSTITUENCY, BENUE STATE.",252042001,LOWER BENUE RBDA,,140000000.0,PARTIAL,MEDIUM,"While drilling boreholes for water supply aligns with the agency's water resources management mandate, constructing classroom blocks falls outside their core functions which focus on irrigation, flood control, and agricultural development rather than educational infrastructure.",50
ERGP23238122,"COMPLETION OF CONSTRUCTION OF PERIMETER FENCE AND THREE (3) NOS MODERN TOILETS WITH FACILITIES AT QUEEN OF APOSTOLIC COLLEGE OKENE, KOGI STATE",252042001,LOWER BENUE RBDA,,14000000.0,NO,HIGH,"Construction of perimeter fences and toilets at a college is not related to the agency's core mandate of water resources management, irrigation development, and agricultural support in the Lower Benue River Basin.",100
ERGP23238190,"REHABILITATION OF CLASSROOMS IN SOME SELECTED SCHOOLS OF APA/AGATU FEDERAL CONSTITUENCY, BENUE STATE.",252042001,LOWER BENUE RBDA,,70000000.0,NO,HIGH,"Rehabilitating school classrooms is an education infrastructure function that falls outside LBRBDA's mandate of water resources management, irrigation development, and agricultural support in the Lower Benue River Basin.",100
ERGP23238363,"COMPLETION OF RENOVATION OF BURNT CHEMISTRY, PHYSICS AND BIOLOGY LAB AT QUEEN OF APOSTLES COLLEGE OKENE KOGI STATE",252042001,LOWER BENUE RBDA,,10500000.0,NO,HIGH,"Renovating science laboratories at a college is an educational infrastructure function that falls outside LBRBDA's core mandate of water resources management, irrigation development, and agricultural support in the Lower Benue River Basin.",100
ERGP23238460,"COMPLETION OF ONE BLOCK OF THREE CLASSROOM IN COMMUNITY SECONDARY SCHOOL, WUSELI, PANKSHIN LGA, PLATEAU STATE",252042001,LOWER BENUE RBDA,,10500000.0,NO,HIGH,"Construction of classroom blocks in secondary schools falls under education infrastructure, which is completely outside LBRBDA's mandate of water resources management, irrigation development, and agricultural support in the Lower Benue River Basin.",100
ERGP23238467,"CONSTRUCTION OF ONE BLOCK OF FOUR CLASSROOMS IN FWAVWEI-JIKU, RAYFIELD, JOS SOUTH LGA, PLATEAU STATE",252042001,LOWER BENUE RBDA,,24500000.0,NO,HIGH,"Construction of school classrooms falls outside LBRBDA's core mandate of water resources management, irrigation development, and agricultural support, and Plateau State is not within the agency's designated seven-state coverage area.",100
ERGP25237731,"BUILDING OF COTTAGE CLINICS IN BENUE NORTH WEST SENATORIAL DISTRICT.
",252042001,LOWER BENUE RBDA,,70000000.0,NO,HIGH,"Building cottage clinics is a healthcare infrastructure function that falls outside LBRBDA's water resources, irrigation, and agricultural development mandate.",100
ERGP25238201,SUPPLY OF MEDICINES AND CONSUMABLES TO SELECETED PRIMARY HEALTH CENTERS IN ADAMAWA NORTH SENATORIAL DISTRICT,252042001,LOWER BENUE RBDA,,105000000.0,NO,HIGH,"Supplying medicines to primary health centers is a healthcare function that falls outside LBRBDA's water resources, irrigation, and agricultural development mandate, and the location in Adamawa North is outside their seven-state jurisdiction.",100
ERGP25238359,"MEDICAL OUTREACH IN EZIAGU TOWN IN ANAMBRA STATE
",252042001,LOWER BENUE RBDA,,21000000.0,NO,HIGH,"Medical outreach services fall outside LBRBDA's core mandate which focuses specifically on water resources management, irrigation infrastructure development, and agricultural support rather than healthcare delivery.",100
ERGP26206633,"CONSTRUCTION OF NYANYA FOOTBALL PITCH WITH SYNTHETIC ARTIFICAL TURF
",252042001,LOWER BENUE RBDA,,14574000.0,NO,HIGH,"Construction of a football pitch with synthetic artificial turf has no connection to the agency's mandate of water resources management, irrigation development, agricultural support, and flood control in the Lower Benue River Basin.",100
ERGP27158093,"MAINTENANCE OF RESIDENTIAL HOUSES IN THE COLONY
",252042001,LOWER BENUE RBDA,,21490000.0,PARTIAL,MEDIUM,"While maintaining residential houses for staff housing may support agency operations, it is not explicitly within the core mandate of water resources management and irrigation development, though it could be justified as necessary infrastructure for field operations.",50
ERGP27201251,"CONSTRUCTION OF OFFICE COMPLEX EXTENSION
",252042001,LOWER BENUE RBDA,,24290000.0,PARTIAL,MEDIUM,"While office infrastructure supports the agency's administrative capacity to deliver its water resources and irrigation mandate, construction of office extensions is not a core statutory function and may divert resources from primary water management activities.",50
ERGP27203355,"REHABILITATION OF CLASSROOM BLOCK AT NYIEV COMMUNITY SECONDARY SCHOOL ORTESE, GUMA",252042001,LOWER BENUE RBDA,,9100000.0,NO,HIGH,"Rehabilitating classroom blocks at secondary schools falls under education infrastructure, which is completely outside LBRBDA's mandate of water resources management, irrigation development, and agricultural support in the Lower Benue River Basin.",100
ERGP27223030,"RENOVATION OF QUARTERS AFFECTED BY RAINSTORM WITHIN THE COLONY(D39-42, C6,JS 90)",252042001,LOWER BENUE RBDA,,10010234.0,PARTIAL,MEDIUM,"While renovating staff quarters is not a core water resources or irrigation function, maintaining residential facilities for agency personnel supports operational continuity needed to fulfill LBRBDA's mandate.",50
ERGP27223103,REHABILITATION OF WORKSHOPS AND STORES AT THE HEADQUARTERS MAKURDI BENUE STATE,252042001,LOWER BENUE RBDA,,35000000.0,PARTIAL,MEDIUM,"While rehabilitating workshops and stores supports the agency's operational capacity to maintain irrigation infrastructure and equipment, it is not a direct core function related to water resources management, irrigation development, or flood control activities.",50
ERGP27223105,PARAMETER FENCING OF THE HEADQUARTERS AND COLONY BUILDING IN MAKURDI BENUE STATE,252042001,LOWER BENUE RBDA,,28133000.0,PARTIAL,MEDIUM,"While securing headquarters infrastructure supports the agency's operational capacity to fulfill its water resources and irrigation mandate, perimeter fencing is primarily a security/administrative function rather than a core water management activity.",50
ERGP27231261,"CONSTRUCTION OF EXAM/ASSEMBLY HALL LOWER BENUE STAFF SCHOOL
",252042001,LOWER BENUE RBDA,,11200000.0,NO,HIGH,"Construction of exam/assembly halls for staff schools is an educational infrastructure project that falls outside LBRBDA's core mandate of water resources management, irrigation development, and agricultural support in the Lower Benue River Basin.",100
ERGP27237928,"FENCING AND CONSTRUCTION OF GATE HOUSE FOR NATIONAL VERTERINANRY RESEARCH INSTITUTE OUTREACH CENTER, BASHAR, WASE LGA, PLATEAU STATE",252042001,LOWER BENUE RBDA,,70000000.0,NO,HIGH,"This budget item involves veterinary research infrastructure in Plateau State, which falls outside LBRBDA's geographic coverage (seven states excluding Plateau) and core mandate of water resources management and irrigation development.",100
ERGP27238521,CONTINUATION OF CONSTRUCTION COMMUNITY MARKET AT ANINRI LGA ENUGU STATE,252042001,LOWER BENUE RBDA,,35000000.0,NO,HIGH,"Construction of community markets falls outside LBRBDA's core mandate of water resources management, irrigation development, and flood control, as market construction is not related to water infrastructure or agricultural irrigation services.",100
ERGP27238525,"COMPLETION OF AMUKA OKPATU COMMUNITY VILLAGE HALL, UDI LGA, ENUGU STATE
",252042001,LOWER BENUE RBDA,,35000000.0,NO,HIGH,"Construction of a community village hall is outside LBRBDA's water resources, irrigation, and agricultural development mandate, as it involves general community infrastructure rather than water-related projects.",100
ERGP27238531,CONSTRUCTION OF STORES IN AKPETOHO MARKET AT KOTI AKPOUGHUL IN GWER- WEST LGA OF BENUE NORTH-WEST SENATORIAL OF DISTRICT OF BENUE STATE.,252042001,LOWER BENUE RBDA,,49000000.0,NO,HIGH,"Construction of market stores falls outside LBRBDA's core mandate of water resources management, irrigation development, and agricultural production support, as this is commercial infrastructure development rather than water/irrigation infrastructure.",100
ERGP28113212,"PROCUREMENT OF ASSORTED FERTILIZERS, AGRIC INPUTS AND AGRO-CHEMICALS AT THE HEADQUARTERS MAKURDI, BENUE STATE",252042001,LOWER BENUE RBDA,,24290000.0,PARTIAL,MEDIUM,"While agricultural inputs support irrigation farming which is within LBRBDA's mandate, procurement of fertilizers and agro-chemicals appears to extend beyond their core water resources and irrigation infrastructure functions into broader agricultural support services.",50
ERGP28113230,"CONSTRUCTION OF NASARAWA DAM, NASARAWA STATE
",252042001,LOWER BENUE RBDA,,14574000.0,YES,HIGH,"Construction of Nasarawa Dam falls directly within LBRBDA's core mandate to construct small and medium dams for water storage and irrigation in the Lower Benue River Basin, which includes Nasarawa State.",0
ERGP28123751,"PROCUREMENT OF CAPITAL PROJECTS IN LOWER BENUE RBDA
",252042001,LOWER BENUE RBDA,,4858000.0,PARTIAL,MEDIUM,"While capital projects could include water infrastructure, irrigation systems, and flood control facilities that align with LBRBDA's mandate, the generic term ""capital projects"" is too broad and could encompass non-mandate activities without specific details about the nature of these projects.",50
ERGP28125016,"CONSTRUCTION OF GANAWURI DAM, RIYOM LGA
",252042001,LOWER BENUE RBDA,,3500000.0,NO,HIGH,"Ganawuri Dam construction in Riyom LGA (Plateau State) falls outside LBRBDA's geographical mandate which covers Lower Benue River Basin in seven specific states (Benue, Kogi, Nasarawa, Cross River, Ebonyi, Enugu and Anambra), not Plateau State.",100
ERGP28157491,"REHABILITATION OF DOMA IRRIGATION INFRASTRUCTURE
",252042001,LOWER BENUE RBDA,,7287000.0,YES,HIGH,Rehabilitation of Doma irrigation infrastructure directly aligns with LBRBDA's core mandate to develop and maintain irrigation schemes and water distribution systems in the Lower Benue River Basin.,0
ERGP28157514,ESTABLISHMENT OF SACHET/BOTTLE WATER PRODUCTION FACTORY IN MAKURDI PROJECT,252042001,LOWER BENUE RBDA,,11074000.0,NO,HIGH,"Establishing a commercial sachet/bottle water production factory is a manufacturing venture that falls outside LBRBDA's core mandate of water resources management, irrigation development, and agricultural support in the river basin.",100
ERGP28157646,"COMPLETION OF CHAGU EARTH DAM
",252042001,LOWER BENUE RBDA,,2429000.0,YES,HIGH,Construction and completion of earth dams for water storage and irrigation falls directly within LBRBDA's core statutory function of constructing small and medium dams for irrigation water supply in the Lower Benue River Basin.,0
ERGP28157655,"PARTNERSHIP FOR EXPANDED WATER SUPPLY HYGIENE
",252042001,LOWER BENUE RBDA,,4858000.0,YES,HIGH,Partnership for expanded water supply hygiene directly aligns with LBRBDA's core mandate to manage water resources and provide water supply to communities in the Lower Benue River Basin.,0
ERGP28157661,"COMPLETION OF THE CONSTRUCTION OF KEANA DAM
",252042001,LOWER BENUE RBDA,,4858000.0,YES,HIGH,"Construction of Keana Dam directly aligns with the agency's statutory function to construct small and medium dams for water storage and irrigation in the Lower Benue River Basin, as Keana is located in Nasarawa State which falls within LBRBDA's coverage area.",0
ERGP28157668,"CONSTRUCTION OF GIZA DAM
",252042001,LOWER BENUE RBDA,,7287000.0,YES,HIGH,Construction of Giza Dam directly aligns with LBRBDA's statutory function to construct small and medium dams for water storage and irrigation purposes within the Lower Benue River Basin.,0
ERGP28157671,"ESTABLISHMENT OF FARM HOUSE, FISH FARM, POULTRY AND FISH FEED AT GURKU - NASARAWA STATE",252042001,LOWER BENUE RBDA,,4648000.0,PARTIAL,MEDIUM,"While fish farming aligns with the agency's mandate to support fish farming in reservoirs and irrigation canals, the poultry component and farm house establishment extend beyond their core water resources and irrigation focus.",50
ERGP28157740,"CONSTRUCTION OF DAM IN GWARANGA BAUCHI STATE
",252042001,LOWER BENUE RBDA,,2429000.0,NO,HIGH,"Lower Benue RBDA's mandate covers seven states (Benue, Kogi, Nasarawa, Cross River, Ebonyi, Enugu and Anambra) but Bauchi State falls outside this geographical jurisdiction and belongs to a different river basin authority.",100
ERGP28158026,"CONSTRUCTION OF OFFORACHI DAM/NIGHT STORAGE RESERVIOR AT IDAH LGA, KOGI STATE",252042001,LOWER BENUE RBDA,,10500000.0,YES,HIGH,"Construction of dams and night storage reservoirs for water storage and irrigation falls directly within LBRBDA's core mandate to construct small and medium dams and develop irrigation infrastructure in the Lower Benue River Basin, which includes Kogi State.",0
ERGP28158039,"CONSTRUCTION OF OMBI DAM
",252042001,LOWER BENUE RBDA,,14574000.0,YES,HIGH,Construction of Ombi Dam directly aligns with LBRBDA's statutory function to construct small and medium dams for water storage and irrigation infrastructure development within the Lower Benue River Basin.,0
ERGP28158104,"CONSTRUCTION OF AGBASHI DAM AT EKYE DEVELOPMENT AREA, DOMA LGA
",252042001,LOWER BENUE RBDA,,14574000.0,YES,HIGH,"Construction of Agbashi Dam at Ekye Development Area, Doma LGA directly aligns with LBRBDA's statutory function to construct small and medium dams for water storage and irrigation infrastructure development within their coverage area including Nasarawa State where Doma LGA is located.",0
ERGP28159887,"CONSTRUCTION OF DAM AT ABOMTSE VILLAGE AT NAKA GWER WEST LGA
",252042001,LOWER BENUE RBDA,,10745000.0,YES,HIGH,"Construction of a dam falls directly within LBRBDA's core mandate to construct small and medium dams for water storage and irrigation in the Lower Benue River Basin, with Gwer West LGA being located in Benue State which is within their operational coverage area.",0
ERGP28159978,"CONSTRUCTION OF MINI EARTH DAM AT ALIADE, GWER EAST LGA
",252042001,LOWER BENUE RBDA,,14574000.0,YES,HIGH,"Construction of mini earth dam at Aliade directly aligns with the agency's statutory function to construct small and medium dams for water storage and irrigation in the Lower Benue River Basin, with Gwer East LGA being located in Benue State which is within LBRBDA's operational coverage area.",0
ERGP28173463,"DEVELOPMENT OF DOMA IRRIGATION PROJECT
",252042001,LOWER BENUE RBDA,,35000000.0,YES,HIGH,"Development of Doma Irrigation Project directly aligns with LBRBDA's core mandate to develop irrigation schemes and infrastructure in the Lower Benue River Basin, as Doma is located in Nasarawa State which is within their coverage area.",0
ERGP28173468,"DEVELOPMENT OF IRRIGATION HEADWORKS/CANALS AT DOMA IRRIGATION PROJECT
",252042001,LOWER BENUE RBDA,,7287000.0,YES,HIGH,Development of irrigation headworks and canals directly aligns with LBRBDA's core mandate to develop irrigation schemes and construct water infrastructure for agricultural production in the Lower Benue River Basin.,0
ERGP28173474,"DEVELOPMENT OF MAKURDI IRRIGATION PROJECT
",252042001,LOWER BENUE RBDA,,35000000.0,YES,HIGH,"Development of Makurdi Irrigation Project directly aligns with LBRBDA's core mandate to develop irrigation schemes and infrastructure in the Lower Benue River Basin, with Makurdi being the agency's headquarters location.",0
ERGP28173478,"CONSTRUCTION OF ACCESS ROAD TO MAKURDI PROJECT
",252042001,LOWER BENUE RBDA,,35322000.0,PARTIAL,MEDIUM,"While road construction is not a core water resources or irrigation function, access roads may be necessary infrastructure to support the agency's irrigation projects and water management facilities in Makurdi.",50
ERGP28173480,"ESTABLISHMENT OF SONGHAI INTERGRATED MODEL FARM AT THE CATCHMENT STATES OF BENUE, NASARAWA, PLATEAU AND KOGI",252042001,LOWER BENUE RBDA,,28406000.0,PARTIAL,MEDIUM,"While establishing integrated model farms in catchment states supports agricultural development within LBRBDA's geographic area, the Songhai model focuses on integrated farming systems rather than the agency's core mandate of water resources management and irrigation infrastructure development.",50
ERGP28173493,"DEVELOPMENT OF THE NEW ANKPA PROJECT (EJOKA)
",252042001,LOWER BENUE RBDA,,7287000.0,YES,HIGH,"The development of the New Ankpa Project (Ejoka) aligns with LBRBDA's mandate to develop irrigation schemes and water infrastructure, as Ankpa is located in Kogi State which falls within the agency's seven-state coverage area of the Lower Benue River Basin.",0
ERGP28173501,"ESTABLISHMENT OF POULTRY AND FISH FEED MILL AT MAKURDI
",252042001,LOWER BENUE RBDA,,14532000.0,PARTIAL,MEDIUM,"While establishing a fish feed mill aligns with the agency's mandate to support fish farming in reservoirs and irrigation canals, the poultry component falls outside their core water resources and irrigation-focused responsibilities.",50
ERGP28173506,OPENING OF ACCESS ROAD AND DRAINAGE SYSTEM NEAR WURUKUM COMMUNITY MAKURDI,252042001,LOWER BENUE RBDA,,21000000.0,PARTIAL,MEDIUM,"While drainage systems align with LBRBDA's flood control mandate, opening access roads is outside their core water resources and irrigation functions unless specifically supporting water infrastructure projects.",50
ERGP28173634,"PROCUREMENT OF POOL MONITORING VEHICLES FOR THE AUTHORITY
",252042001,LOWER BENUE RBDA,,21322000.0,YES,HIGH,"Pool monitoring vehicles are essential for LBRBDA to conduct hydrological monitoring, water resources assessment, and manage seasonal water distribution across the Lower Benue River Basin as required by their statutory functions.",0
ERGP28173647,"REHABILITATION OF DUANKWAN TO DUNGGOESHING ROAD IN SHENDAM, PLATEAU STATE.",252042001,LOWER BENUE RBDA,,7287000.0,NO,HIGH,"Road rehabilitation in Plateau State falls outside LBRBDA's water resources and irrigation mandate, which covers Lower Benue River Basin states (Benue, Kogi, Nasarawa, Cross River, Ebonyi, Enugu, Anambra) and does not include Plateau State or road construction activities.",100
ERGP28173649,"CONSTRUCTION OF 1.5KM ROAD AT OJA-OCHEMOGA, IMANE
",252042001,LOWER BENUE RBDA,,14203000.0,NO,HIGH,"Construction of a general road at Oja-Ochemoga falls outside LBRBDA's core mandate of water resources management, irrigation development, and agricultural support, as this appears to be basic transportation infrastructure unrelated to water or irrigation systems.",100
ERGP28173719,PROVISION OF ELECTRONIC LIBRARY/REHABILITATION OF THE AUTHORITY'S LIBRARY FOR THE AUTH0RITY,252042001,LOWER BENUE RBDA,,4858000.0,NO,HIGH,"Electronic library provision and library rehabilitation are not related to the agency's core mandate of water resources management, irrigation development, flood control, and agricultural support in the Lower Benue River Basin.",100
ERGP28173726,"UPGRADING OF WATER SUPPLY INFRASTRUCTURE IN RESIDENTIAL QUARTERS MAKURDI
",252042001,LOWER BENUE RBDA,,4858000.0,PARTIAL,MEDIUM,"While upgrading water supply infrastructure relates to water resources management which is within LBRBDA's mandate, providing residential water supply appears to be outside their core focus on irrigation, agricultural development, and flood control in the river basin.",50
ERGP28175352,"REHABILITATION OF SOLAR POWERED BOREHOLE AT AGBANE CLAN CLOSE, OTAKPA ENJEMA, KOGI STATE",252042001,LOWER BENUE RBDA,,4858000.0,YES,HIGH,"Rehabilitating solar powered boreholes for water supply directly supports the agency's mandate to manage water resources and provide water distribution to communities within the Lower Benue River Basin, which includes Kogi State.",0
ERGP28175356,"EROSION CONTROL AT IDADU
",252042001,LOWER BENUE RBDA,,9716000.0,PARTIAL,MEDIUM,"While erosion control relates to water management and could support the agency's flood control mandate, the specific location at Idadu and narrow focus on erosion rather than comprehensive water resources development makes it only partially aligned with LBRBDA's primary irrigation and basin-wide water management functions.",50
ERGP28175362,"ACCESS ROAD TO OTUGOGARO
",252042001,LOWER BENUE RBDA,,28448000.0,PARTIAL,MEDIUM,"An access road to Otugogaro could be justified if it provides essential access to irrigation infrastructure, water management facilities, or agricultural areas served by the agency, but without specific context linking it to water resources or irrigation development, it appears to be general infrastructure outside the core mandate.",50
ERGP28175369,"CONSTRUCTION OF ACCESS ROAD NASARAWA EGGON DAM
",252042001,LOWER BENUE RBDA,,4858000.0,PARTIAL,MEDIUM,"While road construction is not explicitly within LBRBDA's core mandate, an access road to Nasarawa Eggon Dam could be necessary infrastructure to support the agency's statutory function of constructing and operating small/medium dams for irrigation water supply.",50
ERGP28184863,"CONSTRUCTION OF GUNDUMA DAM, KARU LGA NASARAWA STATE
",252042001,LOWER BENUE RBDA,,4200000.0,YES,HIGH,Construction of Gunduma Dam in Nasarawa State directly aligns with LBRBDA's statutory function to construct small and medium dams for water storage and irrigation within their coverage area that includes Nasarawa State.,0
ERGP28184876,"CONSTRUCTION OF EARTH DAM AT KWARIN-BAURE, YULI IN NORTH CENTRAL ZONE
",252042001,LOWER BENUE RBDA,,9429000.0,YES,HIGH,Construction of earth dam directly aligns with LBRBDA's statutory function to construct small and medium dams for water storage and irrigation in the Lower Benue River Basin.,0
ERGP28184877,"CONSTRUCTION OF EARTH DAM AT SABON LAYI, GAJI-BASHAR IN NORTH CENTRAL ZONE",252042001,LOWER BENUE RBDA,,2429000.0,YES,HIGH,Construction of earth dam directly aligns with LBRBDA's statutory function to construct small and medium dams for water storage and irrigation in the Lower Benue River Basin region.,0
ERGP28187986,"CONSTRUCTION OF AKPOLI DAM AT IMANE IN KOGI STATE
",252042001,LOWER BENUE RBDA,,14000000.0,YES,HIGH,"Construction of Akpoli Dam at Imane in Kogi State directly aligns with LBRBDA's statutory function to construct small and medium dams for water storage and irrigation in their coverage area, which includes Kogi State.",0
ERGP28188996,"PROVISION OF 3NOS. SOLAR POWERED BOREHOLE AT INGWAN BRUKU BASHAR, UNGWAN SAKUWA MAVO AND GOVERNMENT SECONDARY SCHOOL WASE PLATEAU",252042001,LOWER BENUE RBDA,,4858000.0,NO,HIGH,"The budget item is for boreholes in Plateau State, which is outside LBRBDA's geographical mandate that covers only seven specific states (Benue, Kogi, Nasarawa, Cross River, Ebonyi, Enugu and Anambra), not Plateau State.",100
ERGP28188997,"CONSTRUCTION OF 1.6KM ROAD WITH 3NOS. CULVERTS FROM MTD TO ANGLE D, JOS SOUTH LGA, PLATEAU STATE",252042001,LOWER BENUE RBDA,,4858000.0,NO,HIGH,"The budget item involves road construction in Plateau State, which is outside LBRBDA's geographic mandate (covers seven states but not Plateau) and road construction is not within their water resources and irrigation development functions.",100
ERGP28189003,"EROSION/FLOOD CONTROL IN ANPKA, ANKPA LGA, KOGI STATE
",252042001,LOWER BENUE RBDA,,14574000.0,YES,HIGH,"Flood control infrastructure falls directly within LBRBDA's statutory functions as specified in items (g) and (q), and Kogi State is explicitly within their territorial mandate covering the Lower Benue River Basin.",0
ERGP28190202,"IMPLEMENTATION OF CLEAN NIGERIA CAMPAIGN (OPEN DEFECATION FREE ACTIVITIES)
",252042001,LOWER BENUE RBDA,,7287000.0,NO,HIGH,"Clean Nigeria Campaign and open defecation free activities relate to sanitation and public health initiatives, which fall outside LBRBDA's core mandate of water resources management, irrigation development, and agricultural support in the Lower Benue River Basin.",100
ERGP28197449,"CONSTRUCTION OF SOLAR POWERED BOREHOLES AT VARIOUS COMMUNITIES OBE, AKPUGO, UMUAGA, OBOSI, OGIDI, UBOMIRI",252042001,LOWER BENUE RBDA,,16058000.0,YES,HIGH,"Construction of solar powered boreholes directly supports the agency's mandate to manage water resources and distribute water to communities within the Lower Benue River Basin, as these communities appear to be within the agency's coverage area.",0
ERGP28201235,"PROVISION OF BOREHOLES FOR VULNERABLE COMMUNITIES IN KOGI STATE
",252042001,LOWER BENUE RBDA,,14574000.0,YES,HIGH,Providing boreholes for vulnerable communities in Kogi State (which is within LBRBDA's seven-state coverage area) aligns with the agency's mandate to manage water resources and provide water supply to communities in the Lower Benue River Basin.,0
ERGP28201237,"PROVISION OF BOREHOLES FOR VULNERABLE COMMUNITIES IN NASARAWA STATE
",252042001,LOWER BENUE RBDA,,14574000.0,YES,HIGH,Providing boreholes for vulnerable communities in Nasarawa State (which is within LBRBDA's coverage area) directly aligns with the agency's mandate to manage water resources and distribute water to communities in the Lower Benue River Basin.,0
ERGP28201238,"PROVISION OF BOREHOLES FOR VULNERABLE COMMUNITIES IN PLATEAU STATE
",252042001,LOWER BENUE RBDA,,14574000.0,NO,HIGH,"Lower Benue RBDA's mandate covers seven specific states (Benue, Kogi, Nasarawa, Cross River, Ebonyi, Enugu and Anambra) but does not include Plateau State where this borehole provision is targeted.",100
ERGP28201249,"CONSTRUCTION OF DAM AT GAJI-BASHAR
",252042001,LOWER BENUE RBDA,,24290000.0,YES,HIGH,Construction of dam at Gaji-Bashar directly aligns with the agency's statutory function to construct small and medium dams for water storage and irrigation infrastructure development within the Lower Benue River Basin.,0
ERGP28205006,PROVISION OF OF MOTORISED BOREHOLE WITH RETICULATION AT CHURCH OF IMMACULATE CONCEPTION UPPER HILL MAKURDI,252042001,LOWER BENUE RBDA,,4858000.0,PARTIAL,MEDIUM,"While water provision relates to the agency's water resources management mandate, providing boreholes to specific religious institutions appears to be outside their core focus on irrigation, agricultural development, and basin-wide water management.",50
ERGP28223057,"WATER SUPPLY SCHEME IN BURUKU FEDERAL CONSTITUENCY, BENUE STATE
",252042001,LOWER BENUE RBDA,,24290000.0,YES,HIGH,"Water supply schemes directly align with LBRBDA's core mandate to manage water resources and distribute water to communities within the Lower Benue River Basin, which includes Benue State.",0
ERGP28223059,"WATER SUPPLY SCHEME IN OTUKPO/OHIMINI FEDERAL CONSTITUENCY, BENUE STATE
",252042001,LOWER BENUE RBDA,,24290000.0,YES,HIGH,"Water supply scheme in Otukpo/Ohimini Federal Constituency falls directly within LBRBDA's mandate to manage water resources and provide water distribution to communities in Benue State, which is part of their seven-state coverage area.",0
ERGP28223060,"WATER SUPPLY SCHEME IN MUSHIN II FEDERAL CONSTITUENCY, LAGOS STATE
",252042001,LOWER BENUE RBDA,,24290000.0,NO,HIGH,"The budget item is for water supply in Lagos State, which is outside LBRBDA's geographical mandate that covers only seven states (Benue, Kogi, Nasarawa, Cross River, Ebonyi, Enugu and Anambra) in the Lower Benue River Basin.",100
ERGP28223061,"PROVISION OF MOTORISED BOREHOLES AT BUKAN SIDI, OMBI 2, LAYTA PHASE 2 AND OTHER SELECTED LOCATIONS LAFIA NASARAWA AND NORTH BANK MAKURDI BENUE",252042001,LOWER BENUE RBDA,,13216000.0,YES,HIGH,Providing motorised boreholes for water supply in Nasarawa and Benue states falls directly within LBRBDA's mandate to manage water resources and develop water infrastructure across the Lower Benue River Basin.,0
ERGP28223062,"PROVISION OF MOTORISED BOREHOLE AT TSE-IKPE, BORIKYO, BENUE STATE
",252042001,LOWER BENUE RBDA,,7287000.0,YES,HIGH,Providing motorised boreholes for water supply directly aligns with LBRBDA's core mandate to manage water resources and distribute water to communities in Benue State within the Lower Benue River Basin.,0
ERGP28223065,"WATER SUPPLY SCHEME IN LAFIA/OBI FEDERAL CONSTITUENCY, NASARAWA STATE
",252042001,LOWER BENUE RBDA,,24290000.0,YES,HIGH,"Water supply scheme in Lafia/Obi Federal Constituency falls within LBRBDA's mandate as the agency manages water resources and provides water distribution to communities in Nasarawa State, which is explicitly covered under its seven-state jurisdiction in the Lower Benue River Basin.",0
ERGP28223067,"PROVISION OF MOTORISED BOREHOLE AT MBAKYAN, TSE-GULGU(ANONGO COMPOUND), GWER EAST, BENUE STATE",252042001,LOWER BENUE RBDA,,7287000.0,YES,HIGH,"Providing motorised boreholes for water supply directly supports the agency's mandate to manage water resources and distribute water to communities within the Lower Benue River Basin, which includes Benue State.",0
ERGP28223068,"PROVISION OF MOTORISED BOREHOLE AT ISMAILA WAMBAI STREET DOMA, DOMA LGC, NASARAWA STATE",252042001,LOWER BENUE RBDA,,7287000.0,YES,HIGH,"Providing motorized boreholes for water supply falls within LBRBDA's core mandate to manage water resources and distribute water to communities in Nasarawa State, which is part of their seven-state coverage area.",0
ERGP28223069,"PROVISION OF MOTORISED BOREHOLE AT MAHANGA, AWE LGC, NASARAWA STATE
",252042001,LOWER BENUE RBDA,,7287000.0,YES,HIGH,"Providing motorised boreholes for water supply directly supports the agency's mandate to manage water resources and distribute water to communities within their coverage area, which includes Nasarawa State.",0
ERGP28223071,"CONSTRUCTION OF SOLAR POWERED BOREHOLES IN BENUE STATE
",252042001,LOWER BENUE RBDA,,14000000.0,PARTIAL,MEDIUM,"While solar powered boreholes provide water access which relates to water resources management, the agency's primary mandate focuses on river basin management, irrigation schemes, and surface water development rather than groundwater extraction through boreholes.",50
ERGP28223073,"PROVISION OF MOTORISED BOREHOLE AT BUKAN SIDI, LAFIA LGC, NASARAWA STATE
",252042001,LOWER BENUE RBDA,,7287000.0,YES,HIGH,"Providing motorised boreholes for water supply directly aligns with LBRBDA's core mandate to manage water resources and distribute water to communities within their coverage area, which includes Nasarawa State.",0
ERGP28223075,"REHABILITATION OF WATER SCHEMES ACROSS BENUE STATE
",252042001,LOWER BENUE RBDA,,35000000.0,YES,HIGH,"Rehabilitating water schemes directly aligns with LBRBDA's core mandate to manage water resources, maintain irrigation infrastructure, and operate water distribution systems in Benue State, which is within their geographical coverage area.",0
ERGP28223077,"PROVISION OF MOTORISED BOREHOLE AT ANGWAN HAUSAWA, GBOKO BENUE STATE
",252042001,LOWER BENUE RBDA,,7287000.0,YES,HIGH,"Providing motorised boreholes for water supply directly aligns with LBRBDA's core mandate to manage water resources and distribute water to communities within the Lower Benue River Basin, which includes Benue State.",0
ERGP28223081,"REHABILITATION OF MOTORISED BOREHOLES AT IPONU,ODOBU, GOVERNMENT COLLEGE DOMA, NASARAWA STATE",252042001,LOWER BENUE RBDA,,14574000.0,YES,HIGH,Rehabilitating motorised boreholes for water supply in Nasarawa State falls within LBRBDA's core mandate to manage water resources and provide water infrastructure across the Lower Benue River Basin which includes Nasarawa State.,0
ERGP28223082,"RECONSTRUCTION OF EARTH DAM LESSEL, USHONGO LGA, BENUE STATE
",252042001,LOWER BENUE RBDA,,42280000.0,YES,HIGH,"Reconstructing an earth dam directly aligns with the agency's statutory function to construct and maintain small and medium dams for water storage and irrigation in the Lower Benue River Basin, which includes Benue State.",0
ERGP28223086,"PROVISION OF MOTORISED BOREHOLE BESIDE TER MAKURDI PALACE, MAKURDI BENUE STATE",252042001,LOWER BENUE RBDA,,7287000.0,YES,HIGH,Providing motorised boreholes for water supply directly aligns with the agency's core mandate to manage water resources and distribute water to communities in the Lower Benue River Basin.,0
ERGP28223087,PROVISION OF 2NOS. MOTORISED BOREHOLES AT ODOGOMU AND AMAKA OFANTE OGUGU IN OLAMABORO LGA KOGI STATE,252042001,LOWER BENUE RBDA,,14574000.0,YES,HIGH,Providing motorised boreholes for water supply directly aligns with LBRBDA's mandate to manage water resources and distribute water to communities within their coverage area including Kogi State.,0
ERGP28223089,"PROVISION OF POWERED BOREHOLE AT DUDU ASITA IKYONUV COMMUNITY NYIEV GUMA LGA, BENUE STATE",252042001,LOWER BENUE RBDA,,4858000.0,YES,HIGH,"Providing powered boreholes for water supply directly aligns with LBRBDA's mandate to manage water resources and distribute water to communities within the Lower Benue River Basin, which includes Benue State.",0
ERGP28223090,"PROVISION OF BOREHOLES FOR VULNERABLE COMMUNITIES IN BENUE STATE
",252042001,LOWER BENUE RBDA,,14574000.0,PARTIAL,MEDIUM,"While providing water access to communities relates to the agency's water resources management mandate, boreholes for general community water supply differs from their core focus on irrigation infrastructure and agricultural water systems in the Lower Benue Basin.",50
ERGP28223096,"PROVISION OF MOTORISED BOREHOLE AT IPARI OTUKPA OPPOSITE GOVERNMENT COMPREHENSIVE SECONDARY SCHOOL OTUKPA, OGBADIBO LGA, BENUE STATE",252042001,LOWER BENUE RBDA,,7287000.0,YES,HIGH,"Providing motorised boreholes for water supply falls within LBRBDA's core mandate to manage water resources and distribute water to communities in the Lower Benue River Basin, which includes Benue State.",0
ERGP28223098,"PROVISION OF MOTORISED BOREHOLE AT AZARA COMMUNITY, AWE LGA, NASARAWA STATE",252042001,LOWER BENUE RBDA,,9716000.0,YES,HIGH,"Providing motorised boreholes for water supply to communities falls within LBRBDA's core mandate to manage water resources and distribute water to communities in the Lower Benue River Basin, which includes Nasarawa State.",0
ERGP28223100,"PROVISION OF MOTORISED BOREHOLE AT TSE-UMASE, GUMA LGA, BENUE STATE
",252042001,LOWER BENUE RBDA,,7287000.0,YES,HIGH,"Providing motorised boreholes directly supports the agency's statutory function of managing water resources and distributing water to communities within the Lower Benue River Basin, which includes Benue State.",0
ERGP28223101,"PROVISION OF MOTORISED BOREHOLE AT AKPANJA COMMUNITY EKYE DEVELOPMENT AREA, DOMA LGA, NASARAWA STATE",252042001,LOWER BENUE RBDA,,7287000.0,YES,HIGH,"Providing motorised boreholes for water supply to communities falls directly within LBRBDA's mandate to manage water resources and distribute water to communities in the Lower Benue River Basin, which includes Nasarawa State.",0
ERGP28223102,"PROVISION OF 2NOS. MOTORISED BOREHOLE AT BURUKU LGA BENUE STATE
",252042001,LOWER BENUE RBDA,,14574000.0,YES,HIGH,"Providing motorized boreholes directly supports the agency's mandate to manage water resources and distribute water to communities within the Lower Benue River Basin, which includes Benue State.",0
ERGP28225746,PROVISION OF MOTORISED BOREHOLES AT OPADA IFE KOGI AND PLOT 125 KARU EXTENSION NASARAWA STATE,252042001,LOWER BENUE RBDA,,7287000.0,YES,HIGH,Providing motorised boreholes for water supply in Kogi and Nasarawa States falls within LBRBDA's mandate to manage water resources and provide water infrastructure across the Lower Benue River Basin covering these states.,0
ERGP28225798,PROVISION OF MOTORISED BOREHOLE AT GENEBE PHASE II BESIDE SAMJOS SCHOOLS MAKURDI BENUE STATE,252042001,LOWER BENUE RBDA,,7287000.0,YES,HIGH,"Providing motorised boreholes for water supply directly aligns with LBRBDA's core mandate to manage water resources and distribute water to communities within the Lower Benue River Basin, including Benue State where this project is located.",0
ERGP28228739,"PROVISION OF MOTORISED BOREHOLE AT ASSAKIO COMMUNITY LAFIA LGA, NASARAWA STATE",252042001,LOWER BENUE RBDA,,7287000.0,YES,HIGH,"Providing motorised boreholes for water supply to communities falls directly within LBRBDA's mandate to manage water resources and distribute water to communities in Nasarawa State, which is part of their seven-state coverage area.",0
ERGP28229791,CONSTRUCTION OF MOTORISED BOREHOLE AT SILAS ADEJO CLOSE ADE VILLAGE MAKURDI BENUE STATE,252042001,LOWER BENUE RBDA,,7280000.0,YES,HIGH,Construction of motorised boreholes for water supply falls directly within LBRBDA's core mandate to manage water resources and provide water infrastructure to communities in the Lower Benue River Basin.,0
ERGP28229795,"CONSTRUCTION OF MOTORISED BOREHOLE AT SHOROV BURUKU IN BENUE STATE
",252042001,LOWER BENUE RBDA,,7280000.0,YES,HIGH,"Construction of motorised boreholes for water supply falls within LBRBDA's core mandate to manage water resources and provide water infrastructure to communities in the Lower Benue River Basin, which includes Benue State.",0
ERGP28231047,"CONSTRUCTION OF MIANGO DAM
",252042001,LOWER BENUE RBDA,,3500000.0,YES,HIGH,Construction of Miango Dam directly aligns with LBRBDA's statutory function to construct small and medium dams for water storage and irrigation infrastructure development within their basin coverage area.,0
ERGP28231255,MOTORISED BOREHOLE AT AGADA CLOSE ANKPA QUARTERS EXTENSION OFF NAKA ROAD MAKURDI,252042001,LOWER BENUE RBDA,,7658000.0,YES,HIGH,Constructing a motorised borehole for water supply falls directly within LBRBDA's core mandate to manage water resources and provide water infrastructure to communities in the Lower Benue River Basin.,0
ERGP28237725,PROVISION FOR SINKING OF SOLAR POWERED BOREHOLES AND OVERHEAD TANKS WITH WATER RETICULATION AT KARU VILLAGE EXTENSION LAYOUT FCT,252042001,LOWER BENUE RBDA,,175000000.0,NO,HIGH,"The budget item is for water infrastructure in FCT which is outside LBRBDA's territorial mandate that covers Lower Benue River Basin in seven specific states (Benue, Kogi, Nasarawa, Cross River, Ebonyi, Enugu and Anambra) and does not include FCT.",100
ERGP28237728,PROVISION FOR SINKING OF SOLAR POWERED BOREHOLES AND OVERHEAD TANKS WITH WATER RETICULATION AT ADANKOLO LOKOJA LGA OF KOGI STATE,252042001,LOWER BENUE RBDA,,175000000.0,YES,HIGH,Providing water infrastructure including boreholes and water reticulation systems in Kogi State falls directly within LBRBDA's mandate to manage water resources and distribute water to communities across the Lower Benue River Basin.,0
ERGP28237749,"PROVISION OF SOLAR BOREHOLES IN GIDAN DAWA AND FILIN SAMJI
",252042001,LOWER BENUE RBDA,,35000000.0,PARTIAL,MEDIUM,"While water supply through boreholes relates to water resources management, the agency's core mandate focuses on river basin irrigation and flood control rather than groundwater development for community water supply.",50
ERGP28237782,"PROVISION OF SOLAR POWERED BOREHOLES IN KEFFI, NASARAWA STATE
",252042001,LOWER BENUE RBDA,,14000000.0,PARTIAL,MEDIUM,"While providing water infrastructure in Nasarawa State (which is within LBRBDA's coverage area) relates to water resources management, solar powered boreholes for domestic water supply fall outside the agency's core mandate of irrigation, agricultural water management, and flood control in the river basin system.",50
ERGP28237802,PROVISION OF SOLAR POWERED BOREHOLES IN TSE KWEMBE AND TSE RURAL COMMUNITIES IN BENUE STATE,252042001,LOWER BENUE RBDA,,21000000.0,YES,HIGH,Providing solar powered boreholes for water access in rural Benue communities falls within LBRBDA's mandate to manage water resources and distribute water to communities in the Lower Benue River Basin.,0
ERGP28237819,"PROVISION OF WATER SUPPLY SCHEME AT SHINFIDA, GANGARA, YANDAKI AND OTHER COMMUNITIES",252042001,LOWER BENUE RBDA,,84000000.0,YES,HIGH,Providing water supply schemes to communities falls directly within LBRBDA's core mandate to manage water resources and distribute water to communities in the Lower Benue River Basin.,0
ERGP28237934,"PROVISION OF SOLAR POWERED BOREHOLES AT UMU-ATULU AWOBU VILLAGE AND OBOSI, ANAMBRA STATE",252042001,LOWER BENUE RBDA,,35000000.0,YES,HIGH,Providing solar powered boreholes for water supply in Anambra State (which is within LBRBDA's seven-state coverage area) directly supports the agency's mandate to manage water resources and provide water infrastructure for communities in the Lower Benue River Basin.,0
ERGP28237964,"EXPANSION OF KUMO WATER SUPPLY PROJECT IN AKKO FEDERAL CONSTITUENCY, GOMBE STATE",252042001,LOWER BENUE RBDA,,140000000.0,NO,HIGH,"The project is located in Gombe State which falls outside LBRBDA's geographical mandate that covers only Benue, Kogi, Nasarawa, Cross River, Ebonyi, Enugu and Anambra States in the Lower Benue River Basin.",100
ERGP28237988,DRILLING AND INSTALLATION OF SOLAR MOTORISED BOREHOLE AT KUMBWANG & OTHER LOCATIONS,252042001,LOWER BENUE RBDA,,70000000.0,YES,HIGH,"Drilling and installing solar motorised boreholes directly supports the agency's mandate to manage water resources, provide water supply to communities, and develop water infrastructure in the Lower Benue River Basin.",0
ERGP28238005,"PROVISION AND MAINTENANCE OF BOREHOLES NASARAWA STATE, NORTH CENTRAL GEOPOLITICAL ZONE",252042001,LOWER BENUE RBDA,,245000000.0,YES,HIGH,"Providing and maintaining boreholes in Nasarawa State directly aligns with LBRBDA's mandate to manage water resources and provide water supply infrastructure across the Lower Benue River Basin, which explicitly includes Nasarawa State.",0
ERGP28238015,"REHABILITATION OF AMOKE WATER SCHEME IN APA LOCAL GOVERNMENT AREA OF APA/AGATU FEDERAL CONSTITUENCY, BENUE STATE",252042001,LOWER BENUE RBDA,,35000000.0,YES,HIGH,"Rehabilitating the Amoke Water Scheme in Benue State directly aligns with LBRBDA's core mandate to manage water resources, develop irrigation infrastructure, and operate water distribution systems within the Lower Benue River Basin.",0
ERGP28238045,"PROVISION FOR SINKING OF 2 SOLAR POWERED BOREHOLES AND OVERHEAD TANKS WITH WATER RETICULATION IN SOKOTO METROPOLIS, SOKOTO STATE",252042001,LOWER BENUE RBDA,,350000000.0,NO,HIGH,"The budget item is for water infrastructure in Sokoto State, which is outside LBRBDA's geographical mandate that covers only seven specific states (Benue, Kogi, Nasarawa, Cross River, Ebonyi, Enugu and Anambra) in the Lower Benue River Basin.",100
ERGP28238064,PROVISION AND INSTALLATION OF SOLAR POWERED INTEGRATED STREET LIGHT IN VARIOUS SECURITY CHALLENGED COMMUNITIES IN A FEDERAL CONSTITUENCY KJ OF,252042001,LOWER BENUE RBDA,,140000000.0,NO,HIGH,"Installing solar street lights for security purposes in communities falls outside LBRBDA's core mandate of water resources management, irrigation development, and agricultural support in the Lower Benue River Basin.",100
ERGP28238071,REHABILITATION AND CONSTRUCTION OF EXISTING WATER FACILITIES IN A FEDERAL CONSTITUENCY OF KATSINAL CENTRAL SENATORIAL DISTRICT,252042001,LOWER BENUE RBDA,,140000000.0,NO,HIGH,"The budget item targets Katsina Central Senatorial District which is outside LBRBDA's statutory coverage area of Lower Benue River Basin covering only Benue, Kogi, Nasarawa, Cross River, Ebonyi, Enugu and Anambra States.",100
ERGP28238089,PROVISION FOR SINKING 2 SOLAR BOREHOLES AND OVERHEAD TANKS WITH WATER RETICULATION AT LOKOGOMA LOKOJA LGA OF KOGI STATE,252042001,LOWER BENUE RBDA,,280000000.0,YES,HIGH,Providing water infrastructure through boreholes and reticulation systems in Kogi State (which is within the agency's seven-state coverage area) directly supports the agency's mandate to manage water resources and provide water supply to communities in the Lower Benue River Basin.,0
ERGP28238118,"BIBINU WATER WORKS REHABILITATION DONGA LOCAL GOVERNMENT AREA. TAKUM/DONGA/USSA FED. CONSTITUENCY, TARABA STATE",252042001,LOWER BENUE RBDA,,35000000.0,NO,HIGH,"The budget item is located in Taraba State which is not within LBRBDA's mandate that specifically covers seven states (Benue, Kogi, Nasarawa, Cross River, Ebonyi, Enugu and Anambra States) in the Lower Benue River Basin.",100
ERGP28238184,"DRILLING OF SOLAR POWERED BOREHOLES IN SOME SELECTED COMMUNITIES OF APA/AGATU FEDERAL CONSTITUENCY, BENUE STATE.",252042001,LOWER BENUE RBDA,,35000000.0,YES,HIGH,Drilling solar powered boreholes for water supply in Benue State communities directly supports the agency's mandate to manage water resources and provide water distribution to communities within the Lower Benue River Basin.,0
ERGP28238195,"CONSTRUCTION OF MOTORIZE BOREHOLE AT GA-FULANI-GOGO ROAD;
",252042001,LOWER BENUE RBDA,,7000000.0,YES,HIGH,Construction of motorized boreholes directly supports the agency's mandate to manage water resources and provide water supply infrastructure for agricultural and community use within the Lower Benue River Basin.,0
ERGP28238216,"WATER SUPPLY SCHEME IN JOS SOUTH/EAST FEDERAL CONSTITUENCY, PLATEAU STATE",252042001,LOWER BENUE RBDA,,28000000.0,NO,HIGH,"Jos South/East Federal Constituency is in Plateau State, which is outside LBRBDA's designated coverage area of seven states (Benue, Kogi, Nasarawa, Cross River, Ebonyi, Enugu and Anambra).",100
ERGP28238263,"CONSTRUCTION OF MOTORISED BOREHOLE AT EIKA ADAGU, BEHIND GSS, NAGAZI.
",252042001,LOWER BENUE RBDA,,7000000.0,YES,HIGH,Construction of motorised boreholes directly supports the agency's mandate to manage water resources and provide water supply infrastructure for agricultural and community use within the Lower Benue River Basin.,0
ERGP28238277,PROVISION OF SOLAR POWER BOREHOLE IN UKUM LGA OF BENUE NORTH EAST SENATORIAL DISTRICT),252042001,LOWER BENUE RBDA,,70000000.0,PARTIAL,MEDIUM,"While solar-powered boreholes provide water access which relates to the agency's water resources management mandate, boreholes for general water supply fall outside LBRBDA's core focus on irrigation infrastructure, agricultural water systems, and river basin management rather than domestic water provision.",50
ERGP28238344,"CONSTRUCTION OF MOTORISED BOREHOLE AT ROAD 5, ZONE C, OHINDERE COMMUNITY, OPPOSITE NEW ZANGO, ADAVI LGA.",252042001,LOWER BENUE RBDA,,7000000.0,YES,HIGH,"Construction of motorised boreholes for water supply to communities falls within LBRBDA's mandate to manage water resources and distribute water to communities in the Lower Benue River Basin, which includes Kogi State where Adavi LGA is located.",0
ERGP28238382,"CONSTRUCTION OF SOLAR POWERED BOREHOLES IN SHENDAM GRA, NEAR SHENDAM HOTEL",252042001,LOWER BENUE RBDA,,35000000.0,PARTIAL,MEDIUM,"While water supply infrastructure aligns with the agency's water resources management mandate, constructing boreholes in a specific urban area (Shendam GRA) appears to focus on domestic water supply rather than the agency's core functions of irrigation, agricultural development, and basin-wide water management in the Lower Benue River Basin.",50
ERGP28238454,"PROVISION OF SOLAR POWERED BOREHOLES AT AKUME NAAN VILLAGE MBAGBERA, VANDEIKYA LGA, BENUE NORTH EAST SENATORIAL DISTRICT.",252042001,LOWER BENUE RBDA,,17500000.0,YES,HIGH,"Providing solar powered boreholes for water supply directly aligns with the agency's core mandate to manage water resources and provide water distribution to communities in the Lower Benue River Basin, which includes Benue State.",0
ERGP28238530,"CONSTRUCTION OF MOTORIZED BOREHOLE IN SOME SELECTED COMMUNITIES IN SHIRORO, RAFI, MUNYA FEDERAL CONSTITUENCY, NIGER STATE.",252042001,LOWER BENUE RBDA,,70000000.0,NO,HIGH,"The budget item is for Niger State which is outside LBRBDA's mandate area that covers only Benue, Kogi, Nasarawa, Cross River, Ebonyi, Enugu and Anambra States.",100
ERGP28238539,COMPLETION OF EARTH DAM AT KWARIN-BAURE IN NORTH CENTRAL ZONE PLATEAU STATE,252042001,LOWER BENUE RBDA,,175000000.0,NO,HIGH,"The project is located in Plateau State, which is not within LBRBDA's territorial mandate that covers only Benue, Kogi, Nasarawa, Cross River, Ebonyi, Enugu and Anambra States.",100
ERGP28238543,"COMPLETION OF EARTH DAM IN YULI, NORTH CENTRAL ZONE PLATEAU STATE
",252042001,LOWER BENUE RBDA,,175000000.0,NO,HIGH,"The budget item is for a dam in Plateau State, which is outside LBRBDA's geographical mandate that covers only Benue, Kogi, Nasarawa, Cross River, Ebonyi, Enugu and Anambra States.",100
ERGP29158058,"COMPLETION OF THE UPGRADING OF ICT UNIT EQUIPMENT AND INTERNET FACILITIES
",252042001,LOWER BENUE RBDA,,4200000.0,PARTIAL,MEDIUM,"While ICT infrastructure can support the agency's water resources management, irrigation operations, and hydrological monitoring functions, it is not a core statutory function and represents administrative support rather than direct mandate fulfillment.",50
ERGP29231129,"TRAINING OF YOUTH IN ICT IN OKENE KOGI STATE
",252042001,LOWER BENUE RBDA,,11900000.0,NO,HIGH,"Training youth in ICT falls outside LBRBDA's core mandate of water resources management, irrigation development, and agricultural support in the Lower Benue River Basin.",100
ERGP4157974,"MONITORING AND EVALAUATION OF PROJECTS WITHIN BENUE, NASARAWA, PLATEAU AND KOGI",252042001,LOWER BENUE RBDA,,4858000.0,PARTIAL,MEDIUM,"The monitoring and evaluation function aligns with the agency's project oversight responsibilities, but the inclusion of Plateau State exceeds LBRBDA's mandate which covers only seven states (Benue, Kogi, Nasarawa, Cross River, Ebonyi, Enugu and Anambra) and does not include Plateau.",50
ERGP5113219,"PURCHASE OF TRACTORS WITH IMPLEMENTS FOR FARM PROJECTS IN MAKURDI, BENUE STATE",252042001,LOWER BENUE RBDA,,35476000.0,PARTIAL,MEDIUM,"While tractors support agricultural production which aligns with LBRBDA's mandate to support farming through irrigation, the agency's core focus is water resources management and irrigation infrastructure rather than direct provision of farm machinery.",50
ERGP5157688,"PURCHASE OF HEAVY DUTY PLANT AND EQUIPMENT
",252042001,LOWER BENUE RBDA,,21322000.0,YES,HIGH,"Heavy duty plant and equipment is essential for LBRBDA's core functions of constructing dams, developing irrigation infrastructure, maintaining canals and drainage systems, and implementing flood control projects across the Lower Benue River Basin.",0
ERGP5157967,"CONTRACT LIABILITIES FOR (LINE PROJECTS)
",252042001,LOWER BENUE RBDA,,21490000.0,PARTIAL,MEDIUM,"The item could align if ""line projects"" refers to irrigation infrastructure, water distribution systems, or flood control projects within LBRBDA's mandate, but the vague terminology makes it unclear whether these are core water/irrigation projects or unrelated activities.",50
ERGP5158142,"CONSTRUCTION OF OJOGA EARTH AT ICHAMA, OKPOKWU
",252042001,LOWER BENUE RBDA,,11074000.0,PARTIAL,MEDIUM,"While earth dam construction aligns with LBRBDA's mandate to construct small and medium dams for water storage and irrigation, the specific location at Ichama, Okpokwu needs verification as being within the Lower Benue River Basin coverage area and serving water resources/agricultural development purposes.",50
ERGP5159129,"DEVELOPMENT OF SMALL IRRIGATION SCALE AT ALOMA/OGBULU
",252042001,LOWER BENUE RBDA,,9716000.0,YES,HIGH,Development of small irrigation scale at Aloma/Ogbulu directly aligns with LBRBDA's core mandate to develop irrigation schemes and construct small/medium irrigation infrastructure for agricultural production in the Lower Benue River Basin.,0
ERGP5184880,"REHABILITATION OF WASE IRRIGATION SCHEME.
",252042001,LOWER BENUE RBDA,,7287000.0,NO,HIGH,"Wase Irrigation Scheme is located in Plateau State which falls under the Upper Benue River Basin Development Authority, not the Lower Benue RBDA whose mandate covers only seven specific states (Benue, Kogi, Nasarawa, Cross River, Ebonyi, Enugu and Anambra).",100
ERGP5201247,"INTERGRATED MODEL FARM AT IDADU AND EKYE DOMA LGA
",252042001,LOWER BENUE RBDA,,24290000.0,YES,HIGH,Integrated model farms directly align with LBRBDA's mandate to support agricultural production through irrigation and provide extension services to farmers in their coverage area including Nasarawa State where Doma LGA is located.,0
ERGP5223088,"PROVISION OF DRIP IRRIGATION SYSTEM AT IWASHI RICE FARM DOMA LGA
",252042001,LOWER BENUE RBDA,,44583000.0,YES,HIGH,"Providing drip irrigation systems for rice farming directly aligns with LBRBDA's core mandate to develop irrigation schemes and support rice production in the Lower Benue River Basin, with Doma LGA in Nasarawa State being within their coverage area.",0
ERGP5223104,"ESTABLISHMENT OF AQUACULTURE IN DOMA DAM, DOMA LGA, NASARAWA STATE
",252042001,LOWER BENUE RBDA,,35000000.0,YES,HIGH,"The establishment of aquaculture in Doma Dam directly aligns with the agency's statutory function to support fish farming in reservoirs and irrigation canals within the Lower Benue River Basin, which includes Nasarawa State.",0
ERGP5228650,"DEVELOPMENT OF IRRIGATION INFRASTRUCTURE AT MBAPA GWER WEST BENUE STATE
",252042001,LOWER BENUE RBDA,,7287000.0,YES,HIGH,"Development of irrigation infrastructure at Mbapa Gwer West in Benue State directly aligns with LBRBDA's core mandate to develop irrigation schemes and infrastructure within the Lower Benue River Basin, which includes Benue State.",0
ERGP5237987,PRROCUREMENT OF ONE MASSEY FERGUSON AND COMPLETE IMPLEMENT FOR EMPOWERMENT OF FARMERS IN NORTHERN TARABA,252042001,LOWER BENUE RBDA,,52500000.0,NO,HIGH,"The budget item targets Northern Taraba which is outside LBRBDA's jurisdiction that covers only seven specific states (Benue, Kogi, Nasarawa, Cross River, Ebonyi, Enugu and Anambra), and Taraba State is not included in the Lower Benue River Basin Development Authority's mandate area.",100
ERGP5237994,"SUPPLY OF AGRICULTURAL INPUTS TO FARMERS ACROSS KARU/KEFFI/KOKONA FEDERAL CONSTITUENCY, NASARAWA STATE",252042001,LOWER BENUE RBDA,,245000000.0,YES,HIGH,"This item aligns with LBRBDA's mandate to support agricultural production and provide extension services to farmers in Nasarawa State, which is within their seven-state coverage area.",0
ERGP5237999,"SUPPLY OF FERTILIZERS TO FARMERS ACROSS KARU/KEFFI/KOKONA FEDERAL CONSTITUENCY, NASARAWA STATE",252042001,LOWER BENUE RBDA,,245000000.0,PARTIAL,MEDIUM,"While LBRBDA provides agricultural extension services to farmers and supports crop production through irrigation in Nasarawa State, supplying fertilizers is not explicitly within their core mandate of water resources management and irrigation infrastructure development.",50
ERGP5238049,PROVISION FOR ESTABLISHING OF SHANGHAI INTERGRATED MODEL FARM AT SOKOTO METROPOLIS SOKOTO STATE,252042001,LOWER BENUE RBDA,,175000000.0,NO,HIGH,"The budget item is for establishing a farm in Sokoto State, which is outside LOWER BENUE RBDA's geographical mandate that covers only seven specific states (Benue, Kogi, Nasarawa, Cross River, Ebonyi, Enugu and Anambra States).",100
ERGP5238055,"PROVISION FOR ESTABLISHING OF SHANGHAI INTERGRATED MODEL FARM IN MASAKA, KARO LGA NASARAWA STATE",252042001,LOWER BENUE RBDA,,175000000.0,PARTIAL,MEDIUM,"While establishing an integrated model farm in Nasarawa State (within LBRBDA's coverage area) could support agricultural development, the specific ""Shanghai integrated model farm"" approach may extend beyond the agency's core water resources and irrigation-focused mandate unless it directly involves irrigation infrastructure development.",50
ERGP5238095,PURCHASE AND SUPPLY OF FERTILIZER TO FAMERS IN AKWANGA LGA NASARAWA NORTH SENATORIAL DISTRICT,252042001,LOWER BENUE RBDA,,70000000.0,PARTIAL,MEDIUM,"While LBRBDA provides agricultural extension services to irrigated farmers which could include fertilizer supply, this item lacks specification that it targets irrigation farmers or relates to the agency's core water resources and irrigation mandate.",50
ERGP5238470,"PURCHASE AND SUPPLY OF FERTILIZER, SPRAYERS AND HERBICIDES TO FARMERS IN BENUE NORTH-WEST SENATORIAL DISTRICT.",252042001,LOWER BENUE RBDA,,175000000.0,PARTIAL,MEDIUM,"While the agency provides agricultural extension services to irrigated farmers which could include input supply, the budget item lacks specification that these inputs are for irrigation-based agriculture and focuses on only one senatorial district rather than basin-wide water resource management activities.",50
ERGP5238536,"PROVISION OF TRACTORS AND IMPLEMENTS TO FARMERS IN PLATEAU SOUTH SENATORIAL DISTRICT, PLATEAU STATE.",252042001,LOWER BENUE RBDA,,70000000.0,NO,HIGH,"The budget item targets Plateau State which is not within LBRBDA's geographical mandate that covers only seven specific states (Benue, Kogi, Nasarawa, Cross River, Ebonyi, Enugu and Anambra), and Plateau State falls under a different River Basin Development Authority.",100
ERGP7158101,MONITORING AND EVALUATION (TECHNICAL AUDIT) OF AUTHORITY'S CAPITAL PROJECTS,252042001,LOWER BENUE RBDA,,4858000.0,YES,HIGH,"Monitoring and evaluation of capital projects is essential for ensuring proper implementation and maintenance of the authority's irrigation infrastructure, dams, and flood control systems which are core to its mandate.",0
ERGP8157497,HUMAN CAPITAL DEVELOPMENT FOR GRADUATE YOUTH EMPOWERMENT PROGRAM THROUGH PROVISION OF GRANTS FOR TRAINEES,252042001,LOWER BENUE RBDA,,24290000.0,PARTIAL,MEDIUM,"While human capital development through graduate youth empowerment is not explicitly within LBRBDA's core water resources and irrigation mandate, it could align if the program specifically trains graduates in water management, irrigation agriculture, or related technical skills needed for the agency's operations.",50
ERGP8223078,"WOMEN AND YOUTH EMPOWEREMENT PROGRAMME IN BENUE STATE
",252042001,LOWER BENUE RBDA,,14000000.0,PARTIAL,MEDIUM,"While women and youth empowerment is not explicitly within LBRBDA's core water resources mandate, it could align if the programme involves empowering women and youth through irrigation agriculture, water management training, or fish farming activities within the agency's operational scope.",50
ERGP8223083,"SKILLS ACQUISITION TRAINING IN BENUE STATE
",252042001,LOWER BENUE RBDA,,35000000.0,PARTIAL,MEDIUM,"While skills acquisition training could relate to agricultural extension services for irrigated farmers which is within LBRBDA's mandate, the broad scope of ""skills acquisition training"" without specific connection to irrigation agriculture or water resources management only partially aligns with the agency's core functions.",50
ERGP8223099,"TRAINING ON AGRI-BUSINESS FOR SELECTED PROJECTS IN CATCHEMENT AREAS
",252042001,LOWER BENUE RBDA,,49280000.0,YES,HIGH,Training on agri-business for selected projects in catchment areas directly supports the agency's statutory function to provide agricultural extension services to irrigated farmers and advance irrigation agriculture supporting food production and livelihoods across the Lower Benue Basin.,0
ERGP8237721,"EMPOWERMENT ON YOUTH AND WOMEN ON IRRIGATION FARMING IN IKPOBO, OMADEWU COMMUNITIES IN OKONOBO WARD OF OKPOKWU LGA, BENUE STATE.",252042001,LOWER BENUE RBDA,,140000000.0,YES,HIGH,"This budget item directly aligns with the agency's mandate to develop irrigation schemes, support agricultural production, and provide agricultural extension services to farmers in the Lower Benue River Basin, specifically within Benue State which is part of their coverage area.",0
ERGP8237969,"WOMEN EMPOWERMENT IN APA/AGATU FEDERAL CONSTITUENCY.
",252042001,LOWER BENUE RBDA,,35000000.0,PARTIAL,MEDIUM,"While women empowerment is not explicitly in LBRBDA's core mandate, it could align if the empowerment activities involve irrigation farming, water management training, or agricultural extension services for women in the specified federal constituency within their operational area.",50
ERGP8237983,CAPACITY BUILDING/TRAINING AND EMPOWERMENT PROGRAMME FOR YOUTH AND WOMEN IN GBOKO/TARKA FEDERAL CONSTITUENCY,252042001,LOWER BENUE RBDA,,7000000.0,PARTIAL,MEDIUM,"While the agency provides agricultural extension services and community engagement which could include training, the budget item's focus on general youth and women empowerment in a specific federal constituency appears broader than LBRBDA's core water resources and irrigation mandate.",50
ERGP8238102,PURCHASE AND SUPPLY OF MOTOR CYCLE TO VUNERABLE YOUTH IN AKWANGA LGA NASARAWA NORTH SENETORIAL DISTRICT,252042001,LOWER BENUE RBDA,,70000000.0,NO,HIGH,"Purchasing motorcycles for vulnerable youth is a social welfare activity that falls outside LBRBDA's core mandate of water resources management, irrigation development, and agricultural support in the Lower Benue River Basin.",100
ERGP8238179,"GRANT TO SOME SELECTED WOMEN OF APA/AGATU FEDERAL CONSTITUENCY, BENUE STATE.",252042001,LOWER BENUE RBDA,,45336040.0,NO,HIGH,"Grants to selected women in specific constituencies are not within LBRBDA's technical mandate of water resources management, irrigation development, and flood control, which focuses on infrastructure and agricultural services rather than direct cash transfers to demographic groups.",100
ERGP8238510,"EMPOWERMENT OF WOMEN AND YOUTH WITH IRRIGATION PUMPS, FERTILIZERS, MOTORCYCLES AND OTHER STARTER PACKS ACROSS MBANYAM",252042001,LOWER BENUE RBDA,,350000000.0,PARTIAL,MEDIUM,"While providing irrigation pumps and fertilizers aligns with LBRBDA's mandate to support irrigation agriculture and farmer services, the inclusion of motorcycles and general empowerment activities beyond water/irrigation scope extends beyond their core water resources and irrigation development mandate.",50
ERGP10223620,PROCUREMENT OF ACCESSORIES AND BACK UP EQUIPMENT FOR AUTHORITY'S SOLAR MINI GRID SYSYEM,252043001,LOWER NIGER RBDA,,66500000.0,PARTIAL,MEDIUM,"While solar mini-grid systems could support irrigation infrastructure and agricultural operations within the agency's water resources and agricultural development mandate, procurement of accessories and backup equipment is somewhat peripheral to the core functions of water management and irrigation development.",50
ERGP10227136,"PROVISION OF SOLAR POWERED SYSTEMS TO STORES, MECHANICAL WORKSHOP AND OTHER OFFICES IN LOWER NIGER RBDA HEADQUARTERS, ILORIN, KWARA STATE",252043001,LOWER NIGER RBDA,,52500000.0,PARTIAL,MEDIUM,"While solar power systems for headquarters facilities are not directly related to water resources management and irrigation development, they support the operational infrastructure needed for the agency to carry out its core mandate functions.",50
ERGP10232623,"CONSTRUCTION OF SOLAR STREET LIGHTS IN VARIOUS LOCATIONS OF ILORIN KWARA STATE AND KOGI WEST, KOGIÂ STATE",252043001,LOWER NIGER RBDA,,3500000.0,NO,HIGH,"Construction of solar street lights is urban infrastructure development that falls outside LNRBDA's core mandate of water resources management, irrigation development, and agricultural support in the Lower Niger River Basin.",100
ERGP10238588,"PROVISION OF SOLAR STREET LIGHTS IN IGBONNA ROAD, KAMARU AND GAMBO MASELU, KWARA STATE.",252043001,LOWER NIGER RBDA,,35000000.0,NO,HIGH,"Providing solar street lights for general road lighting falls outside LNRBDA's core mandate of water resources management, irrigation development, and agricultural support in the Lower Niger River Basin.",100
ERGP10238602,INSTALLATION OF SOLAR STREET LIGHTS IN ABEOKUTA SOUTH AND ABEOKUTA NORTH LGAs IN OGUN STATE,252043001,LOWER NIGER RBDA,,70000000.0,NO,HIGH,"Installing solar street lights in Abeokuta LGAs falls outside LNRBDA's core mandate of water resources management and irrigation development, and Ogun State is not within their designated seven-state coverage area.",100
ERGP10238607,"PROVISION FOR INSTALLATION OF SOLAR STREETLIGHT (60WATTS) IN SANGO WARD IN ILORIN EAST/SOUTH FEDERAL CONSTITUENCY, KWARA STATE",252043001,LOWER NIGER RBDA,,7000000.0,NO,HIGH,"Installing solar streetlights is a basic infrastructure/electrification function that falls outside LNRBDA's core mandate of water resources management, irrigation development, and agricultural support in the Lower Niger River Basin.",100
ERGP10238610,"SUPPLY AND INSTALLATION OF SOLAR STREETLIGHT IN GAMBARI II IN ILORIN EAST/SOUTH FEDERAL CONSTITUENCY, KWARA STATE",252043001,LOWER NIGER RBDA,,7000000.0,NO,HIGH,"Installing solar streetlights in urban areas falls outside LNRBDA's core mandate of water resources management, irrigation development, and agricultural support in the Lower Niger River Basin.",100
ERGP10238620,SUPPLY AND INSTALLATION OF TRANSFORMER IN APA/AGATU FEDERAL CONSTITUENCY,252043001,LOWER NIGER RBDA,,70000000.0,PARTIAL,MEDIUM,"While transformers could support irrigation infrastructure and water management facilities that fall within LNRBDA's mandate, the item lacks specificity about connection to water resources or agricultural development activities.",50
ERGP10238638,"PROVISION OF ALL IN ONE SOLAR POWERED STREETLIGHTS IN ODEDA, OBAFEMI OWODE AND IFO LGAs",252043001,LOWER NIGER RBDA,,350000000.0,NO,HIGH,"Installing solar streetlights in specific local government areas falls outside LNRBDA's mandate of water resources management, irrigation development, and agricultural support in the Lower Niger River Basin.",100
ERGP10244506,"SUPPLY AND INSTALLATION OF SOLAR STREETLIGHT IN GAMBARI I IN ILORIN EAST/SOUTH FEDERAL CONSTITUENCY, KWARA STATE",252043001,LOWER NIGER RBDA,,7000000.0,NO,HIGH,"Installing solar streetlights is a general infrastructure development activity that falls outside LNRBDA's specific mandate of water resources management, irrigation development, and agricultural support in the Lower Niger River Basin.",100
ERGP12153664,"FLOOD AND EROSION CONTROL WORKS AT ADEROJU SAGAYA STREET, OFF AWOLOWO ROAD, TANKE, ILORIN",252043001,LOWER NIGER RBDA,,49000000.0,YES,HIGH,The budget item for flood and erosion control works in Ilorin directly aligns with LNRBDA's statutory function (g) to provide flood control infrastructure along Niger River and function (r) to address Niger River flooding and erosion challenges within their operational area.,0
ERGP12171065,FLOOD/ EROSION CONTROL WORK IN OBUNO-ISIAKPU:PAYMENT OF OUTSTANDING LIABILITY,252043001,LOWER NIGER RBDA,,21000000.0,YES,HIGH,Flood and erosion control work directly aligns with LNRBDA's statutory function to provide flood control infrastructure along the Niger River and address flooding and erosion challenges in the Lower Niger Basin.,0
ERGP12171071,FLOOD/EROSION CONTROL WORK AT ARA COMMUNITY: PAYMENT OF OUTSTANDING LIABILITY,252043001,LOWER NIGER RBDA,,53900000.0,YES,HIGH,Flood control work at Ara community directly aligns with LNRBDA's statutory function (g) to provide flood control infrastructure along Niger River and function (r) to address Niger River flooding challenges.,0
ERGP12201911,"FLOOD AND EROSION CONTROL WORKS AT YIDI ILORIN, KWARA STATE
",252043001,LOWER NIGER RBDA,,107100000.0,YES,HIGH,Flood and erosion control works at Yidi Ilorin directly align with LNRBDA's statutory function (g) to provide flood control infrastructure along Niger River and function (r) to address Niger River flooding and erosion challenges within their operational coverage area of Kwara State.,0
ERGP12204828,"COMPLETION OF OKE-ADINI FLOOD AND EROSION CONTROL PROJECT, KWARA STATE
",252043001,LOWER NIGER RBDA,,66500000.0,YES,HIGH,The completion of flood and erosion control project in Kwara State directly aligns with LNRBDA's statutory functions to provide flood control infrastructure along Niger River and address flooding and erosion challenges within their coverage area.,0
ERGP12204846,"COMPLETION OF FLOOD AND EROSION CONTROL WORK AT GRA, OFFA, KWARA STATE
",252043001,LOWER NIGER RBDA,,16100000.0,YES,HIGH,"The budget item directly aligns with LNRBDA's statutory function to provide flood control infrastructure along the Niger River and address flooding challenges in Kwara State, which is within their territorial mandate.",0
ERGP12223467,RECONSTRUCTION OF ROAD AND CULVERT AT PHASE 3 OF OSHIN (OKE-OYI) IRRIGATION SCHEME,252043001,LOWER NIGER RBDA,,35000000.0,YES,HIGH,Road and culvert reconstruction at an irrigation scheme directly supports the agency's mandate to develop and maintain irrigation infrastructure and distribution networks for agricultural development.,0
ERGP12223477,"REHABILITATION OF EARTH ROAD AT OMU ARAN, IREPODUN LGA, KWARA STATE
",252043001,LOWER NIGER RBDA,,56000000.0,PARTIAL,MEDIUM,"While road rehabilitation is not directly within LNRBDA's water resources mandate, it could be justified if the earth road provides access to irrigation facilities, demonstration farms, or water infrastructure within their operational area in Kwara State.",50
ERGP12223507,"REHABILITATION OF OKO ERIN/SULTAN ROAD, ILORIN, KWARA STATE
",252043001,LOWER NIGER RBDA,,35000000.0,NO,HIGH,"Road rehabilitation falls outside LNRBDA's water resources and irrigation mandate, as the agency is specifically tasked with managing water infrastructure and agricultural development, not transportation infrastructure.",100
ERGP12223569,"CONSTRUCTION AND CHANNELIZATION OF OMOWUMI OPALEKE ROAD OPPOSITE ADESOYE COLLEGE OFFA, OFFA LGA, KWARA STATE",252043001,LOWER NIGER RBDA,,87500000.0,NO,HIGH,"Road construction and channelization falls outside LNRBDA's water resources, irrigation, and agricultural development mandate, as this appears to be general infrastructure development rather than water management or irrigation-related infrastructure.",100
ERGP12230825,"FLOOD CONTROL WORKS WITHIN DIAMOND SPRING ESTATE ILORIN, KWARAÃ Â STATE",252043001,LOWER NIGER RBDA,,14000000.0,YES,HIGH,"Flood control works in Ilorin, Kwara State directly aligns with LNRBDA's statutory function to provide flood control infrastructure along Niger River and address flooding challenges within their operational area.",0
ERGP1223609,"SOLAR IRRIGATION PUMPS FOR FARMERS IN AUTHORITY' AREA OFFICES
",252043001,LOWER NIGER RBDA,,35000000.0,YES,HIGH,Solar irrigation pumps directly support the agency's core mandate to develop irrigation infrastructure and distribute irrigation water to farmers across the Lower Niger River Basin.,0
ERGP12238592,CONTINUATION OF REHABILITATION OF FARM ACCESS ROADS IN SELECTED LOCATIONS OF OSUN STATE,252043001,LOWER NIGER RBDA,,14000000.0,NO,HIGH,"The budget item involves farm access roads in Osun State, which is outside LNRBDA's territorial jurisdiction that covers only Kwara, Niger, Edo, Delta, Ondo, Ekiti and Kogi States, and road construction is not within the agency's water resources and irrigation development mandate.",100
ERGP12238599,CONSTRUCTION OF GAFIYA/KAITA LINK ROAD WITH REHABILITATION WORKS ON THE LINK BRIDGE,252043001,LOWER NIGER RBDA,,346500000.0,NO,HIGH,"Construction of roads and bridge rehabilitation falls outside LNRBDA's water resources management and irrigation development mandate, as the agency is specifically focused on water infrastructure, irrigation systems, and agricultural support rather than transportation infrastructure.",100
ERGP12238635,"REHABILITATION OF LINK ROAD AT YIDI PRAYING GROUND IN ILORIN, ILORIN WEST LGA, KWARA STATE.",252043001,LOWER NIGER RBDA,,35000000.0,NO,HIGH,"Rehabilitating a link road at a praying ground falls outside LNRBDA's core mandate of water resources management, irrigation development, and agricultural support, as it involves general road infrastructure unrelated to water or agriculture.",100
ERGP12238651,CONSTRUCTION OF CONCRETE DYKE ACROSS RIVER ARUAN AT ISAPA EKITI LOCAL GOVERNMENT AREA OF KWARA STATE,252043001,LOWER NIGER RBDA,,70000000.0,YES,HIGH,"Construction of a concrete dyke across River Aruan directly aligns with LNRBDA's mandate to provide flood control infrastructure, construct water storage/regulation facilities, and manage water resources in the Lower Niger River Basin including Kwara State.",0
ERGP16100680,"UPGRADE OF AUTHORITY'S FINAL ACCOUNTS SYSTEM
",252043001,LOWER NIGER RBDA,,14000000.0,PARTIAL,MEDIUM,"While upgrading financial accounting systems supports general administrative operations that enable the agency to manage its water resources and irrigation development programs, it is not directly related to the core mandate of water management, irrigation infrastructure development, and agricultural support in the Lower Niger River Basin.",50
ERGP19238626,"EROSION CONTROL WORKS AT ADEWALE ESTATE, ILORIN, KWARA STATE
",252043001,LOWER NIGER RBDA,,35000000.0,YES,HIGH,"Erosion control works directly align with the agency's statutory function to address Niger River flooding and erosion challenges, and managing water resources infrastructure within their coverage area including Kwara State where they are headquartered.",0
ERGP23223601,"PROVISION OF FURNITURE AND FITTINGS TO LOWER NIGER RIVER BASIN SCHOOLS, ILORIN SOUTH LGA, KWARA STATE",252043001,LOWER NIGER RBDA,,24500000.0,NO,HIGH,"Providing furniture and fittings to schools falls outside LNRBDA's core mandate of water resources management, irrigation development, and agricultural support, as education infrastructure is not among their statutory functions.",100
ERGP23238641,CONSTRUCTION OF BLOCK OF CLASSROOMS IN MORO EDU AND BARUTEN LGA'S IN KWARA STATE,252043001,LOWER NIGER RBDA,,10500000.0,NO,HIGH,"Construction of classrooms is an education infrastructure project that falls outside LNRBDA's water resources, irrigation, and agricultural development mandate.",100
ERGP27123063,"REHABILITATION OF RESIDENTIAL BUILDINGS/COLONY IN THE AUTORITY
",252043001,LOWER NIGER RBDA,,28000000.0,PARTIAL,MEDIUM,"While residential buildings/colony rehabilitation is not a core statutory function, it could be justified as necessary infrastructure to house staff who operate irrigation facilities and provide agricultural services across the seven-state basin coverage area.",50
ERGP27171991,"COMPLETION OF THE AUTHORITY'S BUILDING AT IPS, ILORIN
",252043001,LOWER NIGER RBDA,,77000000.0,YES,HIGH,"Completing the Authority's building at IPS, Ilorin directly supports the agency's operational capacity as LNRBDA is headquartered in Ilorin and requires proper facilities to effectively manage water resources and irrigation development across the seven states in its jurisdiction.",0
ERGP27223468,"GENERAL REHABILITATION OF POLICE POST AT LNRBDA HEADQUARTERS
",252043001,LOWER NIGER RBDA,,24500000.0,NO,HIGH,"Rehabilitating police posts falls under security infrastructure which is outside LNRBDA's mandate of water resources management, irrigation development, and agricultural support in the Lower Niger River Basin.",100
ERGP27238615,"CONSTRUCTION OF 500 SEATER ICT SKILL DEVELOPMENT AND CBT CENTRE WITH COMPUTERS, CCTV, SOLAR STREET LIGHTS, GENERATOR ETC. FOR SURULERE I",252043001,LOWER NIGER RBDA,,490000000.0,NO,HIGH,"Construction of an ICT skill development center falls outside LNRBDA's core mandate of water resources management, irrigation development, and agricultural support in the Lower Niger River Basin.",100
ERGP27238645,"COMPLETION OF OGOGA PALACE HALL, IKERE EKITI
",252043001,LOWER NIGER RBDA,,175000000.0,NO,HIGH,"Construction of a palace hall is a cultural/traditional infrastructure project that has no connection to water resources management, irrigation development, or agricultural activities which are the core functions of LNRBDA.",100
ERGP28122823,"COMPLETION OF DAM AND IRRIGATION INFRASTRUCTURE IN KPADA IRRIGATION PROJECTS, EDU LGA, KWARA STATE",252043001,LOWER NIGER RBDA,,140000000.0,YES,HIGH,"Completing dam and irrigation infrastructure in Kwara State directly aligns with LNRBDA's core mandate to develop irrigation schemes, construct dams for water storage, and manage water resources in the Lower Niger River Basin covering Kwara State.",0
ERGP28122854,"CONSTRUCTION OF BOREHOLES AT VARIOUS LOCATIONS KWARA STATE
",252043001,LOWER NIGER RBDA,,42000000.0,YES,HIGH,"Construction of boreholes directly supports the agency's mandate to manage water resources and develop water infrastructure for agricultural and domestic use across Kwara State, which is within LNRBDA's coverage area.",0
ERGP28150194,"PAYMENT OF OUTSTANDING LIABILITIES ON 2017 -2023 BOREHOLES
",252043001,LOWER NIGER RBDA,,38500000.0,YES,HIGH,Boreholes are water infrastructure directly related to LNRBDA's core mandate of managing water resources and developing water supply systems for agricultural and domestic use in the Lower Niger River Basin.,0
ERGP28171091,"INTEGRATED WATER RESOURCES MANAGEMENT OPERATIONS
",252043001,LOWER NIGER RBDA,,21000000.0,YES,HIGH,"Integrated water resources management operations directly aligns with the agency's core mandate to manage water resources in the Lower Niger River Basin, including water allocation, hydrological monitoring, and balancing competing demands for agriculture, domestic use, and environmental flows.",0
ERGP28191442,"OUTSTANDING DEBT ON MAINSTREAM PROJECTS
",252043001,LOWER NIGER RBDA,,40600000.0,PARTIAL,MEDIUM,"The item could relate to legitimate water infrastructure or irrigation projects within the agency's mandate, but lacks specificity to confirm the debt is for mandate-aligned activities rather than unauthorized expenditures.",50
ERGP28205278,"REHABILITATION OF CORPS MEMBERS RESIDENTIAL BUILDING IN THE AUTHORITY
",252043001,LOWER NIGER RBDA,,8400000.0,NO,HIGH,"Rehabilitation of corps members residential buildings is not related to water resources management, irrigation development, or agricultural support activities that define LNRBDA's mandate.",100
ERGP28223151,"CONSTRUCTION OF SOLAR MOTORIZED BOREHOLE AT GBOMI AREA ALONG OJOKU ROAD OFFA, KWARA STATE",252043001,LOWER NIGER RBDA,,14000000.0,YES,HIGH,"Construction of solar motorized boreholes directly supports the agency's mandate to manage water resources and develop irrigation infrastructure in Kwara State, which is within LNRBDA's geographical coverage area.",0
ERGP28223152,"CONSTRUCTION OF SOLAR-POWERED BOREHOLE AT JIMOH ADERIBIGBE ODUNOLA STREET, OLORUNKUSEÂ AREA,OFFA, KWARA STATE",252043001,LOWER NIGER RBDA,,14000000.0,YES,HIGH,Construction of solar-powered boreholes for water supply falls within LNRBDA's mandate to manage water resources and support agricultural communities across Kwara State and other states in the Lower Niger River Basin.,0
ERGP28223153,"CONSTRUCTION OF SOLAR-POWERED BOREHOLE AT EIYENKORIN ASA LOCAL GOVT ILORIN, KWARA STATE",252043001,LOWER NIGER RBDA,,14000000.0,YES,HIGH,Construction of solar-powered boreholes directly supports the agency's mandate to manage water resources and provide water infrastructure for agricultural and domestic use within its coverage area including Kwara State.,0
ERGP28223469,"CONSTRUCTION OF SOLAR-POWERED AJIBESIN IFESOWAPO COMMUNITY, ILORIN SOUTH LGA, KWARA STATE",252043001,LOWER NIGER RBDA,,14000000.0,NO,HIGH,"Construction of solar-powered community infrastructure falls outside LNRBDA's water resources, irrigation, and agricultural development mandate, which does not include general community electrification or solar power projects.",100
ERGP28223470,"REHABILITATION OF DAMAGED BOREHOLE AT OWODE, IDOFIN-ISANLU ISIN, YAGBA EAST LGA, KOGI STATE",252043001,LOWER NIGER RBDA,,10500000.0,YES,HIGH,"Rehabilitating boreholes for water supply directly aligns with LNRBDA's mandate to manage water resources and provide water infrastructure in Kogi State, which is within their operational coverage area.",0
ERGP28223476,"CONSTRUCTION OF SOLAR-POWERED BOREHOLE AT UNITY ESTATE COMMUNITY, ARIYOOSU STREET, TANKE ILORIN. ILORINÂ SOUTHÂ LGA., KWARA STATE",252043001,LOWER NIGER RBDA,,14000000.0,YES,HIGH,"Construction of solar-powered borehole for water supply falls within LNRBDA's core mandate to manage water resources and provide water infrastructure in Kwara State, which is part of their coverage area.",0
ERGP28223478,"CONSTRUCTION OF SOLAR POWER BOREHOLE AT KABBA ORI-AJE STREET, IFELODUN LGA, KWARA STATE",252043001,LOWER NIGER RBDA,,14000000.0,YES,HIGH,Construction of solar power boreholes directly supports the agency's mandate to manage water resources and provide water access for agricultural and domestic use within its coverage area of Kwara State.,0
ERGP28223479,"CONSTRUCTION OF SOLAR-POWERED MOTORISED BOREHOLE AT ST MICHAEL PRIMARY SCHOOL, ESIE TOWN, IREPODUN LGA, KWARA STATE",252043001,LOWER NIGER RBDA,,14000000.0,PARTIAL,MEDIUM,"While the project involves water infrastructure development within LNRBDA's coverage area (Kwara State), providing boreholes for schools falls outside their core mandate of irrigation, agricultural water management, and flood control in the Lower Niger River Basin.",50
ERGP28223480,"CONVERSION OF ELECTRICALLY-DRIVEN MOTORISED BOREHOLE TO SOLAR-POWERED BOREHOLE AT OSIN OKETE, ILORIN WEST LGA, KWARA STATE",252043001,LOWER NIGER RBDA,,7000000.0,YES,HIGH,Converting boreholes to solar power directly supports the agency's mandate to manage water resources and develop irrigation infrastructure in its coverage area including Kwara State.,0
ERGP28223482,REHABILITATION OF EXISITING STEEL TANK AND CONVERSION OF ELECTRICALLY- DRIVEN MOTORISED BOREHOLE TO SOLAR-POWERED BOREHOLE AT PROFESSOR PHILIP,252043001,LOWER NIGER RBDA,,10500000.0,YES,HIGH,"Rehabilitating water infrastructure (steel tank) and converting boreholes to solar power directly supports the agency's mandate to manage water resources, develop irrigation infrastructure, and maintain water distribution systems in the Lower Niger River Basin.",0
ERGP28223483,"CONSTRUCTION OF SOLAR-POWERED MOTORISED BOREHOLE AT ILA OJA, ASA LGA, KWARA STATE",252043001,LOWER NIGER RBDA,,14000000.0,YES,HIGH,Construction of solar-powered motorised borehole for water access in Kwara State aligns with LNRBDA's mandate to manage water resources and support agricultural development in the Lower Niger River Basin covering Kwara State.,0
ERGP28223485,"CONSTRUCTION OF SOLAR-POWER MOTORIZED BOREHOLE AT OYINLADE,AROAFIN COMPOUND IRA OYUN LGA,ÃÂ KWARAÃÂ STATE",252043001,LOWER NIGER RBDA,,14000000.0,YES,HIGH,"Construction of solar-powered motorized boreholes for water access directly supports the agency's mandate to manage water resources and develop water infrastructure in Kwara State, which is within LNRBDA's coverage area.",0
ERGP28223488,"CONSTRUCTION OF SOLAR-POWERED BOREHOLE AT SONKALI TAKO EGWA ROAD, LAFIAGI, LAFIAGI LGA, KWARA STATE",252043001,LOWER NIGER RBDA,,14000000.0,YES,HIGH,Construction of solar-powered borehole in Kwara State directly supports the agency's mandate to manage water resources and provide water access for agricultural and domestic use within the Lower Niger River Basin coverage area.,0
ERGP28223490,"CONSTRUCTION OF SOLAR BOREHOLE AT RAMTAI ESTATE OPPOSITE NNPC DEPOT FILLING STATION, BLOCK 11, OKE-OYI, ILORIN EAST LGA, KWARA STATE",252043001,LOWER NIGER RBDA,,14000000.0,YES,HIGH,Construction of solar borehole directly supports the agency's mandate to manage water resources and provide water access within its coverage area of Kwara State.,0
ERGP28223492,"CONSTRUCTION OF SOLAR BOREHOLE AT TEMIDIRE ORILE META ROAD OFF AGO AYEKALE, AGBABIAKA, ILORIN SOUTH LGA, KWARA STATE",252043001,LOWER NIGER RBDA,,14000000.0,YES,HIGH,"Construction of solar borehole falls within LNRBDA's mandate to manage water resources and provide water infrastructure in the Lower Niger Basin, including Kwara State where the agency is headquartered.",0
ERGP28223493,"CONSTRUCTION OF SOLAR BOREHOLE AT ITESIWAJURERE COMMUNITY SECRETARIAT BEHIND HARMONY ESTATE KARUMO II, ILORIN EAST, KWARA STATE",252043001,LOWER NIGER RBDA,,14000000.0,YES,HIGH,Construction of solar borehole for water access aligns with LNRBDA's mandate to manage water resources and provide water infrastructure within their coverage area including Kwara State.,0
ERGP28223496,"CONSTRUCTION OF SOLAR-POWERED BOREFOLE AT MORANTITOLANI STR. OFF UMARU AUDI RD. G.R.A,Â ILORIN, KWARA STATE",252043001,LOWER NIGER RBDA,,14000000.0,YES,HIGH,Construction of solar-powered borehole for water supply directly aligns with LNRBDA's mandate to manage water resources and provide water infrastructure in their coverage area including Kwara State where their headquarters is located.,0
ERGP28223504,"CONSTRUCTION OF SOLAR BOREHOLE OPPOSITE OKE-ADINNI SECONDARY SCHOOL EAST,ILORIN, KWARA STATE",252043001,LOWER NIGER RBDA,,14000000.0,YES,HIGH,Construction of solar boreholes directly aligns with LNRBDA's mandate to manage water resources and provide water access within their coverage area including Kwara State where their headquarters is located.,0
ERGP28223523,"PROVISION OF SOLAR-POWERED BOREHOLE AT ERINMOPE, EKITI LGA, KWARA STATE
",252043001,LOWER NIGER RBDA,,14000000.0,YES,HIGH,"Providing solar-powered boreholes for water access directly supports the agency's mandate to manage water resources and support agricultural development in its coverage area, which includes Kwara State.",0
ERGP28223549,"PROVISION OF SOLAR-POWERED BOREHOLE AT ISANLU, YAGBA EAST LGA, KOGI STATE
",252043001,LOWER NIGER RBDA,,14000000.0,YES,HIGH,"Providing solar-powered boreholes for water access directly supports the agency's mandate to manage water resources and support agricultural development in the Lower Niger River Basin, which includes Kogi State.",0
ERGP28223552,"PROVISION OF SOLAR-POWERED BOREHOLE AT OLAYANJU TOWN, IFELODUN LGA, KWARAÂ STATE",252043001,LOWER NIGER RBDA,,14000000.0,YES,HIGH,"Providing solar-powered boreholes for water access directly supports the agency's mandate to manage water resources and support agricultural development in Kwara State, which is within LNRBDA's operational coverage area.",0
ERGP28223555,"CONSTRUCTION OF SOLAR MOTORIZED BOREHOLE AT GAA JAGBO NEAR OKEÂ OSE, ILORIN, KWARA STATE",252043001,LOWER NIGER RBDA,,14000000.0,YES,HIGH,Construction of solar motorized borehole for water access aligns with LNRBDA's mandate to manage water resources and develop water infrastructure in Kwara State within the Lower Niger River Basin.,0
ERGP28223561,"CONSTRUCTION OF SOLAR-POWERED BOREHOLE AT TAOHEED MUSLIM WOMEN COMMUNITY OFF TAOHEED ROAD,Â ILORIN",252043001,LOWER NIGER RBDA,,14000000.0,YES,HIGH,"Construction of solar-powered borehole aligns with LNRBDA's mandate to manage water resources and provide water for domestic use in their operational area, with Ilorin being their headquarters location.",0
ERGP28223562,PROVISION OF TOILET AND WATER FACILITY FOR SANITATION IN KWARA AND KOGI KWARA STATE,252043001,LOWER NIGER RBDA,,63000000.0,PARTIAL,MEDIUM,"While water facility provision aligns with LNRBDA's water resources management mandate in Kwara and Kogi states, toilet/sanitation facilities fall outside their core irrigation and agricultural water focus.",50
ERGP28223596,"CONSTRUCTION OF SOLAR-POWERED BOREHOLE AT AGUNPOPO IFAYABALE , ASA LGA, KWARA STATE.",252043001,LOWER NIGER RBDA,,14000000.0,YES,HIGH,"Construction of solar-powered boreholes for water access directly supports the agency's mandate to manage water resources and provide water infrastructure in Kwara State, which is within LNRBDA's coverage area.",0
ERGP28223598,"REHABILITATION OF ABIMBOLA AVENUE AND CONSTRUCTION OF CULVERT AT TANKE, ILORIN SOUTH LGA, KWARA STATE",252043001,LOWER NIGER RBDA,,17500000.0,NO,HIGH,"Road rehabilitation and culvert construction for general infrastructure purposes falls outside LNRBDA's water resources management and agricultural development mandate, unless specifically related to irrigation or flood control infrastructure.",100
ERGP28225349,"CONVERSION OF ELECTRICALLY-DRIVEN MOTORISED BOREHOLE TO SOLAR-POWERED BOREHOLE AT AJIKOBI SPECIALIST HOSPITAL, KWARA STATE",252043001,LOWER NIGER RBDA,,7000000.0,NO,HIGH,"Converting a borehole at a specialist hospital falls outside LNRBDA's mandate which focuses on agricultural water resources, irrigation development, and flood control rather than healthcare infrastructure.",100
ERGP28225357,"CONSTRUCTION OF SOLAR-POWERED BOREHOLE AT EJUKU COMMUNITY, YAGBA WEST LGA, KOGI STATE",252043001,LOWER NIGER RBDA,,28000000.0,YES,HIGH,Constructing water infrastructure like boreholes in Kogi State (which is within LNRBDA's coverage area) directly supports the agency's mandate to manage water resources and provide water access for agricultural and domestic use in the Lower Niger River Basin.,0
ERGP28225372,"CONSTRUCTION OF SOLAR-POWERED (1) AJIBESIN IFESOWAPO COMMUNITY, ILORIN SOUTH LGA, KWARA STATE (2) ASEYORI COMMUNITY, DAUDU AMULE OLOMODA,",252043001,LOWER NIGER RBDA,,28000000.0,PARTIAL,MEDIUM,"While the construction appears to be in LNRBDA's coverage area (Kwara State), the budget item is incomplete and doesn't specify if these are water/irrigation infrastructure projects that would align with the agency's core mandate of water resources management and irrigation development.",50
ERGP28225377,"CONSTRUCTION OF SOLAR-POWERED BOREHOLE AT (1) UNIVERSITY OF ILORIN (2) OJUTAYE AMOYO ROAD, BOLORUNDURO, UPPER GAA-AKANBI, ILORIN (3)",252043001,LOWER NIGER RBDA,,42000000.0,YES,HIGH,"Construction of solar-powered boreholes directly aligns with LNRBDA's mandate to manage water resources and provide water infrastructure within its coverage area, which includes Kwara State where Ilorin is located.",0
ERGP28226101,"CONSTRUCTION OF SOLAR POWER MOTORIZE BOREHOLE AT 1)KERETAPA AREA, IRRA ROAD, BEHIND OFFA CEMETERY, OFFA (2)ILE OJOMU ABATA OFFA LGA (3)",252043001,LOWER NIGER RBDA,,56000000.0,YES,HIGH,"Construction of solar-powered motorized boreholes for water supply directly supports the agency's statutory function of managing water resources and providing water access in the Lower Niger River Basin, with Offa being located within Kwara State which is part of LNRBDA's coverage area.",0
ERGP28226138,CONSTRUCTION OF SOLAR POWER MOTORIZED BOREHOLE AT ISALE OSUN ILE BALE ISALE LALUPON OYO STATE.,252043001,LOWER NIGER RBDA,,14000000.0,NO,HIGH,"The project is located in Oyo State, which is outside LNRBDA's designated coverage area of seven states (Kwara, Niger, Edo, Delta, Ondo, Ekiti and Kogi States).",100
ERGP28226170,"CONSTRUCTION OF SOLAR POWERED BOREHOLE AT (1) ILETEJU-MOPA, MOPAMURO LGA (2)ARIFUN, IKEJI MOPA, MOPAMURO LGA (3)ODOLE, MOPA, MOPAMURO LGA KOGI",252043001,LOWER NIGER RBDA,,70000000.0,YES,HIGH,"Construction of solar powered boreholes in Kogi State falls directly within LNRBDA's mandate to manage water resources and provide water infrastructure across the Lower Niger River Basin, which includes Kogi State.",0
ERGP28226300,"PROVISION OF TOILET AND SOLAR POWER WATER FACILITIES WITH LIGHTLING FOR E DIVISION KULENDE POLICE STATION AT ILORIN EAST LGA ILORIN,Â KWARAÂ STATE",252043001,LOWER NIGER RBDA,,28000000.0,NO,HIGH,"Providing toilet and solar power facilities for a police station falls outside LNRBDA's core mandate of water resources management, irrigation development, and agricultural support in the Lower Niger River Basin.",100
ERGP28227000,"UPGRADING OF EKINRIN-ADDE WATER WORKS SCHEME TO SOLAR POWERED
",252043001,LOWER NIGER RBDA,,35000000.0,YES,HIGH,"Upgrading water works schemes falls directly within LNRBDA's mandate to manage water resources and develop water infrastructure in the Lower Niger River Basin, which includes areas where Ekinrin-Adde is located.",0
ERGP28227018,"REHABILITATION OF BOREHOLE AT IDOJI AREA, OKENE LGA, KOGI STATE
",252043001,LOWER NIGER RBDA,,14000000.0,YES,HIGH,"Rehabilitating boreholes for water supply in Kogi State falls directly within LNRBDA's mandate to manage water resources and provide water infrastructure across the Lower Niger River Basin, which explicitly includes Kogi State.",0
ERGP28227315,"REHABILITATION OF MINI WATER TREATMENT PLANT AT NYSC ORIENTATION CAMP, YIKPATA, EDU LGA, KWARA STATE",252043001,LOWER NIGER RBDA,,28000000.0,PARTIAL,MEDIUM,"While water treatment infrastructure is related to water resources management, the agency's core mandate focuses on irrigation, agricultural development, and flood control rather than potable water treatment for institutional facilities.",50
ERGP28229962,"CONVERSION OF ELECTRICALLY-DRIVEN BOREHOLE TO SOLAR-POWERED AT NO. 9 POPO GIWA STREET, AGANNI COMPOUND, ILORIN WEST LGA ILORIN. 2. ALAKOSO",252043001,LOWER NIGER RBDA,,14000000.0,YES,HIGH,Converting electrically-driven boreholes to solar power directly supports the agency's water resources management mandate and aligns with developing sustainable water infrastructure in their operational area of Kwara State.,0
ERGP28230079,"CONSTRUCTION OF SOLAR-POWERED BOREHOLE COMMUNITY BOREHOLES FOR SOUTHLINK COMMUNITY OFF ASA DAM ROAD, ILORINÃÂ KWARAÃÂ STATE",252043001,LOWER NIGER RBDA,,14000000.0,YES,HIGH,Construction of solar-powered boreholes for community water supply directly aligns with LNRBDA's mandate to manage water resources and provide water access to communities within their coverage area of Kwara State.,0
ERGP28231672,"CONVERSION OF ELECTRCALLY-DRIVEN MOTORISED BOREHOLE TO SOLAR-POWERED BOREHOLE AT UNIVERSITY OF ILORIN TEACHING HOSPITAL, ILORIN, KWARA STATE",252043001,LOWER NIGER RBDA,,21000000.0,PARTIAL,MEDIUM,"While the project involves water infrastructure (borehole) within LNRBDA's geographic coverage area, providing water supply to a hospital falls outside their core mandate of agricultural water management and irrigation development.",50
ERGP28232218,"CONSTRUCTION OF SOLAR-POWERED BOREHOLE AT FARM SETTLEMENT, ILA OJA VIA AFON, ASA LGA, KWARA STATE",252043001,LOWER NIGER RBDA,,14000000.0,YES,HIGH,Construction of solar-powered boreholes for farm settlements directly supports the agency's mandate to develop irrigation infrastructure and manage water resources for agricultural development within its coverage area of Kwara State.,0
ERGP28232595,"PROVISION OF MINI WATER INFRASTRUCUTRE ACROSS VARIOUS LOCATIONS IN ILORIN
",252043001,LOWER NIGER RBDA,,3500000.0,YES,HIGH,"Providing mini water infrastructure in Ilorin directly aligns with LNRBDA's core mandate to manage water resources and develop water infrastructure in the Lower Niger River Basin, with Ilorin being their headquarters location within their coverage area.",0
ERGP28233133,"PROVISION OF PWASH FACILITIES TO MASINGBA OKEKERE COMMUNITY SCHOOL, ILORIN, KWARA STATE",252043001,LOWER NIGER RBDA,,14000000.0,NO,HIGH,"Providing WASH (Water, Sanitation and Hygiene) facilities to schools falls outside LNRBDA's core mandate of water resources management, irrigation development, and agricultural support in the river basin.",100
ERGP28233134,"REHABILITATION OF EXISTING BOREHOLE AT LAO COMMUNITY, KWARA STATE
",252043001,LOWER NIGER RBDA,,9800000.0,YES,HIGH,Rehabilitating boreholes for water access in Kwara State falls within LNRBDA's mandate to manage water resources and support agricultural communities across the seven states in the Lower Niger River Basin.,0
ERGP28233323,"PROVISION OF SOLAR-POWERED BOREHOLE AT ORELOPO TEMIODA COMMUNITY, ALIARA, OFF ASA DAM ROAD, ILORIN, KWARA STATE",252043001,LOWER NIGER RBDA,,14000000.0,YES,HIGH,"Providing solar-powered boreholes for water access directly supports the agency's statutory function to manage water resources and serve communities within the Lower Niger River Basin, particularly in Kwara State which is explicitly within LNRBDA's jurisdiction.",0
ERGP28233378,"CONSTRUCTION OF SOLAR POWERED BOREHOLE AT DUKUKPAN-LADE, LADE PATEGI LGA, KWARA STATE",252043001,LOWER NIGER RBDA,,14000000.0,YES,HIGH,Construction of solar powered borehole directly supports the agency's mandate to manage water resources and develop water infrastructure for agricultural and domestic use within its coverage area of Kwara State.,0
ERGP28238598,"PROVISION OF SOLAR POWERED STREET BOREHOLES IN YAGBA EAST, YAGBA WEST AND MOPAMURO FEDERAL CONSTITUENCY",252043001,LOWER NIGER RBDA,,49000000.0,PARTIAL,MEDIUM,"While water resource development aligns with LNRBDA's mandate, solar-powered street boreholes for general community water supply falls outside their core focus on irrigation, agricultural water management, and basin-specific water resources development.",50
ERGP28238604,REHABILITATION OF SOME EXISTING SOLAR BOREHOLES IN ABEOKUTA SOUTH AND ABEOKUTA NORTH LGAs IN OGUN STATE,252043001,LOWER NIGER RBDA,,70000000.0,NO,HIGH,"The budget item targets Ogun State which is outside LNRBDA's territorial mandate that covers only Kwara, Niger, Edo, Delta, Ondo, Ekiti and Kogi States.",100
ERGP28238612,CONSTRUCTION OF SOLAR PANEL BOREHOLE IN AKPABUYO/BAKASSI/CALABAR SOUTH LGA,252043001,LOWER NIGER RBDA,,70000000.0,NO,HIGH,"The budget item is for construction in Akpabuyo/Bakassi/Calabar South LGAs which are located in Cross River State, outside LNRBDA's operational jurisdiction that covers only Kwara, Niger, Edo, Delta, Ondo, Ekiti and Kogi States.",100
ERGP28238622,"WATER SUPPLY SCHEME IN PATIGI/IDU/MORO FEDERAL CONSTITUENCY, KWARA STATE
",252043001,LOWER NIGER RBDA,,56000000.0,YES,HIGH,Water supply schemes in Kwara State (which is within LNRBDA's seven-state jurisdiction) directly align with the agency's mandate to manage water resources and provide water allocation for domestic use in the Lower Niger River Basin.,0
ERGP28238628,"PROVISION OF SOLAR POWERED BOREHOLE IN ZION COMMUNITY, ZONE 8, LOKOJA
",252043001,LOWER NIGER RBDA,,10500000.0,YES,HIGH,Providing solar-powered boreholes for water access in Lokoja (Kogi State) directly aligns with LNRBDA's mandate to manage water resources and support agricultural communities across the seven states in the Lower Niger Basin.,0
ERGP28238630,"PROVISION OF SOLAR POWERED BOREHOLE IN ONDO ROAD ROUND-ABOUT, EGBEWOLE STORE, ILE-IFE",252043001,LOWER NIGER RBDA,,10500000.0,NO,HIGH,"The budget item is for a borehole in Ile-Ife (Osun State), which falls outside LNRBDA's geographical mandate that covers only Kwara, Niger, Edo, Delta, Ondo, Ekiti and Kogi States.",100
ERGP28238633,"PROVISON OF SOLAR POWERED BOREHOLE AT MOPA KOGI STATE STATE.
",252043001,LOWER NIGER RBDA,,7000000.0,YES,HIGH,"Providing solar-powered boreholes aligns with LNRBDA's mandate to manage water resources and support agricultural development in Kogi State, which is within their coverage area.",0
ERGP28238643,CONSTRUUCTION OF HAND PUMP BOREHOLES IN MORO AND KAIAMA LOCAL GOVERNMENT IN KWARA NORTH SENATORIAL DISTRICT,252043001,LOWER NIGER RBDA,,17500000.0,YES,HIGH,"Construction of hand pump boreholes directly aligns with the agency's mandate to manage water resources and provide water access in its coverage area, which includes Kwara State.",0
ERGP28238650,"REHABILITATION OF OKUTA OJA CONCRETE DAM KWARA STATE
",252043001,LOWER NIGER RBDA,,70000000.0,YES,HIGH,Rehabilitating Okuta Oja concrete dam in Kwara State directly aligns with LNRBDA's statutory function to construct and operate dams for water storage and regulation within their coverage area that includes Kwara State.,0
ERGP29223571,"PROVISION OF LAPTOPS, DESKTOPS AND PRINTERS/PHOTOCOPIERS COMPUTERS FOR ENHANCED SERVICE DELIVERY IN LRNBDA",252043001,LOWER NIGER RBDA,,56000000.0,PARTIAL,MEDIUM,"While computers and office equipment are not directly related to water resources management and irrigation development, they are necessary administrative tools that could support the agency's core functions of managing water resources, monitoring systems, and delivering services to farmers across the seven-state basin area.",50
ERGP29223575,"PROVISION EQUIPMENTS AND EXTENSION OF INTERNET FACILITIES WITHIN THE LNRBDA HEADQURTERS, ILORIN SOUTH LGA, KWARA STATE",252043001,LOWER NIGER RBDA,,21000000.0,PARTIAL,MEDIUM,"While internet facilities support the agency's operational functions like hydrological monitoring, water resources management, and coordination across multiple states, this appears to be general IT infrastructure rather than core water resources and irrigation development activities.",50
ERGP30205429,"CAMPAIGN AGAINST OPEN DEFECATION : SANITATION AND HYGIENE AWARENESS FOR TEACHERS, PUPILS AND COMMUNITIES",252043001,LOWER NIGER RBDA,,21000000.0,PARTIAL,MEDIUM,"While sanitation and hygiene awareness relates to water quality management which is within LNRBDA's mandate, the focus on open defecation campaigns for teachers and pupils extends beyond their core water resources and agricultural development functions.",50
ERGP30223508,"SKILL ACQUISITION AND PROVISION OF EQUIPMENT FOR ENCHANCED PROCUREMENT ACTIVITIVES IN LRNBDA, ILORIN SOUTH, KWARA STATE",252043001,LOWER NIGER RBDA,,14000000.0,PARTIAL,MEDIUM,"While skill acquisition could relate to training farmers in irrigation techniques which aligns with the agency's extension services mandate, the focus on ""enhanced procurement activities"" appears to be internal administrative capacity building rather than direct water resources management or agricultural development.",50
ERGP30223509,"CONSULTANCY FOR IMPROVED CAPACITY IN STRATEGIC PLANNING, BUDGETING AND EFFECTIVE COST CONTROL MECHANISM",252043001,LOWER NIGER RBDA,,17500000.0,PARTIAL,MEDIUM,"While strategic planning and budgeting consultancy could support the agency's water resources and agricultural development mandate, it is not a core statutory function and diverts resources from direct water management and irrigation activities.",50
ERGP30223520,"CONSULTANCY SERVICE FOR EFFECTIVE SERVICE DELIVERY IN LNRBDA
",252043001,LOWER NIGER RBDA,,56000000.0,PARTIAL,MEDIUM,"While consultancy services could support LNRBDA's water resource management and agricultural development functions, the vague description ""effective service delivery"" lacks specificity to clearly demonstrate alignment with the agency's technical mandate for irrigation, water resources, and agricultural operations.",50
ERGP30223615,DEVELOPMENT OF PERFORMANCE MANAGEMENT SYSTEM APPLICATION FOR LOWER NIGER RBDA,252043001,LOWER NIGER RBDA,,21000000.0,PARTIAL,MEDIUM,"While developing a performance management system could help LNRBDA better monitor and manage its water resources and agricultural development activities, it is not directly related to the agency's core statutory functions of water resources management, irrigation development, and agricultural support.",50
ERGP30223619,"SKILL ACQUISITION AND EMPOWERMENT FOR RETIRING STAFF OF LNRBDA
",252043001,LOWER NIGER RBDA,,21000000.0,NO,HIGH,"Skill acquisition and empowerment for retiring staff is a human resources function that falls outside LNRBDA's statutory mandate focused on water resources management, irrigation development, and agricultural support in the Lower Niger River Basin.",100
ERGP30238595,"TRAINING OF SECONDARY SCHOOL TEACHERS IN SOME GOVERNMENT SECONDARY SCHOOLS IN IKEJA FEDERAL CONSTITUENCY, LAGOS STATE.",252043001,LOWER NIGER RBDA,,70000000.0,NO,HIGH,"Training secondary school teachers in Lagos State falls outside LNRBDA's mandate which focuses on water resources management, irrigation development, and agricultural support in the Lower Niger River Basin covering seven specific states (Kwara, Niger, Edo, Delta, Ondo, Ekiti, and Kogi), with Lagos not being part of their operational jurisdiction.",100
ERGP5100603,REHABILITATION AND CANAL LINING OF KAMPE (OMI) IRRIGATION INFRASRUCRURE IN KOGI STATE,252043001,LOWER NIGER RBDA,,125067857.0,YES,HIGH,Rehabilitating and lining irrigation canals at Kampe (Omi) in Kogi State directly aligns with LNRBDA's core mandate to develop irrigation infrastructure and maintain irrigation canals in its coverage area that includes Kogi State.,0
ERGP5159973,CONSTRUCTION AND DEVELOPMENT OF OKOO INTEGRATED FARMING PROJECT (EARTHDAM) IN OYO STATE - PAYMENT OF OUTSTANDING LIABILITIES,252043001,LOWER NIGER RBDA,,14000000.0,NO,HIGH,"The Lower Niger RBDA's mandate covers seven specific states (Kwara, Niger, Edo, Delta, Ondo, Ekiti and Kogi) but does not include Oyo State where this project is located.",100
ERGP5171111,"DEVELOPMENT OF INTEGRATED FARMS (SONGHAI MODELLED) PHASE II
",252043001,LOWER NIGER RBDA,,28000000.0,YES,HIGH,"Development of integrated farms aligns with LNRBDA's mandate to operate demonstration farms, provide agricultural extension services, and support agricultural production through irrigation infrastructure in the Lower Niger River Basin.",0
ERGP5190066,"REHALITATION OF PLANT AND MACHINERY
",252043001,LOWER NIGER RBDA,,21000000.0,YES,HIGH,"Rehabilitation of plant and machinery directly supports the agency's mandate to maintain irrigation infrastructure, pumps, distribution networks, and water management equipment essential for irrigation schemes and water resource development.",0
ERGP5205305,"LAND CLEARING IN AREA OFFICES OF LOWER NIGER RBDA
",252043001,LOWER NIGER RBDA,,59500000.0,YES,HIGH,"Land clearing in area offices is directly aligned with LNRBDA's mandate to develop irrigation schemes and agricultural infrastructure, as cleared land is essential for establishing irrigation systems, demonstration farms, and agricultural development projects across their coverage area.",0
ERGP5223463,"REHABILITATION OF ISAPA CONCRETE DAM, ISAPA, EKITI LGA, KWARA STATE
",252043001,LOWER NIGER RBDA,,49000000.0,YES,HIGH,Rehabilitating the Isapa concrete dam directly aligns with LNRBDA's statutory function to construct and operate dams for water storage and regulation in their coverage area that includes Kwara State.,0
ERGP5223464,CONSTRUCTION OF IRRIGATION FACILITIES AND LAND CLEARING AT EKAN MEJE EKITI LOCAL GOVERNMENT OF KWARA STATE,252043001,LOWER NIGER RBDA,,56000000.0,NO,HIGH,"Ekan Meje is located in Ekiti State, not Kwara State as stated in the budget item, and this geographical error indicates misalignment with the agency's territorial mandate.",100
ERGP5223465,"REHABILITATION OF GURE EARTH DAM AND PROVISION OF IRRIGATION INFRASTRUCTURE BARUTEN LGA, KWARA STATE",252043001,LOWER NIGER RBDA,,133000000.0,YES,HIGH,"Rehabilitating an earth dam and providing irrigation infrastructure in Kwara State directly aligns with LNRBDA's core mandate to develop irrigation schemes, construct and operate dams for water storage, and manage water resources in the Lower Niger River Basin which includes Kwara State.",0
ERGP5223466,"REHABILITATION OF IYAH-GBEDE DAM, IJUMU LGA, KOGI STATE
",252043001,LOWER NIGER RBDA,,70000000.0,YES,HIGH,Rehabilitating Iyah-Gbede Dam in Kogi State directly aligns with LNRBDA's statutory function to construct and operate dams for water storage and regulation within their coverage area that includes Kogi State.,0
ERGP5223473,"PROVISION OF AGRILTURAL IMPLEMENT AND COMPONENTS IN LOKOJA AREA OFFICE, KOGI STATE",252043001,LOWER NIGER RBDA,,42000000.0,YES,HIGH,"Providing agricultural implements and components directly supports the agency's mandate to support agricultural production, operate demonstration farms, and provide extension services to farmers in the Lower Niger River Basin, including Kogi State where Lokoja is located.",0
ERGP5223475,"PROVISION OF AGRILTURAL IMPLEMENT AND COMPONENTS IN OMU-ARAN AREA OFFICE, KWARA STATE",252043001,LOWER NIGER RBDA,,42000000.0,YES,HIGH,"Providing agricultural implements directly supports the agency's mandate to support agricultural production, provide extension services to farmers, and operate demonstration farms in its coverage area including Kwara State.",0
ERGP5223557,"PROVISION OF AGRILTURAL IMPLEMENT, COMPONENTS AND OTHER ACTIVITIES IN ILORIN AREA OFFICE, KWARA STATE",252043001,LOWER NIGER RBDA,,42000000.0,YES,HIGH,"Providing agricultural implements directly supports the agency's statutory function to provide agricultural extension and training to farmers, and advance agricultural productivity in the Lower Niger Basin through their Ilorin headquarters office.",0
ERGP5223559,"PROVISION OF AGRILTURAL IMPLEMENT, COMPONENTS AND OTHER ACTIVITIES SHONGA AREA OFFICE IN KWARA STATE",252043001,LOWER NIGER RBDA,,42000000.0,YES,HIGH,"Providing agricultural implements and components through the Shonga Area Office directly supports the agency's statutory functions of agricultural extension services, supporting cultivation, and operating demonstration farms within its coverage area of Kwara State.",0
ERGP5223560,"PROVISION OF AGRILTURAL IMPLEMENT, COMPONENTS AND OTHER ACTIVITIES IN EJIBA AREA OFFICE, KOGI STATE",252043001,LOWER NIGER RBDA,,42000000.0,YES,HIGH,"Providing agricultural implements and components directly supports the agency's statutory functions of supporting agricultural production, providing extension services to farmers, and operating demonstration farms in its coverage area including Kogi State.",0
ERGP5223605,"PROCUREMENT OF TRACTORS FOR AUTHORITY'S AREA OFFICES
",252043001,LOWER NIGER RBDA,,63000000.0,PARTIAL,MEDIUM,"While tractors support agricultural development which aligns with LNRBDA's mandate to support farming communities, the agency's core focus is specifically on water resources management and irrigation infrastructure rather than general agricultural mechanization.",50
ERGP5223611,"ENHANCEMENT OF SONGHAI FARM ACTIVITIES IN KWARA STATE
",252043001,LOWER NIGER RBDA,,35000000.0,YES,HIGH,"Enhancement of Songhai farm activities directly aligns with LNRBDA's mandate to operate demonstration farms, provide agricultural extension services, and support agricultural production in Kwara State which is within their coverage area.",0
ERGP5223612,"ENHANCEMENT OF SONGHAI FARM ACTIVITIES IN KOGI STATE
",252043001,LOWER NIGER RBDA,,35000000.0,YES,HIGH,Enhancement of Songhai farm activities in Kogi State aligns with LNRBDA's mandate to operate demonstration farms and provide agricultural extension services within its coverage area that includes Kogi State.,0
ERGP5238618,"SUPPLY AND DISTRIBUTION OF FERTILIZER AND OTHER FARM INPUTS FOR FARMERS IN EDU/MORO/PATEGI FEDERA CONSTIUENCY, KWARA STATE",252043001,LOWER NIGER RBDA,,84000000.0,PARTIAL,MEDIUM,"While fertilizer distribution supports agricultural production which aligns with LNRBDA's mandate to support farming in the Lower Niger Basin, fertilizer supply is not explicitly listed among their core statutory functions which focus primarily on water resources management and irrigation infrastructure.",50
ERGP8122930,"GRADUATE YOUTH EMPOWERMENT SCHEME IN AGRIBUSINESS
",252043001,LOWER NIGER RBDA,,21000000.0,PARTIAL,MEDIUM,"While the agency provides agricultural extension services and operates demonstration farms which could include youth training components, a general graduate youth empowerment scheme appears broader than LNRBDA's specific mandate of water resources management and irrigation development in the Lower Niger Basin.",50
ERGP10231546,"PROVISION/ INSTALLATION OF SOLAR ELECTRICAL POWER AT THE ACADEMY
",254007001,"MARITIME ACADEMY OF NIGERIA, ORON",,168184620.0,YES,HIGH,"Solar electrical power installation directly supports the academy's core training functions by providing essential infrastructure for operating simulators, training vessels, classrooms and maritime education facilities required for STCW-compliant seafarer training programs.",0
ERGP12231542,"CONSTRUCTION OF INTERNAL ROAD WITH STREET LIGHT WITHIN THE ACADEMY
",254007001,"MARITIME ACADEMY OF NIGERIA, ORON",,183274434.0,YES,HIGH,"Construction of internal roads with street lights is essential infrastructure that directly supports the academy's core mandate by providing safe access and proper lighting for students, staff, and operations at the maritime training facility.",0
ERGP23231588,"PROVISION FOR FURNISHING / EQUIPPING OF THE OFFICES/ STAFF QUARTERS AT MAN
",254007001,"MARITIME ACADEMY OF NIGERIA, ORON",,109030686.0,YES,HIGH,Furnishing and equipping offices and staff quarters is essential infrastructure supporting the academy's core training operations and housing facilities needed for maritime education delivery.,0
ERGP23231589,PROVISION/INSTALLATION OF TRAINING EQUIPMENT AT THE SEAMANSHIP WORKSHOP AT MAN,254007001,"MARITIME ACADEMY OF NIGERIA, ORON",,114227814.0,YES,HIGH,Providing and installing training equipment at the seamanship workshop directly supports the academy's core mandate to train seafarers and provide STCW-compliant practical maritime education.,0
ERGP23231591,PROVISION/ INSTALLATION OF TRAINING EQUIPMENT AT THE MARINE EXHIBITION HALL AT MAN,254007001,"MARITIME ACADEMY OF NIGERIA, ORON",,119329525.0,YES,HIGH,Installing training equipment at the Marine Exhibition Hall directly supports the agency's core mandate to provide maritime education and STCW-compliant training for seafarers and maritime professionals.,0
ERGP23231264,PROCUREMENT OF UTILITY VEHICLES FOR THE IAMS,256011001,INSTITUTE OF ARCHEOLOGY AND MUSEUMS STUDY - JOS,,105000000.0,YES,HIGH,"Utility vehicles are essential for conducting archaeological excavations, site surveys, fieldwork across Nigeria, and transporting equipment and artifacts, which directly supports the institute's core mandate of archaeological research and training.",0
ERGP23231267,CONSTRUCTION OF AUDITORIUM FOR IAMS,256011001,INSTITUTE OF ARCHEOLOGY AND MUSEUMS STUDY - JOS,,24262330.0,YES,HIGH,"An auditorium directly supports the institute's core mandate to provide specialized training and education in archaeology and museum studies by providing essential infrastructure for lectures, seminars, and academic programs.",0
ERGP23231271,CONSTRUCTION OF GATE HOUSE AND PERIMETER FENCING OF IAMS,256011001,INSTITUTE OF ARCHEOLOGY AND MUSEUMS STUDY - JOS,,30333100.0,YES,HIGH,"Construction of gate house and perimeter fencing is necessary infrastructure to secure the Institute's facilities, archaeological collections, and training equipment, which directly supports its mandate to provide specialized education and preserve cultural heritage materials.",0
ERGP8231277,SKILL ACQUISITION AND OUTREACH PROGRAMME,256011001,INSTITUTE OF ARCHEOLOGY AND MUSEUMS STUDY - JOS,,14000000.0,YES,HIGH,"Skill acquisition and outreach programmes directly align with the institute's core mandate to provide specialized training in archaeology and museum studies, conduct professional development for heritage professionals, and engage in public education activities.",0
ERGP1229372,"PROCUREMENT OF FIELD TEST EQUIPMENT FOR ENGINEERING AND HYDROGEOLOGY
",257002001,GEOLOGICAL SURVEY AGENCY OF NIGERIA,,300581937.0,YES,HIGH,The procurement of field test equipment for engineering and hydrogeology directly supports the agency's statutory functions of providing engineering geology services for infrastructure development and conducting hydrogeology expertise for water resources management.,0
ERGP1229394,"PROCUREMENT OF DUTCH CONE PENETROMETER
",257002001,GEOLOGICAL SURVEY AGENCY OF NIGERIA,,1442793297.0,YES,HIGH,"A Dutch Cone Penetrometer is essential geotechnical equipment used for subsurface soil investigation and engineering geology services, which directly supports the agency's statutory function of providing engineering geology services for infrastructure development.",0
ERGP1229412,"PROCUREMENT OF PROJECTS VEHICLES
",257002001,GEOLOGICAL SURVEY AGENCY OF NIGERIA,,5843312851.0,YES,HIGH,"Project vehicles are essential for conducting field-based geological surveys, mineral exploration, geophysical surveys, and geological mapping activities across Nigeria's diverse terrain, which are core statutory functions of the agency.",0
ERGP1229425,"PROCUREMENT REFRIGERATORS AND WATER DISPENSER
",257002001,GEOLOGICAL SURVEY AGENCY OF NIGERIA,,222430633.0,PARTIAL,MEDIUM,"While refrigerators could be justified for preserving geochemical samples and core specimens which is within GSN's mandate to maintain sample archives, water dispensers are general office equipment not specifically related to geological survey functions.",50
ERGP1229431,"PROCUREMENT OF PHOTOCPIERS
",257002001,GEOLOGICAL SURVEY AGENCY OF NIGERIA,,228442272.0,YES,HIGH,"Photocopiers are essential office equipment needed to reproduce and distribute the geological maps, reports, and publications that are core statutory functions of the agency.",0
ERGP1229434,"PROCUREMENT OF AIR CONDITIONERS FOR NGSA OFFICES
",257002001,GEOLOGICAL SURVEY AGENCY OF NIGERIA,,222430633.0,PARTIAL,HIGH,"While air conditioners are not directly related to geological surveys or mineral exploration, they are necessary administrative support infrastructure to maintain functional office environments for the agency's technical staff to carry out their core geological and geoscience functions.",50
ERGP1229442,"PROCUREMENT OF OFFICE FURNITURE TO THE AGENCY
",257002001,GEOLOGICAL SURVEY AGENCY OF NIGERIA,,222430633.0,YES,HIGH,"Office furniture is essential administrative infrastructure required to support the agency's core geological survey, research, and data management functions across its headquarters and nationwide offices.",0
ERGP1229446,"PROCUREMENT OF PRINTERS AND SCANNERS
",257002001,GEOLOGICAL SURVEY AGENCY OF NIGERIA,,216418994.0,YES,HIGH,"Printers and scanners are essential office equipment needed to produce, distribute, and manage the geological maps, reports, publications, and geoscience data that are core statutory functions of the agency.",0
ERGP1229450,"PROCUREMENT OF COMPUTERS
",257002001,GEOLOGICAL SURVEY AGENCY OF NIGERIA,,234453911.0,YES,HIGH,"Computers are essential for geological data processing, geoscience database management, digital mapping, geophysical data analysis, and maintaining the National Geoscience Data Repository which are core functions of the agency.",0
ERGP1229533,"PROCUREMENT OF GEOSCIENCE-LABORATORY ITEMS FOR NGRL, KADUNA & NGSA, ABUJA LABORATORIES",257002001,GEOLOGICAL SURVEY AGENCY OF NIGERIA,,961862198.0,YES,HIGH,"Procurement of geoscience laboratory items directly supports the agency's core functions of geological surveys, mineral exploration, geochemical analysis, and maintaining the National Geoscience Data Repository which require specialized laboratory equipment and materials.",0
ERGP18229311,"BULLETIN OF 1:250,000 SHEET 71 ONITSHA, SHEET 61 AKURE, SHEET 39 (YASHIKERA- KIAMA) AND SHEET 52 (BARO)",257002001,GEOLOGICAL SURVEY AGENCY OF NIGERIA,,456884544.0,YES,HIGH,"This budget item directly supports the agency's core statutory function of conducting systematic geological mapping of Nigeria at various scales and producing geological maps, as evidenced by the specific reference to geological survey sheets at 1:250,000 scale.",0
ERGP19229240,"PROCUREMENT OF EMPTY CONTAINERS FOR STORAGE OF MINERAL SAMPLES
",257002001,GEOLOGICAL SURVEY AGENCY OF NIGERIA,,240465549.0,YES,HIGH,The procurement of empty containers for storage of mineral samples directly supports the agency's statutory function to maintain geochemical sample archive and mineral collections as part of the National Geoscience Data Repository.,0
ERGP19229314,"REPLACEMENT OF UCP BOXES WITH WOODEN BOXES
",257002001,GEOLOGICAL SURVEY AGENCY OF NIGERIA,,240465549.0,NO,HIGH,"Replacing UCP boxes with wooden boxes is a general administrative/storage activity that does not relate to any of the agency's core geological survey, mineral exploration, or geoscience research functions.",100
ERGP22229101,OCCUPATIONAL SAFETY AND HEALTH PROGRAMME IN THE SOUTHWEST AND NORTH EAST ZONES,257002001,GEOLOGICAL SURVEY AGENCY OF NIGERIA,,721396648.0,NO,HIGH,"Occupational safety and health programme implementation falls outside GSN's core geological survey, mineral exploration, and geoscience research mandate, as this appears to be a general workplace safety initiative rather than geological hazard assessment or mining safety technical advice.",100
ERGP22229190,"PROCUREMENT OF SECURITY EQUIPMENT
",257002001,GEOLOGICAL SURVEY AGENCY OF NIGERIA,,185438916.0,PARTIAL,MEDIUM,"While security equipment is not explicitly part of GSN's geological mandate, it may be reasonably necessary to protect field personnel, equipment, and geological data repositories during surveys and operations in remote or potentially hazardous areas.",50
ERGP22229217,"GEOLOGICAL FIELD SAFETY EQUIPMENT
",257002001,GEOLOGICAL SURVEY AGENCY OF NIGERIA,,228442272.0,YES,HIGH,"Geological field safety equipment is essential for conducting the agency's core statutory functions of geological surveys, mapping, mineral exploration, and geophysical fieldwork which inherently involve safety risks requiring protective equipment.",0
ERGP22229436,"PROCUREMENT OF SERVER TO NGSA AND ACCESSORIES TO HQ
",257002001,GEOLOGICAL SURVEY AGENCY OF NIGERIA,,192372440.0,YES,HIGH,"Procurement of servers and accessories directly supports the agency's statutory function to maintain the National Geoscience Data Repository and geological databases, which are essential for storing and managing geological maps, borehole data, geochemical samples, and mineral information.",0
ERGP23229326,"PROCUREMENT OF BOOKS (TECHNICAL) FOR NGSA LIBRARY IN KADUNA AND ABUJA
",257002001,GEOLOGICAL SURVEY AGENCY OF NIGERIA,,120232775.0,YES,HIGH,"Technical books for NGSA libraries directly support the agency's statutory functions of advancing Nigeria's geological knowledge, training geoscience professionals, and maintaining geoscience information resources essential for conducting geological surveys and research.",0
ERGP23229418,"PROCUREMENT OF FILE CABINET
",257002001,GEOLOGICAL SURVEY AGENCY OF NIGERIA,,192372440.0,YES,HIGH,"File cabinets are necessary office equipment for storing and organizing the extensive geological maps, reports, data records, and documentation that GSN produces and maintains as part of its core functions.",0
ERGP27229496,"EXPANSION/MAINTENANCE OF SEISMIC MONITORING STATIONS
",257002001,GEOLOGICAL SURVEY AGENCY OF NIGERIA,,781513036.0,YES,HIGH,"The budget item directly aligns with the agency's statutory function (j) to monitor seismic activity and earthquake risks across Nigeria, and function (i) to assess geological hazards including earthquakes.",0
ERGP27233610,"RENOVATION OF NGSA HQ , ZONAL & STATE OFFICES
",257002001,GEOLOGICAL SURVEY AGENCY OF NIGERIA,,2639109405.0,YES,HIGH,"Renovating NGSA headquarters, zonal and state offices directly supports the agency's operational capacity to conduct geological surveys, maintain data repositories, and provide geoscience services from their nationwide office network.",0
ERGP29229025,"SOFTWARE INTERGRATION FOR ACCOUNTING PROCESS AUTOMATION
",257002001,GEOLOGICAL SURVEY AGENCY OF NIGERIA,,601163874.0,PARTIAL,MEDIUM,"While software integration for accounting processes is not directly related to the agency's core geological survey and mineral exploration mandate, it supports the administrative functions necessary for managing the agency's operations and maintaining financial records for its geological activities.",50
ERGP29229252,"PROCUREMENT OF EQUIPMENT FOR CORE SAMPLES INTERPRETATION (CORE ORIENTER, EZ-LOGGER ETC)",257002001,GEOLOGICAL SURVEY AGENCY OF NIGERIA,,60116387.0,YES,HIGH,"Core sample interpretation equipment directly supports the agency's statutory functions of geological mapping, mineral exploration, and maintaining geoscience data repositories which require analysis of drill core samples.",0
ERGP30228890,EXPLORATION AND EVALUATION OF BENTONITIC CLAYS IN BENUE TROUGH AND SOKOTO BASIN,257002001,GEOLOGICAL SURVEY AGENCY OF NIGERIA,,859904805.0,YES,HIGH,"This budget item directly aligns with the agency's core mandate to explore and assess Nigeria's mineral resources, specifically industrial minerals like bentonitic clays, through systematic geological surveys in designated basins.",0
ERGP30228915,"OCEANFRONT BEACH MAPPING FOR HEAVY MINERAL PLACER DEPOSITS IN IBENO BEACH AKWA IBOM STATE, SOUTH-SOUTH NIGERIA.",257002001,GEOLOGICAL SURVEY AGENCY OF NIGERIA,,240465549.0,YES,HIGH,"This budget item directly aligns with the agency's core mandate to conduct geological surveys and mineral exploration, as heavy mineral placer deposit mapping falls under their statutory functions of mineral resource assessment and geological mapping.",0
ERGP30228923,APPRAISAL OF ECONOMIC VIABILITY AND UTILIZATION OF INDUSTRIAL AND METALLIC MINERAL,257002001,GEOLOGICAL SURVEY AGENCY OF NIGERIA,,1803491621.0,YES,HIGH,"This budget item directly aligns with the agency's core statutory functions of exploring and assessing Nigeria's mineral resources including metallic and industrial minerals, and supporting mining companies through pre-feasibility mineral assessments.",0
ERGP30228936,"SUBSURFACE MAPPING OF GEOCHEMICAL HOTSPOTS IN FORCADOS RIVER ESTUARY, DELTA STATE.",257002001,GEOLOGICAL SURVEY AGENCY OF NIGERIA,,360698324.0,YES,HIGH,"Subsurface mapping of geochemical hotspots directly aligns with the agency's statutory functions to conduct geochemical surveys, environmental geology studies, and geological mapping activities.",0
ERGP30228952,PLACER AND HEAVY MINERALS INVESTIGATION ON OCEAN FRONT BEACHES IN THE WESTERN COASTLINE OF NIGERIA (BADAGRY Ã¢â¬â TIN CAN ISLAND).,257002001,GEOLOGICAL SURVEY AGENCY OF NIGERIA,,360698324.0,YES,HIGH,"This budget item directly aligns with the agency's core mandate to explore and assess Nigeria's mineral resources, conduct geological surveys, and perform geochemical investigations to identify mineralized zones.",0
ERGP30228967,GEOTECHNICAL STUDIES AND CHRACTERIZATION OF GULLY EROSION SITES IN IMO STATE,257002001,GEOLOGICAL SURVEY AGENCY OF NIGERIA,,240465549.0,YES,HIGH,Geotechnical studies and characterization of gully erosion sites directly falls under the agency's statutory functions of assessing geological hazards including erosion and conducting engineering geology services.,0
ERGP30228978,"GEOHAZARDS STUDIES OF ACTIVE AND ABANDONED MINING PITS IN ENUGU ,FCT AND KWARA STATES",257002001,GEOLOGICAL SURVEY AGENCY OF NIGERIA,,721396648.0,YES,HIGH,"This budget item directly aligns with the agency's statutory function (i) to assess geological hazards and function (k) to conduct environmental geology studies, specifically addressing safety risks associated with mining activities.",0
ERGP30229010,"PROJECT BUDGET MONITORING
",257002001,GEOLOGICAL SURVEY AGENCY OF NIGERIA,,180349162.0,YES,HIGH,"Project budget monitoring is essential for tracking and managing the agency's geological survey projects, mineral exploration activities, and ensuring proper utilization of funds allocated for their core geological research and mapping functions.",0
ERGP30229035,"ASSESSMENT OF COAL RESOURCES IN LOWER BENUE TROUGH
",257002001,GEOLOGICAL SURVEY AGENCY OF NIGERIA,,721396648.0,YES,HIGH,"Assessment of coal resources directly falls under the agency's statutory functions to explore and assess Nigeria's mineral resources including industrial minerals, and conduct systematic geological surveys and mineral potential assessments.",0
ERGP30229045,"ASSESSMENT OF PHOSPHATE RESOURCES IN ABIA STATE
",257002001,GEOLOGICAL SURVEY AGENCY OF NIGERIA,,721396648.0,YES,HIGH,Assessment of phosphate resources directly aligns with the agency's core mandate to explore and assess Nigeria's mineral resources including industrial minerals like phosphate.,0
ERGP30229055,"GEOCHEMICAL MAPPING OF IGUMALE SHEETS
",257002001,GEOLOGICAL SURVEY AGENCY OF NIGERIA,,721396648.0,YES,HIGH,"Geochemical mapping directly falls under the agency's statutory function (c) to conduct geochemical surveys identifying mineralized zones and geochemical anomalies, and supports their core mandate of geological surveys and mineral resource assessment.",0
ERGP30229100,COLLECTION OF ROCK SAMPLES FOR LABORATORY STANDARD REFERENCE MATERIALS FROM BASEMENT ROCKS IN NORTH CENTRAL ZONE,257002001,GEOLOGICAL SURVEY AGENCY OF NIGERIA,,420814712.0,YES,HIGH,"This activity directly aligns with the agency's core mandate to conduct geological surveys and mapping, maintain geochemical sample archives, and advance Nigeria's geological knowledge through systematic collection and analysis of rock samples.",0
ERGP30229119,"ASSESEMENT OF URANIUM RESOURCE IN TARABA, ADAMAWA AND GOMBE STATE, NIGERIA",257002001,GEOLOGICAL SURVEY AGENCY OF NIGERIA,,841629423.0,YES,HIGH,"Assessment of uranium resources directly falls under the agency's core mandate to explore and assess Nigeria's mineral resources, including metallic minerals, and conduct systematic geological surveys across the country.",0
ERGP30229132,"MINERAL DATABASE UPGRADE IN THREE STATES SOKOTO, DELTA, LAGOS
",257002001,GEOLOGICAL SURVEY AGENCY OF NIGERIA,,601163874.0,YES,HIGH,"Upgrading mineral databases directly aligns with the agency's statutory function to maintain the National Geoscience Data Repository and geological databases, as well as their core mandate to provide geoscience information and assess mineral resources.",0
ERGP30229163,"FOLLOW-UP EXPLORATION FOR GRAPHITE IN ADAMAWA STATE
",257002001,GEOLOGICAL SURVEY AGENCY OF NIGERIA,,721396648.0,YES,HIGH,Follow-up exploration for graphite directly aligns with the agency's core mandate to explore and assess Nigeria's mineral resources including industrial minerals like graphite.,0
ERGP30229210,"INVESTIGATIONS OF LITHIUM ORES IN THE NORTH-WESTERN PART OF NIGERIA
",257002001,GEOLOGICAL SURVEY AGENCY OF NIGERIA,,360698324.0,YES,HIGH,"This budget item directly aligns with the agency's core mandate to explore and assess Nigeria's mineral resources, conduct systematic geological mapping, and support mining sector development through mineral exploration activities.",0
ERGP30229279,"GEOLOGICAL MAPPING OF 1:50,000 (NW,NE,SW, SE) SHEET 227 KOTON KARFI, SHEET 159 JEBBA",257002001,GEOLOGICAL SURVEY AGENCY OF NIGERIA,,1185374926.0,YES,HIGH,"This budget item directly aligns with the agency's core statutory function (a) to conduct systematic geological mapping of Nigeria at various scales including 1:50,000, which is explicitly mentioned in their mandate.",0
ERGP30229291,"FIELD SPOT CHECK OF 1:100,000 SHEET 245 IKOLE, SHEET 265 OWO, SHEET 263 ONDO",257002001,GEOLOGICAL SURVEY AGENCY OF NIGERIA,,1191927612.0,YES,HIGH,"Field spot checks of geological sheets at 1:100,000 scale directly aligns with the agency's statutory function to conduct systematic geological mapping of Nigeria at various scales including 1:100,000.",0
ERGP30229298,"REVIEW AND PRODUCTION OF GEOLOGICAL AND MINERAL COLOUR CODE
",257002001,GEOLOGICAL SURVEY AGENCY OF NIGERIA,,180349162.0,YES,HIGH,"This budget item directly aligns with the agency's statutory functions to produce and distribute geological maps, maintain geological databases, and conduct systematic geological mapping which would require standardized color coding systems for geological and mineral representations.",0
ERGP30229325,"INTERNATIONAL GEOLOGICAL COLABORATION FOR GEOSCIENCES
",257002001,GEOLOGICAL SURVEY AGENCY OF NIGERIA,,3005819368.0,YES,HIGH,"International geological collaboration for geosciences directly aligns with the agency's statutory function (s) to coordinate with international geological surveys and geoscience organizations, and supports their mandate to advance Nigeria's geological knowledge and geoscience capacity.",0
ERGP30229426,"PEGMATITE EXPLORATION FOR LITHIUM OCCURRENCES WITHIN KEFFI SHEET, NORTH CENTRAL NIGERIA",257002001,GEOLOGICAL SURVEY AGENCY OF NIGERIA,,300581937.0,YES,HIGH,"Pegmatite exploration for lithium occurrences directly aligns with the agency's core mandate to explore and assess Nigeria's mineral resources including metallic and industrial minerals, and conduct systematic geological mapping.",0
ERGP30229443,NEW FRONTIER ON GEOSCIENCES DATA GENERATION ON AGRO MINERALS DISTRIBUTION AND MAP PRODUCTION,257002001,GEOLOGICAL SURVEY AGENCY OF NIGERIA,,541047486.0,YES,HIGH,"This budget item directly aligns with the agency's core mandate to conduct geological surveys, mapping, mineral resource assessment, and produce geological maps and databases, specifically targeting agro-minerals which falls under their mineral exploration and assessment functions.",0
ERGP30229459,ANALYSIS OF SOME SAMPLES FROM 2024/2025 PROJECTS FOR REGIONAL GEOLOGY DPT,257002001,GEOLOGICAL SURVEY AGENCY OF NIGERIA,,291865061.0,YES,HIGH,"Analysis of samples from regional geology projects directly supports the agency's core statutory functions of conducting geological surveys, mapping, and geochemical analysis to advance Nigeria's geological knowledge.",0
ERGP30229481,"ORE MODELING AND TARGET IDENTIFICATION USING EM, MAGNETIC AND GRAVITY DATA.",257002001,GEOLOGICAL SURVEY AGENCY OF NIGERIA,,420814712.0,YES,HIGH,This budget item directly aligns with the agency's statutory functions to perform geophysical surveys using magnetic and electromagnetic methods (function d) and explore and assess Nigeria's mineral resources (function b).,0
ERGP30229498,PREDICTIVE MAPPING FOR SEISMIC DATA INTERPRETATION AND EARTH TREMOR PREDICTION,257002001,GEOLOGICAL SURVEY AGENCY OF NIGERIA,,601163874.0,YES,HIGH,"This budget item directly aligns with the agency's statutory functions to assess geological hazards including earthquakes, monitor seismic activity and earthquake risks across Nigeria, and conduct geophysical surveys using seismic methods.",0
ERGP30229499,"GEOPHYSICAL INVESTIGATION FOR CHROMITE MINERALIZATION IN WESTERN NIGERIA
",257002001,GEOLOGICAL SURVEY AGENCY OF NIGERIA,,1082094972.0,YES,HIGH,This budget item directly aligns with the agency's statutory functions to perform geophysical surveys and explore/assess Nigeria's mineral resources including metallic minerals like chromite.,0
ERGP30229501,"GEOTECHNICAL INVESTIGATION OF PART OF MAITAMA, NPAPE AND KARSHI, FCT, LAFIA",257002001,GEOLOGICAL SURVEY AGENCY OF NIGERIA,,908033985.0,YES,HIGH,Geotechnical investigation directly falls under the agency's statutory function (h) to provide engineering geology services for infrastructure development and aligns with their mandate to conduct geological surveys and provide geoscience information.,0
ERGP30229503,"HYDROGEOLOGICAL INVESTIGATION OF OSHOGBO AND ENVIRONS
",257002001,GEOLOGICAL SURVEY AGENCY OF NIGERIA,,487844483.0,YES,HIGH,Hydrogeological investigation directly aligns with the agency's statutory functions (g) and (p) to conduct groundwater investigations and provide hydrogeology expertise for water resources management.,0
ERGP30229505,"HYDROGEOCHEMICAL MAPPING OF GWAGWALADA & KUJE ENVIRONS
",257002001,GEOLOGICAL SURVEY AGENCY OF NIGERIA,,429832170.0,YES,HIGH,"Hydrogeochemical mapping directly aligns with the agency's statutory functions of conducting geochemical surveys, groundwater investigations, and providing hydrogeology expertise for water resources management.",0
ERGP30229508,"SERVICE LEVEL AGREEMENT FOR THE GEOSCIENCE DATA CENTRE INFRASTRUCTURE
",257002001,GEOLOGICAL SURVEY AGENCY OF NIGERIA,,300581937.0,YES,HIGH,"This directly supports the agency's statutory function to maintain the National Geoscience Data Repository and geological databases, which is a core mandate responsibility.",0
ERGP30229509,IDENTIFICATION AND DIGITIZATION AND PRODUCTION OF GEOTOURISM MAP/DATABASE OF NORTH CENTRAL ZONE (PHASE 2),257002001,GEOLOGICAL SURVEY AGENCY OF NIGERIA,,601163874.0,PARTIAL,MEDIUM,"While the agency conducts geological mapping and maintains databases within its core mandate, geotourism mapping extends beyond traditional geological surveys into tourism development which is not explicitly covered in their statutory functions.",50
ERGP30229690,"GEOTHERMAL PROSPECTING FOR GREEN ENERGY POTENTIAL IN IKOGOSI WARMSPRING, EKITI STATE AND MAP PRODUCTION",257002001,GEOLOGICAL SURVEY AGENCY OF NIGERIA,,961862198.0,YES,HIGH,"Geothermal prospecting directly aligns with the agency's core mandate to conduct geological surveys, explore mineral and energy resources, and perform geophysical surveys to assess Nigeria's natural resource potential.",0
ERGP30235739,"CONSTRUCTION OF IKPA IKONO - IKOT EDA - EKPUK ROAD IN MKPAT ENIN, AKWA IBOM STATE",257002001,GEOLOGICAL SURVEY AGENCY OF NIGERIA,,1610000000.0,NO,HIGH,"Road construction is not within the Geological Survey Agency's mandate, which focuses on geological surveys, mineral exploration, and geoscience research rather than infrastructure development projects.",100
ERGP30235741,TRAINING AND EQUIPPING OF YOUTHS IN MINING IN SELECTED COMMUNITIES IN NORTH EAST & NORTH WEST,257002001,GEOLOGICAL SURVEY AGENCY OF NIGERIA,,280000000.0,PARTIAL,MEDIUM,"While the agency has a statutory function to train geologists and mineral exploration professionals, this budget item appears to focus on general youth training in mining rather than the agency's core geological survey and research mandate.",50
ERGP30235743,"OPENING OF FARM ROADS TO SOME MINING SITES IN IBIONO, AKWA IBOM NORTH WEST",257002001,GEOLOGICAL SURVEY AGENCY OF NIGERIA,,140000000.0,PARTIAL,MEDIUM,"While opening farm roads to mining sites could indirectly support the agency's mandate to facilitate mineral exploration and assessment activities, road construction is not explicitly within GSN's core geological survey and research functions.",50
ERGP30235744,"MINERALS DEPOSIT RESOURCES EVALUATION FOR COMMERCIAL VIABLE MINERALS. TIN, TANTALIE IN WAMBA NASARAWA STATE",257002001,GEOLOGICAL SURVEY AGENCY OF NIGERIA,,315000000.0,YES,HIGH,"This budget item directly aligns with the agency's core mandate to explore and assess Nigeria's mineral resources, specifically covering statutory functions (b) exploring metallic minerals and (l) supporting mining sector through mineral assessments.",0
ERGP30235745,"DRILLING OF MOTORIZED BOREHOLES IN SELECTED LOCATIONS IN OGOLUWA AND SURULERE, OYO STATE",257002001,GEOLOGICAL SURVEY AGENCY OF NIGERIA,,350000000.0,YES,HIGH,Drilling motorized boreholes directly aligns with the agency's statutory functions of conducting groundwater investigations for borehole siting and providing hydrogeology expertise for water resources management.,0
ERGP30235749,"SECURING OF AREAS OF INTEREST WITH LITHIUM SOLAR AT OGOLUWA, SURULERE, OYO STATE",257002001,GEOLOGICAL SURVEY AGENCY OF NIGERIA,,350000000.0,PARTIAL,MEDIUM,"While securing areas for mineral exploration aligns with GSN's mandate to assess mineral resources like lithium, the specific method of using solar installations for area security is not clearly within their core geological survey functions.",50
ERGP7229000,"COMPUTERIZATION OF FILE MANAGEMENT SYSTEM FOR ADMINISTRATION
",257002001,GEOLOGICAL SURVEY AGENCY OF NIGERIA,,721396648.0,PARTIAL,MEDIUM,"While computerization of file management supports the agency's mandate to maintain geological databases and data repositories, it appears to focus on general administrative files rather than core geoscience data management functions.",50
ERGP30227443,ACQUISISION OF COMPUTER HARDWARE ENTERPRISES LICENSES MULTI MEDIA SOFTWARE FOR HEADQUATER AND SIX ZONAL OFFICE,257003001,MINING CADASTRAL OFFICE,,954832011.0,YES,HIGH,"Computer hardware, enterprise licenses, and multimedia software are essential for operating the online Mining Cadastre Portal, maintaining the comprehensive mineral titles database, processing electronic applications, and supporting GIS mapping systems across headquarters and zonal offices as required by the agency's core digital mandate.",0
ERGP30227471,PROVISION FOR SOLAR POWER BACKUP INFRASTRUCTURE FOR HEADQUATER AND THE SIX ZONAL OFFICES,257003001,MINING CADASTRAL OFFICE,,1591386684.0,PARTIAL,MEDIUM,"While solar power infrastructure for headquarters and zonal offices supports the agency's operations and aligns with modern sustainable practices, it is not directly related to the core mandate of administering mineral rights and managing the mining cadastre system.",50
ERGP30227488,RESEARCH ON REVENUE GENERATION AND ANALYSIS ON EXPENDITURE /REVENUE FORCASTING MODULE AND CAPACITY BUILDING ON REVENUE DATA MANAGEMENT,257003001,MINING CADASTRAL OFFICE,,2554612050.0,PARTIAL,MEDIUM,"While revenue generation research and forecasting relates to MCO's function of collecting royalties and fees from mining license holders, the broad scope of expenditure analysis and general revenue data management extends beyond their core mandate of mining cadastre administration and mineral rights management.",50
ERGP30227502,TRAINING ON THE IMPACT OF CORRUPTION/ AWARENESS AND PRODUCTIVITY AT THE WORK PLACE/ INTERNATIONAL CONFERENCES ON CORRUPTION (ACTU),257003001,MINING CADASTRAL OFFICE,,636554674.0,PARTIAL,MEDIUM,"While anti-corruption training supports MCO's mandate to ensure transparent mineral rights allocation and prevent corruption in mining cadastre operations, the budget item appears overly broad and not specifically tailored to mining sector corruption challenges.",50
ERGP30227513,PROVISION OF MATERIALS AND GADGERS FOR PRESS/PUBLICITY MATERIALS/GADGET FOR MCO HEADQUARTER PRESS UNIT,257003001,MINING CADASTRAL OFFICE,,954832011.0,PARTIAL,MEDIUM,"While press/publicity materials support transparency and public information access which aligns with MCO's mandate to provide public access to mineral title information, the specific focus on ""press unit"" materials is not a core statutory function of the mining cadastre operations.",50
ERGP30227525,REGISTRATION AND ENCODING AND AUTOMATED ASSET INVESTORY MANAGEMENT FOR GIFMIS AND IPSAS COMPLIANCE AT HEADQUATERS AND ZONAL OFFICES,257003001,MINING CADASTRAL OFFICE,,1591386684.0,PARTIAL,MEDIUM,"While asset inventory management supports the agency's database and GIS operations for mineral title tracking, the primary focus on GIFMIS and IPSAS compliance appears to be general administrative/financial management rather than core mining cadastre functions.",50
ERGP30232585,UP-GRADE OF THE SIGTIM SOFTWARE TO WEB-BASED/ONLINE MINERAL TITLE ADMINISTRATION AND MANAGEMENT,257003001,MINING CADASTRAL OFFICE,,1273109347.0,YES,HIGH,Upgrading SIGTIM software to web-based online mineral title administration directly supports MCO's core mandate to operate the online Mining Cadastre Portal and process mineral title applications electronically.,0
ERGP30232588,MODERN E-RECORD AND ARCHIVING OF MINERAL TITLES MANAGEMENT SYSTEM (CONTINUATION),257003001,MINING CADASTRAL OFFICE,,1591386684.0,YES,HIGH,This budget item directly supports the MCO's core mandate to maintain a comprehensive database of mineral titles and operate the Mining Cadastre Portal system for transparent mineral rights administration.,0
ERGP30232592,"INTERNATIONAL/LOCAL MINING CONVENTIONS AND EXHIBITION
",257003001,MINING CADASTRAL OFFICE,,2387080027.0,YES,HIGH,"International and local mining conventions and exhibitions directly support the agency's mandate to collaborate with mining companies, promote transparent mineral rights allocation, and advance mining sector development and investor confidence.",0
ERGP30232593,BEACONING OF MINING TITLE SITES IN SELECTED AREAS IN SIX GEO POLITICAL ZONES IN NIGERIA,257003001,MINING CADASTRAL OFFICE,,1113970679.0,YES,HIGH,"Beaconing mining title sites directly supports the agency's core functions of maintaining comprehensive mineral title databases, preventing overlapping claims through GIS mapping, and monitoring compliance with mineral title conditions across Nigeria's geographical zones.",0
ERGP30232594,"RENOVATION/REFURBISHMENT OF MCO HQ BUILDING/OFFICE
",257003001,MINING CADASTRAL OFFICE,,954832011.0,YES,HIGH,"Renovating the MCO headquarters building is necessary infrastructure to support the agency's core functions of administering mining rights, operating the online Mining Cadastre Portal, and maintaining comprehensive mineral title databases from their Abuja location.",0
ERGP30232597,"THEMATIC MAPPING OF MINERAL TITLE AREAS, RESTRICTED AND PROTECTED AREAS OF NIGERIA",257003001,MINING CADASTRAL OFFICE,,795693342.0,YES,HIGH,Thematic mapping of mineral title areas and restricted zones directly supports the MCO's core statutory function of preventing overlapping claims through GIS mapping and maintaining comprehensive databases of mineral titles across Nigeria.,0
ERGP30232601,"STRATEGIC REVENUE RECOVERY INVENTORY OF VALID MINERAL TITLES, GAZETTE OF DEFAULTERS AND REVOCATION/RESEARCH ON REVENUE GENERATING AND ANALYSIS",257003001,MINING CADASTRAL OFFICE,,1623214418.0,YES,HIGH,"This budget item directly aligns with the MCO's statutory functions to maintain comprehensive databases of mineral titles, monitor compliance, collect royalties and fees, revoke licenses for non-compliance, and conduct revenue collection activities as specified in functions (i), (k), (l), and (n).",0
ERGP30235760,TRAINING OF YOUTHS ON MINING AND MINING SECURITY IN SELECTED COMMUNITIES IN SOUTH SOUTH,257003001,MINING CADASTRAL OFFICE,,280000000.0,PARTIAL,MEDIUM,"While youth training on mining could support the agency's function of formalizing artisanal miners through licensing, the specific focus on ""mining security"" and community-based training extends beyond MCO's core cadastre management mandate into broader capacity building activities.",50
ERGP30235762,"TRAINING AND EQUIPPING OF YOUTHS IN MINING IN SOUTH EAST
",257003001,MINING CADASTRAL OFFICE,,280000000.0,PARTIAL,MEDIUM,"While youth training in mining could support the MCO's function of formalizing artisanal miners through licensing, direct training and equipping activities are not explicitly within their core mandate of administering mineral rights and managing the cadastre system.",50
ERGP30235770,"OPENING OF FARM ROADS TO SOME MINING SITES IN IBIONO, AKWA IBOM NORTH EAST",257003001,MINING CADASTRAL OFFICE,,175000000.0,PARTIAL,MEDIUM,"While the MCO's mandate includes supporting mining sector development and collaborating with mining companies, direct infrastructure construction like farm roads appears to extend beyond their core cadastre management functions, though it could indirectly support mining site accessibility.",50
ERGP30235774,"CONSTRUCTION OF FACILITY AT GENERAL HOSPITAL, IQUITA, ORON, AKWA IBOM SOUTH",257003001,MINING CADASTRAL OFFICE,,140000000.0,NO,HIGH,"Construction of a hospital facility falls entirely outside the Mining Cadastral Office's mandate, which is specifically focused on administering mineral rights, mining licenses, and cadastre management rather than healthcare infrastructure development.",100
ERGP30235780,"OPENING OF FARM ROADS TO SOME MINING SITES IN IBIONO, AKWA IBOM SOUTH
",257003001,MINING CADASTRAL OFFICE,,175000000.0,PARTIAL,MEDIUM,"While the MCO's mandate includes supporting mining sector development and collaborating with mining operations, infrastructure development like farm roads is typically outside their core cadastre management functions and would more appropriately fall under infrastructure agencies or the parent Ministry of Solid Minerals Development.",50
ERGP30235784,TRAINING AND EMPOWERMENT OF YOUTH AND WOMEN IN MINING IN JIGAWA SOUTH- WEST SENATORIAL DISTRICT,257003001,MINING CADASTRAL OFFICE,,21000000.0,PARTIAL,MEDIUM,"While the MCO's mandate includes supporting artisanal miners formalization through licensing, training and empowerment programs for specific demographic groups in particular senatorial districts extends beyond its core cadastre management functions.",50
ERGP30235785,SUPPLY OF BASIC MINING KITS TO SELECTED ARTISANAL MINERS IN AKWA IBOM SOUTH SENATORIAL DISTRICT,257003001,MINING CADASTRAL OFFICE,,14000000.0,NO,HIGH,"The Mining Cadastral Office's mandate is limited to administering mineral rights, licensing, and cadastre management, not supplying physical mining equipment or kits to miners.",100
ERGP30235786,"TRAINING AND SENSITIZATION PROGRAMME ON MINING IN IBENO LGA, AKWA IBOM SOUTH SENATORIAL DISTRICT",257003001,MINING CADASTRAL OFFICE,,7000000.0,PARTIAL,MEDIUM,"While the MCO has mandate to support artisanal miners formalization and collaborate with stakeholders on mining regulation, the specific geographic targeting to one LGA and senatorial district suggests this may be more of a political/constituency project rather than a core cadastral function.",50
ERGP15105890,"PURCHASE OF UP TO DATE LAW BOOKS AND LAW REPORTS
",326003001,LEGAL AID COUNCIL,,35000000.0,YES,HIGH,Purchasing up-to-date law books and law reports is essential for Legal Aid Council lawyers to provide competent legal representation and stay current with legal precedents when serving indigent clients.,0
ERGP27107210,"PURCHASE OF OFFCIE FURNITURE AND FITTINGS FOR HEADQUATERS
",326003001,LEGAL AID COUNCIL,,42000000.0,YES,HIGH,Office furniture and fittings for headquarters are necessary administrative infrastructure to support the agency's operations in providing free legal services to indigent citizens from their Abuja headquarters.,0
ERGP27107223,"PURCHASE OF POWER GENERATING SETS FOR SELECTED CENTERS, STATES. ZONES AND HEADQUATERS",326003001,LEGAL AID COUNCIL,,21000000.0,YES,HIGH,"Power generating sets are essential infrastructure needed to ensure continuous electricity supply for Legal Aid Council offices, courts, and legal aid centers across all states and headquarters, enabling uninterrupted delivery of free legal services to indigent citizens.",0
ERGP27227606,"REHABILITATION/REPAIRS OF RESIDENTIAL BUILDINGS AT SELECTED STATES
",326003001,LEGAL AID COUNCIL,,2100000.0,NO,HIGH,"Rehabilitation of residential buildings is not within the Legal Aid Council's mandate, which focuses exclusively on providing free legal services to indigent citizens rather than housing infrastructure.",100
ERGP29105725,"REHABILITATION/REPAIRS OF OFFICE BUILDINGS IN STATES, CENTERS AND HEADQUATERS",326003001,LEGAL AID COUNCIL,,56000000.0,YES,HIGH,"Rehabilitating and repairing office buildings in states, centers and headquarters is essential for the Legal Aid Council to maintain operational facilities needed to deliver free legal services to indigent citizens across all 36 states and FCT as mandated.",0
ERGP29105882,"PROVISION OF INTERNET FACILITIES FOR COUNCIL'S HEADQUARTERS
",326003001,LEGAL AID COUNCIL,,14000000.0,YES,HIGH,"Internet facilities are essential infrastructure enabling the Legal Aid Council to coordinate operations across all 36 states and FCT, manage case files, conduct legal research, and communicate with clients and courts in fulfilling their mandate to provide free legal services to indigent citizens.",0
ERGP29107198,"PURCHASE OF HP COMPUTER PRINTERS FOR ALL STATES OFFICES, ZONAL OFFICES AND HEADQUATERS",326003001,LEGAL AID COUNCIL,,36400000.0,YES,HIGH,"Computer printers are essential office equipment needed to support the Legal Aid Council's core mandate of providing free legal services across all 36 states, zonal offices and headquarters by enabling the printing of legal documents, court filings, and case materials required for legal representation.",0
ERGP29107204,"PURCHASE OF PHOTOCOPYING MACHINES FOR ZONAL OFFICES AND HEADQUATERS
",326003001,LEGAL AID COUNCIL,,35000000.0,YES,HIGH,"Photocopying machines are essential office equipment needed to reproduce legal documents, case files, and materials required for providing free legal services to indigent citizens across the agency's zonal offices and headquarters.",0
ERGP29107213,"PURCHASE OF HP COMPUTERS FOR ALL STATES OFFICES, ZONAL OFFICES AND HEADQUATERS",326003001,LEGAL AID COUNCIL,,55300000.0,YES,HIGH,"Computers are essential operational equipment needed to support the Legal Aid Council's mandate of providing free legal services across all 36 states, zonal offices and headquarters, enabling case management, documentation, research and service delivery to indigent citizens.",0
ERGP30184868,DEVELOPMENT OF MOBILE LEGAL CLINICS AND TRAINING OF PARALEGALS ON ALTERNATIVE TO DISPUTE RESOLUTION MECHANISMS; OPENING IN LEGAL AID,326003001,LEGAL AID COUNCIL,,30564412.0,YES,HIGH,"This budget item directly supports the agency's statutory functions to operate legal aid clinics, train paralegals, and provide accessible legal services to indigent citizens through mobile clinics and alternative dispute resolution training.",0
ERGP30227290,"MONITOTING AND EVALUATION OF CASES BY LEGAL AND PARA LEGAL OFFICERS
",326003001,LEGAL AID COUNCIL,,10500000.0,YES,HIGH,"Monitoring and evaluation of cases by legal and para-legal officers directly supports the agency's core mandate to provide free legal representation and services to indigent citizens, as it ensures quality control and effective case management of their legal aid services.",0
ERGP31227472,"PURCHASE OF STAFF BUSES FOR STATES OFFICES, ZONAL OFFICES AND HEADQUATERS
",326003001,LEGAL AID COUNCIL,,350000.0,YES,HIGH,"Staff buses are necessary operational assets to enable Legal Aid Council personnel to travel between their offices in all 36 states, zonal offices, headquarters, courts, prisons, and communities where they provide mandated legal services to indigent citizens.",0
ERGP31227499,"PURCHASE OF UTILITY VEHICLES FOR STATE OFFICES, ZONAL OFFICES AND HEADQUATERS",326003001,LEGAL AID COUNCIL,,350000.0,YES,HIGH,"Utility vehicles are essential for Legal Aid Council's operations across all 36 states and FCT to transport lawyers to courts, prisons, and communities where they provide free legal services to indigent citizens.",0
ERGP6227319,"ANNIVERSARY/CELEBRATION OF COUNCIL'S MILESTONES AND STAFF
",326003001,LEGAL AID COUNCIL,,4900000.0,PARTIAL,MEDIUM,"While celebrating milestones and recognizing staff can support organizational morale and public awareness of the Council's mission, it is not a core statutory function and resources might be better allocated to direct legal service delivery.",50
ERGP15225290,PURCHASE OF OPERATIONAL VEHICLES,341001001,INDEPENDENT CORRUPT PRACTICES AND RELATED OFFENCES COMMISSION,,332500000.0,YES,HIGH,"Operational vehicles are essential for ICPC to carry out its core mandate of investigating corruption, conducting field operations, monitoring constituency projects, and performing corruption risk assessments across Nigeria's various locations.",0
ERGP15225297,PURCHASE OF COMPUTERS,341001001,INDEPENDENT CORRUPT PRACTICES AND RELATED OFFENCES COMMISSION,,212327500.0,YES,HIGH,"Computers are essential operational tools for ICPC to conduct investigations, maintain case records, perform corruption risk assessments, monitor constituency projects, and carry out their core anti-corruption mandate effectively.",0
ERGP15225300,COMPUTER AND FORENSIC EQUIPMENT,341001001,INDEPENDENT CORRUPT PRACTICES AND RELATED OFFENCES COMMISSION,,140000000.0,YES,HIGH,"Computer and forensic equipment is essential for ICPC's mandate to investigate corruption, conduct digital evidence analysis, and prosecute corruption cases effectively.",0
ERGP15225307,REHABILITATION AND REPAIRS OF BUILDING,341001001,INDEPENDENT CORRUPT PRACTICES AND RELATED OFFENCES COMMISSION,,249648668.0,YES,HIGH,Rehabilitation and repairs of buildings is necessary for ICPC to maintain its headquarters in Abuja and zonal offices nationwide that are essential for carrying out its anti-corruption mandate.,0
ERGP15225841,CONSTRUCTION / PROVISION OF INFRASTRUCTURE FOR HEADQUATERS AND ZONAL OFFICES,341001001,INDEPENDENT CORRUPT PRACTICES AND RELATED OFFENCES COMMISSION,,4270000000.0,YES,HIGH,"Construction and provision of infrastructure for headquarters and zonal offices directly supports ICPC's operational mandate as the agency requires physical facilities nationwide to effectively investigate, prevent and prosecute corruption across Nigeria's public sector.",0
ERGP10228175,CONSTRUCTION AND INSTALLATION OF 2 NOS OF 120 KVA SOLAR SYSTEM TO POWER OFFICES AND CLASSROOMS,517021026,"FRENCH LANGUAGE VILLAGE BADAGARY, LAGOS",,389399427.0,YES,HIGH,Installing solar power systems to supply electricity to offices and classrooms is essential infrastructure that directly supports the agency's core educational functions of providing immersive French language instruction and cultural training programs.,0
ERGP23164143,REHABILITATION OF 2 BLOCKS OF C AND D STUDENT HOSTELS,517021026,"FRENCH LANGUAGE VILLAGE BADAGARY, LAGOS",,20076812.0,YES,HIGH,"Rehabilitating student hostels directly supports the agency's core mandate of providing immersive French language education, as residential accommodation is essential for creating the total immersion learning environment where students live and learn French through constant cultural interaction.",0
ERGP27169169,EXTENSION AND FURNISHING OF CLINIC BUILDING,517021026,"FRENCH LANGUAGE VILLAGE BADAGARY, LAGOS",,7208907.0,PARTIAL,MEDIUM,"While a clinic building serves the health needs of students and staff at the residential French Language Village, it is not directly related to the core educational mandate of French language instruction and francophone cultural immersion.",50
ERGP27169181,CONSRUCTION AND FURNISHING OF 1 BLOCK MAINTENANCE BUILDING,517021026,"FRENCH LANGUAGE VILLAGE BADAGARY, LAGOS",,72995164.0,YES,HIGH,Construction of a maintenance building is necessary infrastructure to support the Village's immersive French language education facilities and residential campus operations.,0
ERGP23181065,RENTAL AND FURNISHING OF LIAISON OFFICE IN ABUJA,517021043,"INTERNATIONAL CENTRE FOR BIOTECHNOLOGY, UNIVERSITY OF NIGERIA NSUKKA,ENUGU STATE",,17712886.0,PARTIAL,MEDIUM,"While a liaison office in Abuja could facilitate coordination with federal ministries, international partners, and policy makers relevant to biotechnology research and collaboration, it is not directly related to the agency's core research, training, and laboratory functions.",50
ERGP30131903,FOOD SECURITY SAVING THE HARVEST FOR FOOD SECURITY: QUANTIFYING THE MAGNITUDE AND SOURCES OF POSTHARVEST FOOD LOSSES,517021043,"INTERNATIONAL CENTRE FOR BIOTECHNOLOGY, UNIVERSITY OF NIGERIA NSUKKA,ENUGU STATE",,61915674.0,PARTIAL,MEDIUM,"While the agency's mandate focuses on biotechnology research for food security through genetic engineering and crop improvement, this budget item addresses postharvest food losses which is related to food security but falls outside the center's core biotechnology and genetic engineering expertise.",50
ERGP30131907,RAPID DIAGNOSTIC TOOLS FOR EARLY DETECTION,517021043,"INTERNATIONAL CENTRE FOR BIOTECHNOLOGY, UNIVERSITY OF NIGERIA NSUKKA,ENUGU STATE",,62233192.0,YES,HIGH,Rapid diagnostic tools for early detection directly aligns with the agency's statutory function to develop molecular diagnostic tools for diseases and conduct medical biotechnology research on diagnostics.,0
ERGP30131909,BOOSTING HUMAN IMMUNE SYSTEM AGAINST TROPICAL DISEASES,517021043,"INTERNATIONAL CENTRE FOR BIOTECHNOLOGY, UNIVERSITY OF NIGERIA NSUKKA,ENUGU STATE",,64721308.0,YES,HIGH,"This budget item directly aligns with the agency's medical biotechnology research mandate, specifically developing vaccines, diagnostics, and therapeutic proteins to address health challenges including tropical diseases.",0
ERGP30131910,SAVING THE FUTURE: A GENE BANK OF CULTIVATED AND WILD PLANTS IN NIGERIA,517021043,"INTERNATIONAL CENTRE FOR BIOTECHNOLOGY, UNIVERSITY OF NIGERIA NSUKKA,ENUGU STATE",,66691187.0,YES,HIGH,"Establishing a gene bank of cultivated and wild plants directly supports the agency's mandate to research indigenous Nigerian plants for biotechnology applications, conduct agricultural biotechnology research, and advance Nigeria's biotechnology capacity for food security.",0
ERGP30131914,HOSTING INTERNATIONAL ADVISORY AND REVIEW MEETINGS,517021043,"INTERNATIONAL CENTRE FOR BIOTECHNOLOGY, UNIVERSITY OF NIGERIA NSUKKA,ENUGU STATE",,39196773.0,YES,HIGH,Hosting international advisory and review meetings directly supports the agency's statutory function to collaborate with international biotechnology centers and advance Nigeria's biotechnology capacity through expert guidance and peer review.,0
ERGP30131922,"LIBRARY - PURCHASE OF COMPUTER SOFTWARE FOR LIBRARY BOOKS, MAGAZINES, JOURNALS",517021043,"INTERNATIONAL CENTRE FOR BIOTECHNOLOGY, UNIVERSITY OF NIGERIA NSUKKA,ENUGU STATE",,7089671.0,YES,HIGH,"Purchase of computer software for library resources directly supports the agency's research and training functions by providing essential access to scientific literature, biotechnology journals, and academic resources needed for biotechnology research and postgraduate education.",0
ERGP30132082,INTERNATIONAL CONFERENCE ON BIOTECHNOLOGY FOR FOOD SECURITY AND HUMAN HEALTH X250 PARTICIPANTS,517021043,"INTERNATIONAL CENTRE FOR BIOTECHNOLOGY, UNIVERSITY OF NIGERIA NSUKKA,ENUGU STATE",,46273518.0,YES,HIGH,"Organizing an international conference on biotechnology for food security and human health directly supports the agency's mandate to promote public understanding of biotechnology, collaborate with international biotechnology centers, and advance Nigeria's biotechnology capacity in addressing food security and health challenges.",0
ERGP30143016,REGIONAL WORKSHOP ON INTELLECTUAL PROPERTY AND COMMERCIALISTION OF BIOTECHNOLOGY RESEARCH AND INNOVATION X50 PARTICIPANTS,517021043,"INTERNATIONAL CENTRE FOR BIOTECHNOLOGY, UNIVERSITY OF NIGERIA NSUKKA,ENUGU STATE",,37664047.0,YES,HIGH,"The workshop on intellectual property and commercialization of biotechnology research directly supports the agency's mandate to advance Nigeria's biotechnology capacity, promote technology transfer with biotech companies, and collaborate with international biotechnology centers.",0
ERGP30193286,CONSTRUCTION/PROVISION OF A NEW TISSUE CULTURE LABORATORY,517021043,"INTERNATIONAL CENTRE FOR BIOTECHNOLOGY, UNIVERSITY OF NIGERIA NSUKKA,ENUGU STATE",,69637050.0,YES,HIGH,Construction of a tissue culture laboratory directly supports the agency's statutory function (n) to develop tissue culture techniques for crop propagation and aligns with their core mandate to conduct biotechnology research and operate modern biotechnology laboratories.,0
ERGP30193287,PURCHASE OF PROJECT VEHICLES,517021043,"INTERNATIONAL CENTRE FOR BIOTECHNOLOGY, UNIVERSITY OF NIGERIA NSUKKA,ENUGU STATE",,68271302.0,PARTIAL,MEDIUM,"While project vehicles could support field research activities for agricultural biotechnology and crop variety development, the purchase is not directly related to the agency's core biotechnology research and training functions.",50
ERGP30193289,FOOD CROPS BIOTECHNOLOGY CONSULTANCY EXPERT SERVICES,517021043,"INTERNATIONAL CENTRE FOR BIOTECHNOLOGY, UNIVERSITY OF NIGERIA NSUKKA,ENUGU STATE",,48601150.0,YES,HIGH,Food crops biotechnology consultancy expert services directly aligns with the agency's core mandate to conduct agricultural biotechnology research for crop improvement and develop genetically modified crops with disease resistance.,0
ERGP30193292,TROPICAL DISEASES BIOTECHNOLOGY CONSULTANCY EXPERT SERVICES,517021043,"INTERNATIONAL CENTRE FOR BIOTECHNOLOGY, UNIVERSITY OF NIGERIA NSUKKA,ENUGU STATE",,45500343.0,YES,HIGH,"The budget item directly aligns with the agency's statutory functions to conduct medical biotechnology research on vaccines and diagnostics, develop therapeutic proteins, and advance Nigeria's biotechnology capacity to address health challenges through biotechnology applications.",0
ERGP30193294,BIORESOURCES BIOTECHNOLOGY CONSULTANCY EXPERT SERVICES,517021043,"INTERNATIONAL CENTRE FOR BIOTECHNOLOGY, UNIVERSITY OF NIGERIA NSUKKA,ENUGU STATE",,47915167.0,YES,HIGH,"Bioresources biotechnology consultancy expert services directly supports the agency's core mandate to conduct biotechnology research, develop biotechnology applications, and advance Nigeria's biotechnology capacity through specialized expertise.",0
ERGP30193296,"BIOTECHNOLOGY RESEARCH FELLOWSHIP PROGRAMME ON FOOD, DISEASE AND BIORESOURCES",517021043,"INTERNATIONAL CENTRE FOR BIOTECHNOLOGY, UNIVERSITY OF NIGERIA NSUKKA,ENUGU STATE",,48335000.0,YES,HIGH,"The fellowship programme directly supports the agency's core mandate to conduct biotechnology research and provide advanced training in areas specifically mentioned in their statutory functions including food/agricultural biotechnology, medical biotechnology for diseases, and bioresources research.",0
ERGP30193297,EQUIPMENT FOR NEW MOLECULAR RESEARCH LABORATORY,517021043,"INTERNATIONAL CENTRE FOR BIOTECHNOLOGY, UNIVERSITY OF NIGERIA NSUKKA,ENUGU STATE",,69860000.0,YES,HIGH,"Equipment for new molecular research laboratory directly supports the agency's statutory function to operate modern biotechnology laboratories and conduct molecular biology research, which is essential for their biotechnology research and training mandate.",0
ERGP30224697,PURCHASE OF OFFICE FURNITURE AND EQUIPMENT,517021043,"INTERNATIONAL CENTRE FOR BIOTECHNOLOGY, UNIVERSITY OF NIGERIA NSUKKA,ENUGU STATE",,21000000.0,YES,HIGH,"Office furniture and equipment are necessary administrative support items required for the center to operate its research facilities, training programs, and administrative functions in biotechnology education and research.",0
ERGP23107114,PROCUREMENT OF AI AND OTHER INSTRUCTIONAL MATERIALS FOR TECHNICAL LEARNING IN TECHNICAL AND SCIENCE SUBJECTS,517026080,FSTC AHOADA,,10500000.0,YES,HIGH,"The procurement of AI and other instructional materials for technical learning directly supports the agency's core mandate to provide STEM education, technical subjects instruction, and prepare students for science/technology careers as outlined in their statutory functions.",0
ERGP23122841,"CONVERSION OF THE PRESENT G&C BLOCK TO A 1 STOREY BUILDING
",517026080,FSTC AHOADA,,72171498.0,YES,HIGH,Converting the G&C block to a 1 storey building directly supports the agency's mandate to maintain proper educational facilities for delivering science and technical secondary education as a Federal Unity School.,0
ERGP23122844,CONVERSION OF PRESENT CHEMISTRY LAB BLOCK TO A 1 STOREY BUILDING AND EQUIPING OF THE LAB,517026080,FSTC AHOADA,,49000000.0,YES,HIGH,"Converting and equipping the chemistry laboratory directly supports the agency's core mandate to provide science education with emphasis on Chemistry as specified in statutory functions (a), (c), and (e) which require maintaining well-equipped science laboratories for practical Chemistry experiments.",0
ERGP23122845,"CONSTRUCTION OF A 1 STOREY MULTIPURPOSE ASSEMBLY HALL IN THE COLLEGE
",517026080,FSTC AHOADA,,26977979.0,YES,HIGH,"Construction of a multipurpose assembly hall directly supports the agency's educational mandate by providing essential infrastructure for student assemblies, academic activities, examinations, and promoting national unity among the diverse student body in this federal unity school.",0
ERGP23191616,"PROCUREMENT OF 200NOS OF DINNING TABLES AND 400NOS OF DINNING BENCHES
",517026080,FSTC AHOADA,,21700000.0,YES,HIGH,"The procurement of dining tables and benches directly supports the agency's statutory function to provide boarding facilities for students, which is essential infrastructure for the residential educational services mandated for this Federal Unity School.",0
ERGP23191623,CONSTRUCTION OF A BLOCK OF 2 STOREY BUILDING (6 FLATS OF 2 BEDROOMS) STAFF QUARTERS,517026080,FSTC AHOADA,,54411070.0,YES,HIGH,"Constructing staff quarters directly supports the agency's mandate by providing accommodation for qualified science teachers, technical instructors and vocational trainers needed to deliver STEM education at this boarding federal unity school.",0
ERGP23202059,"PROCUREMENT AND INSTALLATION OF TRANSFORMER IN THE COLLEGE
",517026080,FSTC AHOADA,,8400000.0,YES,HIGH,"Procurement and installation of a transformer is essential infrastructure to provide reliable electricity for the college's science laboratories, technical workshops, computer labs, and boarding facilities required to fulfill its educational mandate.",0
ERGP23202063,"PROVISION OF A MINI-GRID SOLAR POWER SYSTEM FOR THE COLLEGE STORE, DINNING HALL AND KITCHEN COMPLEX",517026080,FSTC AHOADA,,3500000.0,YES,HIGH,"Providing solar power infrastructure for essential college facilities like the store, dining hall and kitchen complex directly supports the school's core educational operations and boarding facilities that are fundamental to its mandate as a federal unity school.",0
ERGP12191703,CONSTRUCTION/CREATING OF 500M ACCESS ROAD AND DRAINAGE SYSTEM IN THE COLLEGE,517026081,FSTC AWKA,,39562600.0,YES,HIGH,Construction of access roads and drainage systems is essential infrastructure that directly supports the college's ability to operate and provide science and technical secondary education to students.,0
ERGP23169940,CONSTRUCTION OF 2 STOREY 2 BEDROOM FLAT EACH (3 FLATS) FOR ESSENTIAL HOUSE OFFICERS,517026081,FSTC AWKA,,39679500.0,YES,HIGH,Constructing residential accommodation for essential house officers directly supports the agency's mandate to maintain qualified science and technical teachers and staff necessary for delivering STEM education at this federal boarding school.,0
ERGP23173298,CONVERSION OF A BLOCK OF 5 CLASSROOMS TO 2 STOREY 15 CLASSROOMSS,517026081,FSTC AWKA,,60328867.0,YES,HIGH,Converting and expanding classroom facilities from 5 to 15 classrooms directly supports the agency's mandate to provide JSS1-SS3 science and technical secondary education by increasing capacity for delivering STEM-focused curriculum and accommodating more students.,0
ERGP23226391,CONSTRUCTION OF 600 CAPACITY ONE STOREY BOYS HOSTEL,517026081,FSTC AWKA,,42847435.0,YES,HIGH,Construction of boys hostel directly supports the agency's statutory function to provide boarding facilities that promote national integration among ethnically diverse students.,0
ERGP23226536,CONSTRUCTION OF ONE NO 500 CAPACITY GIRLS HOSTEL,517026081,FSTC AWKA,,31500000.0,YES,HIGH,Construction of a girls hostel directly supports the agency's statutory function to provide boarding facilities that promote national integration and unity among ethnically diverse students.,0
ERGP23226583,RENOVATION OF 2 UNITS VICE-PRINCIPAL 3 BEDROOMS STAFF QUARTERS,517026081,FSTC AWKA,,8400000.0,YES,HIGH,Renovating vice-principal staff quarters is essential for maintaining adequate housing for key administrative staff needed to effectively manage the college's science and technical education programs.,0
ERGP23226636,CONSTRUCTION OF 50KVA SOLAR LIGHT IN THE STUDENTS CLASSROOMS,517026081,FSTC AWKA,,21000000.0,YES,HIGH,Installing solar lighting in student classrooms directly supports the agency's core educational functions by providing essential infrastructure for science and technical education delivery.,0
ERGP12226932,"CONSTRUCTION OF ROAD AND DRAINAGE ,LAYING APHALT",517026082,FSTC JUBU-IMUSHIN,,70000000.0,PARTIAL,MEDIUM,"Road and drainage construction with asphalt laying could be justified as essential infrastructure to support the school's educational operations and ensure safe access for students and staff, though it's not directly related to the core STEM education mandate.",50
ERGP23191238,"CONSTRUCTION OF 1 BLK OF BOY,S HOSTEL",517026082,FSTC JUBU-IMUSHIN,,22457434.0,YES,HIGH,Construction of boys' hostel directly supports the agency's statutory function to provide boarding facilities that promote national unity among diverse students from across Nigeria.,0
ERGP23226784,CONSTRUCTION OF 2BLOCKS OF 3NOS 2BEDROOM FLAT,517026082,FSTC JUBU-IMUSHIN,,56000000.0,YES,HIGH,Construction of staff accommodation blocks directly supports the agency's mandate by providing essential housing for qualified science and technical teachers required to deliver STEM education at this federal unity school.,0
ERGP23226831,SUPPLY OF 2 LABORATORIES FURNITURES( PHYSIC AND CHEMISTRY),517026082,FSTC JUBU-IMUSHIN,,5950000.0,YES,HIGH,The supply of physics and chemistry laboratory furniture directly supports the agency's statutory function to maintain well-equipped science laboratories for providing science and technical secondary education.,0
ERGP23226851,PROVISIONS OF DINNING HAL TABLES AND BENCHES FURNITURES,517026082,FSTC JUBU-IMUSHIN,,6300000.0,YES,HIGH,Dining hall furniture is essential infrastructure for the boarding facilities that the college must maintain as a Federal Unity School providing residential education to promote national integration among diverse students.,0
ERGP23226870,PROVISION OF TEACHING AIDS AND INSTRUCTIONAL MATERIALS,517026082,FSTC JUBU-IMUSHIN,,2800000.0,YES,HIGH,"Provision of teaching aids and instructional materials directly supports the college's core mandate to provide science and technical secondary education, maintain well-equipped laboratories, deliver STEM-focused curriculum, and prepare students for examinations.",0
ERGP23226944,RENOVATION OF TWO (2) BLOCKS OF CLASSROOM,517026082,FSTC JUBU-IMUSHIN,,28000000.0,YES,HIGH,Renovating classroom blocks is essential infrastructure maintenance that directly supports the college's core mandate to provide JSS1-SS3 science and technical secondary education.,0
ERGP23226976,SUPPPLY OF CONSUMERABLES,517026082,FSTC JUBU-IMUSHIN,,4550000.0,YES,HIGH,"Supply of consumables is essential for operating science laboratories, technical workshops, and maintaining boarding facilities required for the college's STEM education mandate.",0
ERGP23227027,CONSTRUCTION OF 1 BLOCK OF FEMALE HOSTEL,517026082,FSTC JUBU-IMUSHIN,,46956027.0,YES,HIGH,Construction of female hostel directly supports the agency's statutory function to provide boarding facilities promoting national unity as a Federal Unity School.,0
ERGP23230571,CONSTRUCTION OF DRAINAGE PHASE 1,517026083,FSTC MICHIKA,,105525000.0,YES,HIGH,Construction of drainage is essential infrastructure that directly supports the school's core mandate to maintain educational operations in a conflict-affected region by ensuring proper water management and safe learning environment.,0
ERGP23230582,RENOVATION OF 1 BLOCK OF 6 CLASSROOMS,517026083,FSTC MICHIKA,,35000000.0,YES,HIGH,Renovating classrooms directly supports the agency's core mandate to provide JSS1-SS3 science and technical education and maintain educational standards despite challenging circumstances in the conflict-affected region.,0
ERGP23230595,CONSTRUCTION OF 2 BLOCKS OF 8 TOILETS,517026083,FSTC MICHIKA,,20650000.0,YES,HIGH,Construction of toilet blocks is essential infrastructure directly supporting the agency's mandate to provide boarding education and maintain operational facilities for students and staff at the federal science and technical college.,0
ERGP23230607,PROVISION OF CCTV CAMERA,517026083,FSTC MICHIKA,,20300000.0,YES,HIGH,CCTV cameras are essential security infrastructure that directly supports the agency's mandate to maintain educational operations and provide boarding with enhanced security protocols in this conflict-affected northeastern Nigerian region.,0
ERGP23230618,PROCUREMENT OF TRIACYCLE CARRIER,517026083,FSTC MICHIKA,,3150000.0,PARTIAL,MEDIUM,"While not directly educational, tricycle carriers could serve legitimate transportation needs for the school's operations, student mobility, or logistics support in the conflict-affected region, though the connection to the core educational mandate is indirect.",50
ERGP23230624,PROCUREMENT OF KITCHEN EQUPMENTS,517026083,FSTC MICHIKA,,7700000.0,YES,HIGH,Procurement of kitchen equipment is essential for the boarding school operations that provide meals for students who live on campus as part of the federal unity school system.,0
ERGP23230629,INSTALLATION OF SOLAR POWER IN GIRLS HOSTEL,517026083,FSTC MICHIKA,,7000000.0,YES,HIGH,Installing solar power in the girls hostel directly supports the agency's statutory function to provide boarding with enhanced security protocols and maintain educational operations despite challenging circumstances in the conflict-affected region.,0
ERGP23230642,CONSTRUCTION OF STUDIO APPARTMENTS,517026083,FSTC MICHIKA,,41858820.0,PARTIAL,MEDIUM,"Construction of studio apartments could serve as staff quarters for teachers willing to work in this conflict-affected region, which would support the agency's mandate to employ and retain educators despite security challenges, though it's not explicitly within their core educational functions.",50
ERGP23178486,"CONSTRUCTION OF NURSES, MATRON PORTERS AND HOUSE MASTERS QUARTERS",517026084,FSTC TUNGBO - YENAGOA,,65323000.0,YES,HIGH,"Construction of staff quarters for nurses, matrons, porters and house masters directly supports the agency's statutory function to provide boarding facilities and maintain Federal Unity School standards by ensuring adequate accommodation for essential residential staff.",0
ERGP23178487,CONSTRUCTION OF MULTI PURPOSE HALL,517026084,FSTC TUNGBO - YENAGOA,,101612774.0,YES,HIGH,"A multi-purpose hall is essential educational infrastructure that supports the college's mandate to provide comprehensive science and technical education, facilitate student assemblies, examinations, and various academic activities required for a federal unity school.",0
ERGP23192937,CONSTRUCTION OF1NO 6 CLASSROOM,517026084,FSTC TUNGBO - YENAGOA,,28013593.0,YES,HIGH,Construction of classrooms directly supports the agency's core mandate to provide JSS1-SS3 science and technical education by expanding essential educational infrastructure needed to deliver STEM-focused curriculum.,0
ERGP23192940,CONSTRUCTION OF1NO QUADRANGLE BOYS DORMITORY,517026084,FSTC TUNGBO - YENAGOA,,31158506.0,YES,HIGH,Construction of boys dormitory directly supports the agency's statutory function to provide boarding facilities that promote national integration and unity among students from diverse regions attending this federal unity school.,0
ERGP23225777,RECONSTRUCTION OF PERIMETER FENCE,517026084,FSTC TUNGBO - YENAGOA,,20686848.0,YES,HIGH,"Reconstructing the perimeter fence is essential for securing the boarding school facilities, protecting students and equipment including laboratories and workshops, which directly supports the college's mandate to provide safe science and technical education.",0
ERGP22227376,PURCHASE OF FIRE FIGHTER EQUIPMENTS,517026085,FSTC USI-EKITI,,7000000.0,YES,HIGH,"Fire fighter equipment is essential safety infrastructure required for protecting students, staff, and facilities including science laboratories and technical workshops where fire hazards are present in a boarding school environment.",0
ERGP23226899,CONSTRUCTION OF TWO BLOCKS OF 3 UNITS SELF CONTAINED FLAT,517026085,FSTC USI-EKITI,,35000000.0,YES,HIGH,Construction of residential accommodation falls within the agency's mandate to provide boarding facilities and maintain infrastructure necessary for delivering science and technical secondary education with boarding services that promote national integration.,0
ERGP23227055,"CONSTRUCTION OF PHYSICS, CHEMISTRY AND BIOLOGY LABORATORIES",517026085,FSTC USI-EKITI,,70000000.0,YES,HIGH,"The construction of Physics, Chemistry and Biology laboratories directly supports the agency's statutory function to maintain science laboratories for hands-on experimental learning and aligns with its core mandate to provide STEM-focused secondary education.",0
ERGP23227102,CONSTRUCTION OF FENCE WITH SECURITY FACILITIES IN GIRLS HOSTELS,517026085,FSTC USI-EKITI,,21000000.0,YES,HIGH,Construction of fence with security facilities in girls hostels directly supports the agency's statutory function to provide boarding facilities promoting national integration while ensuring student safety and security essential for effective residential education delivery.,0
ERGP23227186,CONSTRUCTION OF ROAD NETWORK AND EROSION CONTROL,517026085,FSTC USI-EKITI,,28000000.0,PARTIAL,MEDIUM,"While road construction and erosion control are not core educational functions, they may be necessary infrastructure improvements to support the college's operations and protect its facilities.",50
ERGP23227249,PROVISION OF ONE SOLAR POWER BOREHOLE,517026085,FSTC USI-EKITI,,7000000.0,YES,HIGH,Providing solar power borehole infrastructure directly supports the college's statutory function to maintain boarding facilities and operational infrastructure necessary for delivering science and technical education to students.,0
ERGP23227287,RENOVATION OF E-LIBRARY PHASE II,517026085,FSTC USI-EKITI,,80051749.0,YES,HIGH,Renovating an e-library directly supports the agency's mandate to provide enhanced STEM education through modern computer facilities and digital resources for science and technical learning.,0
ERGP23227338,"PROCUREMENT OF 5 BEDS, 5 MATRESSES, HOSPITAL WINDOW BLANK CULTINS, 20 MARKEEN TOUCH FOR SCHOOL CLINIC",517026085,FSTC USI-EKITI,,3500000.0,YES,HIGH,"The procurement of beds, mattresses, and medical supplies for the school clinic directly supports the agency's boarding facilities and student welfare responsibilities as part of providing comprehensive secondary education.",0
ERGP23169441,COMPLETION OF ABANDONED 2000 CAPACITY MULTIPURPOSE HALL INCLUDING FURNISHING,517026086,FTC IKARE,,15718284.0,YES,HIGH,"A multipurpose hall is essential educational infrastructure that directly supports the college's mandate to provide technical and vocational education by serving as venue for examinations, assemblies, workshops, and other academic activities required for operating a technical college.",0
ERGP23202125,RENOVATION OF SEVEN (7) CLASSROOMS,517026086,FTC IKARE,,10106576.0,YES,HIGH,Renovating classrooms is essential infrastructure maintenance that directly supports the agency's core mandate to provide technical and vocational secondary education.,0
ERGP23226487,REHABILITATION OF 1 BLOCK OF 6 CLASSROOMS WITH OFFICES AND TOILETS (JS3 BLOCK),517026086,FTC IKARE,,38500000.0,YES,HIGH,"Rehabilitating classrooms, offices and toilets directly supports the college's core mandate to provide technical and vocational secondary education by maintaining essential educational infrastructure for students and staff.",0
ERGP23226524,FURNISHING OF NEWLY CONSTRUCTED MULTIPURPOSE HALL,517026086,FTC IKARE,,31500000.0,YES,HIGH,"Furnishing a newly constructed multipurpose hall directly supports the college's mandate to provide technical and vocational education by creating proper facilities for instruction, student activities, and practical training programs.",0
ERGP23226564,RENOVATION OF 4NOS 3 BEDROOM FLATS (VICE PRINCIPALS QUARTERS),517026086,FTC IKARE,,28000000.0,YES,HIGH,Renovating vice principals' quarters is necessary infrastructure maintenance to ensure proper accommodation for senior academic staff essential to the college's operations and educational delivery.,0
ERGP23226738,CONSTRUCTION OF 0.5KM INTERNAL ROAD WITH DRAINAGE,517026086,FTC IKARE,,68098854.0,YES,HIGH,Construction of internal road with drainage is essential infrastructure development that directly supports the college's educational operations and improves access to workshops and facilities for technical training.,0
ERGP23226830,CONSTRUCTION OF 500 CAPACITY SPORTS PAVILLION,517026086,FTC IKARE,,59500000.0,PARTIAL,MEDIUM,"While sports facilities can support student welfare and physical development at an educational institution, constructing a 500-capacity sports pavilion is not directly aligned with FTC Ikare's core mandate of providing technical and vocational education through workshops and practical trade training.",50
ERGP23202003,CONSTRUCTION OF BLOCK OF 4 CLASSROOMS,517026087,FTC ILESA,,18424592.0,YES,HIGH,Construction of classrooms is essential infrastructure directly supporting the college's core mandate to provide technical and vocational secondary education.,0
ERGP23202009,RENOVATION OF EXISTING DINNING HALL,517026087,FTC ILESA,,14113366.0,YES,HIGH,Renovating the dining hall is essential infrastructure maintenance that directly supports the college's educational mission by providing proper facilities for student meals and welfare.,0
ERGP23202020,RENOVATION OF 4 NOS GIRLS HOSTEL,517026087,FTC ILESA,,94583635.0,YES,HIGH,Renovating girls' hostels is essential infrastructure that directly supports the college's mandate to provide technical and vocational secondary education by ensuring proper accommodation for female students.,0
ERGP23227576,PROCUREMENT OF LABORASTORY AND WORKSHOP CONSUMABLES,517026087,FTC ILESA,,21000000.0,YES,HIGH,"Laboratory and workshop consumables are essential for the college's core mandate of providing hands-on technical and vocational training in trades like carpentry, metalwork, electrical work, motor mechanics, and building construction.",0
ERGP23227628,RENOVATION OF2NOS BOYS HOSTEL,517026087,FTC ILESA,,91842465.0,YES,HIGH,Renovating boys' hostels directly supports the college's mandate to provide technical and vocational secondary education by maintaining essential student accommodation infrastructure.,0
ERGP23107177,COMPLETION OF CATERING CRAFT WORKSHOP,517026088,FTC JALINGO,,7741845.0,YES,HIGH,"Catering craft workshop completion directly supports the college's mandate to provide vocational skills training and technical education, as catering is a recognized technical trade that prepares students for practical careers.",0
ERGP23201963,PROCUREMENT OF ONE NUMBER OF UTILITY VEHICLE (HILUX),517026088,FTC JALINGO,,25690000.0,PARTIAL,MEDIUM,"While a utility vehicle could support the college's operations such as transporting equipment, materials for workshops, or staff mobility for technical programs, vehicle procurement is not directly aligned with the core educational mandate of providing technical and vocational training.",50
ERGP23226319,CONSTRUCTION OF ONE BLOCK OF 6 CLASS ROOMS WITH OFFICES AND TOILETS,517026088,FTC JALINGO,,73500000.0,YES,HIGH,Construction of classrooms with offices and toilets directly supports the agency's core mandate to provide technical and vocational secondary education by providing essential physical infrastructure needed for instruction and administration.,0
ERGP23226389,COSTRUCTION OF ONE BLOCK OF GIRLS HOSTELS WITH CAPACITY OF 200 STUDENTS,517026088,FTC JALINGO,,56000000.0,YES,HIGH,Construction of girls' hostels directly supports the college's core mandate by providing essential accommodation infrastructure that enables female students to access technical and vocational education at the institution.,0
ERGP23226433,PROCUREMENT OF PHOTOCOPIER MARCHINE,517026088,FTC JALINGO,,10500000.0,YES,HIGH,"A photocopier machine is essential administrative equipment needed for copying educational materials, technical manuals, examination papers, and administrative documents required for delivering technical and vocational education at the college.",0
ERGP23226462,PROCUREMENT OF 500 NUMBERS OF STUDENT CLASS FURNITURE,517026088,FTC JALINGO,,42000000.0,YES,HIGH,Student class furniture is essential infrastructure required for FTC Jalingo to fulfill its core mandate of providing technical and vocational secondary education to students in Taraba State.,0
ERGP23226527,RENOVATION AND RE--ENFORCEMENT OF E- LABRARY,517026088,FTC JALINGO,,14181019.0,PARTIAL,MEDIUM,"While an e-library supports educational activities, it is not directly aligned with the college's core mandate of providing hands-on technical and vocational training through workshops and practical skills development.",50
ERGP23226594,PROCUREMENT OF CATERING CRAFT WORKSHOP EQUIPMENTS,517026088,FTC JALINGO,,16450000.0,YES,HIGH,Catering craft workshop equipment directly supports the college's mandate to provide vocational skills training and practical hands-on education in technical trades.,0
ERGP23127859,REHABILITATION/RENOVATION OF 2NOS BLOCK OF 10 CLASROOMS,517026089,FTC KAFANCHAN,,20650000.0,YES,HIGH,Rehabilitating classroom blocks is essential infrastructure maintenance that directly supports the college's core mandate to provide technical and vocational secondary education.,0
ERGP23127870,CONSTRUCTION OF GIRLS' HOSTEL (300 STUDENTS CAPACITY),517026089,FTC KAFANCHAN,,35000000.0,YES,HIGH,Constructing a girls' hostel directly supports the college's mandate to provide comprehensive technical and vocational education by ensuring adequate residential facilities for female students to access technical training programs.,0
ERGP23171304,CONSTRUCTION OF MULTIPURPOSE HALL,517026089,FTC KAFANCHAN,,42000000.0,YES,HIGH,"Construction of a multipurpose hall directly supports the college's mandate to provide comprehensive technical and vocational education by creating essential infrastructure for student assemblies, examinations, workshops, and educational activities.",0
ERGP23171313,PROVISION OF INSTRUCTIONAL MATERIALS AND TECH/VOC. EQUIPMENT,517026089,FTC KAFANCHAN,,14000000.0,YES,HIGH,The provision of instructional materials and technical/vocational equipment directly supports the college's core mandate to provide comprehensive technical and vocational education through hands-on training in workshops and laboratories.,0
ERGP23190693,RENOVATION OF STUDENTS HOSTEL,517026089,FTC KAFANCHAN,,20930000.0,YES,HIGH,Renovating student hostels is essential infrastructure that directly supports the college's mandate to provide comprehensive technical and vocational secondary education by ensuring proper accommodation for students.,0
ERGP23190716,CONSTRUCTION OF FIRE STATION,517026089,FTC KAFANCHAN,,14630000.0,NO,HIGH,"Construction of a fire station is not within the mandate of a federal technical college that provides technical and vocational secondary education, as fire stations are emergency services infrastructure unrelated to educational activities.",100
ERGP23227124,REHABILITATION/RENOVATION OF COLLEGE CLINIC,517026089,FTC KAFANCHAN,,20930000.0,PARTIAL,MEDIUM,"While a college clinic supports student welfare and enables educational activities, healthcare provision is not explicitly listed among the agency's core technical and vocational education functions, though it may be necessary for maintaining a functional educational environment.",50
ERGP23227158,REHABILITATION/RENOVATION OF 1 NO BLOCK OF 12 TOILETS,517026089,FTC KAFANCHAN,,20300000.0,YES,HIGH,Rehabilitation of toilet facilities is essential infrastructure maintenance that directly supports the college's core mandate to provide technical and vocational education by ensuring proper sanitary facilities for students and staff.,0
ERGP23227187,REHABILITATION/RENOVATION OF PRINCIPAL QUARTERS,517026089,FTC KAFANCHAN,,20650000.0,YES,HIGH,"Rehabilitating the principal's quarters is essential for maintaining adequate housing for the college's chief administrator, which directly supports the institution's ability to provide continuous technical and vocational education services.",0
ERGP3171326,REHABILITATION/ RENOVATION OF 3 NOS BLOCK OF 4 FLATS STAFF QUARTERS,517026089,FTC KAFANCHAN,,42583764.0,YES,HIGH,Rehabilitating staff quarters is essential for housing qualified technical instructors and trade masters needed to deliver the college's technical and vocational education mandate.,0
ERGP23226726,CONSTRUCTION OF MULTIPURPOSE HALL,517026090,FTC LASSA,,84000000.0,YES,HIGH,"Construction of a multipurpose hall directly supports the college's mandate to provide technical and vocational education by creating essential infrastructure for student activities, assemblies, examinations, and practical training sessions.",0
ERGP23226733,CONSTRUCTION AND EQUIPPING OF BIOLOGY LABORATORY,517026090,FTC LASSA,,31500000.0,NO,HIGH,"Construction and equipping of a biology laboratory does not align with FTC Lassa's technical and vocational education mandate which focuses on engineering trades, carpentry, metalwork, electrical work, motor mechanics, and building construction rather than biological sciences.",100
ERGP23226737,CONSTRUCTION OF STANDARD SPORTING ARENA,517026090,FTC LASSA,,101261159.0,PARTIAL,MEDIUM,"While sports facilities are not part of the core technical education mandate, a sporting arena could serve as a legitimate student welfare facility supporting the overall educational environment of the technical college.",50
ERGP23226745,CONSTRUCTION AND EQUIPPING OF PHYSICS LABORATORY,517026090,FTC LASSA,,32900000.0,YES,HIGH,Physics laboratory construction and equipment directly supports the technical and vocational education mandate by providing essential infrastructure for teaching fundamental scientific principles underlying engineering trades and technical skills.,0
ERGP23150600,CONSTRUCTION OF 1 NO STOREY BUILDING BOYS'HOSTEL,517026091,FTC OHANSO,,24426473.0,YES,HIGH,Construction of a boys' hostel directly supports the college's mandate to provide technical and vocational secondary education by providing essential accommodation infrastructure for students.,0
ERGP23150605,CONSTRUCTION OF 1014M PERIMETER FENCE,517026091,FTC OHANSO,,21911074.0,YES,HIGH,"Construction of perimeter fencing is essential infrastructure that provides security and proper boundaries for the technical college campus, directly supporting the institution's ability to safely deliver technical and vocational education.",0
ERGP23201940,LANDSCAPPING AND BEAUTIFICATION OF COLLEGE PREMISES PHASE 3,517026091,FTC OHANSO,,70429454.0,PARTIAL,MEDIUM,"While landscaping and beautification is not a core educational function, maintaining attractive college premises can support the learning environment and potentially provide practical training opportunities in construction and landscaping trades.",50
ERGP23201953,CONSTRUCTION OF 1 NO 2 WINGS ICT LABORATORY,517026091,FTC OHANSO,,90882578.0,YES,HIGH,"Construction of ICT laboratory wings directly supports the agency's mandate to provide technical and vocational education, particularly in electronics and modern technical skills training.",0
ERGP23224658,PROCUREMENT AND INSTALLATION OF 20KVA HYBRID SOLAR INVERTER WITH SOLAR PANNELS,517026091,FTC OHANSO,,21573253.0,YES,HIGH,"Procurement and installation of solar power infrastructure directly supports the agency's mandate to maintain workshop equipment and provide practical technical education, including electrical installation training which requires reliable power supply for workshops and laboratories.",0
ERGP23224664,PROCUREMENT OF INSTRUCTIONAL MATERIALS,517026091,FTC OHANSO,,11900000.0,YES,HIGH,Procurement of instructional materials directly supports the agency's core mandate to provide technical and vocational secondary education and deliver practical vocational training across various trades.,0
ERGP23224469,RENOVATION OF 6 NOS CLASSROOMS,517026092,FTC OROZO,,33600000.0,YES,HIGH,Renovating classrooms directly supports the agency's core mandate to provide technical and vocational secondary education by maintaining essential educational infrastructure.,0
ERGP23224511,RENOVATION OF 1 BLOCK OF REPUBLIC HOSTEL,517026092,FTC OROZO,,29400000.0,YES,HIGH,Renovating student hostel accommodation directly supports the agency's core mandate of providing technical and vocational secondary education by ensuring proper residential facilities for students.,0
ERGP23224515,RENOVATION OF 1 BLOCK OF INDEPENDENT HOSTEL,517026092,FTC OROZO,,33950000.0,YES,HIGH,Renovating student hostels directly supports the college's core educational mandate by providing essential accommodation infrastructure needed for technical and vocational education delivery.,0
ERGP23224520,PROCUREMENT OF CLASSROOM FURNITURE,517026092,FTC OROZO,,13650000.0,YES,HIGH,Procurement of classroom furniture directly supports the agency's core mandate to provide technical and vocational secondary education by ensuring proper learning environments for students.,0
ERGP23224524,RECONSTRUCTION OF COLLAPSED PORTION OF THE COLLEGE PERIMETER FENCE,517026092,FTC OROZO,,19600000.0,YES,HIGH,Reconstructing collapsed perimeter fencing is essential infrastructure maintenance that directly supports the college's core educational mandate by ensuring campus security and proper facility operations for technical education delivery.,0
ERGP23224533,CONSTRUCTION OF INTERLOCKING WALKWAYS IN THE COLLGE,517026092,FTC OROZO,,20650000.0,YES,HIGH,"Construction of interlocking walkways directly supports the college's educational infrastructure needs and provides practical learning opportunities for students in building construction, masonry, and related technical trades.",0
ERGP23224536,RENOVATION AND EXPANSION OF COLLEGE CENTRAL TOILET,517026092,FTC OROZO,,20650000.0,YES,HIGH,Renovating and expanding central toilet facilities is essential infrastructure maintenance that directly supports the college's core mandate of providing technical and vocational secondary education by ensuring adequate sanitation facilities for students and staff.,0
ERGP23224540,PROCUREMENT OF INSTRUCTIONAL MATERIALS,517026092,FTC OROZO,,20300000.0,YES,HIGH,Procurement of instructional materials directly supports the agency's core mandate to provide technical and vocational secondary education and deliver practical hands-on training in various trades.,0
ERGP23224546,PROCUREMENT OF SOLAR POWERED ELECTRICITY IN THE COLLEGE,517026092,FTC OROZO,,17500000.0,YES,HIGH,"Procuring solar powered electricity directly supports the college's mandate to maintain comprehensive workshop equipment and machinery for technical training, while also providing practical learning opportunities in electrical installation and renewable energy systems.",0
ERGP23224555,PROCUREMENT OF 1 NO SOLAR POWERED BOREHOLE FOR TRHE COLLGE,517026092,FTC OROZO,,10973939.0,YES,HIGH,"Procurement of a solar powered borehole provides essential water infrastructure for the college's educational operations and workshops, which directly supports the agency's core mandate to provide technical and vocational education.",0
ERGP23225186,PROCUREMENT OF DINING HALL FURNITURE,517026092,FTC OROZO,,20300000.0,YES,HIGH,"Procurement of dining hall furniture is essential for providing student meals and boarding facilities, which are necessary support services for a technical college providing residential secondary education.",0
ERGP23225819,RENOVATION OF 2NO. BLOCKS OF DINNING HALL (NEW),517026093,FTC OTOBI,,31661669.0,YES,HIGH,Renovating dining hall blocks is essential infrastructure maintenance that directly supports the college's core function of providing residential technical and vocational education to students.,0
ERGP23225832,PURCHASE OF TEACHING/LEARNING AIDS EQUIPMENT,517026093,FTC OTOBI,,7000000.0,YES,HIGH,Teaching and learning aids equipment is essential for FTC Otobi to fulfill its core mandate of providing technical and vocational secondary education through practical hands-on training in various trades and skills.,0
ERGP23225868,OVERLAYING OF 1KM INTERNAL ROAD NETWORK/LANDSCAPING,517026093,FTC OTOBI,,56000000.0,YES,HIGH,"Overlaying internal roads and landscaping directly supports the college's educational infrastructure needs for providing technical and vocational training, ensuring safe access to workshops and facilities essential for hands-on learning.",0
ERGP23225883,RENOVATION OF 1NO BLOCK OF FOUR (4) CLASSROOMS (BUSINESS STUDIES/PHE),517026093,FTC OTOBI,,10500000.0,YES,HIGH,Renovating classrooms for Business Studies directly supports the agency's statutory function to provide technical and vocational secondary education including business studies programs.,0
ERGP27225752,REHABILITATION/REPAIR OF 6 UNITS OF 2BEDROOMS FLAT STAFF QUARTERS,517026093,FTC OTOBI,,126000000.0,YES,HIGH,Rehabilitating staff quarters directly supports the agency's mandate by providing essential housing for qualified technical instructors and trade masters required to deliver vocational education programs.,0
ERGP23192115,OVERLAYING OF THE ENTRANCE 2KM ROAD TO ADMINISTRATIVE BLOCK,517026094,FTC OTUPKO,,32014752.0,YES,HIGH,"Overlaying the entrance road to the administrative block is essential infrastructure maintenance that directly supports the college's core educational operations and ensures proper access for students, staff, and equipment delivery to workshops and facilities.",0
ERGP23202311,RENOVATION OF 1NO BLOCK OF BOYS HOSTEL,517026094,FTC OTUPKO,,13632892.0,YES,HIGH,Renovating boys' hostel facilities directly supports the college's core mandate of providing technical and vocational secondary education by maintaining essential student accommodation infrastructure.,0
ERGP23226374,PURCHASE OF LABORATORY/WORKSHOP CONSUMABLES,517026094,FTC OTUPKO,,12600000.0,YES,HIGH,"The purchase of laboratory/workshop consumables directly supports the college's core mandate to provide hands-on technical and vocational training through comprehensive workshops for trades like carpentry, metalwork, electrical work, motor mechanics, building construction, and welding.",0
ERGP23226575,RENOVATION OF ONE BLOCK OF BOYS HOSTEL NIGER HOUSE JUNIOR,517026094,FTC OTUPKO,,20300000.0,YES,HIGH,Renovating student accommodation facilities directly supports the college's core mandate of providing technical and vocational secondary education by ensuring proper housing for students.,0
ERGP23226663,PURCHASE OF LABORATORY STOOLS,517026094,FTC OTUPKO,,13300000.0,YES,HIGH,Laboratory stools are essential furniture for technical workshops and practical training facilities that support the college's core mandate of providing hands-on vocational education in various trades.,0
ERGP23226713,RENOVATION OF OLD ADMIN BLOCK,517026094,FTC OTUPKO,,19600000.0,YES,HIGH,"Renovating the old administrative block is essential infrastructure maintenance that directly supports the college's core mandate to provide technical and vocational secondary education by ensuring proper administrative facilities for student services, staff operations, and institutional management.",0
ERGP23226856,WATER PROJECT/DRAWING OF WATER FROM THE DAM,517026094,FTC OTUPKO,,114320868.0,PARTIAL,MEDIUM,"While water infrastructure could support the college's workshop facilities and student needs, a water project from a dam appears to extend beyond the core educational mandate and may represent infrastructure development outside typical technical college responsibilities.",50
ERGP23226916,RENOVATION OF COLLEGE CLINIC,517026094,FTC OTUPKO,,15400000.0,PARTIAL,MEDIUM,"While renovating a college clinic supports student welfare and educational operations, it falls outside the core mandate of providing technical and vocational education, though it serves as necessary supporting infrastructure for the college's primary educational functions.",50
ERGP23169647,CONSTRUCTION OF 2 BLOCK OF BOY'S HOSTEL OF 6 ROOMS WITH BUNKS AND TOILET FACTILITIES,517026095,FTC SHIRORO,,23001803.0,YES,HIGH,Construction of boys' hostel facilities directly supports the college's core mandate of providing technical and vocational secondary education by providing essential accommodation infrastructure for students.,0
ERGP23191747,"CONSTRUCTION AND EQUIPPING OF 1 STOREY BUILDING TECHNICAL WORKSHOPS
",517026095,FTC SHIRORO,,12301578.0,YES,HIGH,"Construction and equipping of technical workshops directly supports the agency's core mandate to provide practical vocational training and maintain workshop facilities for trades like electrical installation, metalwork, carpentry, and motor mechanics.",0
ERGP23225483,"PROVISION OF MEDICAL EQUIPMENT AND FURNITURE IN THE COLLEGE CLINIC
",517026095,FTC SHIRORO,,10640000.0,PARTIAL,MEDIUM,"While providing medical equipment for a college clinic supports student welfare which is necessary for educational operations, it is not directly related to the agency's core mandate of technical and vocational education delivery.",50
ERGP23225492,"RENOVATION OF TWO BLOCKS OF THREE(3) CLASSROOMS EACH
",517026095,FTC SHIRORO,,49245000.0,YES,HIGH,Renovating classroom blocks directly supports the college's core mandate to provide technical and vocational secondary education by maintaining essential educational infrastructure.,0
ERGP23225512,"PROVISION AND INSTALLATION OF CCTV, METAL DETECTOR AND OTHER SECURITY GADGETS",517026095,FTC SHIRORO,,42606102.0,PARTIAL,MEDIUM,"While security equipment is not explicitly within the college's educational mandate, CCTV and security systems installation could relate to the electrical/electronics training programs and provide practical learning opportunities for students studying electrical installation and power systems.",50
ERGP23225530,"BEAUTIFICATION AND LANDSCAPING OF THE COLLEGE PREMISES AND WALKWAY
",517026095,FTC SHIRORO,,52749577.0,PARTIAL,MEDIUM,"While beautification and landscaping are not core educational functions, maintaining attractive college premises supports the learning environment and can be part of reasonable facility maintenance for a technical education institution.",50
ERGP23225546,PROCUREMENT OF TECHNICAL TEACHING EQUIPMENT,517026095,FTC SHIRORO,,14420000.0,YES,HIGH,"Procurement of technical teaching equipment directly supports the college's core mandate to provide technical and vocational education through hands-on training in workshops for electrical, mechanical, and other technical trades.",0
ERGP23225556,PROVISION OF 150 NOS. OF CLASSROOM FURNITURE,517026095,FTC SHIRORO,,10500000.0,YES,HIGH,Classroom furniture is essential infrastructure needed for the college to deliver its core mandate of providing technical and vocational secondary education to students.,0
ERGP23225574,REHABILITAION OF GIRLS HOTELS,517026095,FTC SHIRORO,,24500000.0,YES,HIGH,Rehabilitation of girls' hostels directly supports the college's mandate to provide technical and vocational secondary education by ensuring adequate accommodation facilities for female students.,0
ERGP23192128,CONSTRUCTION OF ADMIN BLOCK,517026096,FTC UROMI,,24500000.0,YES,HIGH,Construction of an administrative block is essential infrastructure needed for the college to effectively manage and deliver its technical and vocational education mandate.,0
ERGP23192129,CONSTRUCTION OF EXAMINATION HALL,517026096,FTC UROMI,,70000000.0,YES,HIGH,Construction of an examination hall directly supports the college's mandate to prepare students for NABTEB and WAEC/NECO technical examinations and provide technical education facilities.,0
ERGP23192130,RENOVATION OF 1 BLOCK OF CLASSROOM,517026096,FTC UROMI,,42000000.0,YES,HIGH,Renovating classroom blocks is essential infrastructure maintenance that directly supports the college's core mandate to provide technical and vocational secondary education.,0
ERGP23192132,RENOVATION OF SENIOR BOYS HOSTEL,517026096,FTC UROMI,,21000000.0,YES,HIGH,Renovating senior boys hostel directly supports the college's core educational mandate by maintaining essential student accommodation infrastructure necessary for providing technical and vocational secondary education.,0
ERGP23192135,CONSTRUCTION OF 4 BLOCKS OF STAFF QUATERS,517026096,FTC UROMI,,19740000.0,YES,HIGH,Construction of staff quarters directly supports the agency's mandate by providing accommodation for qualified technical instructors needed to deliver technical and vocational education at the college.,0
ERGP23192136,REHABILITATTION OF ROAD NETWORK,517026096,FTC UROMI,,35053935.0,NO,HIGH,Road network rehabilitation is infrastructure development outside the scope of a technical college whose mandate is limited to providing technical and vocational secondary education through classroom instruction and workshop training.,100
ERGP23226129,SOLAR BOREHOLE,517026096,FTC UROMI,,14280000.0,PARTIAL,MEDIUM,"While solar borehole installation is not directly part of technical education curriculum, it provides essential water infrastructure supporting the college's educational operations and could serve as a practical learning resource for electrical and construction trades training.",50
ERGP23226234,RENOVATION OF LABORATORY,517026096,FTC UROMI,,14000000.0,YES,HIGH,Renovating laboratories directly supports the college's mandate to provide technical and vocational education by maintaining essential facilities for practical training in engineering trades and technical skills.,0
ERGP23149832,"CONSTRUCTION OF COMMON STAFFROOM OF 150 SITTING CAPACITY
",517026097,FTC UYO,,20650000.0,YES,HIGH,Construction of a common staffroom directly supports the agency's statutory function to employ qualified technical instructors by providing necessary workspace infrastructure for faculty who deliver technical and vocational education.,0
ERGP23169526,"CONSTRUCTION OF ONE STOREY BUILDING OF 260 CAPACITY HOSTEL
",517026097,FTC UYO,,63000000.0,YES,HIGH,Construction of student hostel facilities directly supports the college's mandate to provide technical and vocational secondary education by ensuring adequate accommodation for students attending the institution.,0
ERGP23226693,"RENOVATION OF PRINCIPAL QUARTER
",517026097,FTC UYO,,24500000.0,YES,HIGH,"Renovating the principal's quarters is necessary for maintaining adequate housing for school leadership, which supports the college's educational operations and staff retention.",0
ERGP23226799,"PURCHASE OF 40NOS ALL IN ONE DESKTOP COMPUTER SYSTEM
",517026097,FTC UYO,,13993000.0,YES,HIGH,"Desktop computers are essential educational equipment for modern technical and vocational education, supporting computer-based learning, digital skills training, and administrative functions required for the college's core mandate of providing technical education.",0
ERGP23226826,"REROOFING CEILING AND TILING OF DINING HALL
",517026097,FTC UYO,,52500000.0,YES,HIGH,"Reroofing, ceiling work, and tiling of the dining hall is essential infrastructure maintenance that directly supports the college's core mandate to provide technical and vocational education by ensuring proper facilities for student welfare and institutional operations.",0
ERGP23226874,PURCHASE OF SCIENCE LABORATORY AND TECHNICAL TRADE DEPARTMENT PRACTICALS MATERIALS AND CONSUMABLES FOR INTERNAL AND EXTERNAL,517026097,FTC UYO,,4200000.0,YES,HIGH,The purchase of science laboratory and technical trade department practical materials and consumables directly supports the college's core mandate to provide technical and vocational education with hands-on practical training in various trades and technical skills.,0
ERGP23226917,CONSTRUCTION OF SOLAR BOREHOLE AND WATER RECTICULATION IN THE COMMON STAFF ROOM,517026097,FTC UYO,,20986000.0,PARTIAL,MEDIUM,"While providing water infrastructure for staff facilities supports the college's operations, constructing solar boreholes and water reticulation systems is not directly related to the core mandate of providing technical and vocational education to students.",50
ERGP23226958,"PURCHASE OF 10NOS LASERJET COMPUTER PRINTERS AND 8NOS SCANNERS
",517026097,FTC UYO,,9100000.0,YES,HIGH,"Computer printers and scanners are essential administrative equipment needed for educational documentation, student records, examination materials, and general operations of a technical college.",0
ERGP23226998,"RENOVATION OF 3 BEDROOM BUNGALOW
",517026097,FTC UYO,,28622789.0,PARTIAL,MEDIUM,"While renovating a 3 bedroom bungalow could provide staff accommodation to support the college's operations, it is not directly related to the core educational mandate of providing technical and vocational training to students.",50
ERGP23227038,CONSTRUCTION AND INSTALLATION OF ALLUMIUM WINDOWS BURGLARLY PROOF AND PAINTING,517026097,FTC UYO,,14000000.0,YES,HIGH,Construction and installation of aluminum windows with burglar proofing and painting is essential infrastructure maintenance that directly supports the college's mandate to maintain proper facilities for delivering technical and vocational education.,0
ERGP23128117,REHABILITATION / RENOVATION OF 120 CLASSROOMS,517026098,FTC YABA,,16462864.0,YES,HIGH,Rehabilitating and renovating classrooms is essential infrastructure maintenance that directly supports the college's core mandate to provide technical and vocational secondary education and maintain proper educational facilities.,0
ERGP23226750,PURCHASE OF UTILITY VEHICLE,517026098,FTC YABA,,56000000.0,YES,HIGH,"A utility vehicle is necessary for the college's operational needs including transportation of workshop materials, equipment maintenance, student field trips to technical sites, and general administrative functions that support the delivery of technical education.",0
ERGP24226735,RENOVATION AND RE-ROOFING OF THE COLLEGE STORE,517026098,FTC YABA,,14000000.0,YES,HIGH,"Renovating and re-roofing the college store is essential infrastructure maintenance that directly supports the college's mandate to maintain proper facilities for storing equipment, materials, and supplies needed for technical and vocational education programs.",0
ERGP3169722,RENOVATION OF 3NOS HOSTEL,517026098,FTC YABA,,19600000.0,YES,HIGH,Renovating hostels directly supports the college's mandate to provide technical and vocational secondary education by ensuring adequate residential facilities for students attending the federal technical college.,0
"ERGP3202846
RENOVATION /REMODELLING OF JSS 3 (OVEN) BLOCK",,517026098,FTC YABA,,140000000.0,NO,HIGH,"The budget line item is ""nan"" which represents missing or invalid data and cannot be evaluated for alignment with any agency mandate.",100
ERGP23169804,"CONSTRUCTION OF 2KM ROAD NETWORK,STREET LIGHT AND DRAINAGE",517026099,FTC ZURU,,37800000.0,PARTIAL,MEDIUM,"While road network, street lighting and drainage construction could support the college's infrastructure needs for student access and campus operations, it falls outside the core educational mandate of providing technical and vocational training.",50
ERGP23169962,CONTRUCTION OF 10NOS 1 BEDROOM FLAT FOR TEACHING STAFF,517026099,FTC ZURU,,31024910.0,YES,HIGH,Constructing staff accommodation directly supports the agency's mandate by helping attract and retain qualified technical instructors needed to deliver technical and vocational education programs.,0
ERGP23202894,CONSTRUCTION OF 150 CAPACITY BOY'S HOSTEL,517026099,FTC ZURU,,28826000.0,YES,HIGH,Constructing a boy's hostel directly supports the college's mandate to provide technical and vocational secondary education by providing essential residential accommodation for students attending the federal technical college.,0
ERGP23230067,PROVISION OF MOTORIZED SOLAR POWERED BOREHOLES,517026099,FTC ZURU,,17370524.0,PARTIAL,MEDIUM,"While solar-powered boreholes relate to agricultural water systems and irrigation technology that aligns with the college's agricultural mechanization training mandate, the provision of actual infrastructure goes beyond the core educational function of teaching these technical skills.",50
ERGP23230090,ELECTRIFICATION OF PERMANENT SITE FIRST PHASE,517026099,FTC ZURU,,24557754.0,YES,HIGH,"Electrification of the permanent site is essential infrastructure directly supporting the college's mandate to provide technical and vocational education, particularly for electrical installation training and workshop operations.",0
ERGP23230104,REROOFING AND RENOVATION OF 3 BLOCKS OF CLASSROOM,517026099,FTC ZURU,,33314480.0,YES,HIGH,Reroofing and renovating classroom blocks is essential infrastructure maintenance required for FTC Zuru to fulfill its core mandate of providing technical and vocational secondary education.,0
ERGP23230114,CONSTRUCTION OF MODERN COLLEGE STORE,517026099,FTC ZURU,,5600000.0,YES,HIGH,"Construction of a modern college store directly supports the college's core educational mandate by providing proper storage facilities for workshop equipment, agricultural machinery, teaching materials, and supplies essential for delivering technical and vocational education.",0
ERGP23230123,CONSTRUCTION OF 6 NOS 3 BEDROOM FLATS FIRST PHASE,517026099,FTC ZURU,,35700000.0,YES,HIGH,Construction of staff accommodation falls within the agency's mandate as it supports the employment of qualified technical instructors and ensures adequate housing for personnel delivering technical education services.,0
ERGP23230162,CONSTRUCTION OF 5NOS 2 BEDROOM FLATS FIRST PHASE,517026099,FTC ZURU,,28378000.0,YES,HIGH,Construction of staff accommodation directly supports the agency's mandate by providing housing to attract and retain qualified technical instructors needed to deliver technical and vocational education programs.,0
ERGP23230212,PROVISION OF FURNITURES TO THE COLLEGE LABORATORIES,517026099,FTC ZURU,,5040000.0,YES,HIGH,"Providing furniture to college laboratories directly supports the agency's mandate to maintain workshop facilities and provide practical technical education in engineering trades, agricultural mechanization, and vocational skills.",0
ERGP23230225,PROVISION OF CCTV IN THE STRATEGIC LOCATIONS IN THE COLLEGE,517026099,FTC ZURU,,4550000.0,PARTIAL,MEDIUM,"While CCTV installation for security purposes supports the college's operational needs and student safety, it is not directly related to the core mandate of providing technical and vocational education or any of the specific statutory functions focused on technical training and agricultural mechanization.",50
ERGP23169445,"RENOVATION AND EQUIPPING OF ICT BLOCK (ANNEX CAMPUS)
",517026100,KING'S COLLEGE,,1400000.0,YES,HIGH,"Renovating and equipping an ICT block directly supports the agency's mandate to provide quality secondary education, maintain academic excellence, and address infrastructure needs in historic buildings.",0
ERGP23191563,"RENOVATION AND FURNISHING OF PRINCIPALS QUARTER AND GUEST HOUSE
",517026100,KING'S COLLEGE,,2759448.0,YES,HIGH,Renovating the principal's quarters and guest house directly supports the school's residential boarding operations and administrative functions necessary for maintaining the federal unity school's educational mission.,0
ERGP23201457,"INSTALLATION OF SOLAR LIGHT
",517026100,KING'S COLLEGE,,140938505.0,YES,HIGH,Installing solar lighting directly supports the agency's mandate to maintain and improve educational infrastructure for boarding students while addressing the identified challenge of aging infrastructure in the historic institution.,0
ERGP23201464,"RENOVATION OF CHEVRON HOSTEL
",517026100,KING'S COLLEGE,,1820000.0,YES,HIGH,Renovating student hostels directly supports the agency's statutory function to provide boarding education promoting national integration and addresses infrastructure needs in historic buildings as mandated.,0
ERGP23201467,"RENOVATION OF JUNIOR STAFF QUARTERS
",517026100,KING'S COLLEGE,,3472000.0,YES,HIGH,"Renovating junior staff quarters is essential for maintaining adequate accommodation for school support staff, which directly supports the agency's function of employing qualified personnel and maintaining the boarding school operations necessary for delivering quality secondary education.",0
ERGP23224630,"REROOFING OF ABUJA HOSTEL
",517026100,KING'S COLLEGE,,28000000.0,NO,HIGH,"King's College is located on Lagos Island, Lagos State, and this budget item for reroofing of Abuja Hostel appears to be for a facility in Abuja, which is outside the school's geographical mandate and operations.",100
ERGP23224670,"RENOVATION OF STAFF/NYSC QUARTERS
",517026100,KING'S COLLEGE,,24500000.0,YES,HIGH,Renovating staff and NYSC quarters directly supports the agency's mandate to employ qualified teachers and maintain educational standards by providing adequate accommodation for teaching personnel.,0
ERGP23225862,"LANDSCAPING/INTERLOCKING OF HOSTEL AREAS IN ANNEX CAMPUS
",517026100,KING'S COLLEGE,,47600000.0,YES,HIGH,Landscaping and interlocking of hostel areas directly supports the agency's mandate to provide boarding education and maintain proper infrastructure for students' accommodation and welfare as a federal unity school.,0
ERGP23233375,"PURCHASE OF LAPTOPS AND OTHER OFFICE EQUIPMENTS FOR BURSARY DEPARTMENT
",517026100,KING'S COLLEGE,,6097848.0,YES,HIGH,"Purchasing laptops and office equipment for the bursary department directly supports the school's administrative operations necessary for managing student finances, fees, and educational resources required to fulfill its core mandate of providing quality secondary education.",0
ERGP23128150,CONSTRUCTION OF 1 NO EXAMINATION HALL,517026103,"FSTC,DOMA",,8400000.0,YES,HIGH,Construction of an examination hall directly supports the college's statutory function to prepare students for WAEC and NECO examinations and maintain Federal Unity School standards for delivering quality science and technical education.,0
ERGP23128156,CONSTRUCTION OF 1NO ADMINISTRATIVE BLOCK,517026103,"FSTC,DOMA",,10500000.0,YES,HIGH,Construction of an administrative block is essential infrastructure that directly supports the college's mandate to provide science and technical secondary education and maintain Federal Unity School standards.,0
ERGP23152598,CONSTRUCTION OF 1N0 2 STORY BUILDING FOR VICE PRINCIPALS,517026103,"FSTC,DOMA",,17500000.0,YES,HIGH,Construction of administrative facilities for vice principals directly supports the agency's mandate to maintain Federal Unity School standards and provide proper administrative infrastructure for delivering quality science and technical secondary education.,0
ERGP23171729,CONSTRUCTION OF MODERN DINING HALL AND KITCHEN,517026103,"FSTC,DOMA",,17500000.0,YES,HIGH,Construction of modern dining hall and kitchen is essential infrastructure for the boarding school operations that promote national unity and support the residential education model fundamental to Federal Unity Schools.,0
ERGP23171730,CONSTRUCTION OF RADIO AND TELEVISION WORKSHOP,517026103,"FSTC,DOMA",,14000000.0,YES,HIGH,Construction of radio and television workshop directly supports the college's statutory function to provide technical workshops for vocational training and practical technical education in STEM fields.,0
ERGP23178480,CONSTRUCTION OF WELDING AND FABRICATION WORKSHOP,517026103,"FSTC,DOMA",,7000000.0,YES,HIGH,Construction of welding and fabrication workshop directly supports the college's statutory function to provide technical workshops for vocational training and practical technical education as part of its STEM-focused secondary education mandate.,0
ERGP23202321,LANDSCAPING OF THE COLLEGE,517026103,"FSTC,DOMA",,14000000.0,YES,HIGH,Landscaping of the college falls within the agency's mandate to maintain Federal Unity School standards and provide appropriate educational facilities for boarding students.,0
ERGP23202405,CONSTRUCTION OF 1 NO. 2 UNITS JUNIOR STAFF QUARTERS,517026103,"FSTC,DOMA",,8400000.0,YES,HIGH,Construction of junior staff quarters is essential infrastructure to accommodate support staff needed for the boarding school operations and maintenance of the federal unity school facilities.,0
ERGP23230053,CONSTRUCTION OF PAVILLION,517026103,"FSTC,DOMA",,22750000.0,PARTIAL,MEDIUM,"A pavilion could support educational activities like assemblies, ceremonies, or outdoor technical demonstrations at the science and technical college, but without specific details about its educational purpose, the alignment is uncertain.",50
ERGP23230063,REHABILITATION/OVERHAUL OF TWO HILUX VAN AND A BUS,517026103,"FSTC,DOMA",,14000000.0,YES,HIGH,"Vehicle rehabilitation is necessary for the school's transportation needs including student activities, administrative functions, and maintaining boarding school operations that support the college's educational mandate.",0
ERGP23230076,PROCUREMENT OF TEACHING MATERIALS,517026103,"FSTC,DOMA",,3500000.0,YES,HIGH,Procurement of teaching materials directly supports the college's core mandate to provide science and technical secondary education and deliver the federal STEM curriculum.,0
ERGP23230081,PROCUREMENT OF SPORT EQUIPMENT,517026103,"FSTC,DOMA",,3500000.0,PARTIAL,MEDIUM,"While sports equipment procurement supports student physical development and boarding school operations, it is not directly aligned with the agency's core mandate of providing science and technical education emphasizing STEM skills.",50
ERGP23230086,FURNISHING OF OFFICES,517026103,"FSTC,DOMA",,7000000.0,YES,HIGH,"Office furnishing is necessary for administrative functions that support the college's delivery of science and technical secondary education, including spaces for teachers, administrators, and staff who manage the educational programs.",0
ERGP23230216,CONSTRUCTION OF 1KM ROAD,517026103,"FSTC,DOMA",,22750000.0,PARTIAL,MEDIUM,"Road construction could be justified as essential infrastructure to improve student and staff access to the school, though it's not a core educational function and may require coordination with appropriate road construction agencies.",50
ERGP23230219,CONSTRUCTION OF BAKERY,517026103,"FSTC,DOMA",,10500000.0,PARTIAL,MEDIUM,"While not explicitly within the core academic mandate, a bakery could serve vocational training purposes for technical skills development and support the boarding facility's food services requirements.",50
ERGP23230228,PROCUREMENT OF OFFICE EQUIPMENT,517026103,"FSTC,DOMA",,12262864.0,YES,HIGH,Office equipment is essential for the administrative operations required to deliver secondary education services and manage the school's statutory functions.,0
ERGP23233677,CONSTRUCTION OF 3 NOS JUNIOR STAFF QUARTERS,517026103,"FSTC,DOMA",,52500000.0,YES,HIGH,Construction of junior staff quarters directly supports the agency's mandate to maintain Federal Unity School standards and employ qualified science and technical teachers by providing necessary accommodation infrastructure for staff.,0
ERGP23226552,"CONSTRUCTION OF 2,000 METERS (2KMS) ROAD NETWORK WITH DRAINAGES FACILITY
",517026104,FSTC DAYI,,115072705.0,PARTIAL,MEDIUM,"While road construction with drainage is not explicitly part of FSTC Dayi's educational mandate, it could be considered necessary infrastructure to support access to the school and proper functioning of the educational facility.",50
ERGP23226587,"COMPLETION OF 1NO BLOCK OF 2 HOUSES FOR HOUSE STAFF QUARTERS
",517026104,FSTC DAYI,,10412500.0,YES,HIGH,Providing staff quarters is essential infrastructure that enables the college to attract and retain qualified science and technical teachers required to fulfill its STEM education mandate.,0
ERGP23226639,"COMPLETION OF 2NOS. BLOCK OF BOYS HOSTEL.
",517026104,FSTC DAYI,,17146654.0,YES,HIGH,Completing boys hostel blocks directly supports the agency's statutory function to provide boarding facilities that promote national integration and maintain Federal Unity School standards for diverse students.,0
ERGP23226674,PROCUREMENT OF LABORATORY CONSUMABLES EQUIPMENTSFOR ROBOTICS AND MISSION KITD,517026104,FSTC DAYI,,3500000.0,YES,HIGH,"Procurement of laboratory consumables and equipment for robotics aligns directly with the agency's mandate to provide STEM education, maintain science laboratories for practical learning, and foster innovation and technical skills development.",0
ERGP23226705,PROVISION AND INSTALLATION OF SOLAR LIGTH IN ADMIN. BLOCK AND STREET LIGTHS,517026104,FSTC DAYI,,17500000.0,YES,HIGH,Installing solar lights in the administrative block and street lights is essential infrastructure that directly supports the college's educational operations and maintains safe boarding facilities for students.,0
ERGP23226732,"RENOVATION OF 1NO BLOCK OF GIRLS HOSTEL
",517026104,FSTC DAYI,,13300000.0,YES,HIGH,Renovating girls' hostel facilities directly supports the agency's statutory function to provide boarding that promotes national integration and maintains Federal Unity School standards for diverse students.,0
ERGP23226758,"RENOVATION OF 1NO BLOCK OF BOYS HOSTEL
",517026104,FSTC DAYI,,12600000.0,YES,HIGH,Renovating boys hostel facilities directly supports the agency's statutory function to provide boarding that promotes national integration and maintains Federal Unity School standards.,0
ERGP23226797,"PLASTERING OF PERIMETER FENCE.
",517026104,FSTC DAYI,,15400000.0,YES,HIGH,"Plastering of perimeter fence is essential infrastructure maintenance for a federal boarding school that requires secure, well-maintained facilities to provide safe accommodation and learning environment for students from across Nigeria.",0
ERGP23226848,"RENOVATION OF 4UNITS OF 6 ROOMS TOILETS
",517026104,FSTC DAYI,,21032200.0,YES,HIGH,Renovating toilet facilities is essential infrastructure maintenance required to support the boarding education and maintain Federal Unity School standards that FSTC Dayi must provide as part of its mandate.,0
ERGP23226887,"CONSTRUCTION OF MODERN COLLEGE GATE
",517026104,FSTC DAYI,,14000000.0,PARTIAL,MEDIUM,"While gate construction is not directly related to STEM education delivery, it supports the institutional infrastructure needed for a federal unity school to maintain proper security and standards.",50
ERGP23171308,CONSTRUCTION OF BOYS HOSTEL,517026105,"FSTC, OGUGU TOWN, KOGI STATE",,28000000.0,YES,HIGH,Construction of boys hostel directly supports the agency's statutory function to provide boarding facilities that promote national integration and maintain Federal Unity School standards for students from across Nigeria.,0
ERGP23191968,CONSTRUCTION OF CLINIC,517026105,"FSTC, OGUGU TOWN, KOGI STATE",,24500000.0,PARTIAL,MEDIUM,"While healthcare facilities are not explicitly mentioned in the mandate, a clinic would support the boarding school's duty of care for students living on campus and is reasonably necessary infrastructure for a federal unity school providing residential education.",50
ERGP23202413,CONSTRUCTION OF 1 BLOCK OF 3 BEDROOM FLAT FOR PRINCIPAL RESIDENT,517026105,"FSTC, OGUGU TOWN, KOGI STATE",,28000000.0,YES,HIGH,"Providing residential accommodation for the Principal is essential for effective school administration and oversight of this federal boarding unity school, directly supporting the agency's mandate to maintain Federal Unity School standards and deliver quality science and technical education.",0
ERGP23202418,CONSTRUCTION OF 1 NO E-LIBRARY,517026105,"FSTC, OGUGU TOWN, KOGI STATE",,32003957.0,YES,HIGH,Construction of an e-library directly supports the college's mandate to provide science and technical education by enhancing learning resources and research capabilities for STEM subjects.,0
ERGP23202421,CONSTRUCTION OF 1 NO MULTIPURPOSE HALL,517026105,"FSTC, OGUGU TOWN, KOGI STATE",,56000000.0,YES,HIGH,"Construction of a multipurpose hall directly supports the college's mandate to provide comprehensive secondary education facilities and promote national unity through boarding school activities that require communal spaces for assemblies, events, and student gatherings.",0
ERGP23202433,CONSTRUCTION OF ICT AND FURNISHING,517026105,"FSTC, OGUGU TOWN, KOGI STATE",,29400000.0,YES,HIGH,Construction of ICT facilities and furnishing directly supports the agency's mandate to provide science and technical education with emphasis on STEM skills and maintaining federal unity school standards.,0
ERGP23225520,PROCUREMENT OF PHYSICS EQUIPMENT,517026105,"FSTC, OGUGU TOWN, KOGI STATE",,21000000.0,YES,HIGH,Procurement of physics equipment directly supports the college's statutory function to maintain science laboratories for practical learning and deliver federal STEM curriculum as a Federal Science and Technical College.,0
ERGP23225710,PROCUREMENT OF CHEMISTRY EQUIPMENT,517026105,"FSTC, OGUGU TOWN, KOGI STATE",,21000000.0,YES,HIGH,"Procurement of chemistry equipment directly supports the college's core mandate to provide science and technical education with emphasis on sciences, mathematics, and maintaining science laboratories for practical learning as specified in functions (a), (c), and (e).",0
ERGP23225781,PROCUREMENT OF BIOLOGY EQUIPMENT,517026105,"FSTC, OGUGU TOWN, KOGI STATE",,14000000.0,YES,HIGH,"Procurement of biology equipment directly supports the college's core mandate to provide science and technical education with emphasis on sciences, maintain science laboratories for practical learning, and prepare students for WAEC/NECO examinations.",0
ERGP23226317,CONSTRUCTION OF 1 NO BLOCK OF 4 CLASS ROOMS,517026106,"FSTC, HADEJIA-KIRIKASAMMA ROAD, JIGAWA STATE",,28000000.0,YES,HIGH,Construction of classroom blocks directly supports the agency's core mandate to provide JSS1-SS3 science and technical education by expanding physical infrastructure necessary for delivering federal STEM curriculum.,0
ERGP23226372,CONSTRUCTION OF SPORT ARENA,517026106,"FSTC, HADEJIA-KIRIKASAMMA ROAD, JIGAWA STATE",,105000000.0,PARTIAL,MEDIUM,"While a sports arena is not directly related to the agency's core STEM education mandate, it could support the holistic development of boarding students and contribute to character education which is part of their statutory functions.",50
ERGP23226429,RENOVATION OF 1 NO BLOCK OF BOYS HOSTEL,517026106,"FSTC, HADEJIA-KIRIKASAMMA ROAD, JIGAWA STATE",,26600000.0,YES,HIGH,Renovating boys hostel infrastructure directly supports the agency's statutory function to provide boarding facilities that promote national integration and maintain Federal Unity School standards.,0
ERGP23226460,RENOVATION AND FURNISHING OF MOTOR VEHICLE WORKSHOP,517026106,"FSTC, HADEJIA-KIRIKASAMMA ROAD, JIGAWA STATE",,10500000.0,YES,HIGH,"Renovating and furnishing a motor vehicle workshop directly supports the agency's statutory function to provide technical workshops for agricultural mechanization and vocational skills training, which is essential for a Federal Science and Technical College.",0
ERGP23226484,PROCUREMENT OF 150 NOS DOUBLE BUNK STUDENTS BED,517026106,"FSTC, HADEJIA-KIRIKASAMMA ROAD, JIGAWA STATE",,13300000.0,YES,HIGH,Procurement of student beds directly supports the agency's boarding education mandate which promotes national unity and is essential for accommodating students admitted nationally through the Common Entrance merit-quota system.,0
ERGP23226514,LANDSCAPING AND BEAUTIFICATION OF SCHOOL COMPOUND,517026106,"FSTC, HADEJIA-KIRIKASAMMA ROAD, JIGAWA STATE",,7000000.0,PARTIAL,MEDIUM,"While landscaping and beautification can support the educational environment and maintain Federal Unity School standards, it is not directly aligned with the core mandate of providing science and technical education or the specific statutory functions focused on STEM learning and agricultural development.",50
ERGP23226567,WATER RETICULATION OF SCHOOL AND STAFF QUARTERS,517026106,"FSTC, HADEJIA-KIRIKASAMMA ROAD, JIGAWA STATE",,7700000.0,YES,HIGH,Water reticulation for school and staff quarters is essential infrastructure directly supporting the college's core educational operations and boarding facilities required to fulfill its mandate of providing science and technical secondary education.,0
ERGP23226599,PROCUREMENT OF LABORATORY WORKSHOP TOOLS,517026106,"FSTC, HADEJIA-KIRIKASAMMA ROAD, JIGAWA STATE",,10500000.0,YES,HIGH,"Procurement of laboratory workshop tools directly supports the agency's statutory functions to provide science laboratories for practical learning, maintain technical workshops for agricultural mechanization and vocational skills, and deliver STEM education.",0
ERGP23226621,PROVISION OF SOLAR STREET LIGHT,517026106,"FSTC, HADEJIA-KIRIKASAMMA ROAD, JIGAWA STATE",,10850000.0,PARTIAL,MEDIUM,Solar street lights support the school's infrastructure and learning environment but are not directly related to the core mandate of providing science and technical education.,50
ERGP23226669,PROCUREMENT OF KITCHEN UTENCILS,517026106,"FSTC, HADEJIA-KIRIKASAMMA ROAD, JIGAWA STATE",,3500000.0,YES,HIGH,Kitchen utensils are essential for the boarding facilities of this federal unity school that provides residential accommodation to students from across Nigeria.,0
ERGP23226714,RENOVATION AND FURNISHING OF ADMIN BLOCK AND FITTINGS,517026106,"FSTC, HADEJIA-KIRIKASAMMA ROAD, JIGAWA STATE",,23953957.0,YES,HIGH,Renovating and furnishing the administrative block is essential infrastructure maintenance that directly supports the college's ability to deliver its mandated science and technical education services.,0
ERGP23226774,PROCUREMENT OF 200 NOS CLASS ROOM FURNITURE,517026106,"FSTC, HADEJIA-KIRIKASAMMA ROAD, JIGAWA STATE",,7000000.0,YES,HIGH,Classroom furniture is essential infrastructure directly supporting the agency's core mandate to provide JSS1-SS3 science and technical education with proper learning environments for students.,0
ERGP23174830,CONSTRUCTION OF 1 BLOCK OF A STOREY BUILDING OF 12 CLASSROOMS,517026107,FSTC UMUAKA MO STATE,,28818397.0,YES,HIGH,"Construction of classrooms directly supports the agency's core mandate to provide JSS1 to SS3 secondary education and maintain facilities for delivering science, technical, and STEM curriculum.",0
ERGP23202333,CONSTRUCTION OF HOME ECONOMICS / CATERING LAB,517026107,FSTC UMUAKA MO STATE,,52358538.0,YES,HIGH,"Construction of Home Economics/Catering Lab aligns with the agency's mandate to provide technical subjects, vocational skills training, and practical hands-on technical training through workshop facilities as specified in functions (d), (i), and (n).",0
ERGP23202336,COMPLETION OF ADMIN BLOCK,517026107,FSTC UMUAKA MO STATE,,19180175.0,YES,HIGH,"Administrative blocks are essential infrastructure for school operations, management, and delivery of the college's educational mandate, directly supporting the institution's core function of providing secondary education.",0
ERGP23202340,COMPLETION OF DINNING HALL AND KITCHEN,517026107,FSTC UMUAKA MO STATE,,20650000.0,YES,HIGH,"The completion of dining hall and kitchen directly supports the agency's statutory function to provide boarding facilities for students, which is essential for promoting national integration among students from diverse backgrounds across Nigeria.",0
ERGP23202343,RENOVATION OF TWO NOS OF BLOCK OF FOUR AND SIX CLASSROOMS,517026107,FSTC UMUAKA MO STATE,,23520147.0,YES,HIGH,"Renovating classrooms directly supports the agency's core mandate to provide JSS1 to SS3 secondary education and maintain adequate facilities for delivering science, technology, and technical subjects to students.",0
ERGP23230089,CONSTRUCTION OF 1 NO BLOCK OF 6 CLASSROOMS,517026107,FSTC UMUAKA MO STATE,,53900000.0,YES,HIGH,"Construction of classrooms directly supports the agency's core mandate to provide JSS1 to SS3 secondary education and maintain infrastructure necessary for delivering science, technology and technical education.",0
ERGP23230094,LANDSCAPING/EROSION CONTROL IN THE COLLEGE,517026107,FSTC UMUAKA MO STATE,,28000000.0,YES,HIGH,Landscaping and erosion control are necessary infrastructure maintenance activities that directly support the college's ability to provide safe boarding facilities and maintain well-equipped laboratories and workshops required for its STEM education mandate.,0
ERGP23230103,CONSTRUCTION OF HOSTEL BUNK BEDS,517026107,FSTC UMUAKA MO STATE,,6300000.0,YES,HIGH,Construction of hostel bunk beds directly supports the agency's statutory function to provide boarding facilities and hostels for students promoting national integration and unity.,0
ERGP23230110,CONSTRUCTION OF FURNITURE FOR CLASSROOMS,517026107,FSTC UMUAKA MO STATE,,7000000.0,YES,HIGH,Construction of furniture for classrooms directly supports the agency's core mandate to provide JSS1 to SS3 secondary education and maintain adequate facilities for delivering science and technical education.,0
ERGP23230113,CONSTRUCTION OF SOLAR POWER,517026107,FSTC UMUAKA MO STATE,,14176700.0,YES,HIGH,Solar power construction directly supports the college's mandate to provide STEM education by creating practical learning opportunities for students in renewable energy technology while ensuring reliable power supply for science laboratories and technical workshops.,0
ERGP23191720,CONSTRUCTION OF 1BLOCK OF 2UNITS OF 3BEDROOM FLAT,517026108,"FSTC IGANGAN TOWN, OYO STATE",,15435912.0,YES,HIGH,Construction of residential accommodation directly supports the agency's statutory function to provide boarding facilities that promote national integration and maintain Unity School standards for students from across Nigeria.,0
ERGP23191721,CONSTRUCTION OF A BLOCK OF BOYS HOSTEL,517026108,"FSTC IGANGAN TOWN, OYO STATE",,25363311.0,YES,HIGH,Construction of a boys hostel directly supports the agency's statutory function to provide boarding facilities that promote national integration and maintain Unity School standards for diverse students from across Nigeria.,0
ERGP23201980,CONSTRUCTION OF MODERN KITCHEN,517026108,"FSTC IGANGAN TOWN, OYO STATE",,31496726.0,YES,HIGH,"Construction of a modern kitchen is essential infrastructure for a boarding school that provides residential education to students from across Nigeria, directly supporting the agency's mandate to deliver boarding education that promotes national unity.",0
ERGP23230768,CONSTRUCTION OF ONE BLOCK OF 4 UNITS CLASSROOM,517026108,"FSTC IGANGAN TOWN, OYO STATE",,19425694.0,YES,HIGH,Construction of classroom blocks directly supports the agency's core mandate to provide JSS1-SS3 science and technical education by providing essential physical infrastructure for delivering STEM curriculum and maintaining Unity School academic standards.,0
ERGP23230774,RENOVATION OF A BLOCK OF SCIENCE LABORATORIES AND ICT WORKSHOP,517026108,"FSTC IGANGAN TOWN, OYO STATE",,24500000.0,YES,HIGH,"Renovating science laboratories and ICT workshop directly supports the college's core mandate to provide STEM education and maintain facilities for practical learning as specified in functions (d), (e), and (n).",0
ERGP23230785,CONSTRUCTION OF A BLOCK OF 3 ROOMS FOR TECHNICAL VOCATIONAL WORKSHOP,517026108,"FSTC IGANGAN TOWN, OYO STATE",,25900000.0,YES,HIGH,Construction of technical vocational workshop rooms directly supports the agency's statutory function to provide technical workshops for vocational training and deliver practical technical education as mandated for a Federal Science and Technical College.,0
ERGP23230805,CONSTRUCTION OF GIRLS HOSTEL,517026108,"FSTC IGANGAN TOWN, OYO STATE",,70000000.0,YES,HIGH,Construction of girls hostel directly supports the college's statutory function to provide boarding facilities that promote national integration and unity among diverse students from across Nigeria.,0
ERGP23230807,CONSUMABLE MATERIALS FOR TECHNICAL TRADES,517026108,"FSTC IGANGAN TOWN, OYO STATE",,20687860.0,YES,HIGH,"Consumable materials for technical trades directly supports the college's core mandate to provide technical education through workshops and vocational training as specified in functions (d), (n), and (i).",0
"ERGP24201989
CONSTRUCTION OF AGRIC SCIENCE LABORATORY
ONGOING","21,094,453",517026108,"FSTC IGANGAN TOWN, OYO STATE",,,NO,LOW,"The budget item consists only of a numerical amount (21,094,453) without any description of what the funds are intended for, making it impossible to determine if it aligns with the college's science and technical education mandate.",90
ERGP12170398,CONSTRUCTION OF INTERNAL ROAD NETWORK AND DRAINAGES,517026109,"FSTC GANDUJE TOWN, KANO STATE",,63000000.0,YES,HIGH,"Construction of internal road network and drainages is essential infrastructure that directly supports the college's core educational operations, student boarding facilities, and access to technical workshops and laboratories required for STEM education delivery.",0
ERGP23202366,CONSTRUCTION OF PRINCIPAL QUARTERS,517026109,"FSTC GANDUJE TOWN, KANO STATE",,20860000.0,YES,HIGH,Construction of principal quarters is essential infrastructure for a boarding federal unity school to ensure on-site administrative leadership and supervision of students from across Nigeria.,0
ERGP23202378,CONSTRUCTION OF 10 BEDS CLINIC AND PROCUREMENT OF EQUIPMENT AND FURNITURES,517026109,"FSTC GANDUJE TOWN, KANO STATE",,33655957.0,PARTIAL,MEDIUM,"While not explicitly listed in statutory functions, a clinic with medical equipment supports the health and welfare of boarding students which is reasonably necessary for the school's residential educational operations, though healthcare provision is not part of the core educational mandate.",50
ERGP23226122,SUPPLY OF STREET SOLAR LIGHTS,517026109,"FSTC GANDUJE TOWN, KANO STATE",,13930000.0,PARTIAL,MEDIUM,"While street solar lights could support the college's boarding facilities and campus infrastructure needs, this item is not directly related to the core educational mandate of providing science and technical secondary education.",50
ERGP23226150,SUPPLY OF 150 Nos. OF DOUBLE BUNK BED FOR STUDENTS USE,517026109,"FSTC GANDUJE TOWN, KANO STATE",,14028000.0,YES,HIGH,Supply of double bunk beds directly supports the agency's statutory function to provide boarding facilities that promote national integration among diverse students from across Nigeria.,0
ERGP23226172,PROCURRMENT OF 4X4 HILUX VAN UTILITY VEHICLE,517026109,"FSTC GANDUJE TOWN, KANO STATE",,48930000.0,PARTIAL,MEDIUM,"While a utility vehicle could support the college's administrative and operational needs such as transportation for field trips, equipment procurement, or staff duties, it is not directly related to the core educational mandate of providing science and technical education.",50
ERGP23226267,CONSTRUCTION OF 1 BLOCK OF 4 Nos. of CLASSROOMS,517026109,"FSTC GANDUJE TOWN, KANO STATE",,59500000.0,YES,HIGH,Construction of classrooms directly supports the agency's core mandate to provide JSS1-SS3 science and technical education by providing essential educational infrastructure needed for delivering STEM-focused curriculum.,0
ERGP23175033,CONSTRUCTION OF 200 BED GIRLS HOSTEL,517026110,"FSTC AMUZU TOWN, EBONYI STATE",,97098198.0,YES,HIGH,Construction of a 200 bed girls hostel directly supports the agency's statutory function to provide boarding facilities that promote integration among diverse Nigerian students as a Federal Unity School.,0
ERGP23175064,CONSTRUCTION AND FURNISHING OF A BLOCK OF 4 FLATS OF 3 BEDROOM EACH AS STAFF QUARTERS,517026110,"FSTC AMUZU TOWN, EBONYI STATE",,20623505.0,YES,HIGH,Staff quarters construction directly supports the college's mandate to provide quality science and technical education by ensuring adequate housing for qualified science teachers and technical instructors needed to deliver the curriculum.,0
ERGP23202213,CONSTRUCTION OF 150 BEDS CAPACITY BOYS HOSTEL,517026110,"FSTC AMUZU TOWN, EBONYI STATE",,70000000.0,YES,HIGH,Construction of boys hostel directly supports the agency's statutory function to provide boarding facilities that promote integration among diverse Nigerian students from different regions and ethnic groups.,0
ERGP23202225,CONSTRUCTION OF TECHNICAL WORKSHOPS,517026110,"FSTC AMUZU TOWN, EBONYI STATE",,8533439.0,YES,HIGH,Construction of technical workshops directly supports the agency's statutory function to provide technical training facilities including workshops for practical skills development and hands-on vocational training.,0
ERGP23202229,RENOVATION AND EQUIPING OF CHEMISTRY AND PHYSICS LABORATORIES,517026110,"FSTC AMUZU TOWN, EBONYI STATE",,18257841.0,YES,HIGH,Renovating and equipping chemistry and physics laboratories directly supports the college's core mandate to provide STEM education and maintain science laboratory facilities for practical hands-on training.,0
ERGP23202249,CONSTRUCTION OF ONE BLOCK OF 5 CLASSROOM,517026110,"FSTC AMUZU TOWN, EBONYI STATE",,19790973.0,YES,HIGH,Constructing additional classrooms directly supports the agency's core mandate to provide JSS1-SS3 science-focused secondary education by expanding essential teaching infrastructure needed for student accommodation and academic delivery.,0
ERGP23228833,"PURCHASE OF OFFICE EQUIPMENTS ( 1 RETROGRAPH, 2 PHOTOCOPIER, 4 LAPTOPS)",517026110,"FSTC AMUZU TOWN, EBONYI STATE",,19600000.0,YES,HIGH,"Office equipment including photocopiers, laptops, and reprographs are essential administrative tools needed for a federal secondary school to manage student records, produce educational materials, and support teaching activities across all statutory functions.",0
ERGP23203247,CONSTRUCTION OF ADMINISTRATIVE BLOCK BUILDING,517026111,"FSTC, MISAU, BAUCHI STATE",,127952912.0,YES,HIGH,Construction of administrative block building is necessary infrastructure to support the college's core educational operations and maintain Federal Unity School standards as mandated.,0
ERGP23227106,"PROCUREMENT & INSTALLATION OF SOLAR LIGHT TO GIRLS HOSTEL, DINING AND CLINIC",517026111,"FSTC, MISAU, BAUCHI STATE",,14034320.0,YES,HIGH,"Installing solar lighting in girls hostel, dining and clinic facilities directly supports the agency's mandate to provide boarding education and maintain Federal Unity School standards for secondary education delivery.",0
ERGP23227127,PROCUREMENT & INSTALLATION OF SOLAR LIGHT TO PRINCIPAL'S HOUSE,517026111,"FSTC, MISAU, BAUCHI STATE",,11935000.0,NO,HIGH,Installing solar lights at the Principal's personal residence is not related to providing science and technical education to students or maintaining educational facilities and standards of the federal unity school.,100
ERGP23227678,CONSTRUCTION OF 1 NO. STUDENTS' HOSTEL (GIRLS) OF 2 BLOCKS (PHASE II),517026111,"FSTC, MISAU, BAUCHI STATE",,33258654.0,YES,HIGH,Construction of girls' hostel directly supports the agency's statutory function to provide boarding facilities that promote national integration and maintain Federal Unity School standards for students from across Nigeria.,0
ERGP23227695,CONSTRUCTION OF 1 NO. STUDENTS HOSTEL (BOYS) OF 2 BLOCKS (PHASE II),517026111,"FSTC, MISAU, BAUCHI STATE",,31600671.0,YES,HIGH,Construction of boys' hostel directly supports the agency's statutory function to provide boarding facilities that promote national integration and maintain Federal Unity School standards.,0
ERGP23227717,CONSTRUCTION OF 1 NO. BLOCK OF 11 CLASSROOMS (PHASE II),517026111,"FSTC, MISAU, BAUCHI STATE",,35122400.0,YES,HIGH,Construction of classrooms directly supports the agency's core mandate to provide JSS1-SS3 science and technical education and maintain Federal Unity School standards.,0
ERGP23228166,"CONSTRUCTION OF ACCESS ROAD AND LANDSCAPPING OF SENIOR STAFF QUARTERS
",517026112,"FSTC, GASHUA, YOBE STATE",,19572378.0,YES,HIGH,"Construction of access roads and landscaping for senior staff quarters directly supports the agency's mandate by providing essential infrastructure to attract and retain teachers willing to serve in this conflict-affected zone, which is critical for maintaining educational operations despite security challenges.",0
ERGP23228213,"LANDSCAPPING AND PROVISSION OF ACCESS ROAD AT INTRMIDIATE STAFF QUARTERS
",517026112,"FSTC, GASHUA, YOBE STATE",,20461672.0,YES,HIGH,"Landscaping and providing access roads at intermediate staff quarters directly supports the agency's statutory function to employ and accommodate teachers willing to serve in this conflict-affected zone, which is essential for maintaining educational operations despite security challenges.",0
ERGP23228230,"PAINTING AND LANDSCAPPING OF 3 BLOCKS OS 12 CLASSROOMS
",517026112,"FSTC, GASHUA, YOBE STATE",,20128668.0,YES,HIGH,Painting and landscaping of classroom blocks directly supports the agency's core function of providing JSS1-SS3 science and technical education by maintaining essential educational infrastructure.,0
ERGP23228256,"PAINTING AND LANDSCAPPING OF1STOREY BUILDING COLLEGE WORKSHOPS
",517026112,"FSTC, GASHUA, YOBE STATE",,19374761.0,YES,HIGH,Painting and landscaping of the college workshop building directly supports the agency's statutory function to provide technical workshops and maintain educational facilities for STEM education delivery.,0
ERGP23228275,RENOVATION OF 2 BLOCKS OF BOYS HOSTELS GOODLUCK JONATHAN AND OKONJO IWEALA HOUSES,517026112,"FSTC, GASHUA, YOBE STATE",,20286070.0,YES,HIGH,"Renovating boys' hostels directly supports the agency's statutory function to provide boarding facilities with enhanced security protocols, which is essential for maintaining residential education operations in this insurgency-affected region.",0
ERGP23228292,RENOVATION OF 2 BLOCKS OF GIRLS HOSTELS MKO ABIOLA AND AHMED LAWAN HOUSES,517026112,"FSTC, GASHUA, YOBE STATE",,18684610.0,YES,HIGH,"Renovating girls' hostels directly supports the agency's statutory function to provide boarding facilities with enhanced security protocols, which is essential for maintaining residential education operations in this insurgency-affected region.",0
ERGP23228310,"SUPPLIES OF DOUBLE BUNKS
",517026112,"FSTC, GASHUA, YOBE STATE",,13440000.0,YES,HIGH,Double bunks are essential furniture for the boarding facilities that the college operates as part of its mandate to provide boarding education with enhanced security protocols in the conflict-affected region.,0
ERGP23228364,"RENOVATION OF JUSTICE ALOOMA AND OKONJO IWEALA BOYS HOSTELS
",517026112,"FSTC, GASHUA, YOBE STATE",,20085436.0,YES,HIGH,"Renovating boys hostels directly supports the agency's statutory function to provide boarding facilities with enhanced security protocols, which is essential for maintaining residential education operations in the insurgency-affected northeastern region.",0
ERGP23228382,"UPGRADIND OF SOLAR AT ADMIN BLOCK CLASSROOMS BOYS AND GIRLS HOSTELS
",517026112,"FSTC, GASHUA, YOBE STATE",,20963754.0,YES,HIGH,"Upgrading solar power systems for administrative blocks, classrooms, and hostels directly supports the agency's core function of providing boarding education and maintaining science/technical learning facilities, which is essential for continuous operations in a region with infrastructure challenges.",0
ERGP23228399,"SUPPLY OF KITCHEN UTENSILS AND DINNING TABLES
",517026112,"FSTC, GASHUA, YOBE STATE",,13706665.0,YES,HIGH,Kitchen utensils and dining tables are essential for the boarding facilities that the college operates to provide residential education and promote national unity among students from across Nigeria.,0
ERGP23228419,"CONSTRUCTION OF PHASE 2 SPORTS COMPLEX
",517026112,"FSTC, GASHUA, YOBE STATE",,17080105.0,PARTIAL,MEDIUM,"While sports facilities support holistic student development in boarding schools, the budget item doesn't directly align with the agency's core mandate of providing STEM-focused technical education, especially given the security challenges and operational constraints in the insurgency-affected region that would prioritize essential educational infrastructure.",50
ERGP23228441,"CONSTUCTION OF 1500M BARB WIRE ON SCHOOL FENCE
",517026112,"FSTC, GASHUA, YOBE STATE",,20022611.0,YES,HIGH,Construction of barbed wire fencing directly supports the agency's mandate to maintain educational operations in the insurgency-affected northeastern Nigeria region by providing essential security infrastructure to protect students and staff from Boko Haram/ISWAP threats.,0
ERGP23228471,"CONSTRUCTION OF 250M WALL FENCE
",517026112,"FSTC, GASHUA, YOBE STATE",,10586617.0,YES,HIGH,Construction of a wall fence directly supports the agency's statutory function to provide boarding with enhanced security protocols and maintain educational operations in the insurgency-affected northeastern Nigeria region where security measures are essential for student safety.,0
ERGP23228496,"RENOVATION OF COLLEGE CLINIC
",517026112,"FSTC, GASHUA, YOBE STATE",,19510610.0,YES,HIGH,"Renovating the college clinic directly supports the agency's mandate to provide boarding education and maintain student welfare, which is essential for operating a residential secondary school in a security-challenged region.",0
ERGP10226349,PROVISION OF SOLAR SECURITY LIGHTS IN THE COLLEGE COMPOUND,517026113,"FSTC,, ZAMBUK, GOMBE STATE",,133000000.0,YES,HIGH,"Providing solar security lights in the college compound is necessary infrastructure for maintaining a safe boarding school environment, which directly supports the agency's mandate to provide residential education and maintain Federal Unity School standards.",0
ERGP23226276,RENOVATION OF EXISTING SEVEN BLOCKS CLASSROOMS,517026113,"FSTC,, ZAMBUK, GOMBE STATE",,147000000.0,YES,HIGH,Renovating classroom blocks is essential infrastructure maintenance that directly supports the college's core mandate to provide JSS1-SS3 science and technical education and maintain Federal Unity School standards.,0
ERGP23226296,PROVISION AND EQUIPPING OF SICK BAY,517026113,"FSTC,, ZAMBUK, GOMBE STATE",,112000000.0,YES,HIGH,"Providing and equipping a sick bay is essential for maintaining student health and safety in a boarding school environment, which directly supports the agency's mandate to provide residential secondary education.",0
ERGP23226308,EXPANSION OF MODERN KITCHEN WITH WOOD EXTENSION AND RENOVATION OF DINING HALL,517026113,"FSTC,, ZAMBUK, GOMBE STATE",,129500000.0,YES,HIGH,Expanding and renovating kitchen and dining facilities directly supports the agency's statutory function to provide boarding education that promotes national integration among diverse students from across Nigeria.,0
ERGP23226312,"CONSTRUCTION OF PRINCIPAL AND STAFF RESIDENTIAL QUARTERS
",517026113,"FSTC,, ZAMBUK, GOMBE STATE",,352800000.0,YES,HIGH,Construction of principal and staff residential quarters is essential for maintaining Federal Unity School standards and ensuring qualified science and technical teachers can be employed and retained at this boarding school in Gombe State.,0
ERGP23226324,"CONSTRUCTION OF COLLEGE ROAD NETWORK AND LANDSCAPING
",517026113,"FSTC,, ZAMBUK, GOMBE STATE",,91000000.0,YES,HIGH,Construction of college road network and landscaping is essential infrastructure that directly supports the agency's mandate to maintain Federal Unity School standards and provide quality boarding education with proper facilities for science and technical education.,0
ERGP23226336,"CONSTRUCTION AND PROVISION OF SPORT PAVILION AND GAME FACILITIES
",517026113,"FSTC,, ZAMBUK, GOMBE STATE",,112000000.0,PARTIAL,MEDIUM,"While sports facilities support student development and boarding school operations, they are not directly aligned with the agency's core mandate of providing science and technical education emphasizing STEM skills and agricultural development.",50
ERGP23226345,"PROCUREMENT OF COMPUTERS, SCANNERS, PRINTERS AND PHOTOCOPING MACHINES
",517026113,"FSTC,, ZAMBUK, GOMBE STATE",,157500000.0,YES,HIGH,"Procurement of computers, scanners, printers and photocopying machines directly supports the college's mandate to provide STEM education, technical training, and modern educational facilities required for science and technical curriculum delivery.",0
ERGP29226341,"COMPUTER SOFTWARE AND SERVER ACQUISITION
",517026113,"FSTC,, ZAMBUK, GOMBE STATE",,95200000.0,YES,HIGH,"Computer software and server acquisition directly supports the college's core mandate to provide science and technical education with emphasis on STEM subjects, as modern ICT infrastructure is essential for delivering quality science and technical curriculum.",0
ERGP30226316,"PROCUREMENT OF 1NO UTILITY VEHICLE
",517026113,"FSTC,, ZAMBUK, GOMBE STATE",,70000000.0,YES,HIGH,"A utility vehicle is necessary for the college's operational activities including transportation for administrative purposes, maintenance of facilities, and support of educational programs at this boarding school.",0
ERGP23225308,PROVISION OF 60 NOS DINNING HALL TABLES AND BENCHES,517026114,"FSTC, WURNO, SOKOTO STATE",,7000000.0,YES,HIGH,Providing dining hall tables and benches directly supports the college's statutory function to provide boarding facilities that promote national integration among students.,0
ERGP23225325,PROVISION OF 1 NO UTILITY VEHICLE,517026114,"FSTC, WURNO, SOKOTO STATE",,45500000.0,YES,HIGH,"A utility vehicle is necessary for the college's administrative operations, transportation of staff and students, maintenance of facilities, and support of educational activities at this boarding federal unity school.",0
ERGP23225347,SUPPLY OF 8 NOS LAPTOPS COMPUTERS FOR PRINCIPAL OFFICERS,517026114,"FSTC, WURNO, SOKOTO STATE",,7980000.0,YES,HIGH,"Laptops for principal officers are essential administrative tools needed to manage the college's educational operations, curriculum delivery, and administrative functions that support the institution's science and technical education mandate.",0
ERGP23225362,CONSTRUCTION AND FURNISHING OF 20 NO. BED CAPACITY CLINIC,517026114,"FSTC, WURNO, SOKOTO STATE",,175000000.0,PARTIAL,MEDIUM,"While a clinic supports student healthcare needs in a boarding school environment, it is not directly related to the agency's core mandate of providing science and technical education, though it serves as necessary infrastructure for student welfare.",50
ERGP23225382,RENOVATION AND FURNISHING OF 3 BEDROOM PRINCIPAL'S QUARTER WITH SOLAR POWER,517026114,"FSTC, WURNO, SOKOTO STATE",,80500000.0,YES,HIGH,"Providing adequate housing for the principal is essential for school administration and maintaining Federal Unity School standards, which directly supports the agency's core educational mandate.",0
ERGP23225404,PROVISION OF 10KVA SOLAR POWER TO DINING HALL AND HOSTELS,517026114,"FSTC, WURNO, SOKOTO STATE",,56000000.0,YES,HIGH,Providing solar power to dining hall and hostels directly supports the agency's statutory function to provide boarding facilities that promote national integration and maintain Federal Unity School standards.,0
ERGP23225432,PROVISION FOR LANDSCAPING,517026114,"FSTC, WURNO, SOKOTO STATE",,9520000.0,PARTIAL,MEDIUM,"While landscaping may support the educational environment and boarding facilities that promote learning, it is not directly related to the core mandate of providing science, technical, and STEM education.",50
ERGP23233457,PROVISION OF 15KVA SOLAR POWER TO ADMIN BLOCK AND CLASSES,517026114,"FSTC, WURNO, SOKOTO STATE",,91000000.0,YES,HIGH,Providing solar power to administrative block and classes is essential infrastructure that directly supports the college's core educational functions and enables effective delivery of science and technical education.,0
ERGP23233459,RENOVATION OF 2 NOS 3 BEDROOM (TYPE A) QUARTER,517026114,"FSTC, WURNO, SOKOTO STATE",,115500000.0,YES,HIGH,"Renovating staff quarters is essential for maintaining adequate housing for qualified science and technical teachers, which directly supports the college's statutory function to employ qualified teaching staff and maintain Federal Unity School standards.",0
ERGP23233461,EXPANSION AND RENOVATION OF DINNING HALL AND KITCHEN,517026114,"FSTC, WURNO, SOKOTO STATE",,133000000.0,YES,HIGH,Expanding and renovating the dining hall and kitchen is essential infrastructure for the boarding school operations that promote national unity and integration among diverse students as specified in the agency's mandate.,0
ERGP23233462,RENOVATION OF 5 NOS 2 BEDROOM (TYPE B) STAFF QUARTER,517026114,"FSTC, WURNO, SOKOTO STATE",,196000000.0,YES,HIGH,Renovating staff quarters is essential for attracting and retaining qualified science and technical teachers required to deliver the college's STEM education mandate.,0
ERGP23233464,PROVISION OF 8KVA SOLAR POWER TO THE PRINCIPALS' QUARTERS,517026114,"FSTC, WURNO, SOKOTO STATE",,35000000.0,YES,HIGH,Providing solar power to the Principal's quarters is essential infrastructure that supports the residential boarding school operations and ensures continuous leadership presence required for managing this federal unity school.,0
ERGP23233466,PROVISION OF SOLAR POWERED STREET LIGHTS WITH SENSORS,517026114,"FSTC, WURNO, SOKOTO STATE",,56000000.0,PARTIAL,MEDIUM,"While solar powered street lights support the boarding school infrastructure and campus safety for students, street lighting is not directly related to the core mandate of providing science and technical secondary education.",50
ERGP23233468,"PROVISION OF BOREHOLES AND RETICULATION TO CLASSES, STAFF QUARTERS AND HOSTELS",517026114,"FSTC, WURNO, SOKOTO STATE",,70000000.0,YES,HIGH,"Providing boreholes and water reticulation to classes, staff quarters and hostels is essential infrastructure directly supporting the college's statutory function to provide boarding education and maintain Federal Unity School standards.",0
ERGP23233550,UPGRADING AND REBRANDING OF THE COLLEGE FENCE AND GATES WITH SECURITY POSTS,517026114,"FSTC, WURNO, SOKOTO STATE",,56000000.0,YES,HIGH,Upgrading and rebranding the college fence and gates with security posts directly supports the agency's mandate to maintain Federal Unity School standards and provide secure boarding facilities for students from across Nigeria.,0
ERGP23233551,CONSTRUCTION AND EQUIPING OF SPORT PAVILLION/ARENA,517026114,"FSTC, WURNO, SOKOTO STATE",,35000000.0,PARTIAL,MEDIUM,"While sports facilities are not explicitly mentioned in the core mandate focused on science and technical education, they support the boarding school environment that promotes national unity and student well-being at this federal unity school.",50
ERGP23233552,CONSTRUCTION OF 2 NOS 2 BEDROOM FLAT APPARTMENT,517026114,"FSTC, WURNO, SOKOTO STATE",,147000000.0,YES,HIGH,Construction of staff accommodation directly supports the agency's mandate by enabling recruitment and retention of qualified science and technical teachers required for delivering STEM education at this federal boarding school.,0
ERGP23233645,PURCHASE OF FIREPROOF CABINETS AND SAFE,517026114,"FSTC, WURNO, SOKOTO STATE",,7000000.0,YES,HIGH,"Fireproof cabinets and safes are essential for securely storing important academic records, examination materials, student documents, and administrative files that a federal secondary school must maintain and protect.",0
ERGP23233646,PROVISION OF TRANSFORMER AND CONNECTION TO NATIONAL GRID,517026114,"FSTC, WURNO, SOKOTO STATE",,70000000.0,YES,HIGH,"Providing transformer and grid connection is essential infrastructure required for the college to operate its science laboratories, technical workshops, and boarding facilities necessary to fulfill its STEM education mandate.",0
ERGP23233660,CONSTRUCTION OF TOILETS TO THE CLASSROOM AREA,517026114,"FSTC, WURNO, SOKOTO STATE",,7000000.0,YES,HIGH,Construction of toilets to the classroom area is essential infrastructure that directly supports the college's core mandate to provide JSS1-SS3 science and technical education by ensuring proper sanitary facilities for students and staff in the educational environment.,0
ERGP10227387,"SUPPLY/PROVISION AND INSTALLATION OF SOLAR SYSTEM FOR ADMIN BLOCK
",517026115,"FSTC, GWANARA, KWARA STATE",,7000000.0,YES,HIGH,Installing solar systems for the admin block directly supports the college's infrastructure needs to maintain Federal Unity School standards and provide reliable power for administrative operations essential to delivering science and technical education.,0
ERGP12233521,"CONSTRUCTION OF 1.5KM CONTAIN ROAD NETWORK ROUND THE COLLEGE
",517026115,"FSTC, GWANARA, KWARA STATE",,112000000.0,YES,HIGH,"Construction of road network around the college directly supports the agency's mandate by providing essential infrastructure for accessing educational facilities, maintaining federal unity school standards, and ensuring proper connectivity for boarding students from across Nigeria.",0
ERGP20233520,"EROSIONS CONTROL AND LANDSCAPING
",517026115,"FSTC, GWANARA, KWARA STATE",,42000000.0,PARTIAL,MEDIUM,"While erosion control and landscaping are not core educational functions, they are necessary for maintaining safe school infrastructure and grounds that support the college's boarding and educational operations.",50
ERGP23226935,"CONSTRUCTION OF NOS OF STAFF QUARTERS
",517026115,"FSTC, GWANARA, KWARA STATE",,42000000.0,YES,HIGH,Construction of staff quarters directly supports the agency's mandate to maintain Federal Unity School standards and employ qualified science and technical teachers by providing essential accommodation infrastructure needed for effective school operations.,0
ERGP23226943,"CONSTRUCTION AND FURNISHING OF 1 NO STUDENT CLINIC
",517026115,"FSTC, GWANARA, KWARA STATE",,28000000.0,YES,HIGH,Construction and furnishing of a student clinic directly supports the agency's boarding school operations and duty of care for students from across Nigeria living on campus.,0
ERGP23226963,"CONSTRUCTION AND FRUNISHING OF 1 NO PRINCIPAL QUARTER
",517026115,"FSTC, GWANARA, KWARA STATE",,42000000.0,YES,HIGH,Construction and furnishing of principal quarters is essential infrastructure that directly supports the agency's mandate to maintain Federal Unity School standards and provide quality boarding education by ensuring stable leadership accommodation.,0
ERGP23227239,"CONSTRUCTION OF ASSEMBLY HALL
",517026115,"FSTC, GWANARA, KWARA STATE",,38500000.0,YES,HIGH,"Construction of an assembly hall is essential infrastructure for a boarding secondary school to conduct assemblies, meetings, examinations, and educational activities that support the college's core educational mandate.",0
ERGP23227334,"PROCUREMENT OF UTILITY VEHICLE FOR PRINCIPAL
",517026115,"FSTC, GWANARA, KWARA STATE",,49000000.0,YES,HIGH,"Procurement of a utility vehicle for the Principal is necessary for administrative oversight, school operations, student welfare activities, and official duties required to effectively manage the federal science and technical college.",0
ERGP23227375,"INTERLOCKING AND LANDSCAPING OF ADMIN BLOCK
",517026115,"FSTC, GWANARA, KWARA STATE",,10500000.0,YES,HIGH,Interlocking and landscaping of the administrative block directly supports the agency's mandate by maintaining Federal Unity School standards and providing proper infrastructure for delivering science and technical secondary education.,0
ERGP23227426,"RENOVATION OF JSS1 CLASSROOMS
",517026115,"FSTC, GWANARA, KWARA STATE",,21000000.0,YES,HIGH,Renovating JSS1 classrooms directly supports the agency's statutory function to provide JSS1-SS3 science and technical secondary education by maintaining essential educational infrastructure.,0
ERGP23233498,"CONSTRUCTION OF COLLEGE GATE WITH SECURITY POST AND TOILETS
",517026115,"FSTC, GWANARA, KWARA STATE",,7000000.0,YES,HIGH,Construction of college gate with security post and toilets is essential infrastructure that directly supports the college's core function of providing boarding secondary education by ensuring campus security and basic facilities for students and staff.,0
ERGP23233500,"CONSTRUCTION OF TECHNICAL WORKSHOPSMETAL WORKSHOP, WOOD WORK WORKSHOP, ENTREPRENEURSHIP WORKSHOP, ELECTRICAL WORKSHOP, PLUMBING AND",517026115,"FSTC, GWANARA, KWARA STATE",,112000000.0,YES,HIGH,"Construction of technical workshops (metal, wood work, entrepreneurship, electrical, plumbing) directly supports the agency's statutory functions to provide technical workshops for vocational skills training and deliver practical technical education as mandated for a Federal Science and Technical College.",0
ERGP23233503,"CONSTRUCION OF 6 SENIOR STAFF QUARTERS
",517026115,"FSTC, GWANARA, KWARA STATE",,63000000.0,YES,HIGH,Construction of senior staff quarters is necessary to attract and retain qualified science and technical teachers required for the college's boarding school operations and STEM education mandate.,0
ERGP23233504,"CONSTRUCTION OF 6 TWINS TWO BEDROOMS INTERMEDIATE QUARTERS
",517026115,"FSTC, GWANARA, KWARA STATE",,63000000.0,YES,HIGH,Construction of intermediate quarters for staff housing directly supports the agency's mandate to maintain Federal Unity School standards and employ qualified science and technical teachers by providing necessary accommodation infrastructure.,0
ERGP23233506,"CONSTRUCTION OF EXAMINATIONS HALL
",517026115,"FSTC, GWANARA, KWARA STATE",,56000000.0,YES,HIGH,Construction of examinations hall directly supports the agency's statutory function to prepare students for WAEC and NECO examinations and maintain Federal Unity School standards for science and technical education.,0
ERGP23233508,"SUPPLY/PROVISIONS OF 400 EXAMINATION DESK AND CHAIRS
",517026115,"FSTC, GWANARA, KWARA STATE",,21000000.0,YES,HIGH,Providing examination desks and chairs directly supports the agency's statutory function to prepare students for WAEC and NECO examinations and maintain Federal Unity School standards.,0
ERGP23233510,"CONSTRUCTION OF 2 ICT LABORATORY OF 50 SYSTEM CAPACITY
",517026115,"FSTC, GWANARA, KWARA STATE",,42000000.0,YES,HIGH,"Construction of ICT laboratories directly supports the agency's statutory functions to maintain science laboratories, emphasize technical subjects, and provide practical technical training as part of its STEM education mandate.",0
ERGP23233513,"CONSTRUCTION OF E-LIBRARY OF 350 CAPACITY
",517026115,"FSTC, GWANARA, KWARA STATE",,84000000.0,YES,HIGH,Construction of an e-library directly supports the agency's mandate to provide quality science and technical secondary education by enhancing learning resources and research capabilities for STEM subjects.,0
ERGP23233514,"SUPPLY PROVISIONS OF LIBRARY TEXTBOOKS
",517026115,"FSTC, GWANARA, KWARA STATE",,24500000.0,YES,HIGH,"Providing library textbooks directly supports the college's mandate to deliver JSS1-SS3 science and technical education, prepare students for WAEC/NECO examinations, and maintain Federal Unity School standards.",0
ERGP23233515,SUPPLY AND PROVISIONS OF LIBRARY DESK AND CHAIRS FOR 350 CAPACITY STUDENTS,517026115,"FSTC, GWANARA, KWARA STATE",,24500000.0,YES,HIGH,Providing library furniture directly supports the agency's mandate to deliver quality secondary education and maintain Federal Unity School standards for its student population.,0
ERGP23233518,"PURCHASE OF 32 SEATER COASTER BUS
",517026115,"FSTC, GWANARA, KWARA STATE",,87500000.0,YES,HIGH,The purchase of a 32-seater coaster bus directly supports the agency's boarding school operations and national student admission system by providing necessary transportation for students from across Nigeria.,0
ERGP23233522,"CONSTRUCTION OF 5 STAFFROOMS OF 10 STAFF
",517026115,"FSTC, GWANARA, KWARA STATE",,28000000.0,YES,HIGH,Construction of staff rooms is necessary infrastructure to accommodate qualified science and technical teachers required to deliver the college's STEM education mandate.,0
ERGP23233523,CONSTRUCTION OF HODS AND VPS OFFICE COMPLEX OF 12 OFFICE ROOMS WITH WAITING ROOM AND TOILETS,517026115,"FSTC, GWANARA, KWARA STATE",,45500000.0,YES,HIGH,Construction of HODs and VPs office complex directly supports the college's educational mandate by providing essential administrative infrastructure needed for heads of departments and vice principals to effectively manage science and technical education programs.,0
ERGP23233524,"CONSTRUCTION OF ASSEMBLY HALL OF 1500 CAPACITY
",517026115,"FSTC, GWANARA, KWARA STATE",,105000000.0,YES,HIGH,"Construction of an assembly hall is essential infrastructure for a Federal Unity School to conduct academic activities, assemblies, examinations, and events that support the educational mandate and promote national unity among students.",0
ERGP26233495,"CONSTRUCTION OF SPORT PAVILION
",517026115,"FSTC, GWANARA, KWARA STATE",,126000000.0,PARTIAL,MEDIUM,"While sports facilities support student welfare and holistic development in boarding schools, the construction of a sport pavilion is not directly aligned with the college's core mandate of providing science and technical secondary education emphasizing STEM skills.",50
ERGP29227409,"PROCUREMENT OF LAPTOPS AND ACCESSORIES
",517026115,"FSTC, GWANARA, KWARA STATE",,7000000.0,YES,HIGH,"Procurement of laptops and accessories directly supports the agency's mandate to provide STEM education, technical skills training, and modern educational resources necessary for science and technology curriculum delivery at the federal science and technical college.",0
ERGP29233512,SUPPLY AND INSTALLATION OF 250 COMPUTER SYSTEM WITH 10 PROJECTORS AND 10 PROJECTOR SCREEN,517026115,"FSTC, GWANARA, KWARA STATE",,42000000.0,YES,HIGH,"Computer systems and projectors directly support the college's mandate to provide STEM education, technical skills training, and modern educational facilities for science and technical secondary education.",0
ERGP5233519,"PURCHASE OF TRACTOR WITH TRAILERS PLOUGHED, HARROWER AND MOWERS
",517026115,"FSTC, GWANARA, KWARA STATE",,70000000.0,PARTIAL,MEDIUM,"While the tractor and agricultural equipment could support the college's vocational training programs and practical technical education in agriculture-related skills, it represents a significant capital investment that may be beyond the typical scope of a secondary school's educational mandate.",50
ERGP10247758,PROVISION OF SOLAR ENERGY- 12 INVATERS/PARNELS,517027001,LIBRARIANS REGISTRATION COUNCIL OF NIGERIA,,30000000.0,PARTIAL,MEDIUM,"While solar energy provision could support library operations and digital library services that fall within LRCN's mandate to promote library development and information technology, it is not directly related to the core regulatory functions of registering librarians and ensuring professional standards.",50
ERGP23247748,PURCHASE OF 2 UNIT VEHICLES,517027001,LIBRARIANS REGISTRATION COUNCIL OF NIGERIA,,100000000.0,YES,HIGH,"Vehicles are necessary operational assets for LRCN to carry out its statutory functions including conducting inspections, accreditation visits to universities, professional examinations, and regulatory oversight activities across Nigeria.",0
ERGP23247759,ACCREDITATION OF LIBRARY AND INFORMATION SCIENCE SCHL,517027001,LIBRARIANS REGISTRATION COUNCIL OF NIGERIA,,20000000.0,YES,HIGH,"This budget item directly corresponds to the agency's statutory function (c) to accredit Library Science degree programs in Nigerian universities, which is a core regulatory responsibility of LRCN.",0
ERGP23247760,SENSITIZATION OF STAKEHOLDER IN LIS SCHOOLS,517027001,LIBRARIANS REGISTRATION COUNCIL OF NIGERIA,,30000000.0,YES,HIGH,Sensitization of stakeholders in Library and Information Science (LIS) schools directly supports the agency's statutory function to accredit Library Science degree programs and collaborate with universities offering LIS programs.,0
ERGP23247762,MONITORING AND EVALUATION OF ACADENICS LIBRARIES IN NIG,517027001,LIBRARIANS REGISTRATION COUNCIL OF NIGERIA,,40000000.0,YES,HIGH,Monitoring and evaluation of academic libraries directly aligns with the agency's statutory function (m) to support academic libraries in tertiary institutions and broader mandate to ensure professional standards in library services.,0
ERGP23247766,INDUCTION OF 500 LIBRARIANS IN LINE WITH THE COUNCILS,517027001,LIBRARIANS REGISTRATION COUNCIL OF NIGERIA,,30000000.0,YES,HIGH,Inducting librarians directly aligns with the Council's core statutory function to register qualified librarians and regulate the library profession in Nigeria.,0
ERGP27247747,PURCHASE/ACQUITION OF LAND,517027001,LIBRARIANS REGISTRATION COUNCIL OF NIGERIA,,50000000.0,PARTIAL,MEDIUM,"While land acquisition is not explicitly listed in the statutory functions, it could be justified for establishing regional offices, training centers, or demonstration libraries to support the council's mandate to promote library development and regulate the profession nationwide.",50
ERGP27247749,OFFICE FURNITURES ( 100 UNITS OF TABLES AND CHAIRS),517027001,LIBRARIANS REGISTRATION COUNCIL OF NIGERIA,,50000000.0,YES,HIGH,"Office furniture is necessary for the council's administrative operations to carry out its statutory functions of regulating the library profession, conducting examinations, and managing professional registration activities.",0
ERGP27247757,CONSTRUCTION OF OFFICE BUILDING,517027001,LIBRARIANS REGISTRATION COUNCIL OF NIGERIA,,100000000.0,YES,HIGH,"Construction of office building is necessary infrastructure for LRCN to effectively carry out its statutory functions as a regulatory body including registration, examination, accreditation, and professional oversight activities.",0
ERGP29247750,OFFICE COMPUTER (30 UNITS),517027001,LIBRARIANS REGISTRATION COUNCIL OF NIGERIA,,20000000.0,YES,HIGH,"Office computers are essential administrative tools required for the council to perform its core regulatory functions including maintaining librarian registration databases, conducting examinations, and managing accreditation processes.",0
ERGP29247753,PURCHASE OF COMPUTER PRINTERS ( 20 UNITS),517027001,LIBRARIANS REGISTRATION COUNCIL OF NIGERIA,,20000000.0,YES,HIGH,"Computer printers are essential office equipment needed for the agency's administrative functions including issuing licenses, certificates, and documentation related to librarian registration and professional regulation activities.",0
ERGP29247756,PURCHASE OF PHOTOCOPYING MACHINES ( 4UNITS),517027001,LIBRARIANS REGISTRATION COUNCIL OF NIGERIA,,10000000.0,YES,HIGH,"Photocopying machines are essential office equipment for a regulatory body that processes registration documents, examination materials, licensing paperwork, and other administrative functions core to LRCN's mandate of regulating the library profession.",0
ERGP27247599,"CONSTRUCTION OF COUNCIL'S MEMBER, ICT HARDWARE AND SOFTWARE FOR MASTER REGISTRY",521013001,MEDICAL AND DENTAL COUNCIL OF NIGERIA,,2750000000.0,YES,HIGH,Construction of council member facilities and ICT infrastructure for master registry directly supports MDCN's core statutory function of maintaining the register of medical and dental practitioners and enabling effective regulatory operations.,0
ERGP27247600,"PURCHASE OF FURNITURE AND FITTINGS FOR HOD'S OFFICES
",521013001,MEDICAL AND DENTAL COUNCIL OF NIGERIA,,120000000.0,YES,HIGH,Furniture and fittings for Head of Department offices are necessary operational expenses to support the agency's administrative infrastructure required for executing its regulatory functions.,0
ERGP29247603,"PROVISION FOR ICT INFRASTRUCTURE AND EFFECTIVE CLINICAL SERVICE DELIVERY
",521013001,MEDICAL AND DENTAL COUNCIL OF NIGERIA,,250000000.0,PARTIAL,MEDIUM,"ICT infrastructure aligns with MDCN's regulatory functions for maintaining practitioner registers and conducting examinations, but ""effective clinical service delivery"" extends beyond their regulatory mandate into direct healthcare service provision.",50
ERGP29247604,UPGRADE AND COMPUTERIZATION OF ICT INFRASTRUCTURE AT MDCN HEAD QUARTER AND ZONAL OFFICES,521013001,MEDICAL AND DENTAL COUNCIL OF NIGERIA,,300000000.0,YES,HIGH,"ICT infrastructure upgrade directly supports MDCN's core mandate to maintain registers of 90,000+ practitioners, issue licenses and certificates, and effectively regulate the medical and dental professions across Nigeria.",0
ERGP30247601,"PURCHASE OF A UNIT OF 38 - SEATER COASTER BUS
",521013001,MEDICAL AND DENTAL COUNCIL OF NIGERIA,,380000000.0,PARTIAL,MEDIUM,"While not directly related to regulatory functions, the bus could support legitimate operational needs like transporting staff for inspections, accreditation visits to medical schools, or outreach activities to combat quackery across Nigeria.",50
ERGP30247602,"PHYSICAL ARCHIEVING AND RECORD MANAGEMENT
",521013001,MEDICAL AND DENTAL COUNCIL OF NIGERIA,,200000000.0,YES,HIGH,"Physical archiving and record management is essential for MDCN to maintain the statutory register of over 90,000 medical practitioners and dentists, store licensing documentation, disciplinary records, and accreditation files required for their regulatory functions.",0
ERGP25115161,"CONSTRUCTION/PROVISION OF OFFICE BUILDING
",521015001,MEDICAL REHABILITATION THERAPY BOARD,,15400000.0,YES,HIGH,"Construction/provision of office building is necessary infrastructure for the agency to carry out its statutory regulatory functions including registration, licensing, examinations, and professional oversight activities.",0
ERGP25115170,"CONSTRUCTION/PROVISION OF OFFICE BUILDING AT FCT ABUJA
",521015001,MEDICAL REHABILITATION THERAPY BOARD,,19600000.0,YES,HIGH,Construction of office building at FCT Abuja is necessary infrastructure for the agency's headquarters operations to effectively carry out its statutory regulatory functions over medical rehabilitation professions.,0
ERGP25126266,DEVELOPMENT AND SUPPORT OF STAFF FOR EFFECTIVE SERVICE DELEVERY NATION WIDE,521015001,MEDICAL REHABILITATION THERAPY BOARD,,19600000.0,YES,HIGH,"Staff development and support is essential for the agency to effectively carry out its statutory functions of regulating rehabilitation professions, conducting examinations, and ensuring quality standards nationwide.",0
ERGP25225554,"CONSTRUCTION OF ADMINISTRATIVE BUILDING
",521015001,MEDICAL REHABILITATION THERAPY BOARD,,50400000.0,YES,HIGH,"Construction of an administrative building is necessary infrastructure for the MRTB to effectively carry out its regulatory, registration, examination, and licensing functions for medical rehabilitation professionals.",0
ERGP25138540,"INFRASTRUCTURAL UPGRADE
",521026002,LAGOS UNIVERSITY TEACHING HOSPITAL,,1750000000.0,YES,HIGH,"Infrastructural upgrade is essential for LUTH to maintain and improve its capacity to deliver tertiary healthcare services, support medical training, and operate advanced medical facilities across its multiple specialties.",0
ERGP25153772,"PROCUREMENT OF MEDICAL EQUIPMENT [PHASE II]
",521026002,LAGOS UNIVERSITY TEACHING HOSPITAL,,840000000.0,YES,HIGH,"Procurement of medical equipment directly supports LUTH's core mandate to provide tertiary/quaternary healthcare services, operate specialized medical departments, and maintain advanced diagnostic and treatment capabilities across all its statutory functions.",0
ERGP25233548,"PROVISION OF RADIODIAGNOSTIC CENTER [PHASE 1]
",521026002,LAGOS UNIVERSITY TEACHING HOSPITAL,,5270463520.0,YES,HIGH,The provision of a radiodiagnostic center directly aligns with LUTH's statutory function to provide radiology and medical imaging services as part of its comprehensive tertiary healthcare mandate.,0
ERGP25241191,"CONSTRUCTION OF CAR PARK AND EXTERNAL WORKS OF NEW OUTPATIENT CENTER, LUTH LOT 1-3",521026002,LAGOS UNIVERSITY TEACHING HOSPITAL,,1470000000.0,YES,HIGH,Construction of car park and external works for the new outpatient center directly supports LUTH's core mandate to provide comprehensive tertiary healthcare services by improving patient access and facility infrastructure essential for delivering medical care to Lagos's massive population.,0
ERGP25241192,PROVISION OF ADDITIONAL MEDICAL EQUIPMENT AND FURNITURE FOR NEW OUTPATIENT CENTER LOT 1-7,521026002,LAGOS UNIVERSITY TEACHING HOSPITAL,,2450000000.0,YES,HIGH,Providing medical equipment and furniture for a new outpatient center directly supports LUTH's core mandate to deliver comprehensive tertiary healthcare services and expand capacity to serve Lagos State's massive population.,0
ERGP25241193,CONSTRUCTION AND EQUIPPING OF NEW OUTPATIENT CENTRE AT YABA RHEUMATOLOGY CLINIC IN LAGOS UNIVERSITY TEACHING HOSPITAL,521026002,LAGOS UNIVERSITY TEACHING HOSPITAL,,1020284222.0,YES,HIGH,Construction and equipping of a new outpatient centre directly supports LUTH's core mandate to provide comprehensive tertiary healthcare services and expand specialized medical care capacity for Lagos State's large population.,0
ERGP25241196,RENNOVATION AND EQUIPPING OF OLD OUTPATIENT BUILDING IN LAGOS UNIVERSITY TEACHING HOSPITAL,521026002,LAGOS UNIVERSITY TEACHING HOSPITAL,,1530426333.0,YES,HIGH,Renovating and equipping the old outpatient building directly supports LUTH's core mandate to provide comprehensive tertiary healthcare services and aligns with their statutory function to deliver specialized medical care to Lagos State's 20+ million population.,0
ERGP25241197,"CONSTRUCTION AND EQUIPPING OF A NEW MULTIPURPOSE HALL AT LUTH OUTPOST, PAKOTO IN LAGOS UNIVERSITY TEACHING HOSPITAL",521026002,LAGOS UNIVERSITY TEACHING HOSPITAL,,1020284222.0,PARTIAL,MEDIUM,"While the construction is at a LUTH facility which could support the hospital's core healthcare delivery mandate, a multipurpose hall is not directly related to providing medical services, training healthcare professionals, or conducting clinical research.",50
ERGP25241198,PROCUREMENT OF ENDOSCOPIC LNSTRUMENT IN LAGOS UNIVERSITY TEACHING HOSPITAL,521026002,LAGOS UNIVERSITY TEACHING HOSPITAL,,1020284222.0,YES,HIGH,"Procurement of endoscopic instruments directly supports LUTH's core mandate to provide comprehensive tertiary healthcare services, specialized medical care, and advanced diagnostic capabilities across multiple medical specialties.",0
ERGP25241201,BUILDING AND EQUIPPPING OF A CRANIOFACIAL CENTRE IN LAGOS UNIVERSITY TEACHING HOSPITAL,521026002,LAGOS UNIVERSITY TEACHING HOSPITAL,,408113689.0,YES,HIGH,"Building and equipping a craniofacial centre directly supports LUTH's mandate to provide highly specialized medical care, advanced surgical services including neurosurgery, and comprehensive tertiary healthcare services.",0
ERGP25241204,"RENOVATION/REHABILITATION OF EOLLEGE OF NURSING HOSTELS, ADMINISTRATIVE BUILDING AND SCHOOL HALLS IN LAGOS UNIVERSITY TEACHING HOSPITAL",521026002,LAGOS UNIVERSITY TEACHING HOSPITAL,,306085267.0,YES,HIGH,"The renovation of College of Nursing facilities directly supports LUTH's statutory function to train nurses and allied health professionals, which is essential to its role as a premier teaching hospital.",0
ERGP25241206,"PURCHASE OFAPHERESIS MACHINE X1 IN LAGOS UNIVERSITY TEACHING HOSPITAL
",521026002,LAGOS UNIVERSITY TEACHING HOSPITAL,,51014211.0,YES,HIGH,"An apheresis machine directly supports LUTH's mandate to provide comprehensive tertiary healthcare services, specialized medical care, and advanced treatment capabilities including blood disorders and therapeutic procedures.",0
ERGP25241207,PURCHASE OF OPHTHALMIC SURGICAL MICROSCOPE AND ITS COMPONENTS IN LAGOS UNIVERSITY TEACHING HOSPITAL,521026002,LAGOS UNIVERSITY TEACHING HOSPITAL,,76521317.0,YES,HIGH,"The purchase of ophthalmic surgical microscope directly supports LUTH's mandate to provide comprehensive tertiary healthcare and advanced surgical services across multiple medical specialties, including ophthalmology procedures.",0
ERGP25241210,GE VIVID E95 ECHOCARDIOGRAPHY MACHINE IN LAGOS UNIVERSITY TEACHING HOSPITAL,521026002,LAGOS UNIVERSITY TEACHING HOSPITAL,,178549739.0,YES,HIGH,The GE Vivid E95 echocardiography machine directly supports LUTH's statutory function to deliver cardiology services and advanced diagnostic capabilities as part of its comprehensive tertiary healthcare mandate.,0
ERGP25241212,"OLYMPUS OPTERA ENDOSCOPY SYSTEM WITH UPPER SCOPE, LOWER SCOPE, ERCP SCOPE AND C-ARM IN LAGOS UNIVERSITY TEACHING HOSPITAL",521026002,LAGOS UNIVERSITY TEACHING HOSPITAL,,255071056.0,YES,HIGH,"The Olympus Optera endoscopy system directly supports LUTH's mandate to provide comprehensive tertiary healthcare services, advanced diagnostic capabilities, and specialized medical care across multiple specialties including gastroenterology and internal medicine.",0
ERGP25241216,"UPPER URINARY TRACT ENDOSCOPY SYSTEM: LASER MACHINE 100 WATTS, VIDEO FLEXIBLE URS, UROFLOMETRY MACHINE, AND RIGID URETEROSCOPE IN LAGOS",521026002,LAGOS UNIVERSITY TEACHING HOSPITAL,,331592372.0,YES,HIGH,"The upper urinary tract endoscopy system directly supports LUTH's mandate to provide highly specialized medical care and advanced surgical services, specifically enabling urological procedures that fall within their tertiary healthcare services.",0
ERGP29153724,"ELECTRONIC MEDICAL RECORD SYSTEM [EMR]
",521026002,LAGOS UNIVERSITY TEACHING HOSPITAL,,341661844.0,YES,HIGH,"Electronic Medical Record Systems directly support LUTH's core healthcare delivery functions, patient management across multiple specialties, clinical research activities, and medical training programs which are all central to their mandate as a premier tertiary healthcare institution.",0
ERGP25138660,"PURCHASE AND REPLACEMENT OF OBSOLETE HOSPITAL EQUIPMENT
",521026008,JOS UNIVERSITY TEACHING HOSPITAL,,490427982.0,YES,HIGH,"Purchase and replacement of obsolete hospital equipment directly supports the hospital's core mandate to provide comprehensive tertiary healthcare services, specialist medical care, and diagnostic services which all require functional medical equipment.",0
ERGP25138665,"RENOVATION OF HOSPITAL COMPLEX
",521026008,JOS UNIVERSITY TEACHING HOSPITAL,,175000000.0,YES,HIGH,"Renovation of hospital complex directly supports JUTH's core mandate to provide tertiary healthcare services by maintaining and improving the physical infrastructure necessary for patient care, medical training, and clinical research operations.",0
ERGP25138675,"PURCHASE AND INSTALLATION OF OFFICE FURNITURE AND EQUIPMENT
",521026008,JOS UNIVERSITY TEACHING HOSPITAL,,210000000.0,YES,HIGH,"Office furniture and equipment is essential infrastructure needed to support the hospital's administrative operations that enable delivery of tertiary healthcare services, medical training, and clinical research functions.",0
ERGP25170652,"RENOVATION OF COMPREHENSIVE HEALTH CENTRE - ZAMKO
",521026008,JOS UNIVERSITY TEACHING HOSPITAL,,70000000.0,NO,HIGH,"Jos University Teaching Hospital operates as a tertiary healthcare institution and teaching hospital, not a primary healthcare facility that would manage comprehensive health centres like the one in Zamko.",100
ERGP25191844,"COMPLETION OF ADMINISTRATIVE COMPLEX
",521026008,JOS UNIVERSITY TEACHING HOSPITAL,,245000000.0,YES,HIGH,"Administrative facilities are essential infrastructure required for a teaching hospital to effectively manage its operations, coordinate medical services, oversee training programs, and support its core mandate of providing tertiary healthcare services.",0
ERGP25195199,"COMPLETION OF EXTENSION OF THEATHER (PHASE I)
",521026008,JOS UNIVERSITY TEACHING HOSPITAL,,70000000.0,YES,HIGH,Completing extension of theater (operating theater) directly supports the hospital's core mandate to provide comprehensive tertiary healthcare services including surgery and specialist medical care.,0
ERGP25226876,"COMPLETION OF BACTERIOLOGY LABORATORY
",521026008,JOS UNIVERSITY TEACHING HOSPITAL,,45500000.0,YES,HIGH,"Completing a bacteriology laboratory directly supports the hospital's statutory function to operate laboratories for diagnostic testing, which is essential for providing tertiary healthcare services and clinical research.",0
ERGP25226970,"RENOVATION OF HOUSE OFFICERS' QUARTERS - BLOCK 'C'
",521026008,JOS UNIVERSITY TEACHING HOSPITAL,,88900000.0,YES,HIGH,Renovating house officers' quarters directly supports the agency's statutory function to train resident doctors through postgraduate programs by providing necessary accommodation for medical trainees.,0
ERGP25226997,"EXTENSION OF THEATHER (PHASE II)
",521026008,JOS UNIVERSITY TEACHING HOSPITAL,,840000000.0,YES,HIGH,Extending theater facilities directly supports the hospital's core mandate to provide comprehensive tertiary healthcare services including surgery and specialist medical care.,0
ERGP25241410,CONSTRUCTION AND EQUIPPING OF HEART INSTITUTE COMPLEX IN JOS UNIVERSITY TEACHING HOSPITAL,521026008,JOS UNIVERSITY TEACHING HOSPITAL,,1020284222.0,YES,HIGH,Construction and equipping of a Heart Institute Complex directly supports the hospital's statutory function to provide cardiac care and cardiology services as a tertiary healthcare institution.,0
ERGP25241413,ESTABLISHIMENT OF INTERVENTIONAL RIDIOLOGY CENTRE IN JOS UNIVERSITY TEACHING HOSPITAL,521026008,JOS UNIVERSITY TEACHING HOSPITAL,,1020284222.0,YES,HIGH,"Establishing an interventional radiology centre directly supports the hospital's statutory functions to provide comprehensive tertiary healthcare services, specialist medical care, and advanced diagnostic/imaging services as outlined in functions (a), (b), and (p).",0
ERGP25241414,"PROCUREMENT OF MEDICAL EQUIPMENT IN JOS UNIVERSITY TEACHING HOSPITAL
",521026008,JOS UNIVERSITY TEACHING HOSPITAL,,1020284222.0,YES,HIGH,"Procurement of medical equipment directly supports the hospital's core mandate to provide tertiary healthcare services, specialist medical care, and operate diagnostic facilities across all its statutory functions.",0
ERGP25241416,"COMPLETION OF HIV CENTRE IN JOS UNIVERSITY TEACHING HOSPITAL
",521026008,JOS UNIVERSITY TEACHING HOSPITAL,,714198955.0,YES,HIGH,"Completing an HIV centre directly supports the hospital's mandate to provide comprehensive tertiary healthcare services, specialist medical care, and address regional health challenges affecting the north-central Nigeria population it serves.",0
ERGP25241418,"FREE MEDICAL OUTRERACH IN MANGU/BOKKOS FEDERAL CONSTITUENCY, PLATEAU STATE",521026008,JOS UNIVERSITY TEACHING HOSPITAL,,14000000.0,YES,HIGH,Free medical outreach in Mangu/Bokkos Federal Constituency aligns with JUTH's mandate to provide comprehensive tertiary healthcare services in Plateau State and serve the diverse population of the region.,0
ERGP25241419,"RENOVATION OF ABUJA LIASON OFFICE IN JOS UNIVERSITY TEACHING HOSPITAL
",521026008,JOS UNIVERSITY TEACHING HOSPITAL,,70000000.0,NO,HIGH,"Renovating an Abuja liaison office does not align with JUTH's core mandate of providing tertiary healthcare services, medical training, and clinical research in Jos and the north-central region.",100
ERGP25241420,CONSTRUCTION/REHABILITATION AND EQUIPPING OF PRIMARY HEALTH CARE CENTER AND CONSTRUCTION OF BLOCK OF THREE (3) CLASSROOMS IN OPEALU-EDUMOGA,521026008,JOS UNIVERSITY TEACHING HOSPITAL,,35000000.0,NO,HIGH,"Jos University Teaching Hospital's mandate focuses on tertiary healthcare services and medical training in Jos/Plateau State, not construction of primary healthcare centers and classrooms in other locations outside their operational scope.",100
ERGP25241424,SUPPLY OF MEDICAL EQUIPMENT AND DRUGS TO SELECTED HEALTHCARE CENTERS IN PLATEAU NORTH SENATORIAL DISTRICT,521026008,JOS UNIVERSITY TEACHING HOSPITAL,,56000000.0,NO,HIGH,"JUTH is a federal tertiary teaching hospital focused on providing specialist healthcare services at its facility, not supplying equipment and drugs to external healthcare centers in senatorial districts.",100
ERGP30247767,"LANDSCAPING AND FURNISHING OF ADMINISTRATIVE COMPLEX IN JUTH
",521026008,JOS UNIVERSITY TEACHING HOSPITAL,,1000000000.0,PARTIAL,MEDIUM,"While landscaping and furnishing an administrative complex is not a core healthcare function, it supports the hospital's operational infrastructure needed to manage tertiary healthcare services, medical training, and administrative functions essential to fulfilling its mandate.",50
ERGP30247768,"PROCUREMENT OF PROJECT VEHICLES
",521026008,JOS UNIVERSITY TEACHING HOSPITAL,,500000000.0,PARTIAL,MEDIUM,"Project vehicles could support the hospital's mandate if used for patient transport, medical outreach, or emergency services, but the generic term ""project vehicles"" without healthcare-specific context makes the alignment unclear.",50
ERGP30247770,"PROVISION OF OFF GRID SOLAR SYSTEM
",521026008,JOS UNIVERSITY TEACHING HOSPITAL,,500000000.0,YES,HIGH,"Off-grid solar systems are essential infrastructure for ensuring reliable power supply to support critical medical equipment, emergency services, and continuous healthcare operations at the teaching hospital.",0
ERGP25112863,"PROCUREMENT OF HOSPITAL EQUIPMENT
",521026025,"MODIBBO ADAMA UNIVERSITY TEACHING HOSPITAL, YOLA",,161000000.0,YES,HIGH,"Procurement of hospital equipment directly supports the agency's core mandate to provide comprehensive tertiary healthcare services, specialist medical care, diagnostic testing, radiology services, and emergency care as a teaching hospital and referral center for northeastern Nigeria.",0
ERGP25151775,CONSTRUCTION OF 1 NO. STOREY BUILDING OF HAEMATHOLOGY AND CHEMICAL PATHOLOGY LABORATORY BLOCK,521026025,"MODIBBO ADAMA UNIVERSITY TEACHING HOSPITAL, YOLA",,126000000.0,YES,HIGH,"Construction of a hematology and chemical pathology laboratory block directly supports the hospital's statutory function to operate laboratories for diagnostic testing, which is essential for providing tertiary healthcare services.",0
ERGP25151801,"CONSTRUCTION OF 1 NO. STOREY BUILDING OF EAR, NOSE & THROAT (ENT) AND OPHTHALMOLOGY BLOCK",521026025,"MODIBBO ADAMA UNIVERSITY TEACHING HOSPITAL, YOLA",,98000000.0,YES,HIGH,The construction of an ENT and Ophthalmology block directly supports the hospital's mandate to provide comprehensive tertiary healthcare services and specialist medical care in subspecialties for Adamawa State and northeastern Nigeria.,0
ERGP25167870,"CONSTRUCTION OF WELLNESS CENTRE
",521026025,"MODIBBO ADAMA UNIVERSITY TEACHING HOSPITAL, YOLA",,249900000.0,YES,HIGH,Construction of a wellness centre directly supports the hospital's mandate to provide comprehensive tertiary healthcare services and expand healthcare infrastructure in the northeastern region.,0
ERGP25167871,"REHABILITATION OF OLD HOSPITAL WING
",521026025,"MODIBBO ADAMA UNIVERSITY TEACHING HOSPITAL, YOLA",,42000000.0,YES,HIGH,Rehabilitating the old hospital wing directly supports the agency's core mandate to provide comprehensive tertiary healthcare services and addresses the critical infrastructure challenges explicitly mentioned in their mandate.,0
ERGP25167872,"CONSTRUCTION OF 1 NO. STOREY BUILDING OF EAR, NOSE & THROAT (ENT) AND OPHTHALMOLOGY BLOCK (PHASE II)",521026025,"MODIBBO ADAMA UNIVERSITY TEACHING HOSPITAL, YOLA",,85553568.0,YES,HIGH,Construction of an ENT and Ophthalmology block directly supports the hospital's mandate to provide comprehensive tertiary healthcare services and specialist medical care as outlined in functions (a) and (b).,0
ERGP25201385,"PROCUREMENT OF COMPUTERS AND OTHER ACCESSORIES TO SUPPORT EHR
",521026025,"MODIBBO ADAMA UNIVERSITY TEACHING HOSPITAL, YOLA",,70000000.0,YES,HIGH,"Procurement of computers and accessories to support Electronic Health Records (EHR) directly enables the hospital's core healthcare delivery, medical training, and clinical research functions by modernizing patient care documentation and medical record management systems.",0
ERGP25201424,"COMPLETE OVERHAUL OF THE ENTIRE WATER WORKS AND RETICULATION, ELECTRIFICATION, CARPENTRY AND INSTALLATION TO VARIOUS BUILDINGS",521026025,"MODIBBO ADAMA UNIVERSITY TEACHING HOSPITAL, YOLA",,202300000.0,YES,HIGH,"Water works, electrification, and building infrastructure are essential for hospital operations and directly support the agency's mandate to provide tertiary healthcare services and medical training.",0
ERGP25223979,"ESTABLISHMENT OF KIDNEY CENTRE
",521026025,"MODIBBO ADAMA UNIVERSITY TEACHING HOSPITAL, YOLA",,35000000.0,YES,HIGH,Establishing a kidney centre falls directly within the hospital's mandate to provide comprehensive tertiary healthcare services and specialist medical care as a referral hospital for northeastern Nigeria.,0
ERGP25223984,"PROCUREMENT OF DIAGNOSTIC EQUIPMENT
",521026025,"MODIBBO ADAMA UNIVERSITY TEACHING HOSPITAL, YOLA",,35000000.0,YES,HIGH,"Procurement of diagnostic equipment directly supports the hospital's statutory functions to provide tertiary healthcare services, operate laboratories for diagnostic testing, and deliver comprehensive medical care as a referral hospital for northeastern Nigeria.",0
ERGP25223992,"REHABILITATION OF THE HOSPITAL EXISTING STRUCTURES
",521026025,"MODIBBO ADAMA UNIVERSITY TEACHING HOSPITAL, YOLA",,175000000.0,YES,HIGH,Rehabilitating existing hospital structures directly supports the agency's core mandate to provide tertiary healthcare services and aligns with addressing infrastructure challenges mentioned in their operational context.,0
ERGP25223999,CONSTRUCTION OF WALKWAYS TO LINK COMPLETED STRUCTURES AND LANDSCAPING OF THE PREMISES WITH INTERLOCKS,521026025,"MODIBBO ADAMA UNIVERSITY TEACHING HOSPITAL, YOLA",,140000000.0,YES,HIGH,"Construction of walkways and landscaping directly supports the hospital's mandate to provide tertiary healthcare services by improving patient access, safety, and the overall healthcare delivery infrastructure necessary for effective hospital operations.",0
ERGP25224002,"PROVISION OF SOLAR ENERGY
",521026025,"MODIBBO ADAMA UNIVERSITY TEACHING HOSPITAL, YOLA",,175000000.0,YES,HIGH,"Solar energy provision directly supports the hospital's core mandate to provide tertiary healthcare services by ensuring reliable power supply for medical equipment, lighting, and facilities operations, which is especially critical given the infrastructure challenges and insurgency disruptions in northeastern Nigeria.",0
ERGP25224009,PROCUREMENT OF HEALTH UTILITY VEHICLES: 1 NO. SUV AND 4 NO. SEDAN SALOON CARS,521026025,"MODIBBO ADAMA UNIVERSITY TEACHING HOSPITAL, YOLA",,262143840.0,YES,HIGH,"Health utility vehicles are essential for a teaching hospital to transport medical staff, patients, emergency responses, and support healthcare delivery operations across the northeastern region it serves.",0
ERGP25224345,FURNISHING AND EQUIPPING OF CONFERENCE AND SEMINAR ROOMS,521026025,"MODIBBO ADAMA UNIVERSITY TEACHING HOSPITAL, YOLA",,70000000.0,PARTIAL,MEDIUM,"While conference and seminar rooms could support medical training and research activities which are part of the hospital's mandate, furnishing these facilities is not a core healthcare delivery function and represents a lower priority compared to direct medical equipment and patient care needs.",50
ERGP25243360,"PURCHASE OF MEDICAL DIAGONISTICS EQUIPMENT IN MODIBBO ADAMA UNIVERSITY TEACHING HOSPITAL, YOLA",521026025,"MODIBBO ADAMA UNIVERSITY TEACHING HOSPITAL, YOLA",,1020284222.0,YES,HIGH,"The purchase of medical diagnostics equipment directly supports the hospital's statutory functions to provide tertiary healthcare services, diagnostic testing, and comprehensive medical care as outlined in functions (a), (n), and (o).",0
ERGP25243371,"ESTABLISHMENT OF KIDNEY CENTRE IN MODIBBO ADAMA UNIVERSITY TEACHING HOSPITAL, YOLA",521026025,"MODIBBO ADAMA UNIVERSITY TEACHING HOSPITAL, YOLA",,1020284222.0,YES,HIGH,"Establishing a kidney centre directly aligns with the hospital's mandate to provide comprehensive tertiary healthcare services and specialist medical care, expanding critical specialized treatment capacity for nephrology patients in northeastern Nigeria.",0
ERGP25243392,"REMODELLING AND EXPANSION OF METERNITY COMPLEX IN MODIBBO ADAMA UNIVERSITY TEACHING HOSPITAL, YOLA",521026025,"MODIBBO ADAMA UNIVERSITY TEACHING HOSPITAL, YOLA",,510142111.0,YES,HIGH,Remodeling and expanding the maternity complex directly supports the hospital's statutory function to deliver obstetric and gynecological services for maternal health in northeastern Nigeria.,0
ERGP25247802,PURCHASE OF MEDICAL CONSUMABLES,521026025,"MODIBBO ADAMA UNIVERSITY TEACHING HOSPITAL, YOLA",,450000000.0,YES,HIGH,"Medical consumables are essential supplies required for delivering tertiary healthcare services, surgical procedures, diagnostic testing, and patient care which directly supports the hospital's core mandate of providing comprehensive medical services.",0
ERGP30247798,CAPACITY BUILDING FOR CLINICAL AND NON CLINICAL STAFF,521026025,"MODIBBO ADAMA UNIVERSITY TEACHING HOSPITAL, YOLA",,50000000.0,YES,HIGH,"Capacity building for clinical and non-clinical staff directly supports the hospital's statutory functions to train medical professionals, provide quality tertiary healthcare services, and maintain operational effectiveness in the challenging northeastern Nigeria environment.",0
ERGP30247799,RENOVATION OF FEMALE WARD,521026025,"MODIBBO ADAMA UNIVERSITY TEACHING HOSPITAL, YOLA",,500000000.0,YES,HIGH,"Renovating the female ward directly supports the hospital's core mandate to provide comprehensive tertiary healthcare services, particularly obstetric and gynecological care for maternal health in northeastern Nigeria.",0
ERGP30247800,PROVISION AND INSTALLATION OF SOLAR POWER SYSTEM,521026025,"MODIBBO ADAMA UNIVERSITY TEACHING HOSPITAL, YOLA",,600000000.0,YES,HIGH,"Solar power systems are essential infrastructure for maintaining continuous operation of medical equipment, laboratories, and critical healthcare services at this tertiary hospital in a region with unreliable electricity supply, directly supporting the hospital's core mandate to provide comprehensive healthcare services.",0
ERGP30247801,RENOVATION OF MALE WARD,521026025,"MODIBBO ADAMA UNIVERSITY TEACHING HOSPITAL, YOLA",,400000000.0,YES,HIGH,Renovating male ward facilities directly supports the hospital's core mandate to provide comprehensive tertiary healthcare services and addresses infrastructure needs critical for patient care delivery.,0
ERGP12231280,"COMPLETION OF NETWORK ROADS IN THE HOSPITAL
",521027001,"IRRUA SPECIALIST TEACHING HOSPITAL, IRRUA",,140000000.0,PARTIAL,MEDIUM,"While road infrastructure is not explicitly listed in the hospital's statutory functions, completion of network roads within the hospital grounds could be reasonably necessary to support the hospital's core healthcare delivery and emergency response operations.",50
ERGP1242053,SUPPLY OF MEDICAL EQUIPMENT AND DRUGS TO GENERAL HOSPITAL IN UWEN EBOH AND OTHER HOSPITALS IN ESAN WEST LGA EDO STATE,521027001,"IRRUA SPECIALIST TEACHING HOSPITAL, IRRUA",,35000000.0,NO,HIGH,"This budget item involves supplying medical equipment and drugs to general hospitals in a local government area, which falls outside ISTH's mandate as a specialized federal tertiary hospital focused on Lassa fever treatment and infectious disease research rather than supporting local general hospitals.",100
ERGP25194420,SUPPLY AND INSTALLATION OF ICT EQUIPMENT AND ELECTRONICS MEDICAL RECORDS IN THE HOSPITAL,521027001,"IRRUA SPECIALIST TEACHING HOSPITAL, IRRUA",,70000000.0,YES,HIGH,"ICT equipment and electronic medical records are essential for a specialized teaching hospital to manage patient data, conduct research, coordinate with health agencies, and maintain proper medical documentation required for tertiary healthcare delivery and infectious disease surveillance.",0
ERGP25195207,"EPANSION OF INTERNAL NETWORK OF ROAD 5KM, DRAINAGES, LAND SCAPPING AND EXPANSION OF ACCIDENT AND EMERGENCY DEPARTMENT IN THE HOSPITAL",521027001,"IRRUA SPECIALIST TEACHING HOSPITAL, IRRUA",,536076304.0,PARTIAL,HIGH,"The expansion of the Accident and Emergency Department directly supports the hospital's mandate to provide tertiary healthcare and serve as an epidemic response center, but the road construction and landscaping components exceed the core healthcare and infectious disease functions of the specialized teaching hospital.",50
ERGP25231275,"PURCHASE AND INSTALLATION OF MEDICAL,LABORATORY,KITCHEN,SURGICAL EQUIPMENT AND CONSUMABLES IN THE HOSPITAL",521027001,"IRRUA SPECIALIST TEACHING HOSPITAL, IRRUA",,210000000.0,YES,HIGH,"Medical, laboratory, kitchen, surgical equipment and consumables are essential for ISTH to fulfill its core functions of providing specialized Lassa fever treatment, operating diagnostic laboratories, delivering tertiary healthcare services, and maintaining proper medical facilities.",0
ERGP25242048,"PROVISION OF MEDICAL OUTREACH FOR CONSTITUENTS OF PORT HARCOURT FEDERAL CONSTITUENCY II, RIVERS STATE.",521027001,"IRRUA SPECIALIST TEACHING HOSPITAL, IRRUA",,175000000.0,PARTIAL,MEDIUM,"While providing medical outreach could fall under the hospital's general tertiary healthcare services mandate, the specific geographic limitation to Port Harcourt Federal Constituency II appears narrow for a national reference center that should serve broader infectious disease and healthcare needs across Nigeria.",50
ERGP25242058,"MEDICAL OUTREACH IN AFASHIO, UZAIRUE ETSAKO WEST LGA EDO STATE
",521027001,"IRRUA SPECIALIST TEACHING HOSPITAL, IRRUA",,14000000.0,YES,HIGH,"Medical outreach in Afashio, Uzairue aligns with the hospital's mandate to provide general tertiary healthcare services and conduct community education on Lassa fever prevention in Edo State where the hospital is located.",0
ERGP25242062,"PROVISION OF MEDICAL OUTREACH IN AKIOSU UNEME LGA, EDO STATE.
",521027001,"IRRUA SPECIALIST TEACHING HOSPITAL, IRRUA",,9426867.0,YES,HIGH,"Medical outreach in Edo State aligns with the hospital's mandate to provide tertiary healthcare services and conduct community education on disease prevention, particularly given its role as a specialized medical institution serving the local region.",0
ERGP27169333,"EXPANSION AND FURNISHING OF OUTREACH ANNEX AND CENTRES OF THE HOSPITAL
",521027001,"IRRUA SPECIALIST TEACHING HOSPITAL, IRRUA",,32200000.0,YES,HIGH,"Expanding and furnishing outreach annexes and centers directly supports the hospital's mandate to provide specialized Lassa fever treatment, general tertiary healthcare services, and serve as a national reference center by increasing capacity and geographic reach for patient care and epidemic response.",0
ERGP27202900,"CONSTRUCTION OF LABORATORY COMPLEX IN THE HOSPITAL
",521027001,"IRRUA SPECIALIST TEACHING HOSPITAL, IRRUA",,140000000.0,YES,HIGH,"Construction of a laboratory complex directly supports the hospital's statutory functions to operate virology laboratory for Lassa fever diagnosis, conduct diagnostic testing during outbreaks, and advance infectious disease research as a national reference center.",0
ERGP27231283,"DESIGN AND CONSTRUCTION OF MALE MEDICAL WARD IN THE HOSPITAL
",521027001,"IRRUA SPECIALIST TEACHING HOSPITAL, IRRUA",,276500000.0,YES,HIGH,"The design and construction of a male medical ward directly supports the hospital's core mandate to provide specialized Lassa fever treatment and general tertiary healthcare services, requiring appropriate inpatient facilities for male patients.",0
ERGP27231299,COMPLETION AND FURNISHING OF DOCTOR'S QUATERS INTHE HOSPITAL,521027001,"IRRUA SPECIALIST TEACHING HOSPITAL, IRRUA",,42000000.0,YES,HIGH,"Providing doctor's quarters is essential infrastructure that supports the hospital's ability to attract and retain medical professionals needed to fulfill its specialized treatment, training, and research functions for Lassa fever and other infectious diseases.",0
ERGP28158384,DRILLING OF BOREHOLE AND RETICULATION OF WATER,521027001,"IRRUA SPECIALIST TEACHING HOSPITAL, IRRUA",,21000000.0,YES,HIGH,"Water infrastructure is essential for a hospital's core healthcare operations, infection control measures, and maintaining biosafety standards required for treating highly infectious diseases like Lassa fever.",0
ERGP1227089,"STAFF WELFARE PACKAGE, PAYMENT OF REPATRIATION, DEATH BENEFIT, 1ST 28 DAYS AND SPORT RELATED MATTERS",521027041,INTERCOUNTRY CENTRE FOR ORAL HEALTH JOS,,62700091.0,PARTIAL,MEDIUM,"While staff welfare and benefits are necessary for maintaining human resources to deliver the agency's core mandate of dental training and oral health research, these administrative items are not directly aligned with the specific statutory functions focused on oral health services, training, and research.",50
ERGP25226974,"DEMONSTARTION ACTIVITIES FOR ORAL HEALTH
",521027041,INTERCOUNTRY CENTRE FOR ORAL HEALTH JOS,,108500000.0,YES,HIGH,"Demonstration activities for oral health directly align with the agency's statutory functions to conduct community oral health education programs, promote dental hygiene and preventive oral care, and advance oral health across West Africa.",0
ERGP25226989,"RESEARCH & DEVEVOPLMENT FOR ORAL HEALTH
",521027041,INTERCOUNTRY CENTRE FOR ORAL HEALTH JOS,,177100000.0,YES,HIGH,"Research & development for oral health directly aligns with the agency's core statutory functions to conduct oral health research on dental diseases, dental caries, periodontal diseases, oral cancer, and traditional oral health practices in Africa.",0
ERGP25227103,"OFFICE DIGITIZATION AND DIGITILIZATION
",521027041,INTERCOUNTRY CENTRE FOR ORAL HEALTH JOS,,24150000.0,PARTIAL,MEDIUM,"Office digitization could support the agency's administrative functions for training, research, and regional coordination activities, but it is not directly related to their core mandate of dental training, oral health research, and specialized dental care delivery.",50
ERGP25227125,"ORAL HEALTH STAKEHOLDERS INTERNATIONAL CONFERENCE
",521027041,INTERCOUNTRY CENTRE FOR ORAL HEALTH JOS,,65450000.0,YES,HIGH,"An oral health stakeholders international conference directly supports the agency's mandate to collaborate with international oral health organizations, engage WHO African Region partners, and coordinate regional oral health initiatives across West Africa.",0
ERGP25227148,"PRINTING OF ORAL HEALTH EDUCATIONAL MATERIALS
",521027041,INTERCOUNTRY CENTRE FOR ORAL HEALTH JOS,,34300000.0,YES,HIGH,Printing oral health educational materials directly supports the agency's statutory functions of conducting community oral health education programs and promoting dental hygiene and preventive oral care across West Africa.,0
ERGP25227166,"PURCHASE OF ORAL HEALTH OUTREACH GENERATORS
",521027041,INTERCOUNTRY CENTRE FOR ORAL HEALTH JOS,,6300000.0,YES,HIGH,Purchase of generators for oral health outreach directly supports the agency's statutory function to conduct community oral health education programs and promote dental hygiene and preventive oral care in the region.,0
ERGP25227179,"COMMUNICATION EQUIPMENTS FOR ORAL HEALTH OUTREACH
",521027041,INTERCOUNTRY CENTRE FOR ORAL HEALTH JOS,,7700000.0,YES,HIGH,Communication equipment directly supports the agency's mandate to conduct community oral health education programs and outreach activities across the West African region.,0
ERGP25227195,CAPACITY BUILDING FOR ACCOUNT & AUDIT OFFICERS: UPDATE ON ACCOUNTING REFORMS (IPSAS/GIFMIS/TSA/E-PAYMENT) AND FORENSIC ACCOUNTING,521027041,INTERCOUNTRY CENTRE FOR ORAL HEALTH JOS,,17500000.0,NO,HIGH,"This budget item focuses on financial accounting reforms and forensic accounting training, which falls outside the agency's specialized mandate of dental training, oral health research, and dental care delivery.",100
ERGP25227206,"PROCUREMENT AND INSTALLATION OF COMPUTERS AND ITS ACCESSORIES
",521027041,INTERCOUNTRY CENTRE FOR ORAL HEALTH JOS,,20300000.0,YES,HIGH,"Computer equipment is essential for the agency's core functions including postgraduate dental training programs, oral health research activities, patient records management, and collaboration with WHO and international dental organizations.",0
ERGP25227222,"SERVICOM AND ACTU ACTIVITIES: WEEK SENSITIZATION ACITIVITIES FOR EFFECTIVE, EFFICIENT AND IMPROVED SERVICE DELIVERY & IMPROVED PRODUCTIVITY",521027041,INTERCOUNTRY CENTRE FOR ORAL HEALTH JOS,,15750000.0,PARTIAL,MEDIUM,"While SERVICOM activities for improved service delivery could relate to enhancing the quality of dental training and healthcare services provided by the centre, this appears to be a general administrative program rather than a core oral health, dental training, or research function that directly fulfills the agency's specialized regional mandate.",50
ERGP25227247,"PURCAHSE OF MOBILE DENTAL EQUIPMENTS
",521027041,INTERCOUNTRY CENTRE FOR ORAL HEALTH JOS,,154000000.0,YES,HIGH,"Mobile dental equipment directly supports the agency's mandate to provide specialized dental services, conduct community oral health programs, and deliver dental training across the West African region.",0
ERGP25132132,PURCHASE OF LABORATORY EQUIPMENT,521033001,INSTITUTE OF PUBLIC ANALYSTS OF NIGERIA,,21000000.0,YES,HIGH,"Laboratory equipment is essential for IPAN to fulfill its core mandate of regulating public analysts, ensuring analytical quality standards, and supporting government regulatory testing through proper laboratory infrastructure.",0
ERGP25132135,CONSTRUCTION OF MICROBIOLOGY AND PHYSICO-CHEMICAL LABORATORIES - LAGOS,521033001,INSTITUTE OF PUBLIC ANALYSTS OF NIGERIA,,14000000.0,YES,HIGH,"Construction of microbiology and physico-chemical laboratories directly supports IPAN's core mandate to regulate public analysts, promote laboratory accreditation, and provide facilities for analytical testing that supports government regulatory agencies like NAFDAC and SON.",0
ERGP25132136,MONITORING AND EVALUATION OF ANALYTICAL LABORATORIES ACROSS THE NATION,521033001,INSTITUTE OF PUBLIC ANALYSTS OF NIGERIA,,14000000.0,YES,HIGH,"Monitoring and evaluation of analytical laboratories directly supports IPAN's statutory functions to enforce analytical quality standards, promote laboratory accreditation, and ensure compliance with good laboratory practices nationwide.",0
ERGP25138835,PURCHASE OF UTILITY VEHICLE,521033001,INSTITUTE OF PUBLIC ANALYSTS OF NIGERIA,,56000000.0,YES,HIGH,"A utility vehicle is necessary for IPAN's regulatory functions including field inspections of laboratories, sample collection for testing, and supporting public analysts in conducting official analytical work for government agencies.",0
ERGP25237944,MEDICAL ENLIGHTENMENT AND OUTREACH TO INDIGENES OF BORNO SOUTH SENATORIAL DISTRICT,521033001,INSTITUTE OF PUBLIC ANALYSTS OF NIGERIA,,42000000.0,NO,HIGH,Medical enlightenment and outreach to a specific senatorial district falls outside IPAN's core mandate of regulating public analysts and laboratory science practitioners for analytical testing and quality standards.,100
ERGP30132140,CHEMICAL REAGENTS/STAFF CAPACITY BUILDING FOR STAFF,521033001,INSTITUTE OF PUBLIC ANALYSTS OF NIGERIA,,35000000.0,YES,HIGH,"Chemical reagents and staff capacity building directly support IPAN's core mandate to regulate public analysts, conduct professional examinations, enforce analytical quality standards, and provide technical guidance on analytical testing methods.",0
ERGP22174570,CHEMICAL SAFETY AND SECRITY PROGRAMME,521037001,INSTITUTE OF CHARTERED CHEMISTS OF NIGERIA,,18200000.0,YES,HIGH,"Chemical safety and security programme directly aligns with the agency's statutory functions to provide technical advice on chemical safety, enforce chemical safety regulations in industries, and advance chemical safety practices across Nigeria.",0
ERGP23159493,REVIEW OF CHEMISTRY CURRICULUM IN SECONDARY AND TERTIARY,521037001,INSTITUTE OF CHARTERED CHEMISTS OF NIGERIA,,7350000.0,YES,HIGH,The budget item directly aligns with the agency's statutory functions to accredit chemistry degree programs in universities and coordinate with universities on chemistry curriculum development.,0
ERGP25136423,"PURCHASE OF LAND,CLEARING AND DESIGN",521037001,INSTITUTE OF CHARTERED CHEMISTS OF NIGERIA,,28000000.0,PARTIAL,MEDIUM,"Land purchase and development could support ICCON's operations as a statutory regulatory body requiring physical infrastructure, but the item lacks specificity about how it directly relates to their core professional regulatory functions.",50
ERGP27114899,REHABILITATION OF OFFICE BUILDING,521037001,INSTITUTE OF CHARTERED CHEMISTS OF NIGERIA,,14000000.0,YES,HIGH,"Rehabilitating office buildings is necessary for ICCON to maintain proper facilities to carry out its statutory functions of regulating the chemistry profession, conducting examinations, and providing administrative services.",0
ERGP27114901,"PURCHASE OF FURNITURE, FIXTURES AND FITTINGS",521037001,INSTITUTE OF CHARTERED CHEMISTS OF NIGERIA,,8750000.0,YES,HIGH,"Office furniture, fixtures and fittings are essential administrative assets needed to support the agency's regulatory operations, examination conduct, registration processes, and professional services delivery.",0
ERGP30130077,CAPACITY BUILDING AND HUMAN RESOURCES DEVELOPMENT,521037001,INSTITUTE OF CHARTERED CHEMISTS OF NIGERIA,,14000000.0,YES,HIGH,"Capacity building and human resources development directly aligns with ICCON's statutory functions to enforce continuing professional development for chemists, conduct professional qualifying examinations, and advance chemistry profession development.",0
ERGP30140136,NATIONAL CHEMICAL PERSONNEL AUDIT,521037001,INSTITUTE OF CHARTERED CHEMISTS OF NIGERIA,,21000000.0,YES,HIGH,A national chemical personnel audit directly supports ICCON's core mandate to regulate the chemistry profession and register qualified chemists by providing essential data on chemical practitioners across Nigeria.,0
ERGP3159483,PURCHASE OF UTILITY VEHICLES,521037001,INSTITUTE OF CHARTERED CHEMISTS OF NIGERIA,,19600000.0,YES,HIGH,"Utility vehicles are necessary for ICCON to conduct field inspections of chemical facilities, enforce safety regulations, investigate misconduct cases, and carry out regulatory oversight activities across Nigeria.",0
ERGP8159496,ESTABLISHMENT OF ZONAL OFFICES,521037001,INSTITUTE OF CHARTERED CHEMISTS OF NIGERIA,,9100000.0,YES,HIGH,"Establishing zonal offices directly supports ICCON's mandate to regulate chemistry professionals nationwide, conduct examinations, register chemists, and enforce professional standards across Nigeria's different regions.",0
ERGP19226084,PROCUREMENT OF SECURITY/PATROL EQUIPMENT,535003001,KAINJI NATIONAL PARK,,49000000.0,YES,HIGH,Security and patrol equipment directly supports the agency's statutory function to conduct anti-poaching patrols preventing illegal hunting and protecting wildlife within the national park boundaries.,0
ERGP19226141,EXTENSION OF FENCING COMMUNITY/PARK BOUNDARY AT FELEGI,535003001,KAINJI NATIONAL PARK,,14000000.0,YES,HIGH,Extension of fencing at community/park boundary directly supports the agency's statutory function to maintain park boundaries and prevent encroachment while managing human-wildlife conflict with surrounding communities.,0
ERGP19226188,REHABILITATION OF IBBI SECTORIAL OFFICE,535003001,KAINJI NATIONAL PARK,,13445915.0,YES,HIGH,Rehabilitating the Ibbi sectorial office directly supports the agency's statutory function to manage park sectors and maintain operational infrastructure necessary for wildlife conservation and park administration.,0
ERGP19226260,BEATING AND REPLANTING OF GREEN BOND,535003001,KAINJI NATIONAL PARK,,7000000.0,YES,HIGH,Replanting activities directly support the agency's statutory function to preserve savanna woodland and grassland ecosystems and protect biodiversity within the national park.,0
ERGP19226401,CONSTRUCTION OF 200M REINFORCED CONCRETE DRAINAGE AT KAIAMA CONTACT OFFICE,535003001,KAINJI NATIONAL PARK,,33600000.0,YES,HIGH,"Construction of drainage infrastructure at the Kaiama Contact Office directly supports the agency's operational capacity to manage park activities, conduct community engagement, and maintain essential facilities for conservation operations in the park area.",0
ERGP19226471,PROVISION OF SOLAR POWER AT IBBI SECTORIAL OFFICE,535003001,KAINJI NATIONAL PARK,,31500000.0,YES,HIGH,"Solar power provision for the Ibbi sectorial office directly supports the park's operational infrastructure needs for conservation management, anti-poaching patrols, and administrative functions in remote park locations.",0
ERGP19226496,REHABILITATION OF CAR PARK / CANTEEN BUILDING AT HEAD OFFICE,535003001,KAINJI NATIONAL PARK,,7000000.0,PARTIAL,MEDIUM,"While rehabilitating car park and canteen facilities at headquarters supports basic operational infrastructure needed for park management activities, it is not directly aligned with the core conservation, wildlife protection, and eco-tourism mandates of the national park.",50
ERGP19226563,PROCUREMENT OF OFFICE FURNITURE,535003001,KAINJI NATIONAL PARK,,16800000.0,PARTIAL,MEDIUM,"While office furniture supports general administrative operations that enable park management functions, it is not directly related to the agency's core conservation, wildlife protection, and tourism management activities.",50
ERGP19226588,CONSTRUCTION OF ARMORY,535003001,KAINJI NATIONAL PARK,,12630771.0,PARTIAL,MEDIUM,"While an armory could support anti-poaching patrols and wildlife protection operations which are core functions, the construction of weapons storage facilities is not explicitly within the park's conservation and eco-tourism mandate.",50
ERGP19227487,BEATING AND REPLANTING OF GREEN BOND SITES,535006001,GASHAKA GUMTI NATIONAL PARK,,7000000.0,YES,HIGH,"Beating and replanting activities directly support the agency's core mandate to protect and conserve biodiversity, preserve ecosystems, and restore degraded areas within Nigeria's largest national park.",0
ERGP19227514,PURCHASE OF PATROL/SECURITY EQUIPMENT FOR GASHAKA GUMTI NATIONAL PARK,535006001,GASHAKA GUMTI NATIONAL PARK,,49000000.0,YES,HIGH,"Purchase of patrol/security equipment directly supports the agency's statutory functions of conducting anti-poaching patrols, law enforcement against illegal hunting, combating illegal logging, and protecting park boundaries from encroachment.",0
ERGP19227539,REHABILITATION OF 5 NO ROOMS AT HEAD OFFICE BODEL,535006001,GASHAKA GUMTI NATIONAL PARK,,17500000.0,YES,HIGH,"Rehabilitating head office rooms is essential for maintaining proper administrative infrastructure needed to coordinate the park's conservation, research, and management activities across the 6,731 square kilometer protected area.",0
ERGP19227578,"REHABILITATION OF DOUBLE CHALETS I,II & III",535006001,GASHAKA GUMTI NATIONAL PARK,,31500000.0,YES,HIGH,Rehabilitating double chalets directly supports the agency's statutory function to develop and manage sustainable ecotourism infrastructure and manage park facilities including tourist accommodations.,0
ERGP19227683,"DRILING OF TUBEWELL, CONSTRUCTION OF OVERHEAD TANK AND INSTALLATION OF SOLAR POWERED SUBMERSIBLE PUMP AT HEAD OFFICE BODEL",535006001,GASHAKA GUMTI NATIONAL PARK,,31500000.0,YES,HIGH,"Installing water infrastructure at the park's head office is essential for basic operations supporting conservation activities, staff facilities, and park management functions outlined in the mandate.",0
ERGP19227719,"PROCUREMENT OF OFFICE FURNITURE FOR STUDENT HOSTEL, SENIOR RANGERS QUARTERS AND BOARD ROOM IN GASHAKA",535006001,GASHAKA GUMTI NATIONAL PARK,,12558417.0,YES,HIGH,Office furniture for senior rangers quarters and board rooms directly supports park management operations and staff accommodation necessary for effective wildlife conservation and anti-poaching activities within the agency's mandate.,0
ERGP19227740,"PROCUREMENT OF OFFICE EQUIPMENT FOR GASHAKA GUMTI NATIONAL PARK,",535006001,GASHAKA GUMTI NATIONAL PARK,,16380000.0,YES,HIGH,"Office equipment is essential infrastructure needed to support the park's administrative operations, research activities, monitoring programs, and coordination of conservation efforts across the 6,731 square kilometer park area.",0
ERGP19227763,PROCUREMENT AND INSTALLATIONN OF ELECTRIC SOLAR POWER PLANT FOR STUDENT AND SENIOR QUARTERS AT TRANSIT CAMP,535006001,GASHAKA GUMTI NATIONAL PARK,,17500000.0,PARTIAL,MEDIUM,"While providing power infrastructure for staff quarters supports park operations and management functions, the budget item lacks clear connection to core conservation activities and the term ""student quarters"" suggests potential deviation from primary wildlife protection mandate.",50
ERGP19233463,PROVISION OF SOLAR BOREHOLE IN SOME SUPPORT ZONE COMMUNITIES,535008001,KAMUKU NATIONAL PARK,,21000000.0,PARTIAL,MEDIUM,"While providing solar boreholes to support zone communities isn't directly conservation work, it could align with developing alternative livelihoods and community engagement to reduce pressure on park resources from communities seeking water sources within the park.",50
ERGP19233465,RENOVATION OF ICT OFFICE BLOCK,535008001,KAMUKU NATIONAL PARK,,10500000.0,PARTIAL,MEDIUM,"While ICT infrastructure can support park management activities like monitoring, surveys, and coordination with other agencies, it is not directly related to the core conservation mandate of protecting biodiversity, preventing illegal activities, and preserving ecosystems.",50
ERGP19233472,RENOVATION OF SOME CLASSROOMS IN PARK SUPPORT ZONE COMMUNITIES,535008001,KAMUKU NATIONAL PARK,,24500000.0,PARTIAL,MEDIUM,"While classroom renovation for park support zone communities could indirectly support conservation by building community goodwill and education capacity, it falls outside the agency's core mandate of direct biodiversity protection and ecosystem conservation.",50
ERGP19233473,PROCUREMENT OF 1 NO SECURITY/PATROL EQUIPMENT,535008001,KAMUKU NATIONAL PARK,,49000000.0,YES,HIGH,"Security/patrol equipment directly supports the agency's core mandate to combat illegal logging, poaching, mining, and encroachment through anti-poaching patrols and enforcement activities within the national park.",0
ERGP19233475,BEATING AND REPLANTING OF GREEN BOND SITES,535008001,KAMUKU NATIONAL PARK,,7000000.0,YES,HIGH,Replanting activities directly support the agency's core mandate to preserve gallery forest and woodland savanna ecosystems while restoring degraded areas from illegal logging and mining damage.,0
ERGP19233476,PROCUREMENT OF 15 NO OFFICE EQUIPMENT,535008001,KAMUKU NATIONAL PARK,,12624976.0,YES,HIGH,"Office equipment is essential for park administration, record-keeping, monitoring activities, and coordinating conservation efforts which directly support the agency's mandate to protect and manage the national park.",0
ERGP19233477,CONSTRUCTION OF 1 NO OFFICE BUILDING,535008001,KAMUKU NATIONAL PARK,,35000000.0,YES,HIGH,"Construction of an office building directly supports the agency's core mandate by providing essential infrastructure for park management operations, ranger coordination, and administrative functions needed to effectively combat illegal activities and protect the national park.",0
ERGP19233478,REHABILITATION AND GRADING OF TRACKS,535008001,KAMUKU NATIONAL PARK,,12671023.0,YES,HIGH,"Rehabilitating and grading tracks is essential for park rangers to conduct anti-poaching patrols, combat illegal logging and mining, and access remote areas for wildlife protection and boundary maintenance in this severely threatened national park.",0
ERGP19123493,"NATIONAL AFFORESTATION PROGRAMME
",535013001,FORESTRY RESEARCH INSTITUTE OF IBADAN,,140000000.0,YES,HIGH,"The National Afforestation Programme directly aligns with FRIN's core mandate to address Nigeria's deforestation crisis through forest plantation establishment, tree species development, and sustainable forest management practices.",0
ERGP27225954,"REHABILITATION OF FORESTRY RESEARCH INSTITUTE OF NIGERIA BOARDROOM IN FRIN HQ, IBADAN",535013001,FORESTRY RESEARCH INSTITUTE OF IBADAN,,56000000.0,YES,HIGH,Rehabilitating the boardroom at FRIN headquarters directly supports the institute's administrative and coordination functions necessary for executing its forestry research mandate and providing technical advisory services to the Federal Ministry of Environment.,0
ERGP27226065,"CONSTRUCTION OF DIRECTOR GENERAL's OFFICE COMPLEX IN FRIN HQ, IBADAN
",535013001,FORESTRY RESEARCH INSTITUTE OF IBADAN,,75822153.0,YES,HIGH,"Construction of the Director General's office complex is necessary administrative infrastructure that directly supports the agency's core mandate by providing essential facilities for institutional leadership, coordination of research activities, and administrative functions required to effectively conduct forestry research and policy advisory services.",0
ERGP29191193,"SUBSCRIPTION OF GLOBAL BIODIVERSITY INFORMATION FACILITY (GBIF)
",535013001,FORESTRY RESEARCH INSTITUTE OF IBADAN,,21000000.0,YES,HIGH,"The subscription to GBIF directly supports the agency's mandate to conduct biodiversity research, maintain germplasm collections, and collaborate with international organizations for forest conservation and scientific advancement.",0
ERGP29206051,UPGRADING OF THE FRIN ICT CENTRE WITH MODERNISED TECHNOLOGY / FACILITIES / EQUIPMENT / IMPROVED NETWORK TO ENHANCE RESEARCHÃÆÃ¢â¬Å¡ÃâÃ,535013001,FORESTRY RESEARCH INSTITUTE OF IBADAN,,35000000.0,YES,HIGH,"Upgrading ICT infrastructure directly supports the agency's core functions of conducting forestry research, publishing scientific findings, and disseminating knowledge, as modern technology and network facilities are essential for contemporary research operations and data management.",0
ERGP30171820,"DEVELOPMENT OF AGRO FORESTRY ENTERPRISES, FARMING SYSTEM PROGRAMME WORKSHOP & TRAINING ACROSS SIX GEO-POLITICAL ZONES OF THE COUNTRY",535013001,FORESTRY RESEARCH INSTITUTE OF IBADAN,,138600000.0,YES,HIGH,"This budget item directly aligns with the agency's statutory function (f) to develop agroforestry systems integrating trees with crops for sustainable land use, and function (q) to train forestry researchers, technicians, and extension officers across the country.",0
ERGP30171889,CONSTRUCTION AND REHABILITATION OF RESEARCH BUILDINGS IN FRIN HEADQUARTERS & OUTSTATIONS,535013001,FORESTRY RESEARCH INSTITUTE OF IBADAN,,140000000.0,YES,HIGH,"Construction and rehabilitation of research buildings directly supports the agency's core mandate to conduct comprehensive forestry research and operate research forest stations across ecological zones, as adequate research infrastructure is essential for fulfilling their statutory research functions.",0
ERGP30171910,"PROCUREMENT OF RESEARCH LABORATORY EQUIPMENT, FURNITURES & FITTING FOR OFFICES IN FRIN HQ",535013001,FORESTRY RESEARCH INSTITUTE OF IBADAN,,69860000.0,YES,HIGH,"Research laboratory equipment is essential infrastructure directly supporting FRIN's core mandate to conduct comprehensive forestry research across all their statutory functions including tree species analysis, forest ecology studies, and non-timber forest products research.",0
ERGP30171979,"PROCUREMENT OF RESEARCH MACHINERY IN FRIN HQ.
",535013001,FORESTRY RESEARCH INSTITUTE OF IBADAN,,69300000.0,YES,HIGH,"Research machinery procurement directly supports FRIN's core mandate to conduct comprehensive forestry research across multiple areas including forest ecology, tree species improvement, forest products development, and climate change studies.",0
ERGP30171993,"MAN AND BIOSPHERE COMMUNITIES ENTERPRISES DEVELOPMENT, WORKSHOP AND WORLD NETWORK OBLIGATIONS",535013001,FORESTRY RESEARCH INSTITUTE OF IBADAN,,21700000.0,PARTIAL,MEDIUM,"While Man and Biosphere Communities Enterprises Development relates to sustainable forest-community interactions which connects to FRIN's agroforestry and sustainable management research, the workshop and world network obligations components extend beyond the institute's core research mandate into broader international program administration.",50
ERGP30203696,"CONSTRUCTION/REHABILITATION OF PLANNING, RESEARCH & STATISTICS BUILDING IN FRIN HEADQUARTER.",535013001,FORESTRY RESEARCH INSTITUTE OF IBADAN,,154000000.0,YES,HIGH,"Construction of a Planning, Research & Statistics Building directly supports FRIN's core mandate to conduct comprehensive forestry research and falls under essential infrastructure needed for their statutory research functions.",0
ERGP30203940,"HUMAN CAPACITY DEVELOPMENT FOR STAFF OF FRIN HQ AND OUTSTATIONS
",535013001,FORESTRY RESEARCH INSTITUTE OF IBADAN,,70000000.0,YES,HIGH,"Training forestry researchers, technicians, extension officers and forestry students is explicitly listed as statutory function (q) under the agency's mandate.",0
ERGP30204399,"PROVISION OF OFFICE EQUIPMENT: LAPTOPS, DESKTOPS, PRINTERS, PHOTOCOPIER MACHINES, UPS AND SCANNERS.",535013001,FORESTRY RESEARCH INSTITUTE OF IBADAN,,69440000.0,YES,HIGH,"Office equipment including laptops, desktops, printers, photocopiers, UPS and scanners are essential administrative tools required for conducting forestry research, data analysis, publishing research findings, and managing the Institute's core functions effectively.",0
ERGP30204429,"RECONSTRUCTION OF INSTITUTE's PERIMETER FENCE & SURVEILLANCE
",535013001,FORESTRY RESEARCH INSTITUTE OF IBADAN,,105000000.0,YES,HIGH,"Reconstructing perimeter fencing and surveillance systems is necessary infrastructure to secure the Institute's research facilities, forest stations, germplasm collections, and valuable research assets from unauthorized access and potential damage.",0
ERGP30225973,"PROCUREMENT OF ONE NUMBER GREEN HOUSE 5m X 8m WIDE, 36 SQUARE METERS
",535013001,FORESTRY RESEARCH INSTITUTE OF IBADAN,,66500000.0,YES,HIGH,"A greenhouse facility directly supports FRIN's statutory functions of conducting forestry research, maintaining germplasm collections, tree species improvement programs, and operating nurseries for quality seedling production.",0
ERGP30225999,"FOREST GUARDS TRAINING, CAPACITY DEVELOPMENT & PROCUREMENT OF CAMPING EQUIPMENTS / MATERIALS FOR NATIONAL SECURITY IN RESEARCH FOREST",535013001,FORESTRY RESEARCH INSTITUTE OF IBADAN,,61600000.0,PARTIAL,MEDIUM,"While training forest guards and procuring camping equipment relates to protecting research forests which supports the agency's research mandate, the emphasis on ""national security"" extends beyond FRIN's core forestry research functions into security operations that are not explicitly within their statutory mandate.",50
ERGP30226050,ESTABLISHMENT OF RESEARCH NURSERY & PROVISION OF TOOLS & EQUIPMENT FOR SEEDLING PRODUCTION IN NEWLY RESEARCH STATIONS,535013001,FORESTRY RESEARCH INSTITUTE OF IBADAN,,56000000.0,YES,HIGH,This budget item directly supports the agency's statutory functions to operate research forest stations across ecological zones (function l) and maintain tree nurseries producing quality seedlings as explicitly stated in their mandate.,0
ERGP20230264,AFFORESTATION PROGRAM IN SIX (6) LOCAL GOVERNMENT AREARS OF KADUNA STATE TO MITIGATE CLIMATE CHANGE,535014001,FORESTRY MECHANISATION COLLEGE AFAKA,,10500000.0,YES,HIGH,"The afforestation program directly aligns with the college's statutory functions to develop skills in reforestation techniques, tree planting and afforestation programs (function l) and provide education addressing Nigeria's severe deforestation crisis requiring urgent intervention (function r).",0
ERGP23206935,CONSTRUCTION AND FURNISHING STUDENTS ENTREPRENEURSHIP CENTRE,535014001,FORESTRY MECHANISATION COLLEGE AFAKA,,186033252.0,PARTIAL,MEDIUM,"While entrepreneurship training could support graduates in starting forestry-related businesses, constructing a dedicated entrepreneurship center is not explicitly within the college's core mandate of providing specialized forestry mechanization and forest engineering training.",50
ERGP23206982,CONSTRUCTION OF 4 BLOCKS CLASSROOMS CONTAINING 8 CLASSES AND STAFF OFFICES,535014001,FORESTRY MECHANISATION COLLEGE AFAKA,,128800000.0,YES,HIGH,Construction of classroom blocks with staff offices directly supports the agency's core educational mandate to provide specialized forestry mechanization training and technical education.,0
ERGP23231034,PROCUREMENT OF OFFICE EQUIPMENT,535014001,FORESTRY MECHANISATION COLLEGE AFAKA,,26250000.0,PARTIAL,MEDIUM,"While office equipment supports general administrative functions necessary for any educational institution, it does not directly advance the agency's specialized mandate of providing forestry mechanization training and forest engineering education.",50
ERGP23231039,REHABILITATION AND FURNISHING OF AGRIC ENGINEERING DEPARTMENT STAFF OFFICESTION AND FURNISHING STUDENTS ENTREPRENEURSHIP CENTRE,535014001,FORESTRY MECHANISATION COLLEGE AFAKA,,22750000.0,PARTIAL,MEDIUM,"While the agricultural engineering department rehabilitation could support forestry mechanization training which aligns with the college's mandate, the specific mention of ""agric engineering"" rather than forestry engineering creates some uncertainty about direct alignment.",50
ERGP23245897,SUPPLY AND INSTALLATION OF SOLAR STREET LIGHTS TO ENHANCE SECURITY SURVEILLANCE IN JERE FEDERAL CONSTITUENCY,535014001,FORESTRY MECHANISATION COLLEGE AFAKA,,245000000.0,NO,HIGH,"Installing solar street lights for security surveillance in a specific federal constituency is outside the mandate of a forestry mechanization college that should focus on forestry education, training, and equipment rather than constituency infrastructure projects.",100
ERGP23245900,"PROVISION OF FARM EQUIPMENTS FOR MECHANISED AGRICULTURE IN JERE, BORNO STATE",535014001,FORESTRY MECHANISATION COLLEGE AFAKA,,140000000.0,NO,HIGH,"The budget item is for general farm equipment for mechanized agriculture in Borno State, which does not align with the agency's specialized mandate of forestry mechanization training and forest management education.",100
ERGP23245901,"SUPPLY AND INSTALLATION OF SOLAR STREET LIGHTS TO ENHANCE SECURITY SURVEILLANCE IN SELECTED FEDERAL CONSTITUENCIES (KANO, ANAMBRA, GOMBE,",535014001,FORESTRY MECHANISATION COLLEGE AFAKA,,210000000.0,NO,HIGH,Installing solar street lights for security surveillance in various federal constituencies is outside the mandate of a specialized forestry mechanization college focused on training forest technicians and engineers.,100
