code,ergp_line_item,mda_code,agency,mother_ministry,amount,alignment,confidence,reason,mandate_deviation_score
ERGP10175045,PROVISION AND INSTALLATION OF SOLAR POWERED STREETLIGHT IN RURAL COMMUNITIES IN THE 6 GEO-POLITICAL ZONES,215001001,FEDERAL MINISTRY OF AGRICULTURE AND FOOD SECURITY - HQTRS,,1400000000.0,NO,HIGH,"The budget item covers all 6 geo-political zones while the agency's mandate is specifically limited to the North-East zone (6 states: Adamawa, Bauchi, Borno, Gombe, Taraba, and Yobe).",100
ERGP1208767,ESTABLISHMENT OF AGRICULTURAL MARKETING INCUBATION CENTRES FOR YOUTH AND WOMEN ACROSS THE SIX GEO-POLITICAL ZONES,215001001,FEDERAL MINISTRY OF AGRICULTURE AND FOOD SECURITY - HQTRS,,455000000.0,NO,HIGH,"The agency mandate is specifically for North-East development and reconstruction, but the budget item covers all six geo-political zones of Nigeria, which extends far beyond the agency's geographical scope.",100
ERGP1208771,FOOD SECURITY CROPS VALUE CHAINS DEVELOPMENT PROGRAMS,215001001,FEDERAL MINISTRY OF AGRICULTURE AND FOOD SECURITY - HQTRS,,1494891133.0,NO,HIGH,"The agency mandate describes the North East Development Commission focused on post-insurgency reconstruction and rehabilitation, but the agency name indicates the Federal Ministry of Agriculture and Food Security, creating a clear mismatch where food security programs would align with the ministry name but not the stated NEDC mandate.",100
ERGP1208772,FOOD SECURITY CROPS VALUE CHAINS DEVELOPMENT PROGRAMS ON CASH CROPS,215001001,FEDERAL MINISTRY OF AGRICULTURE AND FOOD SECURITY - HQTRS,,1806314570.0,NO,HIGH,"The agency mandate describes the North East Development Commission focused on insurgency victim rehabilitation and reconstruction, but the agency name is Federal Ministry of Agriculture and Food Security, creating a clear mismatch where the budget item aligns with the agency name but not the stated mandate.",100
ERGP1208802,PROVISION FOR ENHANCED STRATEGIC FOOD RESERVE FOR FOOD SECURITY AND MARKET STABILIZATION,215001001,FEDERAL MINISTRY OF AGRICULTURE AND FOOD SECURITY - HQTRS,,1862000000.0,NO,HIGH,"The agency mandate describes the North East Development Commission focused on post-insurgency reconstruction and rehabilitation, while the agency name indicates the Federal Ministry of Agriculture, creating a complete mismatch with a food security budget item that would align with agricultural ministry functions but not commission mandates.",100
ERGP12175035,CONSTRUCTION OF FEEDER ROADS IN RURAL COMMUNITIES IN THE 6 GEO-POLITICAL ZONES,215001001,FEDERAL MINISTRY OF AGRICULTURE AND FOOD SECURITY - HQTRS,,2514893597.0,NO,HIGH,"The budget item covers all 6 geo-political zones while the agency's mandate is specifically limited to the North-East zone comprising only 6 states (Adamawa, Bauchi, Borno, Gombe, Taraba, and Yobe).",100
ERGP16193867,IMPLEMENTATION OF MANPOWER DEVELOPMENT STRATEGIES TO IMPROVE AGRICULTURAL PRODUCTIVITY,215001001,FEDERAL MINISTRY OF AGRICULTURE AND FOOD SECURITY - HQTRS,,210700000.0,NO,HIGH,"The agency mandate describes the North East Development Commission focused on insurgency rehabilitation and reconstruction, not the Federal Ministry of Agriculture and Food Security which should handle agricultural productivity and manpower development.",100
ERGP16231491,"IMPLEMENTATION OF FCSSIP POLICY TO ENHANCE FOOD SECURITY
",215001001,FEDERAL MINISTRY OF AGRICULTURE AND FOOD SECURITY - HQTRS,,372400000.0,NO,HIGH,"The agency mandate described is for the North East Development Commission focused on insurgency rehabilitation, but the agency name is Federal Ministry of Agriculture and Food Security, creating a complete mismatch between the stated mandate and the agricultural budget item.",100
ERGP18208797,REHABILITATION AND CALIBRATION OF FGN RETAINED SILO COMPLEXES IN READINESS FOR STRATEGIC FOOD RESERVE STOCKING FOR FOOD SECURITY,215001001,FEDERAL MINISTRY OF AGRICULTURE AND FOOD SECURITY - HQTRS,,504000000.0,NO,HIGH,"The agency mandate describes the North East Development Commission focused on insurgency rehabilitation in six specific states, but the agency name indicates the Federal Ministry of Agriculture and Food Security, creating a clear mismatch where the budget item aligns with the ministry name but not the stated mandate.",100
ERGP27105258,"INFRASTRUCTURES AND PROJECTS SUPPORT COORDINATION
",215001001,FEDERAL MINISTRY OF AGRICULTURE AND FOOD SECURITY - HQTRS,,672210000.0,NO,HIGH,"The agency mandate provided is for the North East Development Commission (focused on insurgency rehabilitation in six northeastern states), but the budget is allocated to the Federal Ministry of Agriculture and Food Security, which has a completely different mandate focused on agriculture and food security nationwide.",100
ERGP27174747,"UPGRADE OF FACILITIES IN THE HEADQUARTERS BUILDING (OLD) AND STATE OFFICES
",215001001,FEDERAL MINISTRY OF AGRICULTURE AND FOOD SECURITY - HQTRS,,525000000.0,NO,HIGH,"The agency listed is the Federal Ministry of Agriculture and Food Security but the mandate described is for the North East Development Commission, creating a complete mismatch between the agency and its stated mandate.",100
ERGP27174760,"CONSTRUCTION OF FMARD HEADQUARTERS OFFICE COMPLEX
",215001001,FEDERAL MINISTRY OF AGRICULTURE AND FOOD SECURITY - HQTRS,,5670000000.0,NO,HIGH,The construction of FMARD headquarters office complex is unrelated to the North East Development Commission's mandate which specifically focuses on post-insurgency reconstruction and development in six northeastern states.,100
ERGP27231566,"CONSTRUCTION OF PUBLIC TOILETS, RURAL MARKETS AND HOUSING INFRASTRUCTURES IN THE SIX GEO-POLITICAL ZONES",215001001,FEDERAL MINISTRY OF AGRICULTURE AND FOOD SECURITY - HQTRS,,764893597.0,NO,HIGH,"The budget item covers all six geo-political zones while the agency mandate specifically limits operations to only six states in the North-East zone (Adamawa, Bauchi, Borno, Gombe, Taraba, and Yobe).",100
ERGP28175039,PROVISION OF PORTABLE WATER IN RURAL COMMUNITIES IN THE 6 GEO-POLITICAL ZONES,215001001,FEDERAL MINISTRY OF AGRICULTURE AND FOOD SECURITY - HQTRS,,1050000000.0,NO,HIGH,"The budget item covers all 6 geo-political zones nationwide while the agency's mandate is specifically limited to the North-East zone comprising only 6 states (Adamawa, Bauchi, Borno, Gombe, Taraba, and Yobe).",100
ERGP30105248,"CONTRIBUTION TO INTERNATIONAL ORGANIZATIONS
",215001001,FEDERAL MINISTRY OF AGRICULTURE AND FOOD SECURITY - HQTRS,,117788792.0,NO,HIGH,"The agency mandate describes the North East Development Commission focused on insurgency recovery in six northeastern states, but the budget item shows Federal Ministry of Agriculture and Food Security headquarters, creating a complete mismatch between the agency and its described mandate.",100
ERGP30126578,"RESEARCH ON HUMAN CAPITAL DEVELOPMENT IN AGRICULTURE
",215001001,FEDERAL MINISTRY OF AGRICULTURE AND FOOD SECURITY - HQTRS,,385000000.0,NO,HIGH,"The agency mandate describes the North East Development Commission focused on post-insurgency reconstruction and rehabilitation, which does not match the Federal Ministry of Agriculture and Food Security conducting agricultural research.",100
ERGP30159116,"COUNTERPART FUNDING OF AGRICULTURAL PROJECTS WITH DONOR AGENCIES
",215001001,FEDERAL MINISTRY OF AGRICULTURE AND FOOD SECURITY - HQTRS,,511649483.0,NO,HIGH,"The agency mandate describes the North East Development Commission focused on post-insurgency reconstruction and rehabilitation, but the agency name is Federal Ministry of Agriculture and Food Security, creating a complete mismatch between the agricultural budget item and the reconstruction-focused mandate provided.",100
ERGP30174655,"SURVEYING AND MAPPING OF ACQUIRED MINISTRY'S LANDS AND FACILITIES
",215001001,FEDERAL MINISTRY OF AGRICULTURE AND FOOD SECURITY - HQTRS,,50575907.0,NO,HIGH,"The agency mandate described is for the North East Development Commission focused on insurgency recovery, but the budget item for surveying and mapping ministry lands belongs to the Federal Ministry of Agriculture and Food Security, creating a clear mismatch between the agency and its stated mandate.",100
ERGP30174685,"IMPLEMENTATION OF AGRICULTURAL FOOD SECURITY PROGRAMS
",215001001,FEDERAL MINISTRY OF AGRICULTURE AND FOOD SECURITY - HQTRS,,350000000.0,NO,HIGH,"The agency mandate describes the North East Development Commission focused on insurgency rehabilitation and reconstruction, but the agency name indicates the Federal Ministry of Agriculture and Food Security, creating a clear mismatch where agricultural food security programs would align with the ministry name but not the stated NEDC mandate.",100
ERGP30174912,"NATIONAL COUNCIL ON AGRICULTURE AND RURAL DEVELOPMENT
",215001001,FEDERAL MINISTRY OF AGRICULTURE AND FOOD SECURITY - HQTRS,,129799968.0,NO,HIGH,"The budget item relates to national agricultural policy coordination while the agency mandate is specifically focused on North-East reconstruction and rehabilitation following insurgency, with no mention of agricultural policy or rural development coordination responsibilities.",100
ERGP30175085,"MAINSTREAMING GENDER IN AGRIBUSINESS
",215001001,FEDERAL MINISTRY OF AGRICULTURE AND FOOD SECURITY - HQTRS,,607517786.0,NO,HIGH,"The agency mandate is for the North East Development Commission focused on insurgency recovery and reconstruction, but the budget item is assigned to the Federal Ministry of Agriculture and Food Security which has no connection to the stated North East Development Commission mandate.",100
ERGP30175109,NATIONAL PROGRAMME FOR THE CONTROL OF TRANSBOUNDARY PESTS AND INTEGRATED PESTS SURVEILLANCE,215001001,FEDERAL MINISTRY OF AGRICULTURE AND FOOD SECURITY - HQTRS,,350000000.0,NO,HIGH,The budget item relates to agricultural pest control which does not match the agency mandate focused on North-East reconstruction and rehabilitation from insurgency damage.,100
ERGP30193870,INFRASTRUCUTURES DEVELOPMENT IN THE 37 FIELD AND 6 ZONAL COORDINATING OFFICES,215001001,FEDERAL MINISTRY OF AGRICULTURE AND FOOD SECURITY - HQTRS,,700000000.0,NO,HIGH,"The agency mandate provided is for the North East Development Commission (covering 6 specific states) but the agency name is Federal Ministry of Agriculture and Food Security, creating a clear mismatch between the agency identity and the assigned mandate.",100
ERGP30208758,"AGRICULTURE AND FOOD SECURITY STAKEHOLDERS' ANALYSIS AND MAPPING STUDY
",215001001,FEDERAL MINISTRY OF AGRICULTURE AND FOOD SECURITY - HQTRS,,35209245.0,NO,HIGH,"The agency mandate described is for the North East Development Commission focused on post-insurgency reconstruction and rehabilitation, which does not match the Federal Ministry of Agriculture and Food Security agency name or typical agricultural stakeholder mapping activities.",100
ERGP30208761,REVIEW OF EXISTING AGRICULTURAL LAWS AND DRAFTING OF NEW ONES TO SUPPORT AGRIBUSINESS AND INVESTMENTS FOR AGRICULTURAL DEVELOPMENT AND FOOD AND,215001001,FEDERAL MINISTRY OF AGRICULTURE AND FOOD SECURITY - HQTRS,,140000000.0,NO,HIGH,"The agency mandate is specifically for the North East Development Commission focused on post-insurgency reconstruction and rehabilitation, but the agency name indicates the Federal Ministry of Agriculture, creating a clear mismatch between the agricultural budget item and the North-East reconstruction mandate provided.",100
ERGP30208768,INSTITUTIONALIZING THE NIGERIAN FOOD SYSTEM DASHBOARD ON THE STATE OF FOOD AND NUTRITION IN THE COUNTRY,215001001,FEDERAL MINISTRY OF AGRICULTURE AND FOOD SECURITY - HQTRS,,1750000000.0,NO,HIGH,"The budget item relates to establishing a national food system dashboard which falls under agricultural and food security functions, but the agency mandate described is specifically for the North East Development Commission focused on insurgency victim rehabilitation and reconstruction in six northeastern states.",100
ERGP30208769,DEVELOPMENT OF DIGITAL MOBILE-BASED EXTENSION AND ADVISORY SYSTEM TO SUPPORT FARMERS PRODUCTIVITY,215001001,FEDERAL MINISTRY OF AGRICULTURE AND FOOD SECURITY - HQTRS,,175699773.0,NO,HIGH,"The mandate described is for the North East Development Commission focused on post-insurgency reconstruction and rehabilitation, which does not match the Federal Ministry of Agriculture and Food Security agency name or agricultural extension services.",100
ERGP30208770,DEVELOPMENT AND IMPLEMENTATION OF THE NATIONAL FARMERS SOIL HEALTH CARD SCHEME TO INCREASE PRODUCTIVITY,215001001,FEDERAL MINISTRY OF AGRICULTURE AND FOOD SECURITY - HQTRS,,840000000.0,NO,HIGH,"The budget item relates to national agricultural productivity improvement, but the agency mandate is specifically focused on North-East reconstruction and rehabilitation following insurgency, not general agricultural development programs.",100
ERGP30208774,"FOOD SECURITY CROPS VALUE CHAINS DEVELOPMENT PROGRAMS ON EXPORT CROPS
",215001001,FEDERAL MINISTRY OF AGRICULTURE AND FOOD SECURITY - HQTRS,,1063646136.0,NO,HIGH,"The agency mandate is for the North East Development Commission focused on insurgency rehabilitation and reconstruction, but this is actually the Federal Ministry of Agriculture budget item for export crop development which doesn't match the stated North East Development Commission mandate.",100
ERGP30208781,"EDUCATION PROMOTION OF HOME GARDEN, HOME ECONOMICS AND NUTRITION KNOWLEDGE TRANSFER AND PRACTICE AT THE STATE AND LOCAL GOVERNMENTS",215001001,FEDERAL MINISTRY OF AGRICULTURE AND FOOD SECURITY - HQTRS,,476742384.0,NO,HIGH,"The mandate describes the North East Development Commission focused on post-insurgency reconstruction and rehabilitation in six northeastern states, which does not match the Federal Ministry of Agriculture and Food Security's agricultural education and nutrition programs.",100
ERGP30208782,DEVELOPMENT AND ESTABLISHMENT OF NATIONAL AGRICULTURAL DATABASE CENTRE FOR PRODUCTIVITY,215001001,FEDERAL MINISTRY OF AGRICULTURE AND FOOD SECURITY - HQTRS,,222736375.0,NO,HIGH,"The budget item relates to establishing a national agricultural database center, but the agency mandate is specifically for North-East reconstruction and rehabilitation following insurgency, with no mention of agricultural database development responsibilities.",100
ERGP30208785,DEVELOPMENT OF FRAMEWORK AND CONDUCT OF TECHNOLOGY / ICT ENABLED FARMS AND FARMERS ENUMERATION AND MAPPING,215001001,FEDERAL MINISTRY OF AGRICULTURE AND FOOD SECURITY - HQTRS,,840000000.0,NO,HIGH,"The budget item relates to agricultural technology and farmer enumeration which falls under the Federal Ministry of Agriculture's mandate, but the agency mandate described is for the North East Development Commission focused on insurgency rehabilitation and reconstruction.",100
ERGP30208786,"CAPACITY BUILDING ON PROJECTS MONITORING EVALUATION, ACCOUNTABILITY AND LEARNING FOR EFFICIENCY AND HIGH PERFORMANCE FOR FOOD AND NUTRITION",215001001,FEDERAL MINISTRY OF AGRICULTURE AND FOOD SECURITY - HQTRS,,282936375.0,NO,HIGH,"The budget item focuses on food and nutrition capacity building which falls under agricultural ministry functions, but the agency mandate is specifically for North-East reconstruction and rehabilitation following insurgency, with no mention of food security or agricultural development responsibilities.",100
ERGP30208793,DEVELOPMENT OF A NATIONAL AGRICULTURAL MECHANISATION ENTERPRISE DEVELOPMENT SCHEME FOR YOUTH AGRIPRENEURS TOWARDS INCREASED,215001001,FEDERAL MINISTRY OF AGRICULTURE AND FOOD SECURITY - HQTRS,,350000000.0,NO,HIGH,"The budget item relates to national agricultural mechanization for youth entrepreneurs, but the agency mandate is specifically focused on North-East reconstruction and rehabilitation following insurgency, not general agricultural development programs.",100
ERGP30208795,DEVELOPMENT OF ICT TOOLS FOR AGRICULTURE PRODUCTIVITY THROUGH YOUTH HACKATHON FOR CLIMATE SMART TECHNOLOGY,215001001,FEDERAL MINISTRY OF AGRICULTURE AND FOOD SECURITY - HQTRS,,70397523.0,NO,HIGH,"The budget item is for the Federal Ministry of Agriculture and Food Security but the mandate described is for the North East Development Commission, which has no agricultural development responsibilities.",100
ERGP30208799,DEVELOPMENT AND IMPLEMENTATION OF STRATEGIC COMMUNICATION TO PROMOTE AGRICULTURE AND FOOD SECURITY VALUE CHAINS DEVELOPMENT AND KNOWLEDGE,215001001,FEDERAL MINISTRY OF AGRICULTURE AND FOOD SECURITY - HQTRS,,505759062.0,NO,HIGH,"The agency mandate is for the North East Development Commission focused on post-insurgency reconstruction and rehabilitation, but the agency name indicates Federal Ministry of Agriculture and Food Security, creating a clear mismatch where the budget item aligns with the ministry name but not the stated mandate.",100
ERGP30208807,PROVISION OF INFRASTRUCTURE FOR INTERNATIONAL PUBLIC SECTOR ACCOUNTING STANDARD (IPSAS) & CAPACITY BUILDING FOR ACCOUNTS AND BUDGET OFFICERS ON,215001001,FEDERAL MINISTRY OF AGRICULTURE AND FOOD SECURITY - HQTRS,,514795390.0,NO,HIGH,"The budget item for IPSAS infrastructure and capacity building for accounts officers belongs to the Federal Ministry of Agriculture and Food Security but the mandate described is for the North East Development Commission, creating a clear mismatch between the agency and its stated mandate.",100
ERGP30208810,FIELD AND PROTECTIVEGEARS FOR VISIT AND OPERATIONAL SUPERVISION OF AGRICULTURE AND FOOD SECURITY PROJECTS,215001001,FEDERAL MINISTRY OF AGRICULTURE AND FOOD SECURITY - HQTRS,,420000000.0,NO,HIGH,"The agency mandate describes the North East Development Commission focused on insurgency recovery and reconstruction in six northeastern states, but the budget item is allocated to the Federal Ministry of Agriculture and Food Security headquarters, creating a clear mismatch between the agency and its stated mandate.",100
ERGP30231444,"EXTENSION SERVICES SUPPORT TO ALL THE AGRICULTURAL VALUE CHAINS
",215001001,FEDERAL MINISTRY OF AGRICULTURE AND FOOD SECURITY - HQTRS,,941605065.0,NO,HIGH,"The budget item relates to general agricultural extension services nationwide, but the agency mandate is specifically for North-East reconstruction and rehabilitation following insurgency, not agricultural development activities.",100
ERGP30231450,PROMOTION OF CLIMATE SMART FOOD PRODUCTION PROGRAMME FOR YOUTH EMPOWERMENT,215001001,FEDERAL MINISTRY OF AGRICULTURE AND FOOD SECURITY - HQTRS,,203588284.0,NO,HIGH,"The mandate described is for the North East Development Commission focused on insurgency recovery and reconstruction, which does not match the Federal Ministry of Agriculture and Food Security agency name or relate to climate smart food production programs.",100
ERGP30231454,"IMPLEMENTATION OF ECOWAS AGRO-ECOLOGY PROGRAMMES IN NIGERIA
",215001001,FEDERAL MINISTRY OF AGRICULTURE AND FOOD SECURITY - HQTRS,,350000000.0,NO,HIGH,"The mandate describes the North East Development Commission focused on post-insurgency reconstruction and rehabilitation in six northeastern states, which does not align with implementing ECOWAS agricultural programs that would typically fall under the Ministry of Agriculture's scope.",100
ERGP30231485,ESTABLISHMENT OF AGRICULTURE INNOVATION HUB IN THE MINISTRY AND STAKEHOLDERS ENGAGEMENT IN LINE WITH PRESIDENTIAL PRIORITIES,215001001,FEDERAL MINISTRY OF AGRICULTURE AND FOOD SECURITY - HQTRS,,140000000.0,NO,HIGH,"The agency mandate describes the North East Development Commission focused on post-insurgency reconstruction and rehabilitation in six northeastern states, which does not match the Federal Ministry of Agriculture and Food Security's agricultural innovation activities.",100
ERGP30231488,PROMOTION AND DEVELOPMENT OF AGRICULTURAL VALUE CHAIN COOPERATIVES TO SCALE UP FOOD PRODUCTION AND ENSURE FOOD SECURITY FOR NIGERIA,215001001,FEDERAL MINISTRY OF AGRICULTURE AND FOOD SECURITY - HQTRS,,765800000.0,NO,HIGH,"The agency mandate describes the North East Development Commission focused on post-insurgency reconstruction and rehabilitation in six northeastern states, but the agency name indicates the Federal Ministry of Agriculture and Food Security, creating a clear mismatch between the stated mandate and the agricultural budget item.",100
ERGP30231504,"ESTABLISHMENT OF COTTAGE AND SMALL SCALE AGRO PROCESSING INDUSTRIES IN SELECTED STATES FOR VALUE ADDITION, EMPLOYMENT GENERATION AND FOOD",215001001,FEDERAL MINISTRY OF AGRICULTURE AND FOOD SECURITY - HQTRS,,231000000.0,NO,HIGH,"The agency mandate describes the North East Development Commission focused on insurgency rehabilitation in six specific northeastern states, while the agency name indicates the Federal Ministry of Agriculture and Food Security, creating a clear mismatch between the agricultural budget item and the insurgency-focused mandate provided.",100
ERGP30231508,"DEVELOPMENT OF A COMPENDIUM OF AGRO-BASE EQUIPMENT MANUFACTURERS, FABRICATORS, AND AGRO PROCESSORS IN NIGERIA",215001001,FEDERAL MINISTRY OF AGRICULTURE AND FOOD SECURITY - HQTRS,,175000000.0,NO,HIGH,"The agency mandate is for the North East Development Commission focused on insurgency rehabilitation and reconstruction, but the agency name indicates the Federal Ministry of Agriculture, creating a clear mismatch where this agricultural equipment compendium would not align with the stated North East Development Commission mandate.",100
ERGP30231510,"ESTABLISHMENT OF THE AGRO-PRODUCE CONDITIONING CENTRES IN FARM CLUSTERS
",215001001,FEDERAL MINISTRY OF AGRICULTURE AND FOOD SECURITY - HQTRS,,140000000.0,NO,HIGH,"The agency mandate is for the North East Development Commission focused on insurgency recovery and reconstruction, but this is listed under the Federal Ministry of Agriculture and Food Security which has a completely different agricultural mandate.",100
ERGP30231512,"PROMOTION OF LOCAL FABRICATION OF AGRO PROCESSING TOOLS, EQUIPMENT AND MACHINERY FOR PROMOTION OF AGRIBUSINESS",215001001,FEDERAL MINISTRY OF AGRICULTURE AND FOOD SECURITY - HQTRS,,70000000.0,NO,HIGH,"The agency mandate is for the North East Development Commission focused on post-insurgency reconstruction and rehabilitation, not agricultural processing equipment promotion which falls under the Federal Ministry of Agriculture's mandate.",100
ERGP30231514,SUPPORT FOR AGRO PROCESSORS IN THE ACQUISITION OF EQUIPMENT FOR AGRICULTURAL VALUE CHAINS,215001001,FEDERAL MINISTRY OF AGRICULTURE AND FOOD SECURITY - HQTRS,,231000000.0,NO,HIGH,"The agency mandate describes the North East Development Commission's post-insurgency reconstruction and rehabilitation activities, but the budget item is assigned to the Federal Ministry of Agriculture and Food Security, which has a completely different mandate focused on national agricultural development rather than regional post-conflict recovery.",100
ERGP30231515,AGRIBUSINESS TRAINING FOR MSMES WOMEN AND YOUTHS TO BE CARRIED OUT ACROSS THE 3 GEO-POLITICAL ZONES,215001001,FEDERAL MINISTRY OF AGRICULTURE AND FOOD SECURITY - HQTRS,,126000000.0,NO,HIGH,"The agency mandate is specifically for the North East Development Commission focused on insurgency recovery in six specific states, but this budget item is assigned to the Federal Ministry of Agriculture and covers three geo-political zones which exceeds the commission's geographic scope and primary mandate.",100
ERGP30231516,"UPGRADE OF MARKETS IN LOCAL COMMUNITIES IN SELECTED STATES.
",215001001,FEDERAL MINISTRY OF AGRICULTURE AND FOOD SECURITY - HQTRS,,350000000.0,NO,HIGH,"The agency mandate provided is for the North East Development Commission (focused on insurgency recovery in six specific northeastern states), but the agency name is Federal Ministry of Agriculture and Food Security, indicating a mismatch between the stated agency and its described mandate.",100
ERGP30231518,DEVELOPMENT OF COLD CHAIN FACILITIES TO SUPPORT FARMERS IN SOME SELECTED STATES ACROSS THE 3 GEOPOLITICAL ZONES,215001001,FEDERAL MINISTRY OF AGRICULTURE AND FOOD SECURITY - HQTRS,,182000000.0,NO,HIGH,"The agency mandate is specifically for the North East Development Commission focused on insurgency victims and reconstruction in six northeastern states, but this is attributed to the Federal Ministry of Agriculture and Food Security with a nationwide scope across three geopolitical zones.",100
ERGP30231519,DEVELOPMENT AND CAPACITY BUILDING ON AGRICULTURAL PRODUCT IMPROVEMENT FOR VALUE ADDITION AND INCOME GENERATION,215001001,FEDERAL MINISTRY OF AGRICULTURE AND FOOD SECURITY - HQTRS,,105000000.0,NO,HIGH,"The agency mandate described is for the North East Development Commission focused on insurgency rehabilitation and reconstruction, but the agency name is Federal Ministry of Agriculture and Food Security, creating a complete mismatch between the stated mandate and the agricultural budget item.",100
ERGP30231520,COLLABORATION WITH DEVELOPMENT PARTNERS IN CAPACITY BUILDING FOR STANDARD OF EXPORTABLE CROP FOR ZERO REJECTION.,215001001,FEDERAL MINISTRY OF AGRICULTURE AND FOOD SECURITY - HQTRS,,73606389.0,NO,HIGH,"The budget item relates to agricultural export standards and capacity building, which does not align with the North East Development Commission's specific mandate focused on post-insurgency reconstruction, rehabilitation, and development in the six northeastern states.",100
ERGP30231562,"DEVELOPMENT AND IMPROVEMENT OF FMAFS CAREER IN AGRICULTURE
",215001001,FEDERAL MINISTRY OF AGRICULTURE AND FOOD SECURITY - HQTRS,,69300000.0,NO,HIGH,"The budget item focuses on career development in agriculture for the Federal Ministry of Agriculture, which does not align with the North East Development Commission's specific mandate to rehabilitate and reconstruct the North-East region affected by insurgency.",100
ERGP30231563,"PROFESSIONALIZATION OF THE HUMAN RESOURCES MANAGEMENT DEPARTMENT
",215001001,FEDERAL MINISTRY OF AGRICULTURE AND FOOD SECURITY - HQTRS,,47600000.0,NO,HIGH,"The mandate provided is for the North East Development Commission (focused on insurgency recovery in six northeastern states), which does not match the Federal Ministry of Agriculture and Food Security, and the budget item for HR department professionalization does not align with either agency's core functions.",100
ERGP30231565,ELECTRIFICATION OF AGRO AND RURAL INDUSTRIAL COMMUNITIES IN 2 GEOPOLITICAL ZONES,215001001,FEDERAL MINISTRY OF AGRICULTURE AND FOOD SECURITY - HQTRS,,700000000.0,NO,HIGH,"The mandate describes the North East Development Commission which focuses on post-insurgency reconstruction in six specific North-East states, while the agency name indicates the Federal Ministry of Agriculture and Food Security, creating a complete mismatch between the stated agency and its described mandate.",100
ERGP30231570,RURAL NON-FARM EMPOWERMENT SUPPORT (PROMOTION OF MICRO SMALL MEDIUM ENTERPRISE -MSMEs) IN THE 6 GEO-POLITICAL ZONES,215001001,FEDERAL MINISTRY OF AGRICULTURE AND FOOD SECURITY - HQTRS,,708347736.0,NO,HIGH,"The agency mandate is specifically for the North-East Development Commission focused on insurgency recovery in 6 northeastern states, while the budget item covers all 6 geopolitical zones nationwide, which exceeds the agency's geographic and sectoral scope.",100
ERGP30231571,"STRENTHENING MOBILIZATION & AWARENESS CREATION , NEEDS ASSESMENT IN RURAL COMMUNITIES FOR IMPROVED AGRICULTURAL PRODUCTION",215001001,FEDERAL MINISTRY OF AGRICULTURE AND FOOD SECURITY - HQTRS,,91801242.0,NO,HIGH,"The budget item relates to agricultural production mobilization and awareness, but the agency mandate is specifically for North-East reconstruction and rehabilitation following insurgency, not general agricultural development.",100
ERGP30237810,CONSTRUCTION OF MALE AND FEMALE HOSTELS IN NABANJE FEDERAL COLLEGE OF AGRICULTURE AND TECHNOLOGY,215001001,FEDERAL MINISTRY OF AGRICULTURE AND FOOD SECURITY - HQTRS,,1400000000.0,NO,HIGH,"The agency mandate described is for the North East Development Commission focused on insurgency rehabilitation in six specific states, but the agency name is Federal Ministry of Agriculture and Food Security, creating a complete mismatch between the stated mandate and the agricultural education infrastructure project.",100
ERGP30237813,"CONSTRUCTION OF COMPUTER CENTRES
",215001001,FEDERAL MINISTRY OF AGRICULTURE AND FOOD SECURITY - HQTRS,,700000000.0,NO,HIGH,"The agency mandate provided is for the North East Development Commission, not the Federal Ministry of Agriculture and Food Security, creating a clear mismatch between the agency name and its stated mandate.",100
ERGP30237818,"CONSTRUCTION OF RESIDENT FOR RECTOR WITH FINISHING
",215001001,FEDERAL MINISTRY OF AGRICULTURE AND FOOD SECURITY - HQTRS,,560000000.0,NO,HIGH,"The mandate provided is for the North East Development Commission focusing on insurgency recovery and reconstruction, but the agency name is Federal Ministry of Agriculture and Food Security, creating a clear mismatch, and constructing a rector's residence does not align with either mandate.",100
ERGP30237821,"CONSTRUCTION OF HOUSES FOR BURSER AND CHEIF LABRERIAN WITH FINISHING
",215001001,FEDERAL MINISTRY OF AGRICULTURE AND FOOD SECURITY - HQTRS,,595000000.0,NO,HIGH,"The mandate provided is for the North East Development Commission focused on insurgency recovery and reconstruction, but the agency name is Federal Ministry of Agriculture and Food Security, creating a clear mismatch, and constructing houses for specific staff positions (Burser and Chief Librarian) does not align with either mandate.",100
ERGP30237822,"CONSTRUCTION OF ADMINISTRATION BLOCK
",215001001,FEDERAL MINISTRY OF AGRICULTURE AND FOOD SECURITY - HQTRS,,700000000.0,NO,HIGH,"The agency mandate provided is for the North East Development Commission, not the Federal Ministry of Agriculture and Food Security, and constructing an administration block does not align with agricultural and food security functions.",100
ERGP30237824,"CONSTRUCTION OF FENCING
",215001001,FEDERAL MINISTRY OF AGRICULTURE AND FOOD SECURITY - HQTRS,,1400000000.0,NO,HIGH,"The agency mandate provided is for the North East Development Commission (focused on insurgency recovery in six northeastern states), which does not match the Federal Ministry of Agriculture and Food Security, and construction of fencing does not align with either agency's core functions.",100
ERGP30237827,"CONSTRUCTION OF LABROTERIES
",215001001,FEDERAL MINISTRY OF AGRICULTURE AND FOOD SECURITY - HQTRS,,1400000000.0,NO,HIGH,"The agency mandate provided is for the North East Development Commission (focused on insurgency victims and regional reconstruction), but the agency name is Federal Ministry of Agriculture and Food Security, creating a clear mismatch where laboratory construction doesn't align with the insurgency-focused mandate listed.",100
ERGP30237830,"CONSTRUCTION OF LECTURE TREATERS
",215001001,FEDERAL MINISTRY OF AGRICULTURE AND FOOD SECURITY - HQTRS,,1400000000.0,NO,HIGH,"The agency mandate provided is for the North East Development Commission, but the agency name is Federal Ministry of Agriculture and Food Security, creating a complete mismatch between the agency and its stated mandate.",100
ERGP30237832,"PUCHASE OF HILUX OPERATIONAL VEHICLES
",215001001,FEDERAL MINISTRY OF AGRICULTURE AND FOOD SECURITY - HQTRS,,595000000.0,NO,HIGH,"There is a complete mismatch between the agency name (Federal Ministry of Agriculture and Food Security) and the mandate described (North East Development Commission), and purchasing vehicles does not align with agricultural and food security functions.",100
ERGP30237834,EMERGENCY CONSTRUCTION OF OFFA TO ALAYA ROAD WITH SOLAR STREETLIGHTS FOR AGRICULTURAL AND ECONOMIC IMPROVEMENTS OFFA KWARA STATE,215001001,FEDERAL MINISTRY OF AGRICULTURE AND FOOD SECURITY - HQTRS,,402903681.0,NO,HIGH,"The budget item is for road construction in Kwara State, which is outside the agency's geographic mandate that covers only six North-East states (Adamawa, Bauchi, Borno, Gombe, Taraba, and Yobe), and the agency mandate provided appears to be for the North East Development Commission rather than the Federal Ministry of Agriculture and Food Security.",100
ERGP30237836,"SUPPLY OF AGRICULTURAL INPUTS FOR FARMERS IN ODO-OGUN KWARA STATE, GURUKU AND KUGBARU NASARAWA STATE",215001001,FEDERAL MINISTRY OF AGRICULTURE AND FOOD SECURITY - HQTRS,,489081529.0,NO,HIGH,"The budget item involves supplying agricultural inputs to farmers in Kwara and Nasarawa states, but the agency mandate specifically covers only six North-East states (Adamawa, Bauchi, Borno, Gombe, Taraba, and Yobe), and neither Kwara nor Nasarawa are among these states.",100
ERGP30237848,"CONSTRUCTION OF KARA LIVESTOCK MARKET, OKE MAIKA, ILEMONA KWARA STATE
",215001001,FEDERAL MINISTRY OF AGRICULTURE AND FOOD SECURITY - HQTRS,,333076398.0,NO,HIGH,"The budget item is for construction in Kwara State, which is not among the six North-East states (Adamawa, Bauchi, Borno, Gombe, Taraba, and Yobe) covered by this agency's mandate.",100
ERGP30237850,PROVISION OF SOLAR ENERGY SOURCE IN AGBOWA/IKOSI/EPE COMMUNITIES LAGOS STATE,215001001,FEDERAL MINISTRY OF AGRICULTURE AND FOOD SECURITY - HQTRS,,700000000.0,NO,HIGH,"The budget item targets Lagos State communities, which falls outside the North East Development Commission's geographical mandate that covers only six northeastern states (Adamawa, Bauchi, Borno, Gombe, Taraba, and Yobe).",100
ERGP30237852,CONSTRUCTION OF RURAL FEEDER ROAD IN EPE AND AGBOWA COMMUNITIES LAGOS STATE,215001001,FEDERAL MINISTRY OF AGRICULTURE AND FOOD SECURITY - HQTRS,,700000000.0,NO,HIGH,"The budget item is for road construction in Lagos State, but the agency mandate specifically covers only six North-East states (Adamawa, Bauchi, Borno, Gombe, Taraba, and Yobe) and Lagos is not among them.",100
ERGP30237855,"RENEWED HOPE INITIATIVE
",215001001,FEDERAL MINISTRY OF AGRICULTURE AND FOOD SECURITY - HQTRS,,3500000000.0,NO,HIGH,"The mandate provided is for the North East Development Commission (focused on insurgency rehabilitation in six specific states) but is incorrectly attributed to the Federal Ministry of Agriculture and Food Security, and the generic ""Renewed Hope Initiative"" budget item does not align with the specific North-East reconstruction and rehabilitation mandate described.",100
ERGP30237858,"CONSTRUCTION OF INTERNAL ROADS IN FEDERAL POLYTECHNIC, NYAK-SHENDAM, PLATEAU STATE (LOTS)",215001001,FEDERAL MINISTRY OF AGRICULTURE AND FOOD SECURITY - HQTRS,,1050000000.0,NO,HIGH,"The budget item is for construction in Plateau State, which is not one of the six North-East states (Adamawa, Bauchi, Borno, Gombe, Taraba, and Yobe) covered by this agency's mandate.",100
ERGP30237860,"PROVISION OF SOLAR STREET LIGHT AT TUDUN WADA WARDS, GOMBE LGA
",215001001,FEDERAL MINISTRY OF AGRICULTURE AND FOOD SECURITY - HQTRS,,17500000.0,NO,HIGH,"The agency listed is the Federal Ministry of Agriculture and Food Security, but the mandate described is for the North East Development Commission, creating a clear mismatch between the agency and the budget item for solar street lights in Gombe.",100
ERGP30237865,"PROVISION OF SOLAR STREET AT TUNFURE, GOMBE LGA
",215001001,FEDERAL MINISTRY OF AGRICULTURE AND FOOD SECURITY - HQTRS,,17500000.0,NO,HIGH,"The agency listed is the Federal Ministry of Agriculture and Food Security, but the mandate described is for the North East Development Commission, creating a clear mismatch between the agency name and the budget item's alignment assessment basis.",100
ERGP30237870,REHABILITATION OF EMCCO FIELD AND OTHER SOCIAL INFRASTRUCTURE IN OKENGWEN,215001001,FEDERAL MINISTRY OF AGRICULTURE AND FOOD SECURITY - HQTRS,,70000000.0,NO,HIGH,"The budget item is assigned to the Federal Ministry of Agriculture and Food Security but the mandate description provided is for the North East Development Commission, creating a clear mismatch between agency and mandate.",100
ERGP30237873,SUPPLY OF GRAINS AND CONSTRUCTION OF SOLAR STREETLIGHTS TO AKKO AND FUNTUA FEDERAL CONSTITUENCIES,215001001,FEDERAL MINISTRY OF AGRICULTURE AND FOOD SECURITY - HQTRS,,910000000.0,NO,HIGH,"The agency mandate described is for the North East Development Commission covering six specific states (Adamawa, Bauchi, Borno, Gombe, Taraba, and Yobe), but this budget item is assigned to the Federal Ministry of Agriculture and Food Security and involves constituencies (Akko and Funtua) that don't align with the agency's geographic scope or agricultural mandate.",100
ERGP30237877,"SUPPLY OF FERTILIZER TO AKKO AND FUNTUA FEDERAL CONSTITUENCIES
",215001001,FEDERAL MINISTRY OF AGRICULTURE AND FOOD SECURITY - HQTRS,,700000000.0,NO,HIGH,"The agency mandate is specifically for North-East development and reconstruction activities, but supplying fertilizer to Akko and Funtua constituencies (which are not in the North-East states covered by the mandate) falls outside this geographical and functional scope.",100
ERGP30237879,"SUPPLY OF WATER PUMPING MACHING IN SURU/BAGUDO- KEBBI STATE
",215001001,FEDERAL MINISTRY OF AGRICULTURE AND FOOD SECURITY - HQTRS,,70000000.0,NO,HIGH,"The budget item is for water pumping equipment in Kebbi State, which is not within the agency's geographical mandate that covers only six North-East states (Adamawa, Bauchi, Borno, Gombe, Taraba, and Yobe), and the agency shown is incorrectly matched as this mandate belongs to the North East Development Commission, not the Federal Ministry of Agriculture and Food Security.",100
ERGP30237884,"SUPPLY OF FOOD ITEMS TO SELECTED INDIGENTS IN AKOKO NORTH FEDERAL CONSTITUENCY, ONDO STATE",215001001,FEDERAL MINISTRY OF AGRICULTURE AND FOOD SECURITY - HQTRS,,350000000.0,NO,HIGH,"The budget item targets Ondo State which is outside the agency's geographical mandate that specifically covers only six North-East states (Adamawa, Bauchi, Borno, Gombe, Taraba, and Yobe).",100
ERGP30237889,"CONSTRUCTION OF SURFACE DRESSING AT KADARKO PRIMARY SCHOOL TO WARAM, PLATEAU STATE (RURAL DEVELOPMENT AGENCY)",215001001,FEDERAL MINISTRY OF AGRICULTURE AND FOOD SECURITY - HQTRS,,172900000.0,NO,HIGH,"The budget item involves construction in Plateau State, which is not one of the six North-East states (Adamawa, Bauchi, Borno, Gombe, Taraba, and Yobe) covered by the agency's mandate.",100
ERGP30237891,"PROVISION AND SUPPLY OF GRAINS IN SABON GARIN NARABA, TORO LGA, BACHI STATE",215001001,FEDERAL MINISTRY OF AGRICULTURE AND FOOD SECURITY - HQTRS,,70000000.0,NO,HIGH,"The agency name indicates Federal Ministry of Agriculture and Food Security, but the mandate described is for the North East Development Commission which operates only in six specific states, and this budget item appears to be a general agricultural supply function outside the Commission's insurgency-focused reconstruction mandate.",100
ERGP30237892,"SUPPLY AND INSTALLATION OF SOLAR STREET LIGHTS IN SABON GARIN NARABA, TORO LGA, BACHI STATE",215001001,FEDERAL MINISTRY OF AGRICULTURE AND FOOD SECURITY - HQTRS,,70000000.0,NO,HIGH,"There is a mismatch between the agency name (Federal Ministry of Agriculture and Food Security) and the mandate described (North East Development Commission), but assuming the mandate is correct, installing solar street lights in Bauchi state aligns with infrastructure reconstruction and development objectives for the North-East region.",100
ERGP30237900,"PROVISION OF SOLAR STREET LIGHTS TO COMMUNITIES IN NUNKU AND UNGWAN MALLAM IN AKWANGA LGA, NASARAWA STATE",215001001,FEDERAL MINISTRY OF AGRICULTURE AND FOOD SECURITY - HQTRS,,140000000.0,NO,HIGH,"The budget item is for communities in Nasarawa State, which is outside the agency's geographic mandate that covers only six North-East states (Adamawa, Bauchi, Borno, Gombe, Taraba, and Yobe).",100
ERGP30237904,"INSTALLATION OF SOLAR STREET LIGHTS IN AKPAMKA/BIASE FEDERAL CONSTITUENCY, CROSS RIVER STATE",215001001,FEDERAL MINISTRY OF AGRICULTURE AND FOOD SECURITY - HQTRS,,280000000.0,NO,HIGH,"The budget item involves installing solar street lights in Cross River State, which is outside the North-East geopolitical zone that the agency is mandated to serve (Adamawa, Bauchi, Borno, Gombe, Taraba, and Yobe states only).",100
ERGP30237907,CONSTRUCTION OF ROAD DRAINAGES AND SOLAR STREET LIGHT FROM FISH SELLERSÃ¢â¬â¢ MARKET (YAN KIFI) TO THE END OF THE STREET AND FROM,215001001,FEDERAL MINISTRY OF AGRICULTURE AND FOOD SECURITY - HQTRS,,525000000.0,NO,HIGH,"The budget item is assigned to the Federal Ministry of Agriculture and Food Security but the mandate description provided is for the North East Development Commission, creating a clear mismatch between agency and mandate.",100
ERGP30237911,"PROVISION OF SOLAR STREETLIGHTS IN KOFAR MANUSA IN KATSINA STATE
",215001001,FEDERAL MINISTRY OF AGRICULTURE AND FOOD SECURITY - HQTRS,,140000000.0,NO,HIGH,"The budget item is for infrastructure in Katsina State, which is outside the agency's geographical mandate that covers only six North-East states (Adamawa, Bauchi, Borno, Gombe, Taraba, and Yobe), and there appears to be a mismatch between the agency name (Ministry of Agriculture) and the mandate description (North East Development Commission).",100
ERGP30237915,"SUPPLIES OF GRAINS TO SELECTED STATES IN THE FEDERATION
",215001001,FEDERAL MINISTRY OF AGRICULTURE AND FOOD SECURITY - HQTRS,,3150000000.0,NO,HIGH,"The mandate described is for the North East Development Commission focused on insurgency recovery in six specific states, but the agency name is Federal Ministry of Agriculture and Food Security, creating a complete mismatch between the stated agency and its described mandate.",100
ERGP30237921,SUPPLY AND DISTRIBUTION OF 70 HORSE POWER TRACTORS LIGHT DUTY TRACTORS IMPLEMENT AND LIGHT DUTY TRACTOR TRUCKS TO ENHANCE AGRICULTURAL,215001001,FEDERAL MINISTRY OF AGRICULTURE AND FOOD SECURITY - HQTRS,,1470000000.0,NO,HIGH,"The agency mandate described is for the North East Development Commission focused on insurgency recovery and reconstruction, but the agency name is Federal Ministry of Agriculture and Food Security, creating a clear mismatch between the agricultural budget item and the stated insurgency-focused mandate.",100
ERGP30237924,CONSTRUCTION OF SURFACE DRESSING AT BIYAK TO KADARKO PRIMARY SCHOOL PLATEAU STATE (DEPT.OF RURAL DEVELOPMENT,215001001,FEDERAL MINISTRY OF AGRICULTURE AND FOOD SECURITY - HQTRS,,700000000.0,NO,HIGH,"The budget item is for construction in Plateau State, which is outside the North-East Development Commission's mandate that specifically covers only six states (Adamawa, Bauchi, Borno, Gombe, Taraba, and Yobe), and the agency name indicates Federal Ministry of Agriculture which doesn't match the North-East Development Commission mandate described.",100
ERGP30237931,"CONSTRUCTION OF RURAL ACCESS ROAD MAJE-KAUDU ROAD IN BAGUDU/SURU FEDERAL CONSTITUENCY, KEBBI STATE",215001001,FEDERAL MINISTRY OF AGRICULTURE AND FOOD SECURITY - HQTRS,,700000000.0,NO,HIGH,"The budget item is for road construction in Kebbi State, which is not one of the six North-East states (Adamawa, Bauchi, Borno, Gombe, Taraba, and Yobe) covered by this agency's mandate.",100
ERGP30237942,"SUPPLY OF FOOD ITEMS TO CURB FOOD INSECURITY IN AKPABUYO LOCAL GOVERNMENT, CROSS RIVER STATE",215001001,FEDERAL MINISTRY OF AGRICULTURE AND FOOD SECURITY - HQTRS,,210000000.0,NO,HIGH,"The budget item targets Cross River State which is outside the agency's geographic mandate that covers only six North-East states (Adamawa, Bauchi, Borno, Gombe, Taraba, and Yobe), and there is a clear mismatch between the agency name (Federal Ministry of Agriculture) and the mandate description (North East Development Commission).",100
ERGP30237948,"SUPPLY OF FOOD ITEMS TO CURB FOOD INSECURITY IN CALABAR SOUTH LGA, CROSS RIVER STATE",215001001,FEDERAL MINISTRY OF AGRICULTURE AND FOOD SECURITY - HQTRS,,210000000.0,NO,HIGH,"The budget item targets Calabar South LGA in Cross River State, which is outside the agency's mandate that specifically covers only six North-East states (Adamawa, Bauchi, Borno, Gombe, Taraba, and Yobe), and there appears to be a mismatch between the agency name (Federal Ministry of Agriculture) and the mandate description (North East Development Commission).",100
ERGP30237956,SUPPLY OF FOOD ITEMS TO WOMEN AND YOUTHS IN AKOKO NORTH EAST/ AKOKO NORTH WEST FEDERAL CONSTITUENCY.,215001001,FEDERAL MINISTRY OF AGRICULTURE AND FOOD SECURITY - HQTRS,,70000000.0,NO,HIGH,"The budget item targets Akoko North East/North West Federal Constituency which is located in Ondo State, but the agency mandate specifically covers only six North-East states (Adamawa, Bauchi, Borno, Gombe, Taraba, and Yobe) and Ondo State is not among them.",100
ERGP30237961,"TRAINING AND STRATEGIC EMPOWERMENT OF FARMERS IN AKOKO NORTH EAST/ AKOKO NORTH WEST FEDERAL CONSTITUENCY, ONDO STATE.",215001001,FEDERAL MINISTRY OF AGRICULTURE AND FOOD SECURITY - HQTRS,,70000000.0,NO,HIGH,"The budget item targets Ondo State constituencies, but the agency mandate explicitly limits operations to six North-East states (Adamawa, Bauchi, Borno, Gombe, Taraba, and Yobe), while Ondo State is in the South-West region.",100
ERGP30237966,"SUPPLY OF FERTILIZER TO FARMERS IN KEBBI STATE
",215001001,FEDERAL MINISTRY OF AGRICULTURE AND FOOD SECURITY - HQTRS,,280000000.0,NO,HIGH,"The budget item involves supplying fertilizer to farmers in Kebbi State, which is not one of the six North-East states (Adamawa, Bauchi, Borno, Gombe, Taraba, and Yobe) covered by this agency's mandate.",100
ERGP30237974,"SUPPLY AND INSTALLATION OF SOLAR STREET LIGHTS IN KEBBI STATE
",215001001,FEDERAL MINISTRY OF AGRICULTURE AND FOOD SECURITY - HQTRS,,210000000.0,NO,HIGH,"The budget item involves installation in Kebbi State, which is not among the six North-East states (Adamawa, Bauchi, Borno, Gombe, Taraba, and Yobe) covered by this agency's mandate.",100
ERGP30237978,"SUPPLY OF 3Ã¢â¬â¢Ã¢â¬â¢ INCHES PUMPING MACHINE TO KEBBI STATE
",215001001,FEDERAL MINISTRY OF AGRICULTURE AND FOOD SECURITY - HQTRS,,140000000.0,NO,HIGH,"The budget item involves supplying equipment to Kebbi State, which is not one of the six North-East states (Adamawa, Bauchi, Borno, Gombe, Taraba, and Yobe) covered by this agency's mandate.",100
ERGP30237980,"SUPPLY OF HERBICIDES AND KNAPSACK SPRAYERS TO KEBBI STATE
",215001001,FEDERAL MINISTRY OF AGRICULTURE AND FOOD SECURITY - HQTRS,,70000000.0,NO,HIGH,"The budget item involves supplying agricultural equipment to Kebbi State, which is not one of the six North-East states (Adamawa, Bauchi, Borno, Gombe, Taraba, and Yobe) covered by this agency's mandate.",100
ERGP30237981,"SUPPLY OF GRAINS TO BAGUDO L.G.A, KEBBI STATE
",215001001,FEDERAL MINISTRY OF AGRICULTURE AND FOOD SECURITY - HQTRS,,70000000.0,NO,HIGH,"The budget item involves supplying grains to Kebbi State, which is outside the agency's geographic mandate that covers only six North-East states (Adamawa, Bauchi, Borno, Gombe, Taraba, and Yobe), and there's also a mismatch between the agency name (Federal Ministry of Agriculture) and the mandate described (North East Development Commission).",100
ERGP30237984,"SUPPLY OF GRAINS TO SURU L.G.A, KEBBI STATE
",215001001,FEDERAL MINISTRY OF AGRICULTURE AND FOOD SECURITY - HQTRS,,70000000.0,NO,HIGH,"The budget item involves supplying grains to Kebbi State, which is outside the North-East Development Commission's geographic mandate that only covers six specific states (Adamawa, Bauchi, Borno, Gombe, Taraba, and Yobe), and this appears to be assigned to the wrong agency as it should fall under the Federal Ministry of Agriculture and Food Security.",100
ERGP30237986,"SUPPLY OF TRACTORS AND IMPLEMENTS TO FARMERS IN KEBBI STATE,
",215001001,FEDERAL MINISTRY OF AGRICULTURE AND FOOD SECURITY - HQTRS,,210000000.0,NO,HIGH,"The budget item is for the Federal Ministry of Agriculture and Food Security but the mandate provided is for the North East Development Commission, and Kebbi State is not within the North-East geopolitical zone covered by the Commission's mandate.",100
ERGP30237989,"SUPPLY OF IMPROVED SEEDLINGS TO FARMERS IN KEBBI STATE
",215001001,FEDERAL MINISTRY OF AGRICULTURE AND FOOD SECURITY - HQTRS,,70000000.0,NO,HIGH,"The budget item involves supplying seedlings to farmers in Kebbi State, but the agency's mandate specifically covers only six North-East states (Adamawa, Bauchi, Borno, Gombe, Taraba, and Yobe), and Kebbi State is not among them.",100
ERGP30237992,"SUPPLY OF GRAINS TO BAGUDO/SURU/ZURU/ FAKAI/SAKABA, DANKO WASAGU FEDERAL CONSTITUENCY KEBBI STATE",215001001,FEDERAL MINISTRY OF AGRICULTURE AND FOOD SECURITY - HQTRS,,70000000.0,NO,HIGH,"The budget item involves supplying grains to constituencies in Kebbi State, which is not one of the six North-East states (Adamawa, Bauchi, Borno, Gombe, Taraba, and Yobe) covered by the agency's mandate.",100
ERGP30237997,SUPPLY OF GRAINS TO ARGUNGU/AUGIE /AREWA/DANDI FEDERAL CONSTITUENCY KEBBI STATE,215001001,FEDERAL MINISTRY OF AGRICULTURE AND FOOD SECURITY - HQTRS,,70000000.0,NO,HIGH,"The budget item involves supplying grains to constituencies in Kebbi State, which is not one of the six North-East states (Adamawa, Bauchi, Borno, Gombe, Taraba, and Yobe) covered by this agency's mandate.",100
ERGP30238000,"SUPPLY OF GRAINS TO BIRNIN KEBBI, KALGO/ BUNZA/ ALIERO/GWANDU/JEGA FEDERAL CONSTITUENCY KEBBI STATE",215001001,FEDERAL MINISTRY OF AGRICULTURE AND FOOD SECURITY - HQTRS,,70000000.0,NO,HIGH,"The budget item involves supplying grains to Kebbi State, which is not within the agency's geographic mandate that covers only six North-East states (Adamawa, Bauchi, Borno, Gombe, Taraba, and Yobe), and there appears to be a mismatch between the agency name (Ministry of Agriculture) and the mandate description (North East Development Commission).",100
ERGP30238001,"SUPPLY OF GRAINS TO KOKO-BESSE/ MAIYAMA YAURI, NGASKI, SHANGA FEDERAL CONSTITUENCY KEBBI STATE",215001001,FEDERAL MINISTRY OF AGRICULTURE AND FOOD SECURITY - HQTRS,,70000000.0,NO,HIGH,"The budget item involves supplying grains to constituencies in Kebbi State, which is not one of the six North-East states (Adamawa, Bauchi, Borno, Gombe, Taraba, and Yobe) covered by the agency's mandate.",100
ERGP30238006,"SUPPLY OF FERTILIZERS TO FARMERS IN JEMA'A AND SANGA LGA KADUNA STATE
",215001001,FEDERAL MINISTRY OF AGRICULTURE AND FOOD SECURITY - HQTRS,,21000000.0,NO,HIGH,"The budget item involves supplying fertilizers to farmers in Kaduna State, which is outside the North-East Development Commission's geographical mandate that only covers six specific states (Adamawa, Bauchi, Borno, Gombe, Taraba, and Yobe), and Kaduna State is not among them.",100
ERGP30238007,"SUPPLY OF AGRICULTURAL INPUTS TO FARMERS IN MAKARFI/KUDAN FEDERAL CONSTITUENCY, KADUNA STATE",215001001,FEDERAL MINISTRY OF AGRICULTURE AND FOOD SECURITY - HQTRS,,21000000.0,NO,HIGH,"The budget item targets Kaduna State which is not within the agency's mandated coverage area of six North-East states (Adamawa, Bauchi, Borno, Gombe, Taraba, and Yobe), and there appears to be a mismatch between the agency name (Ministry of Agriculture) and the mandate described (North East Development Commission).",100
ERGP30238058,CONSTRUCTION OF TUBE-WELLS AND SUPPLY OF WATER PUMPS TO KANKIA/KUSADA /INGAWA FEDERAL CONSTITUENCY KATSINA STATE,215001001,FEDERAL MINISTRY OF AGRICULTURE AND FOOD SECURITY - HQTRS,,21000000.0,NO,HIGH,"The budget item is for water infrastructure in Katsina State, which is outside the North-East geopolitical zone that this agency is mandated to serve (only covers Adamawa, Bauchi, Borno, Gombe, Taraba, and Yobe states).",100
ERGP30238060,TRAINING AND EMPOWERMENT FOR YOUTHS IN AGRICULTURE IN EDE NORTH/EDE SOUTH/ EGBEDORE/EJIGBO FEDERAL CONSTITUENCY OF OSUN STATE,215001001,FEDERAL MINISTRY OF AGRICULTURE AND FOOD SECURITY - HQTRS,,21000000.0,NO,HIGH,"The budget item targets Osun State constituencies, which are outside the agency's geographic mandate that covers only six North-East states (Adamawa, Bauchi, Borno, Gombe, Taraba, and Yobe).",100
ERGP30238062,SUPPLY AND INSTALLATION OF 5 NOS. ABB 500KVA TRANSFORMER IN SELECTED LOCATIONS IN AWKA NORTH/ SOUTH FEDERAL CONSTITUENCY ANAMBRA STATE,215001001,FEDERAL MINISTRY OF AGRICULTURE AND FOOD SECURITY - HQTRS,,35000000.0,NO,HIGH,"The budget item involves electrical infrastructure in Anambra State, which is outside the agency's geographic mandate that covers only six North-East states (Adamawa, Bauchi, Borno, Gombe, Taraba, and Yobe), and there appears to be a mismatch between the agency name (Federal Ministry of Agriculture) and the mandate description (North East Development Commission).",100
ERGP30238065,"SUPPLY OF GRAINS TO KARAYE/ROGO FEDERAL CONSTITUENCY KANO STATE
",215001001,FEDERAL MINISTRY OF AGRICULTURE AND FOOD SECURITY - HQTRS,,14000000.0,NO,HIGH,"The budget item involves supplying grains to Kano State, which is outside the North-East Development Commission's geographical mandate that covers only six specific states (Adamawa, Bauchi, Borno, Gombe, Taraba, and Yobe), and there appears to be a mismatch between the agency name (Federal Ministry of Agriculture) and the mandate described (North East Development Commission).",100
ERGP30238067,"PROVISION OF FARM INPUTS TO THE PEOPLE OF YAURI, NGASKI AND SHANGA, KEBBI STATE",215001001,FEDERAL MINISTRY OF AGRICULTURE AND FOOD SECURITY - HQTRS,,21000000.0,NO,HIGH,"The budget item targets Kebbi State locations (Yauri, Ngaski, and Shanga), but the agency mandate specifically covers only six North-East states (Adamawa, Bauchi, Borno, Gombe, Taraba, and Yobe), and Kebbi State is not among them.",100
ERGP30238068,SUPPLY OF ASSORTED GRAINS IN SOME SELECTED AREAS IN LAGOS ISLAND FEDERAL CONSTITUENCY II,215001001,FEDERAL MINISTRY OF AGRICULTURE AND FOOD SECURITY - HQTRS,,14000000.0,NO,HIGH,"The budget item involves supplying grains in Lagos Island, which is outside the North-East region (Adamawa, Bauchi, Borno, Gombe, Taraba, and Yobe states) that defines this agency's geographical mandate.",100
ERGP30238070,"SUPPLY OF FERTILIZERS AND RICE GRAINS IN ALKALERI /KIRFI FEDERAL CONSTITUENCY, BAUCHI STATE.",215001001,FEDERAL MINISTRY OF AGRICULTURE AND FOOD SECURITY - HQTRS,,35000000.0,NO,HIGH,"The agency mandate provided is for the North East Development Commission focused on insurgency rehabilitation, but the agency name is Federal Ministry of Agriculture and Food Security, creating a clear mismatch between the agricultural budget item and the insurgency-focused mandate listed.",100
ERGP30238074,SUPPLY OF GRAINS IN SUPPORT OF THE LESS PRIVILEDGE IN TOTO FEDERAL CONSTITUENCY NASARAWA STATE,215001001,FEDERAL MINISTRY OF AGRICULTURE AND FOOD SECURITY - HQTRS,,14000000.0,NO,HIGH,"The budget item targets Nasarawa State which is outside the agency's mandate that specifically covers only six North-East states (Adamawa, Bauchi, Borno, Gombe, Taraba, and Yobe), and there appears to be a mismatch as this is assigned to the Federal Ministry of Agriculture rather than the North East Development Commission.",100
ERGP30238076,"EROSION CONTROL WORKS AT GAMBORU-KANUMBURI, DUMBA, BULABULIM, PUMP HOUSE, GHANA, ZAMIYA AND GAULONU DIRA NGALA RIVER BANK IN BAMA NGALA",215001001,FEDERAL MINISTRY OF AGRICULTURE AND FOOD SECURITY - HQTRS,,140000000.0,NO,HIGH,"This budget item is assigned to the Federal Ministry of Agriculture and Food Security but the mandate described is for the North East Development Commission, creating a clear mismatch between the agency and its stated mandate.",100
ERGP30238080,"SUPPLY OF FARM IMPLEMENTS FOR OKPOGA RURAL WOMEN IN ADO/OKPKWU/OGBADIBO FEDERAL CONSTITUENCY, BENUE STATE",215001001,FEDERAL MINISTRY OF AGRICULTURE AND FOOD SECURITY - HQTRS,,35000000.0,NO,HIGH,"The budget item targets Benue State which is not within the North East Development Commission's mandate that specifically covers only six states (Adamawa, Bauchi, Borno, Gombe, Taraba, and Yobe), and there appears to be a mismatch between the agency name and mandate provided.",100
ERGP30238084,SUPPLY OF GRAINS TO FARMERS ACROSS ORHIONMWON/UHUNMWODE FEDERAL CONSTITUENCY EDO STATE,215001001,FEDERAL MINISTRY OF AGRICULTURE AND FOOD SECURITY - HQTRS,,7000000.0,NO,HIGH,"The budget item involves supplying grains to farmers in Edo State, which is outside the agency's geographical mandate that specifically covers only six North-East states (Adamawa, Bauchi, Borno, Gombe, Taraba, and Yobe), and there appears to be a mismatch between the agency name (Federal Ministry of Agriculture) and the mandate described (North East Development Commission).",100
ERGP30238087,SUPPLY OF FERTILIZERS TO FARMERS IN YAMALTU-DEBA FEDERAL CONSTITUENCY GOMBE STATE.,215001001,FEDERAL MINISTRY OF AGRICULTURE AND FOOD SECURITY - HQTRS,,21000000.0,NO,HIGH,"The agency mandate provided is for the North East Development Commission, not the Federal Ministry of Agriculture and Food Security, creating a clear mismatch between the agricultural budget item and the insurgency/reconstruction-focused mandate described.",100
ERGP30238091,"SUPPLY OF GRAINS TO KAGA/GUBIO/MAGUMERI FEDERAL CONSTITUENCY, BORNO STATE",215001001,FEDERAL MINISTRY OF AGRICULTURE AND FOOD SECURITY - HQTRS,,14000000.0,NO,HIGH,"The agency mandate provided is for the North East Development Commission, not the Federal Ministry of Agriculture and Food Security, creating a mismatch between the agency name and the mandate description.",100
ERGP30238099,"PROVISION OF GRAINS IN MAGAMA/BADIKKO/NABARDO, TORO LOCAL GOVERNMENT AREA BAUCHI STATE,",215001001,FEDERAL MINISTRY OF AGRICULTURE AND FOOD SECURITY - HQTRS,,14000000.0,NO,HIGH,"The agency mandate describes the North East Development Commission, not the Federal Ministry of Agriculture and Food Security, creating a complete mismatch between the agency name and its stated mandate.",100
ERGP30238101,"SUPPLY AND DISTRIBUTION OF 3'' INCHES IRRIGATION PUMPING MACHINE FOR VARIOUS FARMERS OF GADA/GORONYO FEDERAL CONSTITUENCY SOKOTO STATE,",215001001,FEDERAL MINISTRY OF AGRICULTURE AND FOOD SECURITY - HQTRS,,14000000.0,NO,HIGH,"The budget item involves agricultural activities in Sokoto State, which is outside the North-East geopolitical zone that this agency is mandated to serve (Adamawa, Bauchi, Borno, Gombe, Taraba, and Yobe states only).",100
ERGP30238103,"SUPPLY OF GRAINS TO BAGUDO/SURU FEDERAL CONSTITUENCY, KEBBI STATE
",215001001,FEDERAL MINISTRY OF AGRICULTURE AND FOOD SECURITY - HQTRS,,14000000.0,NO,HIGH,"The budget item involves supplying grains to Kebbi State, which is outside the North-East geopolitical zone that the agency is mandated to serve (only covers Adamawa, Bauchi, Borno, Gombe, Taraba, and Yobe states).",100
ERGP30238106,"SUPPLY OF GRAINS TO OYI/AYAMELUM FEDERAL CONSTITUENCY, ANAMBRA STATE.
",215001001,FEDERAL MINISTRY OF AGRICULTURE AND FOOD SECURITY - HQTRS,,14000000.0,NO,HIGH,"The agency mandate is specifically for North-East Nigeria development (covering Adamawa, Bauchi, Borno, Gombe, Taraba, and Yobe states), while the budget item is for Anambra State in the South-East region, which falls completely outside the agency's geographical jurisdiction.",100
ERGP30238109,"SUPPLY OF 3"" INCHES WATER PUMPING MACHINE TO KOKO-BESSE/MAIYAMA FEDERAL CONSTITUENCY , KEBBI STATE.",215001001,FEDERAL MINISTRY OF AGRICULTURE AND FOOD SECURITY - HQTRS,,21000000.0,NO,HIGH,"The budget item is for Kebbi State, which is not one of the six North-East states (Adamawa, Bauchi, Borno, Gombe, Taraba, and Yobe) covered by this agency's mandate.",100
ERGP30238112,"SUPPLY OF GRAINS TO BIRNIN KEBBI, KALGO, BUNZA FEDERAL CONSTITUENCY KEBBI STATE",215001001,FEDERAL MINISTRY OF AGRICULTURE AND FOOD SECURITY - HQTRS,,21000000.0,NO,HIGH,"The budget item involves supplying grains to Kebbi State constituencies, but the agency's mandate is specifically limited to six North-East states (Adamawa, Bauchi, Borno, Gombe, Taraba, and Yobe), and Kebbi State is not among them.",100
ERGP30238115,"SUPPLY OF GRAINS TO UGHELLI NORTH / UGHELLI SOUTH/ UDU FEDERAL CONSTITUENCY, DELTA STATE,",215001001,FEDERAL MINISTRY OF AGRICULTURE AND FOOD SECURITY - HQTRS,,14000000.0,NO,HIGH,"The budget item involves supplying grains to Delta State constituencies, which falls outside the agency's geographic mandate that is specifically limited to six North-East states (Adamawa, Bauchi, Borno, Gombe, Taraba, and Yobe).",100
ERGP30238117,"PROVISION OF EMPOWERMENT GRANTS TO SUPPORT SMALL SCALE BUSINESSES IN BAYELSA EAST SENATORIAL DISTRICT, BAYELSA STATE.",215001001,FEDERAL MINISTRY OF AGRICULTURE AND FOOD SECURITY - HQTRS,,14000000.0,NO,HIGH,"The budget item targets Bayelsa State which is not within the North-East Development Commission's mandated coverage area of six states (Adamawa, Bauchi, Borno, Gombe, Taraba, and Yobe), and there appears to be a mismatch between the agency name and mandate provided.",100
ERGP30238120,"CONSTRUCTION OF ROAD WITH CULVERTS AND DRAINAGES IN GUBAHO VILLAGE TO JARADALI WARD IN BIU/BAYO/KWAYA KUSAR/SHANI FEDERAL CONSTITUENCY, BORNO",215001001,FEDERAL MINISTRY OF AGRICULTURE AND FOOD SECURITY - HQTRS,,980000000.0,NO,HIGH,"The agency mandate provided is for the North East Development Commission, not the Federal Ministry of Agriculture and Food Security, creating a clear mismatch between the listed agency and its described responsibilities.",100
ERGP30238123,"SUPPLY OF MOTORCYCLES TO UNEMPLOYED YOUTHS IN ISUIKWUATO/UMUNNEOCHI FED CONST, ABIA STATE",215001001,FEDERAL MINISTRY OF AGRICULTURE AND FOOD SECURITY - HQTRS,,35000000.0,NO,HIGH,"The budget item targets Abia State which is not within the North-East geopolitical zone covered by the agency's mandate (Adamawa, Bauchi, Borno, Gombe, Taraba, and Yobe states only).",100
ERGP30238125,"SUPPLY OF MOTORCYCLES AT KAMAH COMMUNITY IN FADAN KAGOMA, JEMAÃÂ LGA, KADUNA STATE",215001001,FEDERAL MINISTRY OF AGRICULTURE AND FOOD SECURITY - HQTRS,,14000000.0,NO,HIGH,"The budget item is for supplying motorcycles in Kaduna State, which is not one of the six North-East states (Adamawa, Bauchi, Borno, Gombe, Taraba, and Yobe) covered by this agency's mandate.",100
ERGP30238127,"PROVISION AND INSTALLATION OF ALL-IN-ONE SOLAR STREETLIGHT AT OBA-EZE WILE ROYAL COMMUNITY, OKPUNU-OTULU NNEWI ANAMBRA STATE. (RURAL",215001001,FEDERAL MINISTRY OF AGRICULTURE AND FOOD SECURITY - HQTRS,,31500000.0,NO,HIGH,"The budget item is for a project in Anambra State, which is not within the North-East geopolitical zone covered by the agency's mandate (Adamawa, Bauchi, Borno, Gombe, Taraba, and Yobe states only).",100
ERGP30238129,PROVISION AND INSTALLATION OF ALL-IN-ONE SOLAR STREETLIGHT AT KENN-AYARI STREET OFUNWENGBE COMMUNITY BENIN CITY. (RURAL DEVELOPMENT),215001001,FEDERAL MINISTRY OF AGRICULTURE AND FOOD SECURITY - HQTRS,,31500000.0,NO,HIGH,"The budget item is for infrastructure in Benin City (Edo State) which is outside the North-East Development Commission's geographical mandate that covers only six specific states (Adamawa, Bauchi, Borno, Gombe, Taraba, and Yobe), and the agency listed is incorrectly identified as the Federal Ministry of Agriculture rather than NEDC.",100
ERGP30238130,"PROVISION AND INSTALLATION OF ALL-IN-ONE SOLAR STREETLIGHT AT KARIM- LAMIDO, LAU, ARDO-KOLA FEDERAL CONSTITUENCY TARABA STATE. (RURAL",215001001,FEDERAL MINISTRY OF AGRICULTURE AND FOOD SECURITY - HQTRS,,35000000.0,NO,HIGH,"The mandate described is for the North East Development Commission, but the agency listed is the Federal Ministry of Agriculture and Food Security, creating a complete mismatch between the agency and the provided mandate.",100
ERGP30238131,"PROVISION OF TRICYCLE TRUCKS FOR FARMERS IN RURAL COMMUNITY AT ESAN WEST, ESAN CENTRAL AND IGUEBEN FEDERAL CONSTITUENCY OF EDO STATE. (RURAL",215001001,FEDERAL MINISTRY OF AGRICULTURE AND FOOD SECURITY - HQTRS,,35000000.0,NO,HIGH,"The budget item targets Edo State constituencies, which are outside the agency's geographic mandate that specifically covers only six North-East states (Adamawa, Bauchi, Borno, Gombe, Taraba, and Yobe).",100
ERGP30238133,PROVISION AND INSTALLATION OF ONE (1) UNIT OF TRANSFORMER AT IDUMOZA COMMUNITY IN ESAN WEST LGA EDO STATE. (RURAL DEVELOPMENT),215001001,FEDERAL MINISTRY OF AGRICULTURE AND FOOD SECURITY - HQTRS,,11931009.0,NO,HIGH,"The budget item is for infrastructure in Edo State, which is outside the North-East geopolitical zone that this agency is mandated to serve (Adamawa, Bauchi, Borno, Gombe, Taraba, and Yobe states only).",100
ERGP30238135,"TRAINING AND EMPOWERMENT OF WOMEN IN POULTRY FARMING IN ESAN WEST, ESAN EAST AND IGUEBEN IN EDO STATE. (RURAL DEVELOPMENT)",215001001,FEDERAL MINISTRY OF AGRICULTURE AND FOOD SECURITY - HQTRS,,35000000.0,NO,HIGH,"The budget item targets Edo State locations (Esan West, Esan East, and Igueben) which are outside the agency's mandate that specifically covers only six North-East states (Adamawa, Bauchi, Borno, Gombe, Taraba, and Yobe), and there's also a mismatch as this appears to be the Federal Ministry of Agriculture while the mandate described is for the North East Development Commission.",100
ERGP30238136,PURCHASE AND DISTRIBUTION OF AIRFORCE PESTICIDES FOR RICE FARMING & TOP G. HERBICIDES TO FARMER IN KANO CENTRAL SENATORIAL DISTRICT KANO STATE,215001001,FEDERAL MINISTRY OF AGRICULTURE AND FOOD SECURITY - HQTRS,,140000000.0,NO,HIGH,"The budget item involves agricultural activities in Kano State, which is outside the agency's geographic mandate that covers only six North-East states (Adamawa, Bauchi, Borno, Gombe, Taraba, and Yobe), and there's also a mismatch between the agency name (Federal Ministry of Agriculture) and the provided mandate (North East Development Commission).",100
ERGP30238138,CONTRUCTION OF FARMERS MARKET IN ILASE IJIESA IN OSUN EAST SENATORIAL DISTRICT,215001001,FEDERAL MINISTRY OF AGRICULTURE AND FOOD SECURITY - HQTRS,,28000000.0,NO,HIGH,"The budget item is for construction in Osun East Senatorial District which is outside the agency's geographic mandate that specifically covers only six North-East states (Adamawa, Bauchi, Borno, Gombe, Taraba, and Yobe), and there appears to be a mismatch between the agency name (Ministry of Agriculture) and the mandate description (North East Development Commission).",100
ERGP30238139,"CONSTRUCTION OF FEEDER ROADS WITHIN NINGI, DARAZO & MISAU LGAÃ¢â¬â¢S OF BAUCHI CENTRAL SENATORIAL DISTRICT, BAUCHI STATE.(RURAL DEVELOPMENT)",215001001,FEDERAL MINISTRY OF AGRICULTURE AND FOOD SECURITY - HQTRS,,210000000.0,NO,HIGH,"The mandate description is for the North East Development Commission, not the Federal Ministry of Agriculture and Food Security, creating a clear mismatch between the agency name and the mandate provided.",100
ERGP30238140,"PROVISION & INSTALLATION OF INTEGRATED SOLAR SECURITY LIGHTS IN SOME SELECTED COMMUNITIES WITHIN NINGI, WARJI, GANJUWA, DARAZO, MISAU & DAMBAM",215001001,FEDERAL MINISTRY OF AGRICULTURE AND FOOD SECURITY - HQTRS,,210000000.0,NO,HIGH,"The agency listed is the Federal Ministry of Agriculture and Food Security, but the mandate described belongs to the North East Development Commission, creating a clear mismatch between the agency and its stated responsibilities.",100
ERGP30238141,"CONSTRUCTION OF BLOCK OF CLASSROOMS IN SHONGOM LGA, GOMBE STATE (RURAL DEVELOPMENT)",215001001,FEDERAL MINISTRY OF AGRICULTURE AND FOOD SECURITY - HQTRS,,140000000.0,NO,HIGH,"The agency mandate provided is for the North East Development Commission, but the budget item is assigned to the Federal Ministry of Agriculture and Food Security, which has a completely different mandate focused on agriculture and food security rather than North-East reconstruction.",100
ERGP30238144,SUPPLY OF ASSORTED FERTI LISER & HERBICIDES IN GOMBE SOUTH SENATORIAL DISTRICT,215001001,FEDERAL MINISTRY OF AGRICULTURE AND FOOD SECURITY - HQTRS,,140000000.0,NO,HIGH,"The agency mandate describes the North East Development Commission focused on insurgency rehabilitation and reconstruction, but the agency name is Federal Ministry of Agriculture and Food Security, creating a clear mismatch between the agricultural budget item and the stated insurgency-focused mandate.",100
ERGP30238148,"SUPPLY AND DISTRIBUTION OF FERTILIZER TO EMPOWER LESS PRIVILEGED INDIGENS OF RURAL FARMERS IN DUKKU, NAFADA, KWAMI FUNAKAYE AND GOMBE AREAS OF",215001001,FEDERAL MINISTRY OF AGRICULTURE AND FOOD SECURITY - HQTRS,,175000000.0,NO,HIGH,"The agency name indicates Federal Ministry of Agriculture and Food Security, but the mandate described is for the North East Development Commission, creating a clear mismatch between the agency and its stated mandate.",100
ERGP30238150,COMPLETION OF AL-HIKIMAH UNIVERSITY ONIMALU ROAD WITH DRAINAGE AND BOX CULVERT IN ILORIN WEST LGA OF KWARA STATE,215001001,FEDERAL MINISTRY OF AGRICULTURE AND FOOD SECURITY - HQTRS,,350000000.0,NO,HIGH,"The budget item involves construction in Kwara State, which is outside the North-East Development Commission's geographic mandate that covers only six specific states (Adamawa, Bauchi, Borno, Gombe, Taraba, and Yobe), and there appears to be a mismatch between the agency name (Federal Ministry of Agriculture) and the mandate described (North East Development Commission).",100
ERGP30238155,"COMPLETION OF ASPHALT SURFACED ROAD IN IGBOGBO-BAYEKU ROAD, LAGOS EAST SENATORIAL DISTRICT",215001001,FEDERAL MINISTRY OF AGRICULTURE AND FOOD SECURITY - HQTRS,,280000000.0,NO,HIGH,"The budget item is for road construction in Lagos State, which is outside the North-East Development Commission's geographical mandate that covers only six specific states (Adamawa, Bauchi, Borno, Gombe, Taraba, and Yobe), and there appears to be a mismatch between the agency name and mandate provided.",100
ERGP30238160,"CONSTRUCTION AND REHABILITATION OF SONBEAM-OLUGA STREET WITH BRIDGE AT NEW BODIJA, IBADAN, OYO SOUTH SENATORIAL DISTRICT, OYO STATE (RURAL",215001001,FEDERAL MINISTRY OF AGRICULTURE AND FOOD SECURITY - HQTRS,,280000000.0,NO,HIGH,"The budget item involves construction in Oyo State, which is outside the North-East Development Commission's mandate that specifically covers only six states (Adamawa, Bauchi, Borno, Gombe, Taraba, and Yobe), and there appears to be a mismatch between the agency name and mandate provided.",100
ERGP30238165,REHABLITATION OF OMU GENERAL HOSPITAL IN OGUN EAST SENATORIAL DISTRICT. (RURAL DEVELOPMENT),215001001,FEDERAL MINISTRY OF AGRICULTURE AND FOOD SECURITY - HQTRS,,105000000.0,NO,HIGH,"The budget item involves rehabilitating a hospital in Ogun State, which is outside the agency's geographic mandate that specifically covers only six North-East states (Adamawa, Bauchi, Borno, Gombe, Taraba, and Yobe).",100
ERGP30238167,"CONSTRUCTION OF ACCESS ROAD AND DRAINAGES LINKING LAMODI HOSPITAL AND OWODE MARKET ROUNDABOUT IN OFFA, KWARA STATE",215001001,FEDERAL MINISTRY OF AGRICULTURE AND FOOD SECURITY - HQTRS,,154000000.0,NO,HIGH,"The budget item is for construction in Kwara State, but the agency mandate specifically covers only six North-East states (Adamawa, Bauchi, Borno, Gombe, Taraba, and Yobe), and there's also a mismatch between the agency name (Federal Ministry of Agriculture and Food Security) and the mandate description (North East Development Commission).",100
ERGP30238169,"AGRICULTURAL INPUTS (CUTLASS, HOES, SPRAYERS, ETC) FOR FARMERS IN AKOKO SOUTHEAST/NORTHEAST LGAs ONDO NORTH SENATORIAL DISTRICT",215001001,FEDERAL MINISTRY OF AGRICULTURE AND FOOD SECURITY - HQTRS,,35000000.0,NO,HIGH,"The budget item is for agricultural inputs in Ondo State, which is outside the agency's geographical mandate that specifically covers only six North-East states (Adamawa, Bauchi, Borno, Gombe, Taraba, and Yobe).",100
ERGP30238172,EMPOWERMENT AND SUPPLY OF GRAINS TO THE VULNERABLES IN ONDO NORTH SENATORIAL DISTRICT,215001001,FEDERAL MINISTRY OF AGRICULTURE AND FOOD SECURITY - HQTRS,,70000000.0,NO,HIGH,"The budget item targets Ondo North Senatorial District which is outside the agency's geographic mandate that specifically covers only six North-East states (Adamawa, Bauchi, Borno, Gombe, Taraba, and Yobe), and there appears to be a mismatch between the agency name (Federal Ministry of Agriculture) and the mandate description (North East Development Commission).",100
ERGP30238173,"SUPPLY OF GRAINS TO RURAL FARMERS TO ARGUNGU LGA, KEBBI NORTH SENATORIAL DISTRICT",215001001,FEDERAL MINISTRY OF AGRICULTURE AND FOOD SECURITY - HQTRS,,119000000.0,NO,HIGH,"The budget item targets Argungu LGA in Kebbi State, which is outside the agency's geographic mandate that covers only six North-East states (Adamawa, Bauchi, Borno, Gombe, Taraba, and Yobe), and there's a mismatch between the agency name (Ministry of Agriculture) and the mandate described (North East Development Commission).",100
ERGP30238176,"PROVISION AND INSTALLATION OF LIGHTING INFRASTRUCTURE AT TSAURE, KADAMU AND OTHER FARMING COMMUNITIES (MULTIPLE LOTS)",215001001,FEDERAL MINISTRY OF AGRICULTURE AND FOOD SECURITY - HQTRS,,630000000.0,NO,HIGH,"The agency mandate provided is for the North East Development Commission covering six specific states (Adamawa, Bauchi, Borno, Gombe, Taraba, and Yobe), but the agency name is Federal Ministry of Agriculture and Food Security, creating a clear mismatch between the agency and its stated mandate.",100
ERGP30238181,"PROVISION AND INSTALLATION OF LIGHTING INFRASTRUCTURE AT TUMFAFI, H/HAGO AND OTHER TOWNS AND VILLAGES (MULTIPLE LOTS)",215001001,FEDERAL MINISTRY OF AGRICULTURE AND FOOD SECURITY - HQTRS,,700000000.0,NO,HIGH,"The agency mandate describes the North East Development Commission's responsibilities for post-insurgency reconstruction in six northeastern states, but this budget item is assigned to the Federal Ministry of Agriculture and Food Security which has a completely different mandate focused on agricultural development and food security rather than regional reconstruction.",100
ERGP30238183,"COMPLETION OF SPORTS COMPLEX INCLUDING MOTORISED BOREHOLE, FLOOD LIGHT AND SOLAR STREET LIGHT IN EFON ALAAYE EKITI, EKITI STATE",215001001,FEDERAL MINISTRY OF AGRICULTURE AND FOOD SECURITY - HQTRS,,700000000.0,NO,HIGH,"The budget item is for a project in Ekiti State, which is not within the North-East geopolitical zone that this agency is mandated to serve (only covers Adamawa, Bauchi, Borno, Gombe, Taraba, and Yobe states).",100
ERGP30238187,"COMPLETION OF SPORTS COMPLEX INCLUDING MOTORISED BOREHOLE, FLOOD LIGHT AND SOLAR STREET LIGHT IN IYIN EKITI, EKITI STATE",215001001,FEDERAL MINISTRY OF AGRICULTURE AND FOOD SECURITY - HQTRS,,700000000.0,NO,HIGH,"The budget item involves construction in Ekiti State, which is not within the North-East geopolitical zone that the agency is mandated to serve (only Adamawa, Bauchi, Borno, Gombe, Taraba, and Yobe states).",100
ERGP30238191,"CONSTRUCTION OF ALIU KATSINA ROAD, OKE-ODE, IFELODUN LOCAL GOVERNMENT, KWARA SOUTH",215001001,FEDERAL MINISTRY OF AGRICULTURE AND FOOD SECURITY - HQTRS,,350000000.0,NO,HIGH,"The budget item involves road construction in Kwara State, which is outside the North-East Development Commission's geographic mandate that covers only Adamawa, Bauchi, Borno, Gombe, Taraba, and Yobe states.",100
ERGP30238193,CONSTRUCTION OF COMMUNITY ROAD IN OJOMU N.N.W AREA OF KWARA SOUTH SENATORIAL DISTRICT,215001001,FEDERAL MINISTRY OF AGRICULTURE AND FOOD SECURITY - HQTRS,,350000000.0,NO,HIGH,"The budget item involves road construction in Kwara State, which is outside the North-East Development Commission's geographical mandate that covers only Adamawa, Bauchi, Borno, Gombe, Taraba, and Yobe states.",100
ERGP30238197,"CONSTRUCTION OF COMMUNITY TOWN HALL IN ORO AGO AREA OF IFELODUN LG.A., KWARA SOUTH SENATORIAL DISTRICT",215001001,FEDERAL MINISTRY OF AGRICULTURE AND FOOD SECURITY - HQTRS,,70000000.0,NO,HIGH,"The budget item involves construction in Kwara State which is outside the North-East geopolitical zone that the agency is mandated to serve (only Adamawa, Bauchi, Borno, Gombe, Taraba, and Yobe states).",100
ERGP30238200,"CONSTRUCTION OF RURAL ROAD AND DRAINAGE FROM ALAPE TO ITAFA AREA OF ESSA DISTRICT, KWARA SOUTH SENATORIAL DISTRICT",215001001,FEDERAL MINISTRY OF AGRICULTURE AND FOOD SECURITY - HQTRS,,280000000.0,NO,HIGH,"The budget item involves construction in Kwara State, which is not within the North-East geopolitical zone that the agency is mandated to serve (only Adamawa, Bauchi, Borno, Gombe, Taraba, and Yobe states).",100
ERGP30238203,"CONSTRUCTION OF RURAL ROAD AND CHANNELISATION/EROSION CONTROL OF ORI AFA/OLOWA ROAD IN OFFA, KWARA STATE",215001001,FEDERAL MINISTRY OF AGRICULTURE AND FOOD SECURITY - HQTRS,,245000000.0,NO,HIGH,"The budget item involves construction in Kwara State, which is not within the North-East geopolitical zone covered by this agency's mandate (Adamawa, Bauchi, Borno, Gombe, Taraba, and Yobe states only).",100
ERGP30238205,"CONSTRUCTION OF RURAL ROAD AND DRAINAGE IN SARKOSI-ASABA AREA OF SAWO DISTRICT, OFFA, KWARA SOUTH SENATORIAL DISTRICT",215001001,FEDERAL MINISTRY OF AGRICULTURE AND FOOD SECURITY - HQTRS,,245000000.0,NO,HIGH,"The budget item is for road construction in Kwara State, which is not within the North-East geopolitical zone covered by this agency's mandate (Adamawa, Bauchi, Borno, Gombe, Taraba, and Yobe states only).",100
ERGP30238208,CONSTRUCTION OF MOTORISED BOREHOLES ACROSS RURAL SETTLEMENTS IN IFELODUN/OYUN/OFFA LOCAL GOVERNMENT AREA OF KWARA SOUTH SENATORIAL,215001001,FEDERAL MINISTRY OF AGRICULTURE AND FOOD SECURITY - HQTRS,,175000000.0,NO,HIGH,"The budget item targets Kwara State local government areas, which are not within the North-East geopolitical zone (Adamawa, Bauchi, Borno, Gombe, Taraba, and Yobe states) that defines this agency's geographical mandate.",100
ERGP30238213,CONSTRUCTION OF MOTORISED BOREHOLES ACROSS RURAL SETTLEMENTS IN IREPODUN/ISIN/EKITI/OKE-ERO LOCAL GOVERNMENT AREA OF KWARA SOUTH,215001001,FEDERAL MINISTRY OF AGRICULTURE AND FOOD SECURITY - HQTRS,,175000000.0,NO,HIGH,"The budget item targets Kwara South local government areas, which are outside the North-East geopolitical zone that the agency is mandated to serve (Adamawa, Bauchi, Borno, Gombe, Taraba, and Yobe states only).",100
ERGP30238217,DEVELOPMENT OF TRADITIONAL COUNCIL AND CULTURAL CENTRE IN ISIN L.G.A OF KWARA SOUTH,215001001,FEDERAL MINISTRY OF AGRICULTURE AND FOOD SECURITY - HQTRS,,175000000.0,NO,HIGH,"The budget item is for development in Kwara State (specifically Isin L.G.A of Kwara South), which is not within the North-East geopolitical zone covered by this agency's mandate that specifically covers only Adamawa, Bauchi, Borno, Gombe, Taraba, and Yobe states.",100
ERGP30238221,"CONSTRUCTION OF PERIMETER FENCING, INSTALLATION OF MOTORIZED BOREHOLE AND ELECTRIFICATION OF VOCATIONAL CENTERS IN ERIN ILE, OMUPO, IGBAJA AND",215001001,FEDERAL MINISTRY OF AGRICULTURE AND FOOD SECURITY - HQTRS,,210000000.0,NO,HIGH,"The budget item is for the Federal Ministry of Agriculture and Food Security but the mandate described is for the North East Development Commission, and the locations mentioned (Erin Ile, Omupo, Igbaja) are not in the six North-East states covered by that mandate.",100
ERGP30238225,"CONSTRUCTION AND UPGRADE OF YOUTH SPORT/DEVELOPMENT CENTRE IN LAMORDI AND ESSA C AREA OF OFFA, KWARA SOUTH",215001001,FEDERAL MINISTRY OF AGRICULTURE AND FOOD SECURITY - HQTRS,,315000000.0,NO,HIGH,"The budget item involves construction in Kwara State, which is not within the North-East geopolitical zone (Adamawa, Bauchi, Borno, Gombe, Taraba, and Yobe) that defines this agency's mandate, and there is also a mismatch between the agency name (Federal Ministry of Agriculture and Food Security) and the provided mandate (North East Development Commission).",100
ERGP30238228,"CONSTRUCTION, MODERNISATION AND UPGRADE OF MOTOR PARKS IN OSI, OKE ODE, OMU ARAN, OWODE AND ERIN ILE AREAS OF KWARA SOUTH SENATORIAL DISTRICT",215001001,FEDERAL MINISTRY OF AGRICULTURE AND FOOD SECURITY - HQTRS,,210000000.0,NO,HIGH,"The budget item involves construction projects in Kwara State, which is outside the agency's geographical mandate that specifically covers only six North-East states (Adamawa, Bauchi, Borno, Gombe, Taraba, and Yobe), and there is also a mismatch between the agency name (Federal Ministry of Agriculture and Food Security) and the mandate description (North East Development Commission).",100
ERGP30238233,"CONSTRUCTION AND DEVELOPMENT OF A SPORTS AND ATHLETIC CENTRE IN OFFA GRAMAR SCHOOL, OFFA, KWARA SOUTH SENATORIAL DISTRICT",215001001,FEDERAL MINISTRY OF AGRICULTURE AND FOOD SECURITY - HQTRS,,350000000.0,NO,HIGH,"The budget item is for construction in Kwara State which is outside the North-East region (Adamawa, Bauchi, Borno, Gombe, Taraba, and Yobe) that defines this agency's geographical mandate, and the agency name indicates it's actually the Federal Ministry of Agriculture, not the North East Development Commission.",100
ERGP30238238,"RENOVATION OF ORO AGO, OMUPO, ERIN-ILE, OMU ARAN AND AJASSE KINGSHIP'S PALACE IN KWARA SOUTH (PHASE 2)",215001001,FEDERAL MINISTRY OF AGRICULTURE AND FOOD SECURITY - HQTRS,,140000000.0,NO,HIGH,"The budget item involves renovating palaces in Kwara State, which is outside the North-East geopolitical zone (Adamawa, Bauchi, Borno, Gombe, Taraba, and Yobe) that the agency is mandated to serve, and there appears to be a mismatch between the agency name (Ministry of Agriculture) and the stated mandate (North East Development Commission).",100
ERGP30238241,"CONSTRUCTION AND REDEVELOPMENT OF KINGSHIP PALACES AND CULTURAL CENTRE IN AJASSE, SANMORA, EKAN-MEJE, IJAN, ESIE AND ORO COMMUNITIES IN KWARA",215001001,FEDERAL MINISTRY OF AGRICULTURE AND FOOD SECURITY - HQTRS,,350000000.0,NO,HIGH,"The budget item involves construction projects in Kwara State communities, which falls outside the North East Development Commission's geographic mandate that specifically covers only six North-East states (Adamawa, Bauchi, Borno, Gombe, Taraba, and Yobe), and the agency name indicates this is actually a Federal Ministry of Agriculture budget item incorrectly paired with the North East Development Commission mandate.",100
ERGP30238246,"CONSTRUCTION OF DRAINAGE CHANNELS AND EROSION CONTROL IN ISALE OJA, OWODE MARKET AND AFELE AREA, OJOMU DISTRICT AREAS OF OFFA L.G.A., KWARA",215001001,FEDERAL MINISTRY OF AGRICULTURE AND FOOD SECURITY - HQTRS,,315000000.0,NO,HIGH,"The budget item involves construction work in Kwara State, which is not within the North-East geopolitical zone that the agency is mandated to serve (Adamawa, Bauchi, Borno, Gombe, Taraba, and Yobe states only).",100
ERGP30238249,"CONSTRUCTION OF ADMINISTRATIVE OFFICES FOR DISTRICT HEADS IN OFFA L.G.A, KWARA SOUTH",215001001,FEDERAL MINISTRY OF AGRICULTURE AND FOOD SECURITY - HQTRS,,210000000.0,NO,HIGH,"The budget item is for construction in Kwara State (Offa L.G.A, Kwara South), but this agency's mandate is limited to the six North-East states (Adamawa, Bauchi, Borno, Gombe, Taraba, and Yobe) and Kwara is not among them.",100
ERGP30238251,"CONSTRUCTION OF HOSTEL, CLASSROOM AND ADMINISTRATIVE FACILITY FOR FOMWAN SCHOOL FOR SPECIAL NEEDS IN OFFA, L.G.A OF KWARA SOUTH",215001001,FEDERAL MINISTRY OF AGRICULTURE AND FOOD SECURITY - HQTRS,,175000000.0,NO,HIGH,"The budget item is for construction in Kwara State, which is not within the North-East geopolitical zone that this agency is mandated to serve (only covers Adamawa, Bauchi, Borno, Gombe, Taraba, and Yobe states).",100
ERGP30238256,"CONSTRUCTION OF ULTRA-MODERN MULTI-STOREY CLASSROOMS FOR STEM EDUCATION IN AJASSE, OFFA, & SHARE AREAS OF KWARA SOUTH",215001001,FEDERAL MINISTRY OF AGRICULTURE AND FOOD SECURITY - HQTRS,,315000000.0,NO,HIGH,"The budget item is for construction in Kwara State, which is not within the North-East geopolitical zone that the agency is mandated to serve (only Adamawa, Bauchi, Borno, Gombe, Taraba, and Yobe states).",100
ERGP30238260,CONSTRUCTION OF IGBONMINA RADIO STATION HALL IN PAMO/OBA/SABAJA AREA OF KWARA SOUTH SENATORIAL DISTRICT,215001001,FEDERAL MINISTRY OF AGRICULTURE AND FOOD SECURITY - HQTRS,,175000000.0,NO,HIGH,"The budget item involves construction in Kwara State, which is outside the North-East geopolitical zone that this agency is mandated to serve (only Adamawa, Bauchi, Borno, Gombe, Taraba, and Yobe states).",100
ERGP30238266,"DEVELOPMENT AND CONSTRUCTION OF FENCE, BOREHOLE, ADMINISTRATIVE FACILITIES AND SOLAR LIGHT FOR ITIHAD CEMETERY IN BOLORUNDO AREA OF KWARA",215001001,FEDERAL MINISTRY OF AGRICULTURE AND FOOD SECURITY - HQTRS,,105000000.0,NO,HIGH,"The budget item is for cemetery development in Kwara State, which is outside the North-East geopolitical zone that the agency is mandated to serve (Adamawa, Bauchi, Borno, Gombe, Taraba, and Yobe states only).",100
ERGP30238269,"CONSTRUCTION AND REHABILITATION OF OJA OKE/IDI OGUN ROAD IN ISANLU -ISIN, ISIN LOCAL GOVERNMENT AREA, KWARA SOUTH",215001001,FEDERAL MINISTRY OF AGRICULTURE AND FOOD SECURITY - HQTRS,,140000000.0,NO,HIGH,"The budget item involves road construction in Kwara State, which is not within the North-East geopolitical zone that the agency is mandated to serve (Adamawa, Bauchi, Borno, Gombe, Taraba, and Yobe states only).",100
ERGP30238273,CONSTRUCTION AND DEVELOPMENT OF MARKET STALL AND FACILITIES FOR AGRO- MARKET IN ERIN ILE COMMUNITY OF KWARA SOUTH SENATORIAL DISTRICT,215001001,FEDERAL MINISTRY OF AGRICULTURE AND FOOD SECURITY - HQTRS,,140000000.0,NO,HIGH,"The budget item is for construction in Kwara State, which is not within the North-East geopolitical zone (Adamawa, Bauchi, Borno, Gombe, Taraba, and Yobe) that this agency is mandated to serve.",100
ERGP30238278,"CONSTRUCTION OF ULTRA-MODERN MARKET AND FACILITIES AT ILEMONA, OYUN L. G.A OF KWARA SOUTH SENATORIAL DISTRICT",215001001,FEDERAL MINISTRY OF AGRICULTURE AND FOOD SECURITY - HQTRS,,175000000.0,NO,HIGH,"The budget item involves construction in Kwara State, which is outside the North-East geopolitical zone that this agency is mandated to serve (Adamawa, Bauchi, Borno, Gombe, Taraba, and Yobe states only).",100
ERGP30238281,"PROVISION AND INSTALLATION OF 500KVA TRANSFORMERS IN SELECT LOCATIONS OF KWARA SOUTH, KWARA STATE",215001001,FEDERAL MINISTRY OF AGRICULTURE AND FOOD SECURITY - HQTRS,,210000000.0,NO,HIGH,"The budget item involves electrical infrastructure in Kwara State, which is outside the agency's geographic mandate that specifically covers only six North-East states (Adamawa, Bauchi, Borno, Gombe, Taraba, and Yobe), and there appears to be a mismatch between the agency name (Ministry of Agriculture) and the mandate described (North East Development Commission).",100
ERGP30238287,"SUPPLY OF AGRICULTURAL GRAINS TO ECONOMIC DISADVANTGED PEOPLE IN ISIN, OYUN & IREPODUN LGAS IN KWARA SOUTH SENATORIAL DISTRICT",215001001,FEDERAL MINISTRY OF AGRICULTURE AND FOOD SECURITY - HQTRS,,105000000.0,NO,HIGH,"The budget item targets Kwara State LGAs which are outside the agency's geographic mandate that specifically covers only six North-East states (Adamawa, Bauchi, Borno, Gombe, Taraba, and Yobe).",100
ERGP30238288,"PROVISION AND SUPPLY OF AGRICULTURE GRAINS FOR POVERTY ALLIEVATION IN EKITI, OKE ERO, OFFA AND IFELODUN LGAS IN KWARA SOUTH SENATORIAL DISTRICT",215001001,FEDERAL MINISTRY OF AGRICULTURE AND FOOD SECURITY - HQTRS,,105000000.0,NO,HIGH,"The budget item targets Kwara State locations which are outside the agency's geographical mandate that specifically covers only six North-East states (Adamawa, Bauchi, Borno, Gombe, Taraba, and Yobe).",100
ERGP30238293,PROJECT LIGHT UP KWARA SOUTH: SPECIAL INTERVENTION THROUGH SUPPLY AND INSTALLATION OF ALL-IN-ONE SOLAR STREETLIGHT IN SELECTED COMMUNITIES OF,215001001,FEDERAL MINISTRY OF AGRICULTURE AND FOOD SECURITY - HQTRS,,140000000.0,NO,HIGH,"The budget item involves lighting infrastructure in Kwara State, which is not within the North-East geopolitical zone covered by this agency's mandate (Adamawa, Bauchi, Borno, Gombe, Taraba, and Yobe), and the agency name appears to be mismatched with the provided mandate.",100
ERGP30238294,REHABILITATION OF SOME SELECTED KAMSUL SALATI MASJIDS ACROSS THE 15 LGAs IN KANO CENTRAL SENATORIAL DISTRICT.,215001001,FEDERAL MINISTRY OF AGRICULTURE AND FOOD SECURITY - HQTRS,,70000000.0,NO,HIGH,"The budget item involves rehabilitation of mosques in Kano State, which is outside the North-East geopolitical zone (Adamawa, Bauchi, Borno, Gombe, Taraba, and Yobe) that defines this agency's geographical mandate.",100
ERGP30238296,REHABILITATION AND UPGRADE OF GANDUN ALBASA PRIMARY HEALTH CARE AND RENOVATION OF DAURAWA PRIMARY SCHOOL IN KANO CENTRAL SENATORIAL,215001001,FEDERAL MINISTRY OF AGRICULTURE AND FOOD SECURITY - HQTRS,,105000000.0,NO,HIGH,"The budget item involves projects in Kano state, which is not within the North East Development Commission's geographical mandate that covers only Adamawa, Bauchi, Borno, Gombe, Taraba, and Yobe states.",100
ERGP30238297,"SUPPLY OF GRAINS TO RURAL COMMUNITIES AFFECTED BY LAKUREWA ARMED INVADERS IN AUGIE LGA, AREWA LGA, KEBBI NORTH SENATORIAL DISTRICT KEBBIÃ",215001001,FEDERAL MINISTRY OF AGRICULTURE AND FOOD SECURITY - HQTRS,,140000000.0,NO,HIGH,"The budget item involves supplying grains to communities in Kebbi State, which is not one of the six North-East states (Adamawa, Bauchi, Borno, Gombe, Taraba, and Yobe) covered by this agency's mandate.",100
ERGP30238298,"SUPPLY OF FERTILIZER AND LIVESTOCK FEED TO RURAL COMMUNITIES DISPOSSESSED BY LAKURAWA ARMED INVADERS IN AREWA AND AUGIE LGA, KEBBI NORTH",215001001,FEDERAL MINISTRY OF AGRICULTURE AND FOOD SECURITY - HQTRS,,350000000.0,NO,HIGH,"The budget item targets Kebbi North which is outside the North East Development Commission's geographic mandate that covers only six specific states (Adamawa, Bauchi, Borno, Gombe, Taraba, and Yobe), and there appears to be a mismatch between the agency name and mandate provided.",100
ERGP30238299,PROVISION/SUPPLY OF GRAINS TO FARMERS IN RURAL AREAS OF (6) SIX GEO- POLITICAL ZONES OF THE FEDERATION LOT (1-3),215001001,FEDERAL MINISTRY OF AGRICULTURE AND FOOD SECURITY - HQTRS,,1050000000.0,NO,HIGH,"The agency mandate is specifically for North-East development and reconstruction, but the budget item covers all six geo-political zones of Nigeria, which extends far beyond the agency's designated regional scope.",100
ERGP30238300,SUPPLY OF GRAINS TO FARMERS IN RURAL COMMUNITIES OF SOUTH SOUTH ZONES LOT (A-C),215001001,FEDERAL MINISTRY OF AGRICULTURE AND FOOD SECURITY - HQTRS,,1050000000.0,NO,HIGH,"The budget item targets South South zones while the agency's mandate specifically covers only six North-East states (Adamawa, Bauchi, Borno, Gombe, Taraba, and Yobe), creating a clear geographical mismatch.",100
ERGP30238301,PROVISION/SUPPLY OF GRAINS TO SELECTED AREAS OF SOUTH WEST GEO-POLITICAL ZONES LOT (1-3),215001001,FEDERAL MINISTRY OF AGRICULTURE AND FOOD SECURITY - HQTRS,,1050000000.0,NO,HIGH,"The budget item targets South West geo-political zones while the agency mandate explicitly covers only six North-East states (Adamawa, Bauchi, Borno, Gombe, Taraba, and Yobe).",100
ERGP30238303,SUPPLY OF GRAINS TO FARMERS IN SELECTED RURAL COMMUNITIES OF SOUTH EAST STATES (A-C),215001001,FEDERAL MINISTRY OF AGRICULTURE AND FOOD SECURITY - HQTRS,,1050000000.0,NO,HIGH,"The budget item targets South East states while the agency mandate specifically covers only six North-East states (Adamawa, Bauchi, Borno, Gombe, Taraba, and Yobe), and there appears to be a mismatch between the agency name (Federal Ministry of Agriculture) and the mandate described (North East Development Commission).",100
ERGP30238304,PROVISION/SUPPLY OF GRAINS TO SELECTED AREAS OF COMMUNITIES IN NIGER DELTA REGIONS,215001001,FEDERAL MINISTRY OF AGRICULTURE AND FOOD SECURITY - HQTRS,,1050000000.0,NO,HIGH,"The budget item targets Niger Delta regions while the agency's mandate specifically covers only six North-East states (Adamawa, Bauchi, Borno, Gombe, Taraba, and Yobe) and there appears to be a mismatch between the agency name (Ministry of Agriculture) and the provided mandate (North East Development Commission).",100
ERGP30238305,SUPPLY OF GRAINS TO RURAL FARMING AREAS OF SELECTED LOCATIONS OF SOUTHERN GEO-POLITICAL ZONE,215001001,FEDERAL MINISTRY OF AGRICULTURE AND FOOD SECURITY - HQTRS,,1050000000.0,NO,HIGH,"The budget item targets the Southern geo-political zone while the agency's mandate specifically covers only six North-East states (Adamawa, Bauchi, Borno, Gombe, Taraba, and Yobe).",100
ERGP30238306,PROVISION/SUPPLY OF GRAINS TO RURAL FARMERS IN VARIOUS COMMUNITIES TO CUSHION HUNGER IN SOUTHERN STATE OF NIGERIA (1-2),215001001,FEDERAL MINISTRY OF AGRICULTURE AND FOOD SECURITY - HQTRS,,700000000.0,NO,HIGH,"The budget item targets Southern Nigeria while the agency mandate explicitly covers only six North-East states (Adamawa, Bauchi, Borno, Gombe, Taraba, and Yobe), and the agency listed is the Federal Ministry of Agriculture which doesn't match the North East Development Commission mandate provided.",100
ERGP30238308,"""RENEWABLE ENERGY FOR SELECTED COMMUNITIES IN OGUN EAST SENATORIAL DISTRICT (MULTIPLE LOTS) """,215001001,FEDERAL MINISTRY OF AGRICULTURE AND FOOD SECURITY - HQTRS,,175000000.0,NO,HIGH,"The budget item targets Ogun East Senatorial District which is outside the agency's geographical mandate that covers only six North-East states (Adamawa, Bauchi, Borno, Gombe, Taraba, and Yobe), and there appears to be a mismatch between the agency name (Federal Ministry of Agriculture) and the mandate description (North East Development Commission).",100
ERGP30238309,"PROVISION AND INSTALLATION OF SOLAR STREET LIGHTS IN OKEERE,AKATA ODOERE, KOGI STATE",215001001,FEDERAL MINISTRY OF AGRICULTURE AND FOOD SECURITY - HQTRS,,350000000.0,NO,HIGH,"The budget item involves installation of solar street lights in Kogi State, which is outside the North-East Development Commission's geographic mandate that covers only six specific states (Adamawa, Bauchi, Borno, Gombe, Taraba, and Yobe), and there appears to be a mismatch between the agency name (Federal Ministry of Agriculture and Food Security) and the mandate described (North East Development Commission).",100
ERGP30238310,"SUPPLY OF FARM IMPLEMENTS TO OKEERE,AKATA ODOERE, KOGI STATE
",215001001,FEDERAL MINISTRY OF AGRICULTURE AND FOOD SECURITY - HQTRS,,350000000.0,NO,HIGH,"The budget item is for Kogi State, which is not within the North-East Development Commission's mandate that covers only six states (Adamawa, Bauchi, Borno, Gombe, Taraba, and Yobe), and there appears to be a mismatch between the agency name and mandate provided.",100
ERGP30238311,"RENOVATION AND EQUIPPING OF IDUMUJE-UGBOKO MEDICAL CENTRE, DELTA STATE
",215001001,FEDERAL MINISTRY OF AGRICULTURE AND FOOD SECURITY - HQTRS,,245000000.0,NO,HIGH,"The budget item involves renovating a medical facility in Delta State, which is outside the agency's geographical mandate that specifically covers only six North-East states (Adamawa, Bauchi, Borno, Gombe, Taraba, and Yobe), and there appears to be a mismatch between the agency name (Federal Ministry of Agriculture and Food Security) and the mandate described (North East Development Commission).",100
ERGP30238313,"CONSTRUCTION OF 11 KILOMETERES EARTH ROAD INCLUDING A 3 SPAN BRIDGE ATCH.9PLUS, JEJE, TAKA LAFIA ROAD, NASSARAWA STATE",215001001,FEDERAL MINISTRY OF AGRICULTURE AND FOOD SECURITY - HQTRS,,1400000000.0,NO,HIGH,"The budget item is for road construction in Nassarawa State, which is not within the North-East Development Commission's geographical mandate that covers only Adamawa, Bauchi, Borno, Gombe, Taraba, and Yobe states.",100
ERGP30238314,"CONSTRUCTION OF SHONIBARE FEEDER ROAD, IGBEBA VILLAGE, IJEBU ODE OGUN STATE",215001001,FEDERAL MINISTRY OF AGRICULTURE AND FOOD SECURITY - HQTRS,,140000000.0,NO,HIGH,"The budget item involves road construction in Ogun State, which is outside the North-East geopolitical zone that this agency is mandated to serve (Adamawa, Bauchi, Borno, Gombe, Taraba, and Yobe states only).",100
ERGP30238315,SUPPLY AND INSTALLATION OF SOLAR STREET LIGHT IN IGBEBA VILLAGE ANF ITS ENVIRONS,215001001,FEDERAL MINISTRY OF AGRICULTURE AND FOOD SECURITY - HQTRS,,210000000.0,NO,HIGH,"The agency mandate describes the North East Development Commission focused on North-East Nigeria (Adamawa, Bauchi, Borno, Gombe, Taraba, and Yobe states), but the budget item is assigned to the Federal Ministry of Agriculture and Food Security for work in Igbeba Village, which does not align with either agency's geographic scope or primary functions.",100
ERGP30238316,CONSULTANCY SERVICE FOR THE ESTABLISHMENT OF ORGANIC FERTILIZER PROCESSING FACILITIES IN SIX GEOPOLITICAL ZONES IN NIGERIA,215001001,FEDERAL MINISTRY OF AGRICULTURE AND FOOD SECURITY - HQTRS,,210000000.0,NO,HIGH,"The agency mandate is specifically for the North East Development Commission focused on insurgency recovery in six northeastern states, but this budget line item is for the Federal Ministry of Agriculture covering all six geopolitical zones nationwide, which falls outside the commission's geographic and sectoral scope.",100
ERGP30238317,SOCIAL DEVELOPMENT GOALS SDGS: CONSTRUCTION AND REHABILITATION OF SELECTED TOWNSHIP ROADS ACROSS THE SIX GEOPOLITICAL ZONES OF THE COUNTRY,215001001,FEDERAL MINISTRY OF AGRICULTURE AND FOOD SECURITY - HQTRS,,70000000.0,NO,HIGH,"The budget item targets all six geopolitical zones of Nigeria while the agency's mandate is specifically limited to the North-East zone comprising only six states (Adamawa, Bauchi, Borno, Gombe, Taraba, and Yobe).",100
ERGP30238318,"SOCIAL DEVELOPMENT GOALS SDGS2: CONSTRUCTION AND REHABILITATION OF SOLAR-POWERED BOREHOLES, MOTORIZED BOREHOLES, AND PROVISION OF POVERTY",215001001,FEDERAL MINISTRY OF AGRICULTURE AND FOOD SECURITY - HQTRS,,35000000.0,NO,HIGH,"The agency name indicates Federal Ministry of Agriculture and Food Security, but the mandate described is for the North East Development Commission, creating a clear mismatch between the agency and its stated mandate.",100
ERGP30238319,"SOCIAL DEVELOPMENT GOALS SDGS 3: SUPPLY AND INSTALLATION OF 3-IN-1 SOLAR STREET LIGHTS, TRANSFORMERS AND MATERNITIES/ PRIMARY HEALTH CENTRES IN",215001001,FEDERAL MINISTRY OF AGRICULTURE AND FOOD SECURITY - HQTRS,,35000000.0,NO,HIGH,"The agency mandate describes the North East Development Commission's responsibilities for insurgency reconstruction in six northeastern states, but the budget item is assigned to the Federal Ministry of Agriculture and Food Security which has a completely different mandate focused on agricultural development and food security.",100
ERGP30238320,SOCIAL DEVELOPMENT GOALS SDGS 4: CONSTRUCTION OF MEGA CLASSROOM BLOCKS AND REHABILITATION OF EXISTING DILAPITATED CLASSROOM BLOCKS IN,215001001,FEDERAL MINISTRY OF AGRICULTURE AND FOOD SECURITY - HQTRS,,70000000.0,NO,HIGH,"The agency mandate provided is for the North East Development Commission focused on insurgency rehabilitation in six specific states, but the agency name is Federal Ministry of Agriculture and Food Security which should have an agriculture-focused mandate, creating a clear mismatch.",100
ERGP30238321,COMPLETEION OF THE EKITI/ODO OWA CULTURAL HUB KWARA SOUTH SENATORIAL DISTRICT,215001001,FEDERAL MINISTRY OF AGRICULTURE AND FOOD SECURITY - HQTRS,,140000000.0,NO,HIGH,"The budget item involves a cultural hub project in Kwara State, which is outside the North-East Development Commission's geographical mandate that covers only Adamawa, Bauchi, Borno, Gombe, Taraba, and Yobe states, and the agency mandate provided does not match the Federal Ministry of Agriculture and Food Security.",100
ERGP30238322,"COMPLETION OF FEDERAL PRIMARY HEALTH CENTER, ILOBI
",215001001,FEDERAL MINISTRY OF AGRICULTURE AND FOOD SECURITY - HQTRS,,140000000.0,NO,HIGH,"The budget item is for the Federal Ministry of Agriculture and Food Security but the mandate described is for the North East Development Commission, and completing a health center in Ilobi (which is not in the North-East region) falls outside both agencies' core functions.",100
ERGP30238323,"CONSTRUCTION OF PRIMARY HEALTH CENTER IN POWERLINE, LAGOS STATE
",215001001,FEDERAL MINISTRY OF AGRICULTURE AND FOOD SECURITY - HQTRS,,140000000.0,NO,HIGH,"The budget item is for construction in Lagos State, which is outside the agency's geographic mandate that covers only six North-East states (Adamawa, Bauchi, Borno, Gombe, Taraba, and Yobe), and there appears to be a mismatch between the agency name (Ministry of Agriculture) and the provided mandate (North East Development Commission).",100
ERGP30238324,"""EMPOWERMENT OF WOMEN IN AGRICULTURE IN DANZAKI AND BAFARAWA, SOKOTO ""
",215001001,FEDERAL MINISTRY OF AGRICULTURE AND FOOD SECURITY - HQTRS,,35000000.0,NO,HIGH,"The budget item targets Sokoto state locations which are outside the agency's geographic mandate that specifically covers only six North-East states (Adamawa, Bauchi, Borno, Gombe, Taraba, and Yobe), and there appears to be a mismatch between the agency name (Federal Ministry of Agriculture) and the mandate description (North East Development Commission).",100
ERGP30238325,"SUPPLY OF GRAINS TO TORO, MONGUNO/MARTE, KWAMI/FUNAKAYE, IBI/WUKARI, BADE/JAKUSKO, MAIHA/ MUBI NORTH EAST FEDERAL CONSTITUENCIES.",215001001,FEDERAL MINISTRY OF AGRICULTURE AND FOOD SECURITY - HQTRS,,70000000.0,NO,HIGH,"The agency mandate described is for the North East Development Commission focusing on insurgency rehabilitation, but the agency name is Federal Ministry of Agriculture and Food Security, creating a fundamental mismatch between the stated agency and its described mandate.",100
ERGP30238326,"SUPPLY OF GRAINS TO WUDIL/GARKO, GUMEL/MAITANGARAN,CHARANCI/RIMI, KOKO-BESSE/MAIYAMA, GORONYO/GADA, SHINKAFI/ZURMI OF NORTH WEST",215001001,FEDERAL MINISTRY OF AGRICULTURE AND FOOD SECURITY - HQTRS,,70000000.0,NO,HIGH,"The budget item targets North West states while the agency's mandate specifically covers only six North-East states (Adamawa, Bauchi, Borno, Gombe, Taraba, and Yobe), and the agency name suggests agricultural focus but the mandate describes North-East development functions.",100
ERGP30238327,"SUPPLY OF GRAINS TO OHINIMI/OTUKPO, BASSA DEKINA, EDU/PATIGI/MORO, NASARAWA TOTO, BOSSO PAIKO, ABAJI, KWALI, GWAGWALADA, BARIKIN-LADI/ RIYOM",215001001,FEDERAL MINISTRY OF AGRICULTURE AND FOOD SECURITY - HQTRS,,70000000.0,NO,HIGH,"The budget item supplies grains to locations outside the North-East geopolitical zone (including FCT areas and Middle Belt states), which falls outside this agency's geographic mandate that specifically covers only six North-East states: Adamawa, Bauchi, Borno, Gombe, Taraba, and Yobe.",100
ERGP30238328,"SUPPLY OF GRAINS TO ABA NORTH/SOUTH, OYI/AYAMILUMN, ABAKALIKI/IZZI, AHIZU/EZINI MIKU, IGBO-ETITI/UZOUWANI OF SOUTH EAST FEDERAL",215001001,FEDERAL MINISTRY OF AGRICULTURE AND FOOD SECURITY - HQTRS,,70000000.0,NO,HIGH,"The budget item involves supplying grains to South East states, but the agency mandate specifically covers only six North-East states (Adamawa, Bauchi, Borno, Gombe, Taraba, and Yobe) and there is a mismatch between the agency name (Federal Ministry of Agriculture) and the mandate description (North East Development Commission).",100
ERGP30238329,"SUPPLY OF GRAINS TO ETCHE/OMUMA, UKAFUN/QYNKANAM, PRASS/NEMBE, OBUBRA/ETUG, AKOKO/EDO, GOKAN/KHANA OF SOUTH SOUTH FEDERAL",215001001,FEDERAL MINISTRY OF AGRICULTURE AND FOOD SECURITY - HQTRS,,70000000.0,NO,HIGH,"The budget item involves supplying grains to South South federal constituencies, which falls outside the agency's geographic mandate that specifically covers only six North-East states (Adamawa, Bauchi, Borno, Gombe, Taraba, and Yobe).",100
ERGP30238330,"SUPPLY OF GRAINS IN EJERO/EKITI WEST ETORI, IGIBATO EMEKO AFAN,IFE CENTRAL/ IFE NORTH, EGEDA/ ONA ARA, AKOKO, IBARAPA EAST/ IDO, SURULERE OF SOUTH",215001001,FEDERAL MINISTRY OF AGRICULTURE AND FOOD SECURITY - HQTRS,,70000000.0,NO,HIGH,"The budget item involves supplying grains to locations in southwestern Nigeria (Ekiti, Osun, Oyo states) while the agency mandate specifically covers only six northeastern states (Adamawa, Bauchi, Borno, Gombe, Taraba, and Yobe).",100
ERGP5105275,"POLICY COORDINATION, PROJECTS/PROGRAMMES MONITORING AND EVALUATION
",215001001,FEDERAL MINISTRY OF AGRICULTURE AND FOOD SECURITY - HQTRS,,1261723150.0,NO,HIGH,"The agency mandate provided is for the North East Development Commission (focused on insurgency rehabilitation in six northeastern states), but the budget is allocated to the Federal Ministry of Agriculture and Food Security, which has a completely different mandate related to agriculture and food security nationwide.",100
ERGP5208789,DEVELOPMENT AND IMPLEMENTATION OF AGROTOURISM PROGRAMS FOR JOB CREATION AND ECONOMICS GROWTH,215001001,FEDERAL MINISTRY OF AGRICULTURE AND FOOD SECURITY - HQTRS,,210000000.0,NO,HIGH,"The agency mandate provided is for the North East Development Commission focusing on insurgency-related reconstruction and rehabilitation, while the budget item is assigned to the Federal Ministry of Agriculture and Food Security for agrotourism programs, indicating a clear mismatch between the agency and its stated mandate.",100
ERGP5208804,PROMOTION OF AGRICULTURE AND FOOD SECURITY COOPERATIVES FOR ACCESS TO CAPITAL GOOD AGRICULTURAL PRACTICES AND TECHNOLOGY TRANSFER TRANING,215001001,FEDERAL MINISTRY OF AGRICULTURE AND FOOD SECURITY - HQTRS,,984200000.0,NO,HIGH,"The agency mandate provided is for the North East Development Commission focused on insurgency victim rehabilitation and reconstruction, which does not match the Federal Ministry of Agriculture and Food Security agency name, and the agricultural cooperative budget item does not align with the insurgency-focused mandate described.",100
ERGP5231427,"DEVELOPMENT AND MANAGEMENT OF FMAFS ASSETS NATIONWIDE
",215001001,FEDERAL MINISTRY OF AGRICULTURE AND FOOD SECURITY - HQTRS,,525000000.0,NO,HIGH,"The budget item relates to Federal Ministry of Agriculture and Food Security assets nationwide, but the agency mandate is specifically for the North East Development Commission focused on insurgency recovery in six northeastern states.",100
ERGP5231432,IMPLEMENTATION OF NATIONAL FERTILIZER QUALITY CONTROL ACT AND ECOWAS REGULATORY FRAMEWORK,215001001,FEDERAL MINISTRY OF AGRICULTURE AND FOOD SECURITY - HQTRS,,560070000.0,NO,HIGH,"The budget item relates to fertilizer quality control regulation which falls under agricultural oversight, but the agency mandate is specifically focused on North-East reconstruction and rehabilitation from insurgency rather than agricultural regulation.",100
ERGP5231439,"PROVISION AND SUPPLY OF FERTILIZERS TO FARMERS FOR INTENSIVE FARMING NATIONWIDE FOR FOOD SECURITY, AND WEALTH CREATION",215001001,FEDERAL MINISTRY OF AGRICULTURE AND FOOD SECURITY - HQTRS,,886840875.0,NO,HIGH,"The agency mandate is specifically for the North East Development Commission focused on post-insurgency reconstruction and rehabilitation in six northeastern states, while this budget item is assigned to the Federal Ministry of Agriculture and Food Security for nationwide fertilizer provision.",100
ERGP5231449,AGRICULTURAL LAND RESTORATION AND WATER HARVESTING PROGRAMMES FOR CLIMATE CHANGE RESILIENCE,215001001,FEDERAL MINISTRY OF AGRICULTURE AND FOOD SECURITY - HQTRS,,420000000.0,NO,HIGH,"The agency mandate provided is for the North East Development Commission, not the Federal Ministry of Agriculture and Food Security, creating a complete mismatch between the agricultural budget item and the insurgency reconstruction mandate described.",100
ERGP5231451,"CONCESSIONING OF SELECTED FGN SILOS TO PROMOTE FOOD SECURITY
",215001001,FEDERAL MINISTRY OF AGRICULTURE AND FOOD SECURITY - HQTRS,,84000000.0,NO,HIGH,"The agency mandate is specifically for the North East Development Commission focused on insurgency recovery and reconstruction, while the budget item belongs to the Federal Ministry of Agriculture and Food Security which has a different mandate regarding agricultural development and food security nationwide.",100
ERGP5231453,STRENGTHENING AND COORDINATING AGRICULTURE BUDGETTING FOR FOOD SECURITY,215001001,FEDERAL MINISTRY OF AGRICULTURE AND FOOD SECURITY - HQTRS,,654795390.0,NO,HIGH,"The agency mandate describes the North East Development Commission focused on insurgency reconstruction and rehabilitation, which does not match the Federal Ministry of Agriculture and Food Security headquarters that would handle agriculture budgeting and food security coordination.",100
ERGP5231498,"MONITORING AND EVALUATION OF BUDGET IMPLEMENTATION
",215001001,FEDERAL MINISTRY OF AGRICULTURE AND FOOD SECURITY - HQTRS,,165990044.0,NO,HIGH,"The agency mandate provided is for the North East Development Commission (focused on insurgency rehabilitation in six northeastern states), but the agency name is Federal Ministry of Agriculture and Food Security, creating a complete mismatch between the stated agency and its mandate.",100
ERGP5231568,RURAL FINANCE (FINANCIAL INCLUSION FOR RURAL DWELLERS) IN THE SIX GEO POLITICAL ZONES,215001001,FEDERAL MINISTRY OF AGRICULTURE AND FOOD SECURITY - HQTRS,,314744618.0,NO,HIGH,"The agency mandate is specifically for the North-East Development Commission focused on insurgency victims in six specific states, but the budget item covers all six geopolitical zones nationwide, which extends far beyond the agency's geographic and functional scope.",100
ERGP5234137,MULTILATERAL/BILATERAL TIED LOAN - RURAL ACCESS AND AGRICULTURAL MARKETING PROJECT (RAAMP),215001001,FEDERAL MINISTRY OF AGRICULTURE AND FOOD SECURITY - HQTRS,,4607142855.0,NO,HIGH,"The agency mandate describes the North East Development Commission focused on insurgency rehabilitation in six northeastern states, but the budget item is assigned to the Federal Ministry of Agriculture and Food Security, creating a complete mismatch between the agency name and its stated mandate.",100
ERGP5234138,MULTILATERAL/BILATERAL TIED LOAN - SPECIAL AGRO INDUSTRIAL PROCESSING ZONES (SAPZ),215001001,FEDERAL MINISTRY OF AGRICULTURE AND FOOD SECURITY - HQTRS,,126019673910.0,NO,HIGH,The budget item for agricultural processing zones does not align with the North East Development Commission's specific mandate focused on post-insurgency rehabilitation and reconstruction in six northeastern states.,100
ERGP5234139,"MULTILATERAL/BILATERAL TIED LOAN - VALUE CHAIN DEVELOPMENT PROJECT (VCDP)
",215001001,FEDERAL MINISTRY OF AGRICULTURE AND FOOD SECURITY - HQTRS,,37500000000.0,NO,HIGH,"The agency mandate describes the North East Development Commission focused on insurgency recovery and reconstruction in six northeastern states, but the agency name is Federal Ministry of Agriculture and Food Security, creating a complete mismatch between the agricultural value chain development project and the stated insurgency-focused mandate.",100
ERGP5237805,PROVISION AND INSTALLATION OF SOLAR STREET LIGHT IN YOBE NORTH SENATORIAL DISTRICT,215001001,FEDERAL MINISTRY OF AGRICULTURE AND FOOD SECURITY - HQTRS,,315000000.0,NO,HIGH,"The agency mandate provided describes the North East Development Commission's responsibilities, but this budget item is assigned to the Federal Ministry of Agriculture and Food Security, which has a completely different mandate focused on agricultural development and food security rather than infrastructure reconstruction in conflict-affected areas.",100
ERGP8174962,"YOUTHS EMPOWERMENT IN AGRICULTURE AND AGRIBUSINESS
",215001001,FEDERAL MINISTRY OF AGRICULTURE AND FOOD SECURITY - HQTRS,,107440050.0,NO,HIGH,"The agency mandate described is for the North East Development Commission focused on insurgency rehabilitation and reconstruction, not the Federal Ministry of Agriculture and Food Security which should handle youth empowerment in agriculture and agribusiness.",100
ERGP8175006,"WOMEN EMPOWERMENT IN AGRICULTURE AND AGRIBUSINESS
",215001001,FEDERAL MINISTRY OF AGRICULTURE AND FOOD SECURITY - HQTRS,,206134124.0,NO,HIGH,"The agency mandate described is for the North East Development Commission focused on post-insurgency reconstruction and rehabilitation, but the agency name is Federal Ministry of Agriculture and Food Security, creating a clear mismatch between the agricultural budget item and the reconstruction-focused mandate provided.",100
ERGP10239756,"SOLAR LIGHT PROVISION R.E.A
",254006001,NIGERIAN INSTITUTE FOR OCEANOGRAPHY AND MARINE RESEARCH,,3500000000.0,NO,HIGH,"Solar light provision through the Rural Electrification Agency (R.E.A) is completely outside NIOMR's mandate which focuses exclusively on marine research, oceanography, fisheries, and blue economy development.",100
ERGP10239762,"MINI GRID COMMUNITY ZAMFARA (BAKIN ZAJI, SAUNA, MAKERA, MAKERA)
",254006001,NIGERIAN INSTITUTE FOR OCEANOGRAPHY AND MARINE RESEARCH,,1400000000.0,NO,HIGH,"Mini grid community projects in Zamfara state are unrelated to NIOMR's marine and oceanographic research mandate, which focuses on territorial waters, fisheries, and coastal studies.",100
ERGP10240096,"CONSTRUCTION OF HIGH INTENSITY SOLAR LIGHTS IN SELECTED LAGOS AREAS
",254006001,NIGERIAN INSTITUTE FOR OCEANOGRAPHY AND MARINE RESEARCH,,168000000.0,NO,HIGH,"Construction of solar lights in Lagos areas is a general infrastructure project that does not relate to NIOMR's specific mandate of marine and oceanographic research, fisheries management, or blue economy development.",100
ERGP10240108,"CONSTRUCTION AND INSTALLATION OF HIGH POWER SOLAR LIGHTS WITHIN MOTOR PARKS, LAGOS",254006001,NIGERIAN INSTITUTE FOR OCEANOGRAPHY AND MARINE RESEARCH,,164500000.0,NO,HIGH,"Installing solar lights in motor parks falls outside NIOMR's marine and oceanographic research mandate, as motor parks are terrestrial transportation facilities unrelated to marine science, fisheries research, or blue economy development.",100
ERGP10240169,PROVISION AND CONSTRUCTION OF HIGH POWER SOLAR LIGHTS AT MARKET AREAS LAGOS AND SELECTED AREAS,254006001,NIGERIAN INSTITUTE FOR OCEANOGRAPHY AND MARINE RESEARCH,,171500000.0,NO,HIGH,"Installing solar lights at market areas is a general infrastructure development activity that falls outside NIOMR's specific mandate of marine and oceanographic research, fisheries studies, and blue economy scientific support.",100
ERGP10240173,PROVISION AND INSTALLATION OF MONOCRYSTALLINE SOLAR MODULES SOLAR LIGHTS OF 60WLED OUTPUT AND LITHIUM BATERRIES FOR PALACES IN IJUMU AND,254006001,NIGERIAN INSTITUTE FOR OCEANOGRAPHY AND MARINE RESEARCH,,175000000.0,NO,HIGH,"Installing solar lighting systems for palaces in Ijumu falls completely outside NIOMR's mandate which is focused on marine and oceanographic research, not rural electrification or palace infrastructure projects.",100
ERGP10240202,"PROVISION OF SOLAR LIGHTS MADE WITH MONOCRYSTALLINE SOLAR MODULES, 60W LED OUTPUT WITH LITHIUM BATTERIES TO ENHANCE SECURITY IN EKIRIN AADE",254006001,NIGERIAN INSTITUTE FOR OCEANOGRAPHY AND MARINE RESEARCH,,140000000.0,NO,HIGH,"Providing solar lights for security enhancement in a specific location (Ekirin Aade) is not related to NIOMR's mandate of marine and oceanographic research, fisheries studies, or blue economy development.",100
ERGP10240367,"PROVISION OF ALL-IN-ONE SOLAR STREET LIGHTS TO VILLAGES IN AFIKPO AND EDDA LOCAL GOVERNMENT AREA, OF EBONYI STATE.",254006001,NIGERIAN INSTITUTE FOR OCEANOGRAPHY AND MARINE RESEARCH,,350000000.0,NO,HIGH,"Providing solar street lights to villages in Ebonyi State falls outside NIOMR's mandate which is specifically focused on marine and oceanographic research, fisheries, and blue economy development rather than rural electrification infrastructure.",100
ERGP10240399,"PROVISION AND INSTALLATION OF SOLAR POWERED STREETLIGHTS IN OPOBO/NKORO LGA,ANDONI-OPOBO/NKORO FEDERAL CONSTITUENCY, RIVERS STATE",254006001,NIGERIAN INSTITUTE FOR OCEANOGRAPHY AND MARINE RESEARCH,,70000000.0,NO,HIGH,"Installing solar streetlights in a local government area is infrastructure development that falls outside NIOMR's mandate of marine and oceanographic research, which focuses on scientific research, data collection, and technical development related to marine resources and environments.",100
ERGP10240431,PROVISIN AND INSTALLATION OF SOLAR POWERED STREET LIGHTS AND SOLAR POWERED BOREHOLES IN BADAGRY FEDERAL CONSTITUENCY,254006001,NIGERIAN INSTITUTE FOR OCEANOGRAPHY AND MARINE RESEARCH,,140000000.0,NO,HIGH,"Installing street lights and boreholes in a federal constituency is infrastructure development work that falls outside NIOMR's specific mandate of marine and oceanographic research, fisheries science, and blue economy research activities.",100
ERGP10240455,"RURAL ELECTRIFICATION OF 2 COMMUNITIES IN ODEDA LOCAL GOVERNMENT OF ABEOKUTA NORTH, OBAFEMI-OWODE, AND ODEDA FEDERAL CONSTITUENCY",254006001,NIGERIAN INSTITUTE FOR OCEANOGRAPHY AND MARINE RESEARCH,,70000000.0,NO,HIGH,"Rural electrification projects fall outside NIOMR's specific mandate which is focused on marine and oceanographic research, fisheries, and blue economy development rather than terrestrial infrastructure development.",100
ERGP10240465,"RURAL ELECTRIFICATION OF 2 COMMUNITIES IN ABEOKUTA NORTH LOCAL GOVERNMENT OF ABEOKUTA NORTH, OBAFEMI-OWODE, AND ODEDA FEDERAL",254006001,NIGERIAN INSTITUTE FOR OCEANOGRAPHY AND MARINE RESEARCH,,70000000.0,NO,HIGH,"Rural electrification projects fall outside NIOMR's mandate, which is specifically focused on marine and oceanographic research, fisheries, and blue economy development rather than terrestrial infrastructure development.",100
ERGP10240498,"SUPPLY AND INSTALLATION OF TRANSFORMERS IN SELECTED COMMUNITIES IN EDU/MORO/PATEGI FEDRAL CONSTITUENCY, KWARA STATE.",254006001,NIGERIAN INSTITUTE FOR OCEANOGRAPHY AND MARINE RESEARCH,,84000000.0,NO,HIGH,"Installing electrical transformers in inland communities in Kwara State falls completely outside NIOMR's mandate which is specifically focused on marine and oceanographic research, not electrical infrastructure development in land-based communities.",100
ERGP10240535,"CONSTRUCTION AND INSTALLATION OF ALL IN ONE SOLAR STREETLIGHTS (PUA) IN ANAMBRA EAST AND WEST, ANAMBRA STATE.",254006001,NIGERIAN INSTITUTE FOR OCEANOGRAPHY AND MARINE RESEARCH,,105000000.0,NO,HIGH,"Installing solar streetlights in Anambra State is infrastructure development unrelated to NIOMR's marine research, oceanography, fisheries, and blue economy mandate.",100
ERGP10240549,SUPPLY AND INSTALLATION OF SOLAR STREET LIGHTS ACROSS AYEDIREL/IWO/OLAOLUWA FEDERAL CONSTITUENCY OSUN STATE,254006001,NIGERIAN INSTITUTE FOR OCEANOGRAPHY AND MARINE RESEARCH,,105000000.0,NO,HIGH,"Installing solar street lights in Osun State constituencies has no connection to NIOMR's mandate of marine research, oceanography, fisheries, and blue economy development.",100
ERGP10240555,SUPPLY OF TRANSFORMER TO SELECTED COMMUNITY ACROSS AYEDIREL/IWO/OLAOLUWA FEDERAL CONSTITUENCY OSUN STATE,254006001,NIGERIAN INSTITUTE FOR OCEANOGRAPHY AND MARINE RESEARCH,,49000000.0,NO,HIGH,"Supplying transformers to communities in Osun State falls under electricity infrastructure provision, which is completely outside NIOMR's mandate of marine and oceanographic research.",100
ERGP10240576,"CONSTRUCTION OF ALL-IN-ONE SOLAR STREET LIGHT TO INCREASE VISIBILITY FOR RURAL COMMUNITIES IN OJU/OBI FEDERAL CONSTITUENCY, BENUE STATE",254006001,NIGERIAN INSTITUTE FOR OCEANOGRAPHY AND MARINE RESEARCH,,245000000.0,NO,HIGH,"Installing solar street lights in rural communities in Benue State has no connection to NIOMR's marine and oceanographic research mandate, which focuses on territorial waters, fisheries, and blue economy development.",100
ERGP10240583,"PROVISION AND INSTALLATION OF SOLAR STREETLIGHTS IN NEWLY CONSTRUCTED ROADS IN DUGJA WARD, BIU, BORNO STATE",254006001,NIGERIAN INSTITUTE FOR OCEANOGRAPHY AND MARINE RESEARCH,,350000000.0,NO,HIGH,"Installing solar streetlights in inland roads has no connection to NIOMR's mandate of marine and oceanographic research, which focuses on territorial waters, fisheries, and coastal studies rather than terrestrial infrastructure projects.",100
ERGP10240595,"PROVISION AND INSTALLATION OF SOLAR STREETLIGHTS IN KENKEN WARD, GALDIMARE, BIU, BORNO STATE",254006001,NIGERIAN INSTITUTE FOR OCEANOGRAPHY AND MARINE RESEARCH,,350000000.0,NO,HIGH,"Installing solar streetlights in an inland ward in Borno State has no connection to NIOMR's marine and oceanographic research mandate, which focuses on territorial waters, marine resources, and coastal studies.",100
ERGP10240612,"SUPPLY AND INSTALLATION OF SOLAR STREETLIGHTS ACROSS AYEDIRE/IWO/OLAOLUWA FEDERALCONSTITUENCY, OSUN STATE",254006001,NIGERIAN INSTITUTE FOR OCEANOGRAPHY AND MARINE RESEARCH,,10500000.0,NO,HIGH,Installing solar streetlights in an inland federal constituency has no connection to NIOMR's mandate for marine and oceanographic research in Nigeria's territorial waters and coastal areas.,100
ERGP10240680,CONSTRUCTION OF ALL-IN-ONE SOLAR STREET LIGHT TO LIGTEN UP SELECTED RURAL FARM ROADS IN BAUCHI SOUTH SENATORIAL DISTRICT,254006001,NIGERIAN INSTITUTE FOR OCEANOGRAPHY AND MARINE RESEARCH,,700000000.0,NO,HIGH,"The budget item involves constructing solar street lights for rural farm roads in Bauchi, which has no connection to NIOMR's marine and oceanographic research mandate focused on territorial waters, fisheries, and blue economy development.",100
ERGP10240752,PROVISION OF SOLAR STREET LIGHTS TO SELECTED COMMUNITIES IN OSUN EAST SENATORIAL DISTRICT,254006001,NIGERIAN INSTITUTE FOR OCEANOGRAPHY AND MARINE RESEARCH,,105000000.0,NO,HIGH,"Providing solar street lights to communities falls outside NIOMR's specific mandate which focuses on marine and oceanographic research, fisheries, and blue economy development rather than general infrastructure provision to inland communities.",100
ERGP10240763,PROVISION OF TRANSFORMER AND ELECTRIFICATION OF SCHOOLS IN THE NIGER DELTA REGION AT 500M (MULTIPLE LOTS),254006001,NIGERIAN INSTITUTE FOR OCEANOGRAPHY AND MARINE RESEARCH,,700000000.0,NO,HIGH,"Electrification of schools falls outside NIOMR's mandate which is specifically focused on marine and oceanographic research, not educational infrastructure development.",100
ERGP10240781,SUPPLY OF IRESS SOLAR INVERTER BACK PACKS TO ACHIEVE SUSTAINANBLE ENERGY FOR THE EMPOWERMENT OF MARKET WOMEN& YOUTHS TO IMPROVE LIVELIHOOD IN,254006001,NIGERIAN INSTITUTE FOR OCEANOGRAPHY AND MARINE RESEARCH,,140000000.0,NO,HIGH,"Supplying solar inverter backpacks for market women and youth empowerment falls outside NIOMR's specific mandate of marine and oceanographic research, which does not include general renewable energy distribution or rural/urban livelihood improvement programs.",100
ERGP10240831,"SUPPLY AND INSTALLATION OF SOLAR STREET LIGHTS ACROSS AYEDIRE, IWO, OLA- OLUWA FEDERAL CONSTITUENCY, OSUN STATE",254006001,NIGERIAN INSTITUTE FOR OCEANOGRAPHY AND MARINE RESEARCH,,35000000.0,NO,HIGH,Installing solar street lights in Osun State constituencies is infrastructure development work that falls completely outside NIOMR's marine and oceanographic research mandate.,100
ERGP10240957,"""CONSTRUCTION OF ALL-IN-ONE SOLARSTREET LIGHT TO BOOST VISIBILITY FOR RURAL FARMERS IN YEWA SOUTH, YEWA NORTH AND ADO-ODO OTA LGA'S OF OGUN",254006001,NIGERIAN INSTITUTE FOR OCEANOGRAPHY AND MARINE RESEARCH,,700000000.0,NO,HIGH,"Installing solar street lights for rural farmers in Ogun State falls outside NIOMR's marine and oceanographic research mandate, which focuses on territorial waters, fisheries, and marine sciences rather than terrestrial agricultural infrastructure.",100
ERGP10240962,CONSTRUCTION OF ALL-IN-ONE SOLAR STREET LIGHT IN SELECTED LOCATIONS NATIONWIDE TO LIGHTEN UP RURAL FARM ROADS ACROSS THOSE SELECTED,254006001,NIGERIAN INSTITUTE FOR OCEANOGRAPHY AND MARINE RESEARCH,,700000000.0,NO,HIGH,"The construction of solar street lights for rural farm roads falls outside NIOMR's mandate which is specifically focused on marine and oceanographic research, not terrestrial infrastructure or agricultural road lighting.",100
ERGP10241022,"""PROVISION AND INSTALLATION OF SOLAR STREET LIGHTS IN FUTUK ALKALERI LOCAL GOVERNMENT OF BAUCHI STATE """,254006001,NIGERIAN INSTITUTE FOR OCEANOGRAPHY AND MARINE RESEARCH,,35000000.0,NO,HIGH,"Installing solar street lights in an inland local government area has no connection to NIOMR's mandate for marine and oceanographic research, which focuses on territorial waters, fisheries, and coastal studies.",100
ERGP10241026,PROCUREMENT AND INSTALLATION OF SOLAR POWERED STREETS LIGHTS IN SELECTED FED. CONSTITUENCIES.,254006001,NIGERIAN INSTITUTE FOR OCEANOGRAPHY AND MARINE RESEARCH,,51100000.0,NO,HIGH,"Procurement and installation of solar powered street lights in federal constituencies is a general infrastructure development activity that falls outside NIOMR's specialized mandate for marine and oceanographic research, which focuses on territorial waters, fisheries, aquaculture, and marine sciences rather than terrestrial lighting infrastructure.",100
ERGP12239856,"COMPLETION OF RIGID CONCRETE PAVEMENT OF MATER ROAD, UNWANA.
",254006001,NIGERIAN INSTITUTE FOR OCEANOGRAPHY AND MARINE RESEARCH,,350000000.0,NO,HIGH,"Completing rigid concrete pavement of a road in Unwana is a civil infrastructure project that falls completely outside NIOMR's mandate focused on marine research, oceanography, fisheries, and blue economy activities.",100
ERGP12239872,"COMPLETION OF RIGID CONCRETE PAVEMENT OF IDIMA-NDE CHUKWU ROAD, OSO.
",254006001,NIGERIAN INSTITUTE FOR OCEANOGRAPHY AND MARINE RESEARCH,,280000000.0,NO,HIGH,"Road construction and pavement work falls outside NIOMR's mandate which is specifically focused on marine research, oceanography, fisheries, and blue economy activities rather than general infrastructure development.",100
ERGP12239926,"COMPLETION OF BRIDGE ACROSS IDIMA RIVER, OSO.
",254006001,NIGERIAN INSTITUTE FOR OCEANOGRAPHY AND MARINE RESEARCH,,350000000.0,NO,HIGH,"Bridge construction across a river is civil engineering infrastructure work that falls completely outside NIOMR's mandate of marine and oceanographic research, fisheries studies, and blue economy scientific activities.",100
ERGP12239936,COMPLETION OF RIGID CONCRETE PAVEMENT OF NKELUOGO Ã¢â¬â NDE IBIAM ROAD IN EZI EDDA.,254006001,NIGERIAN INSTITUTE FOR OCEANOGRAPHY AND MARINE RESEARCH,,420000000.0,NO,HIGH,"Road construction and pavement work falls entirely outside NIOMR's mandate which is specifically focused on marine and oceanographic research, fisheries, and blue economy development.",100
ERGP12239951,"CONSTRUCTION WITH RIGID PAVEMENT OF EZI EGWU ROAD IN ENOHIA ITIM.
",254006001,NIGERIAN INSTITUTE FOR OCEANOGRAPHY AND MARINE RESEARCH,,490000000.0,NO,HIGH,"Construction of a rigid pavement road in Enohia Itim has no connection to marine research, oceanography, fisheries, or any aspect of Nigeria's blue economy that falls within NIOMR's scientific research mandate.",100
ERGP12239959,RIGID CONCRETE PAVEMENT OF INTERNAL ROADS IN AFIKPO LOCAL GOVERNMENT AREA.,254006001,NIGERIAN INSTITUTE FOR OCEANOGRAPHY AND MARINE RESEARCH,,490000000.0,NO,HIGH,"Concrete pavement of internal roads in Afikpo Local Government Area is a general infrastructure development project that has no connection to marine research, oceanography, fisheries, aquaculture, or any other aspect of NIOMR's marine science mandate.",100
ERGP12239969,"RIGID CONCRETE PAVEMENT OF NCI ROAD AFIKPO.
",254006001,NIGERIAN INSTITUTE FOR OCEANOGRAPHY AND MARINE RESEARCH,,490000000.0,NO,HIGH,"Road pavement construction in Afikpo has no connection to marine research, oceanography, fisheries, or any aspect of NIOMR's maritime-focused scientific mandate.",100
ERGP12240418,"REHABILITATION OF VARIOUS ROADS IN LAGOS ISLAND 2 FEDERAL CONSTITUENCY
",254006001,NIGERIAN INSTITUTE FOR OCEANOGRAPHY AND MARINE RESEARCH,,140000000.0,NO,HIGH,"Road rehabilitation falls outside NIOMR's mandate which is specifically focused on marine research, oceanography, fisheries, and aquaculture rather than general infrastructure development.",100
ERGP12240712,"REHABILITATION OF TARIN ROAD TO GENERAL HOSPITAL ROAD OKE OJOWO IN OGUN EAST SENATORIAL DISTRICT, OGUN STATE.",254006001,NIGERIAN INSTITUTE FOR OCEANOGRAPHY AND MARINE RESEARCH,,175000000.0,NO,HIGH,"Road rehabilitation in Ogun State has no connection to NIOMR's mandate for marine and oceanographic research, which focuses on territorial waters, fisheries, aquaculture, and marine sciences.",100
ERGP12240721,"CONSTRUCTION OF SCHOOL BUILDINGS AND SOLAR POWERED BOREHOLE AT BAPTIST GRAMMER SCHOOL, IKIRE, IN OSUN WEST SENATORIAL DISTRICT.",254006001,NIGERIAN INSTITUTE FOR OCEANOGRAPHY AND MARINE RESEARCH,,175000000.0,NO,HIGH,"Construction of school buildings and boreholes at a grammar school has no connection to marine research, oceanography, fisheries, or any aspect of NIOMR's scientific mandate focused on Nigeria's marine and aquatic resources.",100
ERGP12240741,"CONSTRUCTION OF COMMUNITY ROADS IN ILASE-IJESA , OSUN EAST SENATORIAL DISTRICT",254006001,NIGERIAN INSTITUTE FOR OCEANOGRAPHY AND MARINE RESEARCH,,70000000.0,NO,HIGH,"Construction of community roads in Osun State has no connection to NIOMR's marine research, oceanography, fisheries, and blue economy mandate which focuses on territorial waters, marine resources, and coastal/marine scientific research.",100
ERGP12240790,"CONSTRUCTION OF TOWNSHIP ROADS IN IREWOLE LOCAL GOVERNMENT IN OSUN WEST SENATORIAL DISTRICT, OSUN STATE. (MULTIPLE LOTS OF 500M)",254006001,NIGERIAN INSTITUTE FOR OCEANOGRAPHY AND MARINE RESEARCH,,700000000.0,NO,HIGH,"Construction of township roads in Osun State has no connection to NIOMR's marine research, oceanography, fisheries, or blue economy mandate.",100
ERGP12240799,"CONSTRUCTION OF BOVAS TO ARARO JUCNTION ROAD IN OLUPONNA TOWN OSUN WEST SENATORIAL DISTRICT, OSUN STATE. (ON-GOING)",254006001,NIGERIAN INSTITUTE FOR OCEANOGRAPHY AND MARINE RESEARCH,,315000000.0,NO,HIGH,"Road construction in Osun State has no connection to NIOMR's marine and oceanographic research mandate, which focuses on territorial waters, fisheries, aquaculture, and blue economy development.",100
ERGP12240808,"CONSTRUCTION OF ROAD IN ILE-OGBO TOWN OSUN WEST SENATORIAL DISTRICT, OSUN STATE",254006001,NIGERIAN INSTITUTE FOR OCEANOGRAPHY AND MARINE RESEARCH,,350000000.0,NO,HIGH,"Road construction in an inland town has no connection to NIOMR's marine and oceanographic research mandate, which focuses on territorial waters, fisheries, and coastal/marine environments.",100
ERGP12240849,"CONSTRUCTION OF INNER ROADS AND PROVISION OF SOLAR STREET LIGHTS IN OKE AKO EKITI COMMUNITY OF IKOLE LOCAL GOVERNMENT AREA, EKITI STATE",254006001,NIGERIAN INSTITUTE FOR OCEANOGRAPHY AND MARINE RESEARCH,,700000000.0,NO,HIGH,"The construction of inner roads and solar street lights in a landlocked community in Ekiti State has no connection to NIOMR's marine and oceanographic research mandate, which focuses exclusively on territorial waters, marine resources, and coastal activities.",100
ERGP12240857,"CONSTRUCTION OF INNER ROADS IN TEMIDIRE/AJILOSUN COMMUNITY, ADO EKITI
",254006001,NIGERIAN INSTITUTE FOR OCEANOGRAPHY AND MARINE RESEARCH,,700000000.0,NO,HIGH,"Construction of inner roads in a land-based community in Ado Ekiti has no connection to NIOMR's mandate of marine and oceanographic research, fisheries, aquaculture, and blue economy development.",100
ERGP12240866,"CONSTRUCTION OF INNER ROADS IN IGBO ETU/APUABI COMMUNITIES OF IYIN EKITI, EKITI STATE",254006001,NIGERIAN INSTITUTE FOR OCEANOGRAPHY AND MARINE RESEARCH,,700000000.0,NO,HIGH,"Construction of inner roads in inland communities in Ekiti State has no connection to NIOMR's marine and oceanographic research mandate, which focuses on territorial waters, fisheries, and coastal marine environments.",100
ERGP12240882,"IBAFO POLICE STATION EBUTE AKOKA ROAD, IBAFO
",254006001,NIGERIAN INSTITUTE FOR OCEANOGRAPHY AND MARINE RESEARCH,,210000000.0,NO,HIGH,"Construction or funding of a police station falls outside NIOMR's mandate which is specifically focused on marine research, oceanography, fisheries, and blue economy development rather than law enforcement infrastructure.",100
ERGP12240887,"OKE CELE ROAD, EREKO, IBAFO
",254006001,NIGERIAN INSTITUTE FOR OCEANOGRAPHY AND MARINE RESEARCH,,210000000.0,NO,HIGH,"Road construction in Oke Cele Road, Ereko, Ibafo has no connection to marine research, oceanography, fisheries, or any aspect of Nigeria's blue economy that falls within NIOMR's scientific research mandate.",100
ERGP12240891,"IBAFO MARKET-OPEYEMI ROAD, IBAFO
",254006001,NIGERIAN INSTITUTE FOR OCEANOGRAPHY AND MARINE RESEARCH,,140000000.0,NO,HIGH,"Construction of a market road in Ibafo falls under infrastructure development which is completely outside NIOMR's mandate focused specifically on marine and oceanographic research, fisheries, and blue economy scientific activities.",100
ERGP12240895,"MAGADA-ONIMOLE ROAD, IBAFO
",254006001,NIGERIAN INSTITUTE FOR OCEANOGRAPHY AND MARINE RESEARCH,,140000000.0,NO,HIGH,"Road construction in Ibafo falls outside NIOMR's mandate which is specifically focused on marine and oceanographic research, fisheries, and blue economy development rather than inland infrastructure projects.",100
ERGP12240910,REHABILITATION OF 372M X 7.0M SINGLE CARRIAGE WAY AT DAUDA FASANYI ROAD. AND UPGRADE OF 200M X 6M SINGLE CARRAIGE WAY WITH DOUBLE LINE DRAINS AT,254006001,NIGERIAN INSTITUTE FOR OCEANOGRAPHY AND MARINE RESEARCH,,350000000.0,NO,HIGH,"Road rehabilitation and upgrade projects are infrastructure development activities that fall outside NIOMR's mandate as a marine research institute focused on oceanography, fisheries research, and marine sciences.",100
ERGP12240913,CONSTRUCTION OF 290M X 10.8M WIDE DOUBLE CARRIAGE WAY WITH DOUBLE LINE DRAINS AT SEED EDUCATION WITH PROVISION OF STREET LIGHTS AND REVAMPING OF,254006001,NIGERIAN INSTITUTE FOR OCEANOGRAPHY AND MARINE RESEARCH,,350000000.0,NO,HIGH,"Construction of roads, drainage systems, and street lighting infrastructure falls outside NIOMR's mandate which is specifically focused on marine research, oceanography, fisheries, and aquaculture activities.",100
ERGP12240916,UPGRADE OF 289M X 10.8M DOUBLE CARRIAGE WAY WITH DOUBLE LINE DRAINS AT OLORI SINATU TITILAYO ELEGUSHI WITH PROVISION OF STREET LIGHTS AND,254006001,NIGERIAN INSTITUTE FOR OCEANOGRAPHY AND MARINE RESEARCH,,350000000.0,NO,HIGH,"Road construction, drainage, and street lighting infrastructure projects fall outside NIOMR's mandate which is specifically focused on marine research, oceanography, fisheries, and aquaculture activities.",100
ERGP12240946,"RECONSTRUCTION OF 404.26M X 7.3M SINGLE CARRIAGE WAY, DOUBLE LINE DRAINS WITH 20NOS SOLAR STREET LIGHTS AT OYE BALOGUN STREET AND UPGRADE OF 80M",254006001,NIGERIAN INSTITUTE FOR OCEANOGRAPHY AND MARINE RESEARCH,,350000000.0,NO,HIGH,"Road reconstruction and street lighting infrastructure projects are completely outside NIOMR's mandate which focuses specifically on marine and oceanographic research, not civil engineering or municipal infrastructure development.",100
ERGP12240952,UPGRADE OF 338M X 7.3M SINGLE CARRIAGE WAY WITH DOUBLE LINE DRAINS WITH PROVISION OF 17NOS SOLAR STREET LIGHTS AT FELICIA ALARAPA STREET AND,254006001,NIGERIAN INSTITUTE FOR OCEANOGRAPHY AND MARINE RESEARCH,,350000000.0,NO,HIGH,"Road construction and street lighting infrastructure projects fall outside NIOMR's mandate which is specifically focused on marine research, oceanography, fisheries, and aquaculture activities.",100
ERGP12240978,"""CONSTRUCTION AND REHABILITATION OF ROAD WITH DRAINAGE SYSTEM AT ILE-IFE AND RURAL COMMUNITIES IN OSUN EAST SENATORIAL DISTRICT """,254006001,NIGERIAN INSTITUTE FOR OCEANOGRAPHY AND MARINE RESEARCH,,105000000.0,NO,HIGH,"Road construction and drainage systems in rural communities fall outside NIOMR's mandate which is specifically focused on marine and oceanographic research, fisheries, and blue economy development.",100
ERGP12240986,"""REHABILITATION OF OLD NEPA ROAD AND COMPLETION OF OLD NEPA BRIDGE IN MODAKEKE, OSUN EAST SENATORIAL DISTRICT """,254006001,NIGERIAN INSTITUTE FOR OCEANOGRAPHY AND MARINE RESEARCH,,35000000.0,NO,HIGH,"Road and bridge rehabilitation in Osun State has no connection to NIOMR's marine research mandate, which focuses on oceanography, fisheries, and marine sciences rather than inland infrastructure development.",100
ERGP12240992,"""REHABILITATION OF ODOGBO LAGBO BRIDGE, ILASE, OSUN EAST SENATORIAL DISTRICT """,254006001,NIGERIAN INSTITUTE FOR OCEANOGRAPHY AND MARINE RESEARCH,,70000000.0,NO,HIGH,"Bridge rehabilitation in an inland senatorial district falls outside NIOMR's mandate which focuses specifically on marine and oceanographic research, fisheries, and coastal studies rather than terrestrial infrastructure projects.",100
ERGP1239570,"PROCUREMENT OF BRACKISH SCIENTIFIC AND RESEARCH VESSEL FISHING EQUIPMENT.
",254006001,NIGERIAN INSTITUTE FOR OCEANOGRAPHY AND MARINE RESEARCH,,39566480.0,YES,HIGH,"The procurement of brackish scientific and research vessel fishing equipment directly supports NIOMR's mandate to conduct fisheries research, assess fish stocks, design and fabricate fishing gear and vessels, and study brackish water aquaculture.",0
ERGP1239720,"BAKALORI DAM REHABILITATION ZAMFARA
",254006001,NIGERIAN INSTITUTE FOR OCEANOGRAPHY AND MARINE RESEARCH,,7000000000.0,NO,HIGH,Bakalori Dam rehabilitation in Zamfara is an inland freshwater infrastructure project that falls completely outside NIOMR's mandate which focuses exclusively on marine and oceanographic research in territorial waters and high seas.,100
ERGP1239778,"CONSTRUCTION OF INTEGRATED FISH PONDS FOR OYOYO FARMERS TO ENHANCE FOOD VALUE CHAIN IN UGIRI-IKE, IMO STATE",254006001,NIGERIAN INSTITUTE FOR OCEANOGRAPHY AND MARINE RESEARCH,,105000000.0,YES,HIGH,The construction of integrated fish ponds directly supports NIOMR's mandate to improve brackish and marine water aquaculture and enhance fisheries resources management for sustainable exploitation.,0
ERGP1239813,SUPPLY OF EMPOWERMENT MATERIALS TO THE PEOPLE OF ANAKU AND FEW OTHER COMMUNITIES IN AYAMELUM LGA,254006001,NIGERIAN INSTITUTE FOR OCEANOGRAPHY AND MARINE RESEARCH,,35000000.0,NO,HIGH,"Supplying empowerment materials to specific inland communities falls outside NIOMR's specialized mandate for marine and oceanographic research, which focuses on territorial waters, fisheries science, and blue economy development rather than general community empowerment programs.",100
ERGP1239824,"SUPPLY OF EMPOWERMENT MATERIALS TO THE PEOPLE OF ANAKU AND FEW OTHER COMMUNITES IN AYAMELUM LGA, ANAMBRA STATE",254006001,NIGERIAN INSTITUTE FOR OCEANOGRAPHY AND MARINE RESEARCH,,35000000.0,NO,HIGH,"Supplying empowerment materials to specific communities in Anambra State falls outside NIOMR's mandate which is focused on marine and oceanographic research, fisheries science, and blue economy development rather than general community empowerment programs.",100
ERGP1239991,PROVISION OF SUPPORTS FOR VULCANIZERS AND PROVISION OF EQUIPMENT IN LAGOS AREAS,254006001,NIGERIAN INSTITUTE FOR OCEANOGRAPHY AND MARINE RESEARCH,,147000000.0,NO,HIGH,"Providing support for vulcanizers (tire repair services) has no connection to marine research, oceanography, fisheries, or any aspect of Nigeria's blue economy mandate that NIOMR is established to pursue.",100
ERGP1239999,PROVISION OF SUPPORTS FOR HAIRDRESSERS AND UNEMPLOYED IN LAGOS CONSTITUENCIES,254006001,NIGERIAN INSTITUTE FOR OCEANOGRAPHY AND MARINE RESEARCH,,129500000.0,NO,HIGH,"Providing support for hairdressers and unemployed individuals in Lagos constituencies falls completely outside NIOMR's marine research and oceanography mandate, which focuses specifically on scientific research of marine resources, fisheries, and ocean-related studies.",100
ERGP1240689,CONSTRUCTION OF BLOCK OF 4 CLASSROOMS IN SELECTED LOCATIONS IN BAUCHI SOUTH SENATORIAL DISTRICT,254006001,NIGERIAN INSTITUTE FOR OCEANOGRAPHY AND MARINE RESEARCH,,140000000.0,NO,HIGH,"The construction of classrooms in Bauchi South Senatorial District does not align with NIOMR's marine research mandate, as it involves inland educational infrastructure unrelated to oceanography, marine sciences, or blue economy activities.",100
ERGP14240908,"PROVISION OF SECURITY VEHICLES TO SOME SELECTED AREAS TO EHNACE SECURITY PATROL IN FARMING COMMUNITIES OF BANTEPA,OJA ODAN, ABEOKUTA,ERINJA,",254006001,NIGERIAN INSTITUTE FOR OCEANOGRAPHY AND MARINE RESEARCH,,350000000.0,NO,HIGH,"Providing security vehicles for land-based farming communities falls outside NIOMR's marine and oceanographic research mandate, which focuses on territorial waters, marine resources, and coastal studies rather than terrestrial agricultural security.",100
ERGP15239787,"SUPPLY OF FAIRLY USED SIENNA VEHICLES TO UZEBBA, SABONGIDA-ORA, AFUZE AND OTUO POLICE STATIONS IN OWAN FEDERAL CONSTITUENCY, EDO STATE",254006001,NIGERIAN INSTITUTE FOR OCEANOGRAPHY AND MARINE RESEARCH,,210000000.0,NO,HIGH,"Supplying vehicles to police stations in Edo State has no connection to NIOMR's marine research, oceanography, fisheries, or blue economy mandate.",100
ERGP16239809,"PROVISION OF MATERIALS AND GRANTS TO THE DISABLED AND VULNERABLE WOMEN IN ZAKI FEDERAL CONSTITUENCY, BAUCHI STATE.",254006001,NIGERIAN INSTITUTE FOR OCEANOGRAPHY AND MARINE RESEARCH,,35000000.0,NO,HIGH,"This budget item involves social welfare provisions to disabled and vulnerable women in a specific constituency, which has no connection to NIOMR's mandate of marine and oceanographic research, fisheries management, and blue economy development.",100
ERGP16239848,SUPPLY OF GRAINS TO THE LESS PRIVILEGED PEOPLE OF NJIKOKA/ANAOCHA/NJIKOKA FEDERAL CONSTITUENCY TO HELP CURB THE EFFECTS OF HUNGER IN SOME SELECTED,254006001,NIGERIAN INSTITUTE FOR OCEANOGRAPHY AND MARINE RESEARCH,,490000000.0,NO,HIGH,The supply of grains to address hunger in a federal constituency is a social welfare/food security function that falls completely outside NIOMR's marine research and oceanography mandate.,100
ERGP16240314,"CONSTRUCTION OF TOWN/COMMUNITY HALL IN ILESHA-BARUBA IN BARUTEN/KAIAMA FEDERAL CONSTITUENCY, KWARA STATE.",254006001,NIGERIAN INSTITUTE FOR OCEANOGRAPHY AND MARINE RESEARCH,,98000000.0,NO,HIGH,"Construction of a town/community hall in an inland location has no connection to NIOMR's marine and oceanographic research mandate, which focuses on territorial waters, marine sciences, fisheries, and blue economy development.",100
ERGP23239523,ANNUAL SUBSCRIPTION FOR THE E-LIBRARY AND PROCUREMENT OF EQUIPMENT FOR MARI-CULTURE DEVELOPMENT PURPOSES.,254006001,NIGERIAN INSTITUTE FOR OCEANOGRAPHY AND MARINE RESEARCH,,46107870.0,YES,HIGH,"Both e-library subscriptions for research purposes and procurement of equipment for mari-culture (marine aquaculture) development directly support the agency's mandated functions of conducting marine research, improving brackish and marine water aquaculture, and training personnel in marine sciences.",0
ERGP25239806,"RENOVATION OF SIX PRIMARY HEALTH CARE CENTRES IN OWAN FEDERAL CONSTITUENCY, EDO STATE",254006001,NIGERIAN INSTITUTE FOR OCEANOGRAPHY AND MARINE RESEARCH,,420000000.0,NO,HIGH,"Renovating primary health care centres falls entirely outside NIOMR's mandate which is focused exclusively on marine and oceanographic research, not healthcare infrastructure.",100
ERGP25239807,FULL MEDICAL OUTREACH FOR THE LESS PRIVALEDGE PERSONS IN IKEJA FEDERAL CONSTITUENCY,254006001,NIGERIAN INSTITUTE FOR OCEANOGRAPHY AND MARINE RESEARCH,,70000000.0,NO,HIGH,"Medical outreach services for disadvantaged persons in a specific constituency falls entirely outside NIOMR's mandate which is focused exclusively on marine and oceanographic research, fisheries, and blue economy development.",100
ERGP25240151,PROVISION OF MEDICAL EQUIPMENT IN SELECTED HEALTH CENTERS AND CLINICS IN LAGOS AND OTHERS,254006001,NIGERIAN INSTITUTE FOR OCEANOGRAPHY AND MARINE RESEARCH,,161000000.0,NO,HIGH,"Providing medical equipment to health centers and clinics is completely outside NIOMR's mandate as a marine research institute focused on oceanography, fisheries, and blue economy research.",100
ERGP25240156,PROVISION OF MEDICAL OUTREACH TO WOMEN AND ELDERLY PEOPLE IN SELECTED AREAS IN LAGOS,254006001,NIGERIAN INSTITUTE FOR OCEANOGRAPHY AND MARINE RESEARCH,,154000000.0,NO,HIGH,"Providing medical outreach to women and elderly people falls outside NIOMR's specialized mandate for marine and oceanographic research, which focuses on studying marine resources, oceanography, fisheries, and supporting Nigeria's blue economy rather than healthcare services.",100
ERGP26239978,"CONSTRUCTION OF UNWANA SPORTS PAVILION.
",254006001,NIGERIAN INSTITUTE FOR OCEANOGRAPHY AND MARINE RESEARCH,,210000000.0,NO,HIGH,"Construction of a sports pavilion has no connection to NIOMR's mandate of marine research, oceanography, fisheries management, or blue economy development.",100
ERGP27239866,"COMPLETION OF ADMINISTRATIVE HALL AT FEDERAL COLLEGE OF AGRICULTURE, ISHIAGU.",254006001,NIGERIAN INSTITUTE FOR OCEANOGRAPHY AND MARINE RESEARCH,,280000000.0,NO,HIGH,"The completion of an administrative hall at a federal college of agriculture falls entirely outside NIOMR's mandate which is specifically focused on oceanography, marine research, fisheries, and blue economy activities rather than agricultural infrastructure development.",100
ERGP27240672,"ESTABLISHMENT OF NORTH CENTRAL REGIONAL OFFICE LOKOJA, KOGI STATE.
",254006001,NIGERIAN INSTITUTE FOR OCEANOGRAPHY AND MARINE RESEARCH,,35000000.0,NO,HIGH,"Establishing a regional office in Lokoja, Kogi State (an inland location far from marine environments) does not align with NIOMR's mandate to conduct oceanography and marine research in Nigeria's territorial waters and coastal areas.",100
ERGP28239734,"NITU LAKE REHABLIBATION
",254006001,NIGERIAN INSTITUTE FOR OCEANOGRAPHY AND MARINE RESEARCH,,3500000000.0,NO,HIGH,"Lake rehabilitation falls outside NIOMR's mandate which specifically focuses on marine and oceanographic research in territorial waters and high seas, not freshwater lake ecosystems.",100
ERGP28239743,"BUKKUYAM DAM
",254006001,NIGERIAN INSTITUTE FOR OCEANOGRAPHY AND MARINE RESEARCH,,1050000000.0,NO,HIGH,"A dam project falls outside NIOMR's mandate which focuses specifically on oceanography, marine research, and coastal/marine environments rather than inland freshwater infrastructure.",100
ERGP28239749,"ANKA DAM
",254006001,NIGERIAN INSTITUTE FOR OCEANOGRAPHY AND MARINE RESEARCH,,1050000000.0,NO,HIGH,"Anka Dam is a freshwater infrastructure project that falls outside NIOMR's mandate which specifically focuses on marine and oceanographic research in territorial waters, high seas, and coastal environments.",100
ERGP28240474,"SOLAR POWERED BORE-HOLES IN ABEOKUTA NORTH, OBAFEMI-OWODE, AND ODEDA FEDERAL CONSTITUENCY",254006001,NIGERIAN INSTITUTE FOR OCEANOGRAPHY AND MARINE RESEARCH,,70000000.0,NO,HIGH,"Solar powered bore-holes for inland freshwater access in Ogun State constituencies fall completely outside NIOMR's mandate which is specifically focused on marine and oceanographic research, not terrestrial groundwater infrastructure.",100
ERGP28240482,SOLAR POWERED STREET LIGHTS IN AKOREDE AND IDI-AYUNRE LGA OF OLUYOLE FEDERAL CONSTITUENCY,254006001,NIGERIAN INSTITUTE FOR OCEANOGRAPHY AND MARINE RESEARCH,,140000000.0,NO,HIGH,"Installing solar powered street lights in local government areas falls outside NIOMR's mandate which is specifically focused on marine and oceanographic research, not infrastructure development or rural electrification projects.",100
ERGP28240491,SOLAR POWERED BORE-HOLES IN AKOREDE AND IDI-AYUNRE WARDS OLUYOLE FEDERAL CONSTITUENCY,254006001,NIGERIAN INSTITUTE FOR OCEANOGRAPHY AND MARINE RESEARCH,,140000000.0,NO,HIGH,"Solar powered bore-holes for inland freshwater access in terrestrial wards falls completely outside NIOMR's marine and oceanographic research mandate, which focuses exclusively on territorial waters, seas, and coastal environments.",100
ERGP28240998,"""CONSTRUCTION AND INSTALLATION OF BOREHOLES IN SELECTED COMMUNITIES IN OSUN EAST SENATORIAL DISTRICT OF OSUN STATE """,254006001,NIGERIAN INSTITUTE FOR OCEANOGRAPHY AND MARINE RESEARCH,,70000000.0,NO,HIGH,"Construction of boreholes for freshwater access in inland communities falls outside NIOMR's mandate which is specifically focused on marine and oceanographic research, not terrestrial water infrastructure development.",100
ERGP28241011,"PROVISION OF BOREHOLES IN 2 COMMUNITIES IN OLUYOLE FEDERAL CONSTITUENCY
",254006001,NIGERIAN INSTITUTE FOR OCEANOGRAPHY AND MARINE RESEARCH,,35000000.0,NO,HIGH,"Providing boreholes for freshwater access in inland communities falls outside NIOMR's mandate which is specifically focused on marine and oceanographic research, not terrestrial water supply infrastructure.",100
ERGP30239510,REPAIRS AND REHABILITATION OF SEA-GOING JETTY AND ANCILLARY FACILITIES TO THE MARINE JETTY.,254006001,NIGERIAN INSTITUTE FOR OCEANOGRAPHY AND MARINE RESEARCH,,64301861.0,YES,HIGH,"The repairs and rehabilitation of sea-going jetty and ancillary facilities directly supports NIOMR's mandate to conduct marine research, as these facilities are essential infrastructure for the institute's oceanographic research vessels and marine operations.",0
ERGP30239515,"RENOVATION OF THE FISH TECHNOLOGY OFFICES AND OUTSTATION OFFICES, RE- ROOFING OF DELIPIDATED JAPANESE DONATED BUILDINGS LAGOS PHASE II",254006001,NIGERIAN INSTITUTE FOR OCEANOGRAPHY AND MARINE RESEARCH,,70358215.0,YES,HIGH,"The renovation of fish technology offices directly supports NIOMR's mandated activities in fish technology and product development, while maintaining infrastructure for their core research functions.",0
ERGP30239533,CONSTRUCTION OF 5 TWO BEDROOM FARM HOUSE AT BADORE AND THE ACCESS ROAD,254006001,NIGERIAN INSTITUTE FOR OCEANOGRAPHY AND MARINE RESEARCH,,45959886.0,PARTIAL,MEDIUM,"While the construction of farm houses at Badore could potentially support the agency's aquaculture research and training activities, the item lacks specificity about marine/oceanographic purposes and seems more aligned with terrestrial agriculture.",50
ERGP30239540,CONSTRUCTION OF ACCESS DRAINAGE AND LANDSCAPING AT BADORE {PHASE 2} LIGHT-UP OF THE HEADQUATERS FARM HOUSE AND REPAIR OF DELAPIDATED ROAD,254006001,NIGERIAN INSTITUTE FOR OCEANOGRAPHY AND MARINE RESEARCH,,64516045.0,PARTIAL,MEDIUM,"While drainage, landscaping, and infrastructure repairs at the headquarters facility support the agency's operational capacity for marine research, the ""farm house"" component appears misaligned with NIOMR's marine and oceanographic research mandate unless it refers to aquaculture facilities.",50
ERGP30239544,"RESEARCH INTO FISHERIES RESOURCES AND FISHING, MARINE GEOLOGY AND GEOPHYSICS, PHYSICAL AND CHEMICAL OCEANOGRAPHY, AND BIOLOGICAL",254006001,NIGERIAN INSTITUTE FOR OCEANOGRAPHY AND MARINE RESEARCH,,52850386.0,YES,HIGH,"This budget item directly corresponds to core mandated activities including fisheries resources research, marine geology and geophysics studies, and oceanography research (physical, chemical, and biological) as explicitly stated in NIOMR's establishment mandate.",0
ERGP30239552,"RESEARCH AND CULTURE OF ALL MALE TILAPIA, HETEROBRANCHUS CLARIAS AND CARP IN COASTAL WATERS",254006001,NIGERIAN INSTITUTE FOR OCEANOGRAPHY AND MARINE RESEARCH,,50719377.0,YES,HIGH,This budget item directly aligns with NIOMR's mandate to improve brackish and marine water aquaculture and conduct fisheries resources management research.,0
ERGP30239557,REPAIRS AND MAINTENANCE OF ENGINEERING WORKSHIP AND SHRIMP HATCHERY WITH SHORE PROTECTION.,254006001,NIGERIAN INSTITUTE FOR OCEANOGRAPHY AND MARINE RESEARCH,,48930140.0,YES,HIGH,"This budget item directly supports NIOMR's mandated activities in aquaculture development (shrimp hatchery), marine engineering research (engineering workshop), and coastal protection studies (shore protection), all of which are core functions of the institute.",0
ERGP30239559,"EMPOWERMENT OF YOUTHS,ARTISANS AND WOMEN IN FISHERIES AND AQUACULTURE VALUE CHAIN AND PURCHASE OF VEHICLE FOR TRAINING",254006001,NIGERIAN INSTITUTE FOR OCEANOGRAPHY AND MARINE RESEARCH,,84671136.0,YES,HIGH,"This budget item directly aligns with NIOMR's mandate to conduct fisheries resources management and aquaculture research, improve brackish and marine water aquaculture, and train personnel in marine sciences, as empowering stakeholders in the fisheries value chain supports the agency's core mission of developing Nigeria's blue economy through capacity building and training.",0
ERGP30239565,MAINTENANCE OF EXTRUDER AND DELAPIDATED FARM HOUSE AND PROVISION OF CANTEEN AT BADORE.,254006001,NIGERIAN INSTITUTE FOR OCEANOGRAPHY AND MARINE RESEARCH,,49001557.0,PARTIAL,MEDIUM,"While maintenance of farm facilities and canteen provision could support aquaculture research activities within NIOMR's mandate, the budget item lacks specificity about how these facilities directly relate to marine research operations.",50
ERGP30239574,FISHING CONSTRUCTION METHODS AND NAVIGATION SIMULATOR FOR TRAINING OF ARTISAN AND RESEARCH,254006001,NIGERIAN INSTITUTE FOR OCEANOGRAPHY AND MARINE RESEARCH,,49070140.0,YES,HIGH,"The budget item directly aligns with NIOMR's mandate to design and fabricate fishing gear and vessels, train personnel in marine sciences, and support fisheries resources management through practical training tools.",0
ERGP30239602,"CONSTRUCTION OF MOTORIZED SOLAR POWERED BOREHOLE IN SOME SELECTED COMMUNITIES (PUA) IN ANAMBRA WEST LGA, ANAMBRA STATE",254006001,NIGERIAN INSTITUTE FOR OCEANOGRAPHY AND MARINE RESEARCH,,140000000.0,NO,HIGH,"The construction of motorized solar powered boreholes for freshwater supply in inland communities falls outside NIOMR's mandate which specifically focuses on marine and oceanographic research, not terrestrial freshwater infrastructure development.",100
ERGP30239606,"SUPPLY OF GRAINS (PUA) IN ANAMBRA EAST AND WEST, ANAMBRA STATE
",254006001,NIGERIAN INSTITUTE FOR OCEANOGRAPHY AND MARINE RESEARCH,,105000000.0,NO,HIGH,"The supply of grains in terrestrial locations falls completely outside NIOMR's mandate which is specifically focused on marine and oceanographic research, not agricultural grain supply or inland farming activities.",100
ERGP30239610,"RENOVATION OF SELECTED SCHOOLS (PUA) IN UMUEZE ANAM, AGULERIA, ODE, UMUERI, UMUIKWU AND MMIATA ANAM ANAMBRA WEST LGA, ANAMBRA STATE",254006001,NIGERIAN INSTITUTE FOR OCEANOGRAPHY AND MARINE RESEARCH,,210000000.0,NO,HIGH,"Renovating schools in Anambra State has no connection to NIOMR's mandate of marine and oceanographic research, fisheries management, and blue economy development.",100
ERGP30239686,"SUPPLY OF FINGERING AND SEEDINGS FOR FARMERS (PUA) IN ANAMBRA WEST LGA, ANAMBRA STATE",254006001,NIGERIAN INSTITUTE FOR OCEANOGRAPHY AND MARINE RESEARCH,,140000000.0,YES,HIGH,The supply of fingerlings and seedlings for aquaculture farmers directly aligns with NIOMR's mandate to improve brackish and marine water aquaculture and support the development of Nigeria's blue economy.,0
ERGP30239693,"EMPOWERMENT OF YOUTHS (PUA) IN ANAMBRA EAST AND WEST, ANAMBRA STATE
",254006001,NIGERIAN INSTITUTE FOR OCEANOGRAPHY AND MARINE RESEARCH,,105000000.0,NO,HIGH,"Youth empowerment programs in specific local government areas of Anambra State fall outside NIOMR's specialized mandate for marine and oceanographic research, which focuses on scientific research, data collection, and technical capacity building in marine sciences rather than general youth empowerment activities.",100
ERGP30239699,"UPPER NIGER DEVELOPMENT AUTHORITY. PAKI DAM, UKARA LOCAL GOVERNMENT.
",254006001,NIGERIAN INSTITUTE FOR OCEANOGRAPHY AND MARINE RESEARCH,,700000000.0,NO,HIGH,"The budget item relates to inland river development and dam construction, which falls outside NIOMR's mandate that specifically focuses on oceanography, marine research, and coastal/territorial waters rather than inland freshwater systems.",100
ERGP30239703,"PROVISION FOR MINI TRACTORS AND IMPLEMENTS BAKALORI DAM ZAMFARA
",254006001,NIGERIAN INSTITUTE FOR OCEANOGRAPHY AND MARINE RESEARCH,,2800000000.0,NO,HIGH,"The provision of mini tractors and implements for Bakalori Dam in Zamfara relates to terrestrial agricultural activities, which falls completely outside NIOMR's mandate focused exclusively on marine and oceanographic research.",100
ERGP30239710,"PROCUREMENT OF FERTILIZERS FOR BAKALORI FARMERS ZAMFARA
",254006001,NIGERIAN INSTITUTE FOR OCEANOGRAPHY AND MARINE RESEARCH,,1400000000.0,NO,HIGH,"Procurement of fertilizers for terrestrial farming in Zamfara falls completely outside NIOMR's marine and oceanographic research mandate, which focuses exclusively on territorial waters, marine resources, and aquaculture rather than land-based agriculture.",100
ERGP30239841,"SUPPLY OF TRICYCLES IN WARRI FEDERAL CONSTITUENCY. DELTA STATE.
",254006001,NIGERIAN INSTITUTE FOR OCEANOGRAPHY AND MARINE RESEARCH,,35000000.0,NO,HIGH,"The supply of tricycles in Warri Federal Constituency has no connection to NIOMR's marine research mandate, which focuses on oceanography, fisheries, aquaculture, and marine sciences rather than land transportation vehicles.",100
ERGP30240013,"CONSTRUCTION, TRAINNING AND PROVISON OF GRASSCUTTER BREEDING FAMILIES IN ODE COMMUNITY OGUN STATE.",254006001,NIGERIAN INSTITUTE FOR OCEANOGRAPHY AND MARINE RESEARCH,,210000000.0,NO,HIGH,"Grasscutter breeding is a terrestrial livestock activity that falls completely outside NIOMR's marine and oceanographic research mandate, which focuses exclusively on marine resources, fisheries, and blue economy activities.",100
ERGP30240023,"CONSTRUCTION, TRAINNING AND PROVISON OF GRASSCUTTER BREEDING FAMILIES IN IPARA, OGUN STATE",254006001,NIGERIAN INSTITUTE FOR OCEANOGRAPHY AND MARINE RESEARCH,,210000000.0,NO,HIGH,"Grasscutter breeding is a terrestrial agricultural activity that falls completely outside NIOMR's marine and oceanographic research mandate, which focuses exclusively on marine waters, fisheries, and blue economy development.",100
ERGP30240040,PROVISION OF SUPPORTS FOR LOW END AND VULNERABLE MARKET WOMEN IN SELECTED RURAL AREAS OF LAGOS,254006001,NIGERIAN INSTITUTE FOR OCEANOGRAPHY AND MARINE RESEARCH,,126000000.0,PARTIAL,MEDIUM,"While the budget item involves supporting market women rather than direct marine research, it could align with NIOMR's mandate if these are fish market women or coastal communities involved in fisheries, as the agency is tasked with fisheries resource management and supporting Nigeria's blue economy development.",50
ERGP30240090,"TRAINING AND SUPPORT FOR WOMEN AND UNEMPLOYED IN SOAP PRODUCTION, PACKAGING AND MARKETING AND PROVISION OF EQUIPMENT",254006001,NIGERIAN INSTITUTE FOR OCEANOGRAPHY AND MARINE RESEARCH,,147000000.0,NO,HIGH,"Soap production, packaging and marketing training is not related to marine research, oceanography, fisheries, aquaculture, or any other aspect of NIOMR's mandate to study and develop Nigeria's marine and blue economy resources.",100
ERGP30240103,"PROVISION OF FARMING SUPPORTS AND PESTICIDES FOR FARMERS IN LAGOS
",254006001,NIGERIAN INSTITUTE FOR OCEANOGRAPHY AND MARINE RESEARCH,,140000000.0,NO,HIGH,"The budget item for terrestrial farming supports and pesticides falls outside NIOMR's marine and oceanographic research mandate, which focuses on aquatic environments, fisheries, and marine sciences rather than land-based agriculture.",100
ERGP30240116,"PROVISION AND CONSTRUCTION OF WEATHER EQUIPMENT, RADAR, FISHING ACOUSTIC SYSTEM FOR FISHERMEN",254006001,NIGERIAN INSTITUTE FOR OCEANOGRAPHY AND MARINE RESEARCH,,164500000.0,YES,HIGH,"This budget item directly supports NIOMR's mandate to assess fish stocks, design fishing gear, provide scientific data for marine resource management, and support fishermen through research and technology development.",0
ERGP30240125,"SHRIMP CULTURE AND PRODUCTION TECHNIQUE, PROCESSING AND PACKAGING TRAINING",254006001,NIGERIAN INSTITUTE FOR OCEANOGRAPHY AND MARINE RESEARCH,,147000000.0,YES,HIGH,"This budget item directly aligns with NIOMR's mandate to improve brackish and marine water aquaculture, conduct fish technology and product development, and train personnel in marine sciences.",0
ERGP30240131,"TRAINING, PROVISION, AND CONSTRUCTION OF FISHING AND AGRIC FARMING MATERIALS TO UNEMPLOYED IN SELECTED AREAS",254006001,NIGERIAN INSTITUTE FOR OCEANOGRAPHY AND MARINE RESEARCH,,294000000.0,PARTIAL,MEDIUM,"The training and provision of fishing materials aligns with NIOMR's mandate to train personnel in marine sciences and support fisheries development, but the agricultural farming component and focus on unemployment rather than marine research objectives falls outside their core mandate.",50
ERGP30240136,"DE-FLOODING AND LAND SCAPING OF EXTENSION AND FISH TECH AREAS IN LAGOS
",254006001,NIGERIAN INSTITUTE FOR OCEANOGRAPHY AND MARINE RESEARCH,,154000000.0,PARTIAL,MEDIUM,"While landscaping may not directly align with marine research mandates, de-flooding of the Fish Tech area supports the agency's fish technology and product development functions, though the connection is indirect.",50
ERGP30240141,"PROVISION OF EMPOWERMENT EQUIPMENT FOR WOMEN IN IKEJA
",254006001,NIGERIAN INSTITUTE FOR OCEANOGRAPHY AND MARINE RESEARCH,,161000000.0,NO,HIGH,"This budget item involves general women's empowerment activities in Ikeja which falls outside NIOMR's specific mandate for marine and oceanographic research, fisheries, and blue economy development.",100
ERGP30240148,SUPPLY AND DISTRIBUTION OF ENTREPRENEURS EQUIPMENT TO SMALL BUSINESSES IN IKEJA,254006001,NIGERIAN INSTITUTE FOR OCEANOGRAPHY AND MARINE RESEARCH,,150500000.0,NO,HIGH,"Supplying general entrepreneur equipment to small businesses in Ikeja falls outside NIOMR's specific mandate of marine and oceanographic research, which focuses on territorial waters, fisheries, aquaculture, and marine sciences rather than general business support activities.",100
ERGP30240159,PROVISION OF EQUIPMENT AND DIAGNOSTIC INSTRUMENTS FOR VEHICLE MECHANICS IN LAGOS,254006001,NIGERIAN INSTITUTE FOR OCEANOGRAPHY AND MARINE RESEARCH,,154000000.0,NO,HIGH,"Vehicle mechanics equipment and diagnostic instruments are unrelated to NIOMR's marine research, oceanography, fisheries, and blue economy mandate.",100
ERGP30240164,TRAINING AND GRANTS TO YOUTHS IN POULTRY AND ANIMAL FEED PRODUCTION IN IKEJA AND SELECTED LOCATIONS,254006001,NIGERIAN INSTITUTE FOR OCEANOGRAPHY AND MARINE RESEARCH,,157500000.0,NO,HIGH,"NIOMR's mandate is specifically focused on marine and oceanographic research, while this budget item concerns terrestrial poultry and animal feed production which falls outside their marine science expertise and statutory responsibilities.",100
ERGP30240167,TRAINING AND SUPPORT FOR FARMERS IN SWINE ON DISEASE PREVENTION AND PROVISION OF EQUIPMENT,254006001,NIGERIAN INSTITUTE FOR OCEANOGRAPHY AND MARINE RESEARCH,,147000000.0,NO,HIGH,"Training farmers in swine disease prevention and equipment provision is terrestrial livestock management, which falls completely outside NIOMR's marine and oceanographic research mandate.",100
ERGP30240179,TRAINING AND ESTABLISHMENT ON SNAIL BREEDING FARMS FOR UNEMPLOYED WOMEN IN OGUN STATE.MULTIPLE LOT,254006001,NIGERIAN INSTITUTE FOR OCEANOGRAPHY AND MARINE RESEARCH,,140000000.0,NO,HIGH,"Snail breeding (heliculture) is terrestrial agriculture focused on land-based gastropods, which falls completely outside NIOMR's mandate that specifically covers marine and aquatic research in territorial waters and high seas.",100
ERGP30240186,"ESTABLISHMENT OF GREEN HOUSES TO ENHACE FOOD SECURITY IN OGUIN STATE
",254006001,NIGERIAN INSTITUTE FOR OCEANOGRAPHY AND MARINE RESEARCH,,210000000.0,NO,HIGH,"Establishing greenhouses for terrestrial agriculture in Ogun State falls outside NIOMR's marine and oceanographic research mandate, which focuses specifically on marine resources, aquaculture, and blue economy activities.",100
ERGP30240190,"TRAINING AND EMPOWERMENT SUPPORT OF ARTISANS IN ANDONI-OPOBO/ NKORO FEDERAL CONSTITUENCY, RIVER STATE",254006001,NIGERIAN INSTITUTE FOR OCEANOGRAPHY AND MARINE RESEARCH,,35000000.0,PARTIAL,MEDIUM,"While NIOMR's mandate includes training personnel in marine sciences and supporting fisheries development, the budget item's focus on general artisan training and empowerment in a specific constituency appears more politically targeted than aligned with the institute's scientific research and marine-specific training objectives.",50
ERGP30240197,PROVISION OF 14 SEATER BUSES FOR RELIGIOUS AND COMMUNITY DEVELOPMENT ORGANIZATIONS IN IKEJA. MULTIPLE LOTS,254006001,NIGERIAN INSTITUTE FOR OCEANOGRAPHY AND MARINE RESEARCH,,980000000.0,NO,HIGH,"Providing buses for religious and community development organizations in Ikeja has no connection to NIOMR's scientific mandate of marine research, oceanography, fisheries management, and blue economy development.",100
ERGP30240207,"CLEARING OF FARM LAND AND ESTABLISHMENT FARM STEADS IN IPARA, OGUN STATE. LOT 1-3",254006001,NIGERIAN INSTITUTE FOR OCEANOGRAPHY AND MARINE RESEARCH,,210000000.0,NO,HIGH,"Clearing farm land and establishing farm steads in Ogun State falls outside NIOMR's marine and oceanographic research mandate, which focuses specifically on territorial waters, marine resources, and coastal studies rather than terrestrial agriculture.",100
ERGP30240289,"TRAINING ON SKILLS ACQUISITION AND START UP GRANTS TO YOUTHS AND WOMEN IN LAGOS ISLAND, LAGOS STATE",254006001,NIGERIAN INSTITUTE FOR OCEANOGRAPHY AND MARINE RESEARCH,,35000000.0,PARTIAL,MEDIUM,"While NIOMR has a mandate to train personnel in marine sciences, this budget item appears to be general skills acquisition training rather than specialized marine research training, though it could potentially align if focused on marine-related skills.",50
ERGP30240291,"FISHERY TRAINING FOR COMMUNITY YOUTH IN OGUN FEDERAL CONSTITUENCY
",254006001,NIGERIAN INSTITUTE FOR OCEANOGRAPHY AND MARINE RESEARCH,,21000000.0,YES,HIGH,The budget item directly aligns with NIOMR's mandate to train personnel in marine sciences and support fisheries resources management through community capacity building.,0
ERGP30239515,"RENOVATION OF THE FISH TECHNOLOGY OFFICES AND OUTSTATION OFFICES, RE- ROOFING OF DELIPIDATED JAPANESE DONATED BUILDINGS LAGOS PHASE II",254006001,NIGERIAN INSTITUTE FOR OCEANOGRAPHY AND MARINE RESEARCH,,70358215.0,YES,HIGH,"The renovation of fish technology offices and outstation offices directly supports NIOMR's mandate to conduct fish technology and product development research, which requires proper facilities to carry out these activities.",0
ERGP30239533,CONSTRUCTION OF 5 TWO BEDROOM FARM HOUSE AT BADORE AND THE ACCESS ROAD,254006001,NIGERIAN INSTITUTE FOR OCEANOGRAPHY AND MARINE RESEARCH,,45959886.0,PARTIAL,MEDIUM,"While the construction location at Badore (coastal Lagos area) could potentially support the institute's aquaculture research activities, the budget item lacks clear specification of how these farm houses directly relate to NIOMR's marine research mandate.",50
ERGP30239540,CONSTRUCTION OF ACCESS DRAINAGE AND LANDSCAPING AT BADORE {PHASE 2} LIGHT-UP OF THE HEADQUATERS FARM HOUSE AND REPAIR OF DELAPIDATED ROAD,254006001,NIGERIAN INSTITUTE FOR OCEANOGRAPHY AND MARINE RESEARCH,,64516045.0,PARTIAL,MEDIUM,"While drainage and road repair at headquarters facilities are necessary for maintaining operational infrastructure that supports the agency's marine research mandate, the ""farm house"" component appears misaligned with NIOMR's oceanography and marine research focus unless it refers to aquaculture facilities.",50
ERGP30239544,"RESEARCH INTO FISHERIES RESOURCES AND FISHING, MARINE GEOLOGY AND GEOPHYSICS, PHYSICAL AND CHEMICAL OCEANOGRAPHY, AND BIOLOGICAL",254006001,NIGERIAN INSTITUTE FOR OCEANOGRAPHY AND MARINE RESEARCH,,52850386.0,YES,HIGH,"This budget item directly matches core mandate areas explicitly listed for NIOMR including fisheries resources research, marine geology and geophysics, and physical, chemical, and biological oceanography.",0
ERGP30239552,"RESEARCH AND CULTURE OF ALL MALE TILAPIA, HETEROBRANCHUS CLARIAS AND CARP IN COASTAL WATERS",254006001,NIGERIAN INSTITUTE FOR OCEANOGRAPHY AND MARINE RESEARCH,,50719377.0,YES,HIGH,This budget item directly aligns with NIOMR's mandate to improve brackish and marine water aquaculture and conduct research into fisheries resources management in Nigerian waters.,0
ERGP30239557,REPAIRS AND MAINTENANCE OF ENGINEERING WORKSHIP AND SHRIMP HATCHERY WITH SHORE PROTECTION.,254006001,NIGERIAN INSTITUTE FOR OCEANOGRAPHY AND MARINE RESEARCH,,48930140.0,YES,HIGH,"The budget item directly supports NIOMR's mandate to improve brackish and marine water aquaculture (shrimp hatchery), design and fabricate fishing gear and vessels (engineering workshop), and monitor coastal erosion/marine hazards (shore protection).",0
ERGP30239559,"EMPOWERMENT OF YOUTHS,ARTISANS AND WOMEN IN FISHERIES AND AQUACULTURE VALUE CHAIN AND PURCHASE OF VEHICLE FOR TRAINING",254006001,NIGERIAN INSTITUTE FOR OCEANOGRAPHY AND MARINE RESEARCH,,84671136.0,YES,HIGH,"This budget item directly aligns with NIOMR's mandate to conduct fisheries resources management and aquaculture research, train personnel in marine sciences, and support development of Nigeria's blue economy through capacity building in the fisheries sector.",0
ERGP30239565,MAINTENANCE OF EXTRUDER AND DELAPIDATED FARM HOUSE AND PROVISION OF CANTEEN AT BADORE.,254006001,NIGERIAN INSTITUTE FOR OCEANOGRAPHY AND MARINE RESEARCH,,49001557.0,PARTIAL,MEDIUM,"While maintenance of farm facilities and canteen provision could support aquaculture research activities within NIOMR's mandate, the specific mention of ""extruder and farm house at Badore"" suggests aquaculture infrastructure that aligns with their brackish and marine water aquaculture research responsibilities.",50
ERGP30239574,FISHING CONSTRUCTION METHODS AND NAVIGATION SIMULATOR FOR TRAINING OF ARTISAN AND RESEARCH,254006001,NIGERIAN INSTITUTE FOR OCEANOGRAPHY AND MARINE RESEARCH,,49070140.0,YES,HIGH,"This budget item directly aligns with NIOMR's mandate to design and fabricate fishing gear and vessels, train personnel in marine sciences, and support fisheries resources management through specialized training equipment for both artisan fishers and research purposes.",0
ERGP30239602,"CONSTRUCTION OF MOTORIZED SOLAR POWERED BOREHOLE IN SOME SELECTED COMMUNITIES (PUA) IN ANAMBRA WEST LGA, ANAMBRA STATE",254006001,NIGERIAN INSTITUTE FOR OCEANOGRAPHY AND MARINE RESEARCH,,140000000.0,NO,HIGH,"Construction of motorized solar powered boreholes for terrestrial communities falls outside NIOMR's mandate which is specifically focused on marine and oceanographic research, not inland freshwater infrastructure development.",100
ERGP30239606,"SUPPLY OF GRAINS (PUA) IN ANAMBRA EAST AND WEST, ANAMBRA STATE
",254006001,NIGERIAN INSTITUTE FOR OCEANOGRAPHY AND MARINE RESEARCH,,105000000.0,NO,HIGH,"The supply of grains in terrestrial locations falls completely outside NIOMR's mandate which is specifically focused on marine and oceanographic research, not agricultural grain supply or land-based food distribution.",100
ERGP30239610,"RENOVATION OF SELECTED SCHOOLS (PUA) IN UMUEZE ANAM, AGULERIA, ODE, UMUERI, UMUIKWU AND MMIATA ANAM ANAMBRA WEST LGA, ANAMBRA STATE",254006001,NIGERIAN INSTITUTE FOR OCEANOGRAPHY AND MARINE RESEARCH,,210000000.0,NO,HIGH,"Renovating schools in Anambra State falls completely outside NIOMR's mandate which is specifically focused on marine and oceanographic research, not educational infrastructure development.",100
ERGP30239686,"SUPPLY OF FINGERING AND SEEDINGS FOR FARMERS (PUA) IN ANAMBRA WEST LGA, ANAMBRA STATE",254006001,NIGERIAN INSTITUTE FOR OCEANOGRAPHY AND MARINE RESEARCH,,140000000.0,YES,HIGH,The supply of fingerlings and seedlings for aquaculture farmers directly aligns with NIOMR's mandate to improve brackish and marine water aquaculture and support sustainable fisheries development.,0
ERGP30239693,"EMPOWERMENT OF YOUTHS (PUA) IN ANAMBRA EAST AND WEST, ANAMBRA STATE
",254006001,NIGERIAN INSTITUTE FOR OCEANOGRAPHY AND MARINE RESEARCH,,105000000.0,NO,HIGH,"Youth empowerment programs in specific local government areas fall outside NIOMR's scientific research mandate focused on oceanography, marine research, and blue economy development.",100
ERGP30239699,"UPPER NIGER DEVELOPMENT AUTHORITY. PAKI DAM, UKARA LOCAL GOVERNMENT.
",254006001,NIGERIAN INSTITUTE FOR OCEANOGRAPHY AND MARINE RESEARCH,,700000000.0,NO,HIGH,"The budget item for Upper Niger Development Authority's Paki Dam project relates to inland freshwater river development, which falls completely outside NIOMR's mandate that specifically focuses on oceanography, marine research, and territorial waters rather than inland river systems.",100
ERGP30239703,"PROVISION FOR MINI TRACTORS AND IMPLEMENTS BAKALORI DAM ZAMFARA
",254006001,NIGERIAN INSTITUTE FOR OCEANOGRAPHY AND MARINE RESEARCH,,2800000000.0,NO,HIGH,"The provision of mini tractors and implements for Bakalori Dam in Zamfara relates to terrestrial agricultural activities, which falls completely outside NIOMR's mandate focused exclusively on marine and oceanographic research.",100
ERGP30239710,"PROCUREMENT OF FERTILIZERS FOR BAKALORI FARMERS ZAMFARA
",254006001,NIGERIAN INSTITUTE FOR OCEANOGRAPHY AND MARINE RESEARCH,,1400000000.0,NO,HIGH,"The procurement of fertilizers for terrestrial farming in Zamfara falls completely outside NIOMR's mandate which is exclusively focused on marine and oceanographic research, not inland agricultural activities.",100
ERGP30239841,"SUPPLY OF TRICYCLES IN WARRI FEDERAL CONSTITUENCY. DELTA STATE.
",254006001,NIGERIAN INSTITUTE FOR OCEANOGRAPHY AND MARINE RESEARCH,,35000000.0,NO,HIGH,"The supply of tricycles has no connection to marine research, oceanography, fisheries, aquaculture, or any other aspect of NIOMR's mandate to study and manage Nigeria's marine resources.",100
ERGP30240013,"CONSTRUCTION, TRAINNING AND PROVISON OF GRASSCUTTER BREEDING FAMILIES IN ODE COMMUNITY OGUN STATE.",254006001,NIGERIAN INSTITUTE FOR OCEANOGRAPHY AND MARINE RESEARCH,,210000000.0,NO,HIGH,"Grasscutter breeding is a terrestrial livestock activity that falls completely outside NIOMR's marine and oceanographic research mandate, which focuses exclusively on marine resources, aquatic environments, and blue economy development.",100
ERGP30240023,"CONSTRUCTION, TRAINNING AND PROVISON OF GRASSCUTTER BREEDING FAMILIES IN IPARA, OGUN STATE",254006001,NIGERIAN INSTITUTE FOR OCEANOGRAPHY AND MARINE RESEARCH,,210000000.0,NO,HIGH,"Grasscutter breeding is a terrestrial livestock activity that falls completely outside NIOMR's marine and oceanographic research mandate, which focuses exclusively on marine waters, fisheries, and blue economy activities.",100
ERGP30240040,PROVISION OF SUPPORTS FOR LOW END AND VULNERABLE MARKET WOMEN IN SELECTED RURAL AREAS OF LAGOS,254006001,NIGERIAN INSTITUTE FOR OCEANOGRAPHY AND MARINE RESEARCH,,126000000.0,PARTIAL,MEDIUM,"While supporting market women in rural areas is not directly within NIOMR's research mandate, it could be justified if these women are involved in fish marketing or coastal fisheries activities that relate to the institute's fisheries resources management and aquaculture research objectives.",50
ERGP30240090,"TRAINING AND SUPPORT FOR WOMEN AND UNEMPLOYED IN SOAP PRODUCTION, PACKAGING AND MARKETING AND PROVISION OF EQUIPMENT",254006001,NIGERIAN INSTITUTE FOR OCEANOGRAPHY AND MARINE RESEARCH,,147000000.0,NO,HIGH,"Soap production, packaging and marketing training falls outside NIOMR's mandate which is specifically focused on marine research, oceanography, fisheries, and aquaculture rather than general manufacturing or consumer goods production.",100
ERGP30240103,"PROVISION OF FARMING SUPPORTS AND PESTICIDES FOR FARMERS IN LAGOS
",254006001,NIGERIAN INSTITUTE FOR OCEANOGRAPHY AND MARINE RESEARCH,,140000000.0,NO,HIGH,"The budget item for terrestrial farming supports and pesticides falls outside NIOMR's marine and oceanographic research mandate, which focuses specifically on marine resources, aquaculture, and blue economy rather than land-based agriculture.",100
ERGP30240116,"PROVISION AND CONSTRUCTION OF WEATHER EQUIPMENT, RADAR, FISHING ACOUSTIC SYSTEM FOR FISHERMEN",254006001,NIGERIAN INSTITUTE FOR OCEANOGRAPHY AND MARINE RESEARCH,,164500000.0,YES,HIGH,"The provision of weather equipment, radar, and fishing acoustic systems directly supports NIOMR's mandate to study oceanography, assess fish stocks, design fishing equipment, and provide scientific data for marine resource management.",0
ERGP30240125,"SHRIMP CULTURE AND PRODUCTION TECHNIQUE, PROCESSING AND PACKAGING TRAINING",254006001,NIGERIAN INSTITUTE FOR OCEANOGRAPHY AND MARINE RESEARCH,,147000000.0,YES,HIGH,"This budget item directly aligns with NIOMR's mandate to improve brackish and marine water aquaculture, fish technology and product development, and train personnel in marine sciences.",0
ERGP30240131,"TRAINING, PROVISION, AND CONSTRUCTION OF FISHING AND AGRIC FARMING MATERIALS TO UNEMPLOYED IN SELECTED AREAS",254006001,NIGERIAN INSTITUTE FOR OCEANOGRAPHY AND MARINE RESEARCH,,294000000.0,PARTIAL,MEDIUM,"While the agency has mandate to conduct aquaculture research and train personnel in marine sciences, providing farming materials and construction services to unemployed individuals extends beyond their core research and scientific mandate into direct social intervention programs.",50
ERGP30240136,"DE-FLOODING AND LAND SCAPING OF EXTENSION AND FISH TECH AREAS IN LAGOS
",254006001,NIGERIAN INSTITUTE FOR OCEANOGRAPHY AND MARINE RESEARCH,,154000000.0,YES,HIGH,De-flooding and landscaping of extension and fish tech areas directly supports the agency's fish technology and product development mandate and maintains essential infrastructure for their marine research operations at their Lagos headquarters.,0
ERGP30240141,"PROVISION OF EMPOWERMENT EQUIPMENT FOR WOMEN IN IKEJA
",254006001,NIGERIAN INSTITUTE FOR OCEANOGRAPHY AND MARINE RESEARCH,,161000000.0,NO,HIGH,"Providing empowerment equipment for women in Ikeja falls outside NIOMR's specific mandate which is focused on marine and oceanographic research, fisheries, and blue economy activities rather than general women's empowerment programs.",100
ERGP30240148,SUPPLY AND DISTRIBUTION OF ENTREPRENEURS EQUIPMENT TO SMALL BUSINESSES IN IKEJA,254006001,NIGERIAN INSTITUTE FOR OCEANOGRAPHY AND MARINE RESEARCH,,150500000.0,NO,HIGH,"The budget item for supplying entrepreneur equipment to small businesses in Ikeja falls outside NIOMR's specialized mandate which is focused exclusively on marine and oceanographic research, not general business equipment distribution or entrepreneurship support.",100
ERGP30240159,PROVISION OF EQUIPMENT AND DIAGNOSTIC INSTRUMENTS FOR VEHICLE MECHANICS IN LAGOS,254006001,NIGERIAN INSTITUTE FOR OCEANOGRAPHY AND MARINE RESEARCH,,154000000.0,NO,HIGH,"Providing equipment and diagnostic instruments for vehicle mechanics has no connection to NIOMR's marine research mandate, which focuses on oceanography, fisheries, aquaculture, and marine sciences rather than automotive repair services.",100
ERGP30240164,TRAINING AND GRANTS TO YOUTHS IN POULTRY AND ANIMAL FEED PRODUCTION IN IKEJA AND SELECTED LOCATIONS,254006001,NIGERIAN INSTITUTE FOR OCEANOGRAPHY AND MARINE RESEARCH,,157500000.0,NO,HIGH,"The budget item for poultry and animal feed production training falls outside NIOMR's marine and oceanographic research mandate, which focuses specifically on marine resources, fisheries, and aquaculture rather than terrestrial livestock production.",100
ERGP30240167,TRAINING AND SUPPORT FOR FARMERS IN SWINE ON DISEASE PREVENTION AND PROVISION OF EQUIPMENT,254006001,NIGERIAN INSTITUTE FOR OCEANOGRAPHY AND MARINE RESEARCH,,147000000.0,NO,HIGH,"Training farmers in swine disease prevention and equipment provision is terrestrial livestock agriculture, which falls completely outside NIOMR's marine and oceanographic research mandate.",100
ERGP30240179,TRAINING AND ESTABLISHMENT ON SNAIL BREEDING FARMS FOR UNEMPLOYED WOMEN IN OGUN STATE.MULTIPLE LOT,254006001,NIGERIAN INSTITUTE FOR OCEANOGRAPHY AND MARINE RESEARCH,,140000000.0,NO,HIGH,"The budget item for snail breeding farms relates to terrestrial gastropod farming which falls outside NIOMR's mandate that specifically focuses on marine and oceanographic research, fisheries, and aquaculture in marine/brackish water environments.",100
ERGP30240186,"ESTABLISHMENT OF GREEN HOUSES TO ENHACE FOOD SECURITY IN OGUIN STATE
",254006001,NIGERIAN INSTITUTE FOR OCEANOGRAPHY AND MARINE RESEARCH,,210000000.0,NO,HIGH,"The establishment of greenhouses for terrestrial agriculture in Oguin State falls outside NIOMR's marine and oceanographic research mandate, which focuses specifically on marine resources, aquaculture, and blue economy rather than land-based agricultural infrastructure.",100
ERGP30240190,"TRAINING AND EMPOWERMENT SUPPORT OF ARTISANS IN ANDONI-OPOBO/ NKORO FEDERAL CONSTITUENCY, RIVER STATE",254006001,NIGERIAN INSTITUTE FOR OCEANOGRAPHY AND MARINE RESEARCH,,35000000.0,PARTIAL,MEDIUM,"While NIOMR's mandate includes training personnel in marine sciences and supporting fisheries development, this budget item appears to be general artisan training rather than specific marine/oceanographic research training which would be more aligned with the institute's scientific research focus.",50
ERGP30240197,PROVISION OF 14 SEATER BUSES FOR RELIGIOUS AND COMMUNITY DEVELOPMENT ORGANIZATIONS IN IKEJA. MULTIPLE LOTS,254006001,NIGERIAN INSTITUTE FOR OCEANOGRAPHY AND MARINE RESEARCH,,980000000.0,NO,HIGH,"Providing buses for religious and community development organizations in Ikeja falls completely outside NIOMR's specific mandate to conduct marine and oceanographic research, as this is a general community service activity unrelated to marine sciences, fisheries, or blue economy development.",100
ERGP30240207,"CLEARING OF FARM LAND AND ESTABLISHMENT FARM STEADS IN IPARA, OGUN STATE. LOT 1-3",254006001,NIGERIAN INSTITUTE FOR OCEANOGRAPHY AND MARINE RESEARCH,,210000000.0,NO,HIGH,"Clearing farmland and establishing farm steads in Ogun State is terrestrial agricultural activity that falls completely outside NIOMR's mandate which is specifically focused on marine and oceanographic research, fisheries, and aquaculture in marine/brackish waters.",100
ERGP30240289,"TRAINING ON SKILLS ACQUISITION AND START UP GRANTS TO YOUTHS AND WOMEN IN LAGOS ISLAND, LAGOS STATE",254006001,NIGERIAN INSTITUTE FOR OCEANOGRAPHY AND MARINE RESEARCH,,35000000.0,PARTIAL,MEDIUM,"While NIOMR has a mandate to train personnel in marine sciences, this budget item appears to be a general skills acquisition program for youths and women rather than specifically focused on marine science or oceanography training that would directly support the agency's research mission.",50
ERGP30240291,"FISHERY TRAINING FOR COMMUNITY YOUTH IN OGUN FEDERAL CONSTITUENCY
",254006001,NIGERIAN INSTITUTE FOR OCEANOGRAPHY AND MARINE RESEARCH,,21000000.0,YES,HIGH,"The budget item directly aligns with NIOMR's mandate to train personnel in marine sciences and support fisheries resources management, which includes community-level fishery training programs.",0
ERGP30240294,"SUPPLY AND DISTRIBUTION OF IMPROVED FARM SEEDLINGS FOR COOPERATIVE FARMERS (PUA) IN ANAMBRA EAST/WEST FEDERAL CONSTITUENCY, ANAMBRA STATE",254006001,NIGERIAN INSTITUTE FOR OCEANOGRAPHY AND MARINE RESEARCH,,350000000.0,NO,HIGH,"The budget item involves terrestrial agricultural activities (farm seedlings for land-based cooperative farmers) which falls completely outside NIOMR's marine and oceanographic research mandate that focuses exclusively on marine resources, aquaculture, and blue economy development.",100
ERGP30240298,"SUPPLY OF VOCATIONAL AND EQUIPMENT MATERIALS TO YOUTHS AND WOMEN IN BAKURA/MARADUN FEDERAL CONSTITUENCY, ZAMFARA STATE",254006001,NIGERIAN INSTITUTE FOR OCEANOGRAPHY AND MARINE RESEARCH,,140000000.0,NO,HIGH,"Supplying vocational and equipment materials to youths and women in a landlocked constituency in Zamfara State falls completely outside NIOMR's mandate which is specifically focused on marine and oceanographic research, fisheries, and blue economy activities in coastal and marine environments.",100
ERGP30240304,"SUPPLY AND DISTRIBUTION OF NPK 20:10:10 AND 15:15:15 FERTILIZER FOR COOPERATIVE FARMERS (PUA) IN ANAMBRA EAST AND WEST FEDERAL CONSTITUENCY,",254006001,NIGERIAN INSTITUTE FOR OCEANOGRAPHY AND MARINE RESEARCH,,140000000.0,NO,HIGH,"The supply and distribution of NPK fertilizers for cooperative farmers is an agricultural land-based activity that falls outside NIOMR's marine and oceanographic research mandate, which focuses on territorial waters, marine resources, and blue economy development.",100
ERGP30240309,"SUPPLY OF RICE TO BORGU/AGWARA LGA, AGWARA/ BORGU FEDERAL CONSTITUENCY, NIGER STATE",254006001,NIGERIAN INSTITUTE FOR OCEANOGRAPHY AND MARINE RESEARCH,,140000000.0,NO,HIGH,"Supplying rice to local government areas is completely outside NIOMR's mandate, which is focused on marine and oceanographic research, not food distribution or agricultural commodity supply.",100
ERGP30240320,"RENOVATION OF LGEA SECRETARIAT HALL IN KAIAMA COMMUNITY IN BARUTEN/KAIAMA FEDERAL CONSTITUENCY, KWARA STATE.",254006001,NIGERIAN INSTITUTE FOR OCEANOGRAPHY AND MARINE RESEARCH,,42000000.0,NO,HIGH,"Renovating a Local Government Education Authority secretariat hall in Kwara State has no connection to NIOMR's marine research, oceanography, fisheries, or blue economy mandate.",100
ERGP30240323,CONSTRUCTION AND PROVISION OF 5 NUMBER EXECUTIVE COVERED 22 PASSANGER BOAT AND SAFETY EQUIPMENTS FOR COMMUNITIES IN BALI/GASSOL LGA IN TARABA,254006001,NIGERIAN INSTITUTE FOR OCEANOGRAPHY AND MARINE RESEARCH,,350000000.0,NO,HIGH,"The budget item involves providing passenger boats to specific communities in Taraba state, which is a transportation/community service function that falls outside NIOMR's research-focused mandate for oceanography, marine research, and scientific studies.",100
ERGP30240328,PROVISION OF AGRICULTURAL EQUIPMENT AND IMPLEMENTS FOR LOW-END FARMERS IN BALI/GASSOL LGA OF TARABA STATE,254006001,NIGERIAN INSTITUTE FOR OCEANOGRAPHY AND MARINE RESEARCH,,210000000.0,NO,HIGH,"The budget item concerns terrestrial agricultural equipment for land-based farming, which falls completely outside NIOMR's mandate focused exclusively on marine and oceanographic research, fisheries, and aquaculture.",100
ERGP30240331,"UPGRADING AND RENOVATION OF REFERRAL HOSPITAL IN MUTUM BIYU BALI/GASSOL FEDERAL CONSTITUENCY FEDERAL CONSTITUENCY, TARABA STATE",254006001,NIGERIAN INSTITUTE FOR OCEANOGRAPHY AND MARINE RESEARCH,,70000000.0,NO,HIGH,"Hospital upgrading and renovation has no connection to marine research, oceanography, fisheries, or any aspect of NIOMR's maritime and blue economy mandate.",100
ERGP30240349,"CONSTRUCTION OF CULVERT AND DRAINAGES IN NJIDDAWO LABBAINI & BEMBAL IN GASSOL LGA BALI/GASSOL FEDERAL CONSTITUENCY, TARABA STATE",254006001,NIGERIAN INSTITUTE FOR OCEANOGRAPHY AND MARINE RESEARCH,,70000000.0,NO,HIGH,"Construction of culverts and drainages in inland Taraba State has no connection to marine research, oceanography, fisheries, or coastal activities that define NIOMR's mandate.",100
ERGP30240356,CUSHIONING THE EFFECTS OF HUNGER IN LESS PRIVILEGED COMMUNITIES WITH THE PROVISION OF GRAINS TO THOSE COMMUNITIES ACROSS NNEWI NORTH-,254006001,NIGERIAN INSTITUTE FOR OCEANOGRAPHY AND MARINE RESEARCH,,70000000.0,NO,HIGH,"Providing grains to combat hunger in land-based communities falls outside NIOMR's marine and oceanographic research mandate, which focuses on studying and developing Nigeria's marine resources rather than terrestrial food distribution programs.",100
ERGP30240374,"PROVISION OF FISH TO IMPROVE DWINDLING FISH STOCK IN SELECTED STREAMS IN AFIKPO LOCAL GOVERNMENT AREA, OF EBONYI STATE.",254006001,NIGERIAN INSTITUTE FOR OCEANOGRAPHY AND MARINE RESEARCH,,350000000.0,PARTIAL,MEDIUM,"While the agency has mandate for fisheries resources management and aquaculture, directly providing fish to streams appears more like restocking/conservation activity rather than research, and freshwater streams may fall outside their primarily marine and brackish water focus.",50
ERGP30240381,SUPPLY OF TRICYCLE TO AID MOVEMENT OF AGRICULTURAL PRODUCTS TO/FRO THE FARMS TO SELECT FARMERS IN UYO/URUAN/NSIT ATAI/IBESIKPO ASUTAN FEDERAL,254006001,NIGERIAN INSTITUTE FOR OCEANOGRAPHY AND MARINE RESEARCH,,70000000.0,NO,HIGH,"The supply of tricycles for agricultural transport in Akwa Ibom State falls outside NIOMR's marine research mandate, which focuses on oceanography, marine resources, and aquaculture rather than terrestrial agricultural logistics.",100
ERGP30240391,"NGO FLOOD AND EROSION CONTROL CONCRETE WORKS PHASE 1 IN ANDONI LGA, ANDONI-OPOBO/NKORO FEDERAL CONSTITUENCY, RIVER STATE",254006001,NIGERIAN INSTITUTE FOR OCEANOGRAPHY AND MARINE RESEARCH,,350000000.0,PARTIAL,MEDIUM,"While the agency has mandate to monitor coastal erosion and predict marine hazards, this appears to be a construction project rather than research/monitoring activities that would typically fall under a research institute's scope.",50
ERGP30240407,"CONSTRUCTION AND UPGRADE OF LAFIAJI COMMUNITY CENTRE, LAGOS ISLAND, LAGOS STATE.",254006001,NIGERIAN INSTITUTE FOR OCEANOGRAPHY AND MARINE RESEARCH,,140000000.0,NO,HIGH,"Construction of a community centre falls outside NIOMR's mandate which is specifically focused on marine research, oceanography, fisheries, and related scientific activities rather than community infrastructure development.",100
ERGP30240440,"RURAL ELECTRIFICATION OF 2 COMMUNITIES IN OBAFEMI-OWODE LOCAL GOVERNMENT OF ABEOKUTA NORTH, OBAFEMI-OWODE, AND ODEDA FEDERAL",254006001,NIGERIAN INSTITUTE FOR OCEANOGRAPHY AND MARINE RESEARCH,,70000000.0,NO,HIGH,"Rural electrification projects fall outside NIOMR's mandate which is specifically focused on marine and oceanographic research, not inland infrastructure development or electrical power distribution.",100
ERGP30240506,"SUPPLY OF EMPOWERNMENT MATERIALS TO YOUTH IN BAKURA/MARADUN FEDERAL CONSTITUENCY, ZAMFARA STATE",254006001,NIGERIAN INSTITUTE FOR OCEANOGRAPHY AND MARINE RESEARCH,,35000000.0,NO,HIGH,"This budget item involves youth empowerment materials in a landlocked constituency in Zamfara State, which has no connection to NIOMR's marine and oceanographic research mandate focused on territorial waters, fisheries, and coastal areas.",100
ERGP30240513,"SUPPLY OF START UP FARMING INPUTS FOR YOUTHS IN BAKURA/MARADUN FEDERAL CONSTITUENCY, ZAMFARA STATE",254006001,NIGERIAN INSTITUTE FOR OCEANOGRAPHY AND MARINE RESEARCH,,70000000.0,NO,HIGH,"The budget item involves terrestrial farming inputs in an inland constituency, which falls completely outside NIOMR's marine and oceanographic research mandate focused on territorial waters, fisheries, and aquaculture.",100
ERGP30240526,"PROVISION OF LEARNING MATERIALS TO SCHOOLS IN COASTAL AREAS OF IBEJU LEKKI FED. CONSTITUENCY, LAGOS STATE",254006001,NIGERIAN INSTITUTE FOR OCEANOGRAPHY AND MARINE RESEARCH,,35000000.0,PARTIAL,MEDIUM,"While the agency's mandate includes training personnel in marine sciences and the target area is coastal (relevant to marine research), providing general learning materials to schools appears to extend beyond their core research and technical training functions unless specifically related to marine science education.",50
ERGP30240541,"PROVISION OF AGRICULTURAL EMPOWERMENT TO BOOST AGRICULTURAL MECHANIZATIONS (PUA) IN SELECTED LOCATIONS IN ANAMBRA EAST AND WEST,",254006001,NIGERIAN INSTITUTE FOR OCEANOGRAPHY AND MARINE RESEARCH,,70000000.0,NO,HIGH,"The budget item focuses on terrestrial agricultural mechanization in Anambra East and West, which falls outside NIOMR's mandate that is specifically limited to marine and oceanographic research, fisheries, and aquaculture in marine/brackish waters.",100
ERGP30240562,"GRANT TO UNEMPLOYED YOUTH, WOMEN AND TRADERS ACROSS AYEDIREL/IWO/OLAOLUWA FEDERAL CONSTITUENCY OSUN STATE",254006001,NIGERIAN INSTITUTE FOR OCEANOGRAPHY AND MARINE RESEARCH,,21000000.0,NO,HIGH,"This budget item involves general grants to unemployed youth, women and traders in a specific constituency, which has no connection to NIOMR's specialized mandate of marine and oceanographic research, fisheries science, and blue economy development.",100
ERGP30240571,CONSTRUCTION OF ULTRA-MODERN MARKET (PUA) IN ANAM ANAMBRA WEST LGA. ANAMBRA STATE,254006001,NIGERIAN INSTITUTE FOR OCEANOGRAPHY AND MARINE RESEARCH,,28000000.0,NO,HIGH,"Construction of a market in Anambra State does not align with NIOMR's mandate which is specifically focused on marine and oceanographic research, fisheries science, and blue economy development rather than market infrastructure construction.",100
ERGP30240606,PROVISION OF AGRICULTURAL MATERIAS TO FARMERS FOR EMPOWERMENT AND TRAINING OF FARMERS IN AGRIBUSINEES IN NORTH WEST AND NORTH EAST,254006001,NIGERIAN INSTITUTE FOR OCEANOGRAPHY AND MARINE RESEARCH,,350000000.0,NO,HIGH,"This budget item focuses on terrestrial agricultural materials and training for land-based farming, which falls outside NIOMR's marine and oceanographic research mandate that specifically covers territorial waters, fisheries, aquaculture, and marine sciences.",100
ERGP30240622,"PROVISION OF SKILL ACQUISITION IN UMUODA ANAN (PUA) ANAMBRA EAST LGA, ANAMBRA STATE.",254006001,NIGERIAN INSTITUTE FOR OCEANOGRAPHY AND MARINE RESEARCH,,35000000.0,NO,HIGH,"The budget item for general skill acquisition in a landlocked local government area does not align with NIOMR's specific mandate for marine and oceanographic research, which focuses on territorial waters, fisheries, and coastal activities.",100
ERGP30240631,ENHANCING MEANS OF LIVELIHOOD BY EMPOWERING THE YOUTHS WITH DIFFERENT EMPOWERMENT ITEMS AT GANUWA AND SOME SELECTED COMMUNITIES ACROSS,254006001,NIGERIAN INSTITUTE FOR OCEANOGRAPHY AND MARINE RESEARCH,,305392500.0,NO,HIGH,"This budget item describes general youth empowerment activities in communities which falls outside NIOMR's specialized mandate for marine and oceanographic research, fisheries science, and blue economy development.",100
ERGP30240638,"PROCUREMENT OF TWO(2) 14 SEATER BUS TO FEDERAL MEDICAL CENTRE, WASE AND FEDERAL POLYTECHNIC NYAK, SHENDAM, PLATEAU SOUTH SENATORIAL DISTRIC OF",254006001,NIGERIAN INSTITUTE FOR OCEANOGRAPHY AND MARINE RESEARCH,,56000000.0,NO,HIGH,"Procuring buses for a medical centre and polytechnic in Plateau State has no connection to NIOMR's marine research mandate, which focuses on oceanography, fisheries, and marine sciences.",100
ERGP30240646,"PROVISION OF BOOKS, BEDS, FURNITURE AND OTHER EDUCATIONAL MATERIALS IN SELECTED SCHOOLS AND INSTITUTIONS ACROSS KWARA CENTRAL.",254006001,NIGERIAN INSTITUTE FOR OCEANOGRAPHY AND MARINE RESEARCH,,70000000.0,NO,HIGH,"This budget item involves educational infrastructure for general schools in Kwara Central, which falls outside NIOMR's specific mandate of marine and oceanographic research, training, and blue economy development.",100
ERGP30240654,SUPPLY OF EMPOWERMENT ITEMS TO YOUTH TO ENHANCE THEIR COMMUNITY ACTIVITIES AND IMPROVE THEIR LIVING STANDARD IN OSUN WEST SENATORIAL,254006001,NIGERIAN INSTITUTE FOR OCEANOGRAPHY AND MARINE RESEARCH,,350000000.0,NO,HIGH,"The budget item for general youth empowerment activities in Osun West Senatorial District has no connection to NIOMR's specialized mandate for marine and oceanographic research, fisheries science, and blue economy development.",100
ERGP30240659,STRATEGIC TRAINING AND EMPOWERMENT OF YOUTH AND WOMEN IN FISHERIES IN EDEOHA FISH FARM CENTRE SOUTH SOUTH,254006001,NIGERIAN INSTITUTE FOR OCEANOGRAPHY AND MARINE RESEARCH,,35000000.0,YES,HIGH,"This budget item directly aligns with NIOMR's mandate to conduct fisheries research, improve aquaculture, and train personnel in marine sciences, specifically targeting youth and women empowerment in fisheries at a designated aquaculture facility.",0
ERGP30240665,"REVITALIZATION OF EXISTING FISH FARM FOR UDEBU FARMING COMMUNITY
",254006001,NIGERIAN INSTITUTE FOR OCEANOGRAPHY AND MARINE RESEARCH,,35000000.0,YES,HIGH,The budget item directly supports NIOMR's mandate to improve brackish and marine water aquaculture and support development of Nigeria's blue economy through revitalizing fish farming infrastructure for local communities.,0
ERGP30240684,SUPPLY OF FERTILIZERS (MULTIPLE LOTS) IN SELECTED COMMUNITIES OF BAUCHI NORTH SENATORIAL DISTRICT,254006001,NIGERIAN INSTITUTE FOR OCEANOGRAPHY AND MARINE RESEARCH,,350000000.0,NO,HIGH,"Supply of fertilizers to terrestrial agricultural communities in Bauchi State falls completely outside NIOMR's mandate which is specifically focused on marine and oceanographic research, fisheries, and aquaculture.",100
ERGP30240695,EDUCATIONAL EMPOWERMENT TO UNDERGRADUATES TO ENHANCE THEIR ACADEMIC PERFORMANCES BY PROVIDING EDUCATIONAL ITEMS TO SELECTED LOCATIONS IN,254006001,NIGERIAN INSTITUTE FOR OCEANOGRAPHY AND MARINE RESEARCH,,70000000.0,PARTIAL,MEDIUM,"While NIOMR's mandate includes training personnel in marine sciences, this general educational empowerment program for undergraduates lacks specificity to marine research, oceanography, or blue economy education that would directly support the institute's core scientific mission.",50
ERGP30240699,IMPROVING AGRICULTURAL EFFICIENCY WITH THE SUPPLY OF FARM IMPLEMENTS TO FARMERS OF SELECTED RURAL COMMUNITIES OF FCT SENATORIAL DISTRICT,254006001,NIGERIAN INSTITUTE FOR OCEANOGRAPHY AND MARINE RESEARCH,,122500000.0,NO,HIGH,"This budget item involves terrestrial agricultural activities and farm implements for land-based farming, which falls completely outside NIOMR's marine and oceanographic research mandate.",100
ERGP30240707,EMPOWERMENT PROGRAM FOR WOMEN AND STAKEHOLDERS ON COMMERCIAL ACTIVITIES IN SELECTED LGAÃ¢â¬â¢S OF NASARAWA SOUTH SENATORIAL,254006001,NIGERIAN INSTITUTE FOR OCEANOGRAPHY AND MARINE RESEARCH,,350000000.0,NO,HIGH,"This budget item focuses on general commercial empowerment activities in inland Nasarawa State, which falls completely outside NIOMR's specific mandate for marine and oceanographic research in Nigeria's territorial waters and coastal areas.",100
ERGP30240734,PROVISION OF TEXT BOOKS FOR STUDENTS IN SELECTED SECONDARY SCHOOLS IN BAUCHI SOUTH SENATORIAL DISTRICT,254006001,NIGERIAN INSTITUTE FOR OCEANOGRAPHY AND MARINE RESEARCH,,175000000.0,NO,HIGH,"Providing textbooks to secondary schools in Bauchi State falls completely outside NIOMR's mandate which is exclusively focused on marine and oceanographic research, not general education provisioning.",100
ERGP30240773,TRAINING AND EMPLOYMENT OF YOUTH AND WOMEN IN IMPROVING AGRICULTURAL SEEDLINGS AT VARIOUS SELLECTED LOCATIONS IN SOUTH EASTH AND SOUTH SOUTH,254006001,NIGERIAN INSTITUTE FOR OCEANOGRAPHY AND MARINE RESEARCH,,1400000000.0,NO,HIGH,"This budget item focuses on agricultural seedlings training which falls outside NIOMR's marine and oceanographic research mandate, despite both involving natural resources.",100
ERGP30240815,PURCHASE AND DISTRIBUTION OF GRAINS TO VULNERABLE PEOPLE AS PALLIATIVE ACROSS OSUN WEST SENATORIAL DISTRICT,254006001,NIGERIAN INSTITUTE FOR OCEANOGRAPHY AND MARINE RESEARCH,,350000000.0,NO,HIGH,"The Nigerian Institute for Oceanography and Marine Research is mandated to conduct marine and oceanographic research, not to distribute food palliatives or engage in social welfare programs across senatorial districts.",100
ERGP30240823,ENCOURAGING THE YOUTHS BY PROVIDING ENPOWERMENT ITEMS FOR THEM TO ENGAGE IN MEANINGFUL ENTERPRENURAL ACTIVITIES IN SELECTED COMMUNITIES,254006001,NIGERIAN INSTITUTE FOR OCEANOGRAPHY AND MARINE RESEARCH,,420000000.0,PARTIAL,MEDIUM,"While youth empowerment for entrepreneurial activities could relate to marine sciences training and blue economy development within NIOMR's mandate, the broad wording without specific connection to marine research, fisheries, or oceanography makes the alignment unclear.",50
ERGP30240844,"FABRICATION, FENCING & EQUIPPING OF ULTRA MODERN TOWN HALLS IN SELECTED SCHOOLS OF SOUTH SOUTH STATES (LOT 1-3)",254006001,NIGERIAN INSTITUTE FOR OCEANOGRAPHY AND MARINE RESEARCH,,1050000000.0,NO,HIGH,"Fabricating and equipping town halls in schools falls outside NIOMR's mandate which is specifically focused on marine research, oceanography, fisheries, and blue economy development rather than educational infrastructure construction.",100
ERGP30240875,PROCUREMENT AND DISTRIBUTION OF AGRICULTURAL IMPLEMENTS TO FARMERS IN OYO CENTRAL SENATORIAL DISTRICT.,254006001,NIGERIAN INSTITUTE FOR OCEANOGRAPHY AND MARINE RESEARCH,,70000000.0,NO,HIGH,"The procurement and distribution of agricultural implements to farmers is outside NIOMR's mandate, which focuses exclusively on marine and oceanographic research, fisheries, and aquaculture rather than terrestrial agriculture.",100
ERGP30240899,"PROVISION/SUPPLY OF MINI BUSES FOR SOME SELECTED COOPERATIVE GROUP IN RURAL COMMUNITIES OF ITORO,IDOFI,BANTEPA,ODEDA",254006001,NIGERIAN INSTITUTE FOR OCEANOGRAPHY AND MARINE RESEARCH,,210000000.0,NO,HIGH,"Providing mini buses to rural cooperative groups has no connection to NIOMR's marine research, oceanography, fisheries, or blue economy mandate.",100
ERGP30240906,"PROVISION OF MINI BUSES ACROSS SOME SELECTED FARMING AREAS IN ADO ODO, IJOFIN, ALARI,SUNWA, IJANNA,ABEOKUTA COMMUNITIES",254006001,NIGERIAN INSTITUTE FOR OCEANOGRAPHY AND MARINE RESEARCH,,140000000.0,NO,HIGH,"Providing mini buses to farming communities in land-based agricultural areas falls outside NIOMR's marine and oceanographic research mandate, which focuses on territorial waters, marine resources, and coastal environments rather than inland farming transportation.",100
ERGP30240970,"""SUPPLY OF MINI BUSES AND TRICYCLES IN OSUN EAST SENATORIAL DISTRICT ""
",254006001,NIGERIAN INSTITUTE FOR OCEANOGRAPHY AND MARINE RESEARCH,,70000000.0,NO,HIGH,"Supply of mini buses and tricycles for a specific senatorial district is unrelated to NIOMR's mandate of marine research, oceanography, fisheries, and blue economy development.",100
ERGP30240975,"""SUPPLY OF MOTORCYCLES FOR YOUTHS IN OSUN EAST SENATORIAL DISTRICT ""
",254006001,NIGERIAN INSTITUTE FOR OCEANOGRAPHY AND MARINE RESEARCH,,70000000.0,NO,HIGH,"Supplying motorcycles to youths in a specific senatorial district has no connection to marine research, oceanography, fisheries management, or any other aspect of NIOMR's scientific research mandate focused on Nigeria's marine and aquatic resources.",100
ERGP30241002,GRANTS FOR YOUTHS AND WOMEN IN AQUACULTURE FARMING COMMUNITIES IN OLUYOLE FEDERAL CONSTITUENCY,254006001,NIGERIAN INSTITUTE FOR OCEANOGRAPHY AND MARINE RESEARCH,,35000000.0,PARTIAL,MEDIUM,"While the agency has mandate for aquaculture research and training, this budget item appears focused on direct grants to specific communities rather than research activities, and targets a specific federal constituency which may not align with the institute's research-focused mission.",50
ERGP30241015,"PRESERVATION, RENOVATION, PAINTING, CLEANING, AND FURNISHINGS OF HISTORIC MONUMENTS AND HERITAGE ICONS IN WEST, LAGOS ISLAND LAGOS STATE",254006001,NIGERIAN INSTITUTE FOR OCEANOGRAPHY AND MARINE RESEARCH,,70000000.0,NO,HIGH,"The preservation and renovation of historic monuments and heritage icons falls under cultural heritage preservation, which is outside NIOMR's mandate focused specifically on marine research, oceanography, and fisheries science.",100
ERGP30241019,RE-ORIENTATION AND CIVIC DEVELOPMENT TRAINING FOR SELECTED STUDENT UNION LEADERS IN NIGERIAN TERTIARY INSTITUTIONS,254006001,NIGERIAN INSTITUTE FOR OCEANOGRAPHY AND MARINE RESEARCH,,52500000.0,NO,HIGH,"This budget item focuses on student union leadership training which has no connection to NIOMR's specialized mandate for marine and oceanographic research, fisheries management, and blue economy development.",100
ERGP3239583,"FISH PONDS MAINTENANCES AND LANDSCAPING AT HEADQUATERS, ARAC, BUGUMA & SAPELE.",254006001,NIGERIAN INSTITUTE FOR OCEANOGRAPHY AND MARINE RESEARCH,,42396961.0,YES,HIGH,The maintenance of fish ponds at research facilities directly supports NIOMR's mandate to improve brackish and marine water aquaculture and conduct fisheries research.,0
ERGP5239590,"MAINTENANCE OF INSTITUTE'S MARINE RESEARCH VESSELS/SHIP YEARLY INSURANCE AND PROVISION GRP STERN TRAWLER, LICENCES, REPAIRS OF DILAPIDATED RESEARCH",254006001,NIGERIAN INSTITUTE FOR OCEANOGRAPHY AND MARINE RESEARCH,,66672050.0,YES,HIGH,"The maintenance, insurance, and repair of marine research vessels directly supports NIOMR's core mandate to conduct oceanographic research, fisheries studies, and marine resource assessment in Nigerian territorial waters and beyond.",0
