mda_code,mda_name,mandate_description
119009021,401. FOREIGN MISSION : BRUSSELS,"**MDA Code:** 119009021

Nigeria's Foreign Mission in Brussels, Belgium, is one of Nigeria's most strategic diplomatic missions representing Federal Republic of Nigeria in Belgium with concurrent accreditation to European Union and Luxembourg. Located in Brussels, Belgium's capital and de facto capital of European Union hosting EU institutions, NATO headquarters and numerous international organizations. Operating under Federal Ministry of Foreign Affairs, the mission holds dual importance managing bilateral Nigeria-Belgium relations and serving as Nigeria's mission to European Union. EU is collectively Nigeria's major trading partner and development cooperation provider. The mission negotiates EU-Nigeria relations including Economic Partnership Agreements, migration management, development aid through European Development Fund, and security cooperation. Belgium itself has colonial history with Congo and expertise in diamond trade relevant to Nigeria. Substantial Nigerian diaspora lives in Belgium including asylum seekers. The mission coordinates Nigeria's engagement with EU institutions on trade, migration, security and development.

**Core Mandate:** To represent Nigeria's interests in Belgium and European Union, coordinate EU engagement, manage migration issues, promote trade and advance Nigeria's European policy.

**Statutory Functions:**
(a) Represent Federal Republic of Nigeria to Belgium, European Union and Luxembourg
(b) Serve as Nigeria's primary mission to European Union institutions in Brussels
(c) Negotiate Economic Partnership Agreements and trade relations with EU
(d) Protect rights and interests of Nigerian citizens in Belgium and Luxembourg
(e) Provide consular services to Nigerian diaspora including migrants and asylum seekers
(f) Coordinate EU development cooperation and European Development Fund assistance to Nigeria
(g) Negotiate migration management agreements with EU
(h) Implement Nigeria's European Union engagement strategy
(i) Monitor EU political, economic and policy developments affecting Nigeria
(j) Report to Federal Ministry of Foreign Affairs on EU matters and Belgium
(k) Engage EU institutions (European Commission, Parliament, Council) on Nigeria's interests
(l) Address irregular migration while promoting legal migration pathways with EU
(m) Provide assistance to Nigerian migrants facing deportation from EU countries
(n) Issue emergency travel documents to Nigerians
(o) Promote Nigeria's image within EU institutions and Belgium
(p) Liaise with Belgian government and EU institutions on bilateral and multilateral issues
(q) Coordinate with NATO headquarters on security cooperation
(r) Facilitate high-level visits between Nigerian leadership and EU officials
(s) Promote cooperation on counter-terrorism, maritime security and development
(t) Advance Nigeria's interests in EU-Africa relations, EU-ECOWAS cooperation and multilateral forums"
119009022,402. FOREIGN MISSION: BUCHAREST,"Nigeria's Foreign Mission in Bucharest, Romania, is a diplomatic mission representing Federal Republic of Nigeria in Romania. Located in Bucharest, Romania's capital and largest city, operating under Federal Ministry of Foreign Affairs. The mission manages Nigeria's relationship with Eastern European EU member state. Romania has experienced significant Nigerian irregular migration with many Nigerians seeking EU entry through Romania before Schengen accession. Romanian authorities have deported numerous Nigerians. Some Nigerian students study in Romanian universities attracted by lower costs. Small Nigerian trading community operates in Bucharest. Romania has agricultural expertise and oil refining capacity relevant to Nigeria. As EU member, Romania participates in EU-Africa relations. The mission addresses primarily consular issues and migration management while promoting limited trade ties. Romania's experience with democratic transition and EU accession interests Nigerian governance reforms.

**Core Mandate:** To represent Nigeria's interests in Romania, manage migration issues, protect Nigerian citizens, promote educational cooperation and advance EU engagement through Romania.

**Statutory Functions:**
(a) Represent Federal Republic of Nigeria maintaining diplomatic relations with Romania
(b) Manage migration issues including irregular migration and deportations
(c) Protect rights and interests of Nigerian citizens in Romania
(d) Provide consular services to Nigerians including students and migrants
(e) Assist Nigerian irregular migrants and those facing deportation
(f) Promote educational cooperation with Romanian universities
(g) Implement Nigeria's Eastern European engagement strategy
(h) Monitor Romanian political and economic developments
(i) Report to Federal Ministry of Foreign Affairs on Romania and Eastern Europe
(j) Facilitate limited trade and investment between Nigeria and Romania
(k) Promote cooperation in agriculture and oil refining sectors
(l) Provide assistance to Nigerian students in Romanian universities
(m) Issue emergency travel documents to Nigerians
(n) Address trafficking in persons cases involving Nigerians
(o) Engage Romania as EU member on EU-Nigeria relations
(p) Liaise with Romanian government on migration management
(q) Coordinate with IOM and international organizations in Bucharest
(r) Facilitate diplomatic exchanges when needed
(s) Learn from Romania's EU accession experience for Nigerian reforms
(t) Advance Nigeria's interests through Romania's EU membership and regional connections"
119009023,403. FOREIGN MISSION: BUDAPEST,"Nigeria's Foreign Mission in Budapest, Hungary, is a diplomatic mission representing Federal Republic of Nigeria in Hungary. Located in Budapest, Hungary's capital on Danube River, operating under Federal Ministry of Foreign Affairs. The mission manages Nigeria's relationship with Hungary, EU member state in Central Europe. Hungary has become transit point for Nigerian irregular migrants seeking Western Europe. Hungarian government under Viktor Orban has strict anti-immigration policies complicating migration management. Some Nigerian students study in Hungarian universities particularly medical schools. Small Nigerian community exists in Budapest. Hungary has agricultural and water management expertise relevant to Nigeria. As EU member, Hungary participates in EU-Africa policies though often takes more restrictive positions. The mission primarily addresses consular and migration issues while promoting limited educational and economic ties. Hungary's nationalist government presents unique diplomatic challenges.

**Core Mandate:** To represent Nigeria's interests in Hungary, manage migration challenges, protect Nigerian citizens, promote educational ties and engage EU through Hungary despite political constraints.

**Statutory Functions:**
(a) Represent Federal Republic of Nigeria maintaining diplomatic relations with Hungary
(b) Manage complex migration issues under Hungary's strict immigration policies
(c) Protect rights and interests of Nigerian citizens facing challenging environment
(d) Provide consular services to Nigerian students and migrants
(e) Assist Nigerian irregular migrants detained or facing deportation
(f) Promote educational cooperation particularly in medical education
(g) Implement Nigeria's Central European engagement strategy
(h) Monitor Hungarian political developments and nationalist policies
(i) Report to Federal Ministry of Foreign Affairs on Hungary and migration issues
(j) Facilitate limited trade and investment despite political constraints
(k) Promote cooperation in agriculture and water management
(l) Provide assistance to Nigerian students in Hungarian universities
(m) Issue emergency travel documents to Nigerians
(n) Address human trafficking cases involving Nigerians
(o) Engage Hungary cautiously as restrictive EU member on migration
(p) Liaise with Hungarian government navigating nationalist rhetoric
(q) Coordinate with UN agencies and diplomatic missions in Budapest
(r) Maintain diplomatic relations despite challenging political environment
(s) Address anti-immigrant sentiment affecting Nigerian community
(t) Advance Nigeria's limited interests through Hungary's EU membership"
119009024,404. FOREIGN MISSION: BUEA,"Nigeria's Foreign Mission in Buea, Cameroon, is a diplomatic mission representing Federal Republic of Nigeria in Republic of Cameroon. Located in Buea, Cameroon's Southwest Region (though Yaoundé is capital), operating under Federal Ministry of Foreign Affairs. Note: Most sources indicate Nigeria's mission to Cameroon is in Yaoundé, not Buea. However, Buea's location in anglophone Southwest Region connects to Nigeria's concerns about Cameroon's anglophone crisis. The mission manages Nigeria's crucial relationship with major eastern neighbor sharing 1,690 km border. Nigeria-Cameroon relations have experienced tensions over Bakassi Peninsula maritime boundary dispute resolved by ICJ in Cameroon's favor. Both countries cooperate extensively on Lake Chad Basin security against Boko Haram. Significant cross-border trade and population movement occurs. Nigerian refugees fled to Cameroon during civil war; Cameroonian refugees flee anglophone crisis to Nigeria. Both countries are ECCAS and Lake Chad Basin Commission members.

**Core Mandate:** To represent Nigeria's interests in Cameroon, manage complex border relations, coordinate security cooperation, protect Nigerian citizens and monitor anglophone crisis.

**Statutory Functions:**
(a) Represent Federal Republic of Nigeria maintaining diplomatic relations with Cameroon
(b) Manage complex bilateral relations post-Bakassi Peninsula dispute resolution
(c) Protect rights and interests of Nigerian citizens in Cameroon
(d) Provide consular services to substantial Nigerian population
(e) Coordinate Nigeria-Cameroon security cooperation against Boko Haram in Lake Chad region
(f) Monitor Cameroon's anglophone crisis affecting cross-border populations
(g) Implement Nigeria's policy toward major eastern neighbor
(h) Monitor political, security and border developments in Cameroon
(i) Report to Federal Ministry of Foreign Affairs on Cameroon and border issues
(j) Facilitate cross-border trade and economic cooperation
(k) Coordinate through Lake Chad Basin Commission on regional security
(l) Provide assistance to Nigerians affected by Bakassi resettlement
(m) Issue emergency travel documents to Nigerians
(n) Monitor refugee flows in both directions across border
(o) Promote trade despite historical tensions
(p) Liaise with Cameroonian government on border management and security
(q) Coordinate with Lake Chad Basin Commission and ECCAS in region
(r) Facilitate high-level diplomatic engagement on sensitive bilateral issues
(s) Promote cooperation on border security, counter-terrorism and maritime boundaries
(t) Advance Nigeria's interests in Lake Chad Basin security, ECCAS and Central Africa relations"
119009025,405. FOREIGN MISSION: BUENOS AIRES,"Nigeria's Foreign Mission in Buenos Aires, Argentina, is a diplomatic mission representing Federal Republic of Nigeria in Argentine Republic. Located in Buenos Aires, Argentina's capital and largest city, operating under Federal Ministry of Foreign Affairs. The mission manages Nigeria's relationship with South America's third-largest economy. Argentina is major agricultural exporter with expertise in beef production, soy cultivation and agricultural technology relevant to Nigeria. Both countries are G77 members advocating for developing countries' interests. Limited Nigerian community exists in Argentina. Argentina has historically supported African liberation struggles. Trade between countries remains minimal below potential. Argentina's experience with economic crises and IMF relations interests Nigeria. Both cooperate in UN and South-South cooperation forums. The mission has lower priority given geographic distance and limited bilateral engagement but maintains diplomatic presence in Southern Cone.

**Core Mandate:** To represent Nigeria's interests in Argentina, promote South-South cooperation, facilitate agricultural technology transfer and maintain diplomatic presence in South America.

**Statutory Functions:**
(a) Represent Federal Republic of Nigeria maintaining diplomatic relations with Argentina
(b) Promote bilateral cooperation on agriculture, trade and South-South partnerships
(c) Protect rights and interests of limited Nigerian community in Argentina
(d) Provide consular services to Nigerians in Argentina
(e) Promote Argentine agricultural technology transfer to Nigeria
(f) Facilitate partnerships in beef production, soy cultivation and agro-processing
(g) Implement Nigeria's South American engagement strategy
(h) Monitor Argentine political and economic developments
(i) Report to Federal Ministry of Foreign Affairs on Argentina and Southern Cone
(j) Promote bilateral trade expansion from minimal current levels
(k) Learn from Argentina's experience with economic crises and debt restructuring
(l) Provide assistance to Nigerian citizens in Argentina
(m) Issue emergency travel documents to Nigerians
(n) Facilitate educational cooperation with Argentine universities
(o) Promote Nigeria-Argentina cooperation in G77 and developing countries forums
(p) Liaise with Argentine government on bilateral issues
(q) Coordinate with Latin American embassies on regional issues
(r) Facilitate limited high-level diplomatic exchanges
(s) Promote cooperation in UN, WTO and multilateral development forums
(t) Advance Nigeria's interests in South-South cooperation and Latin America-Africa relations"
119009026,406. FOREIGN MISSION: BUJUMBURA,"Nigeria's Foreign Mission in Bujumbura, Burundi, is a diplomatic mission representing Federal Republic of Nigeria in Republic of Burundi. Located in Bujumbura, Burundi's largest city and former capital (capital moved to Gitega in 2019), operating under Federal Ministry of Foreign Affairs. The mission operates in challenging environment given Burundi's political crisis, human rights concerns and isolation from Western donors. Burundi experienced ethnic conflict between Hutu and Tutsi populations resulting in civil war. Political crisis intensified in 2015 when President Nkurunziza sought unconstitutional third term. Nigeria has provided peacekeepers to past regional missions in Burundi. Small Nigerian presence mainly missionaries and development workers. Burundi's poverty, political instability and regional tensions create difficult operating environment. The mission maintains diplomatic presence monitoring Great Lakes region security dynamics.

**Core Mandate:** To represent Nigeria's interests in Burundi, monitor Great Lakes security, support stability efforts, protect Nigerian citizens and maintain diplomatic presence despite challenges.

**Statutory Functions:**
(a) Represent Federal Republic of Nigeria maintaining diplomatic relations with Burundi
(b) Monitor Burundi's political crisis and human rights situation
(c) Protect rights and interests of limited Nigerian community mainly missionaries
(d) Provide consular services to Nigerians despite operational challenges
(e) Monitor Great Lakes region security dynamics affecting broader African stability
(f) Report to Federal Ministry of Foreign Affairs on Burundi and regional tensions
(g) Support international efforts toward Burundi's stability and reconciliation
(h) Implement Nigeria's African conflict resolution and peacebuilding policies
(i) Monitor ethnic tensions and potential spillover effects in region
(j) Facilitate limited development cooperation
(k) Provide assistance to Nigerian citizens working in challenging environment
(l) Issue emergency travel documents and facilitate evacuations when needed
(m) Monitor refugee situations in Great Lakes region
(n) Maintain minimal commercial engagement given crisis environment
(o) Promote Nigeria's peacekeeping experience in Great Lakes context
(p) Liaise with Burundian government despite international isolation
(q) Coordinate with AU, UN and regional organizations on Burundi crisis
(r) Maintain diplomatic presence as African solidarity gesture
(s) Support regional stability efforts through East African Community
(t) Advance Nigeria's interests in Great Lakes security, African peace and conflict resolution"
119009027,407. FOREIGN MISSION: CAIRO,"Nigeria's Foreign Mission in Cairo, Egypt, is one of Nigeria's most important diplomatic missions representing Federal Republic of Nigeria in Arab Republic of Egypt. Located in Cairo, Egypt's capital, Africa's largest city and Arab world's cultural center, operating under Federal Ministry of Foreign Affairs. The mission manages Nigeria's strategic relationship with Egypt, Africa's third most populous country and Arab world leader. Nigeria and Egypt are Africa's most influential countries often cooperating on continental issues. Thousands of Nigerian students study in Egyptian universities particularly Al-Azhar University for Islamic studies. Cairo hosts African Union headquarters temporarily and Arab League headquarters permanently. Egypt has construction, engineering and agricultural expertise. Both countries cooperate extensively in African Union. Historical Nasser-era Egypt supported African liberation. The mission coordinates Nigeria's engagement with Arab world through Egypt, manages substantial student population, and promotes bilateral cooperation.

**Core Mandate:** To represent Nigeria's interests in Egypt, coordinate Arab-African engagement, protect large student population, promote bilateral cooperation and advance continental leadership partnership.

**Statutory Functions:**
(a) Represent Federal Republic of Nigeria maintaining strategic partnership with Egypt
(b) Coordinate Nigeria's engagement with Arab world through Egypt as Arab leader
(c) Protect rights and welfare of thousands of Nigerian students in Egyptian universities
(d) Provide extensive consular services to large Nigerian student and resident population
(e) Facilitate Nigerian students' education particularly at Al-Azhar University for Islamic studies
(f) Promote Egyptian investment in Nigerian construction and infrastructure sectors
(g) Implement Nigeria's North African and Arab engagement strategy
(h) Monitor Egyptian political, religious and regional developments
(i) Report to Federal Ministry of Foreign Affairs on Egypt and Arab League matters
(j) Coordinate Nigeria-Egypt cooperation in African Union on continental issues
(k) Engage Arab League headquarters in Cairo on Arab-African relations
(l) Provide assistance to Nigerian students facing academic, financial or legal issues
(m) Issue emergency travel documents to Nigerians
(n) Facilitate technology transfer in agriculture, construction and engineering
(o) Promote bilateral trade expansion leveraging Egypt's regional trade networks
(p) Liaise with Egyptian government on student welfare and bilateral cooperation
(q) Coordinate with AU organs temporarily in Cairo and Arab League headquarters
(r) Facilitate high-level presidential and diplomatic visits between continental leaders
(s) Promote cooperation in counter-terrorism, religious education and regional security
(t) Advance Nigeria-Egypt continental leadership partnership in AU, Arab-African cooperation and global South advocacy"
119009028,408. FOREIGN MISSION: CANBERRA,"Nigeria's Foreign Mission in Canberra, Australia, is a diplomatic mission representing Federal Republic of Nigeria in Commonwealth of Australia. Located in Canberra, Australia's purpose-built capital, operating under Federal Ministry of Foreign Affairs. The mission manages Nigeria's relationship with developed Commonwealth nation in Pacific. Growing Nigerian diaspora in Australia includes skilled professionals, students and permanent residents attracted by Australian immigration system. Many Nigerian medical doctors, engineers and IT professionals migrate to Australia. Some Nigerian students study in Australian universities. Australia provides development assistance to Nigeria. Both countries are Commonwealth members. Australia has expertise in mining, agriculture and education relevant to Nigeria. The mission facilitates skilled migration, protects diaspora rights, promotes educational links and commercial ties. However, mission also handles cases of Nigerian irregular migrants arriving by boat and detained in offshore processing centers.

**Core Mandate:** To represent Nigeria's interests in Australia, facilitate skilled migration, protect growing diaspora, promote educational and commercial ties and manage Commonwealth relations.

**Statutory Functions:**
(a) Represent Federal Republic of Nigeria maintaining diplomatic relations with Australia
(b) Facilitate skilled Nigerian migration to Australia through official channels
(c) Protect rights and interests of growing Nigerian diaspora including skilled professionals
(d) Provide consular services to Nigerians including students and permanent residents
(e) Support Nigerian students in Australian universities
(f) Promote Australian investment in Nigerian mining and agriculture sectors
(g) Implement Nigeria's Pacific and Commonwealth engagement strategy
(h) Monitor Australian immigration policies affecting Nigerian skilled workers
(i) Report to Federal Ministry of Foreign Affairs on Australia and Pacific region
(j) Coordinate Australian development assistance to Nigeria
(k) Engage Commonwealth networks through Australia
(l) Provide assistance to Nigerians including those in immigration detention
(m) Issue emergency travel documents and handle deportation cases
(n) Facilitate educational partnerships between Nigerian and Australian universities
(o) Promote diaspora engagement with Nigerian development
(p) Liaise with Australian government on migration, education and bilateral issues
(q) Coordinate with Commonwealth organizations and Pacific diplomatic missions
(r) Facilitate high-level diplomatic and business visits
(s) Address cases of Nigerian asylum seekers in offshore detention facilities
(t) Advance Nigeria's interests in Commonwealth, skilled migration and development cooperation"
119009029,409. FOREIGN MISSION: CARACAS,"Nigeria's Foreign Mission in Caracas, Venezuela, is a diplomatic mission representing Federal Republic of Nigeria in Bolivarian Republic of Venezuela. Located in Caracas, Venezuela's capital, operating under Federal Ministry of Foreign Affairs. The mission manages Nigeria's relationship with Venezuela amid Venezuela's severe economic collapse, political crisis and humanitarian emergency. Both countries are major oil exporters and OPEC members providing common ground. Venezuela under Chavez and Maduro supported developing countries causes. However, Venezuela's crisis has devastated its economy despite vast oil reserves creating cautionary tale for oil-dependent Nigeria. Small Nigerian community exists mainly students and traders. Venezuela's refining expertise historically relevant to Nigeria. The mission operates under difficult conditions given hyperinflation, shortages, political instability and international sanctions on Venezuelan government. Maintaining diplomatic presence despite challenges demonstrates South-South solidarity.

**Core Mandate:** To represent Nigeria's interests in Venezuela, coordinate OPEC cooperation, monitor oil sector lessons, maintain South-South solidarity and protect Nigerian citizens despite crisis conditions.

**Statutory Functions:**
(a) Represent Federal Republic of Nigeria maintaining diplomatic relations with Venezuela despite crisis
(b) Coordinate Nigeria-Venezuela cooperation in OPEC on oil production
(c) Protect rights and interests of limited Nigerian community in crisis environment
(d) Provide consular services to Nigerians amid hyperinflation and shortages
(e) Monitor Venezuela's oil sector collapse for lessons on petroleum over-dependence
(f) Learn from Venezuela's economic mismanagement to inform Nigerian policy
(g) Implement Nigeria's Latin American engagement despite Venezuelan isolation
(h) Monitor Venezuelan political crisis, humanitarian emergency and regional implications
(i) Report to Federal Ministry of Foreign Affairs on Venezuela crisis and OPEC matters
(j) Maintain minimal bilateral cooperation given crisis constraints
(k) Support Nigerian students facing severe hardship from economic collapse
(l) Provide assistance and potential evacuation for Nigerians in crisis
(m) Issue emergency travel documents amid banking system collapse
(n) Monitor Venezuelan refining sector despite operational difficulties
(o) Maintain South-South solidarity despite Venezuelan government's isolation
(p) Liaise with Venezuelan government amid international sanctions
(q) Coordinate with remaining diplomatic missions and international organizations
(r) Operate mission under difficult conditions (hyperinflation, shortages, security risks)
(s) Balance solidarity with Venezuelan people while noting governance failures
(t) Advance limited Nigerian interests in OPEC, oil producers cooperation and Latin America-Africa relations"
119009030,410. FOREIGN MISSION: CONAKRY,"Nigeria's Foreign Mission in Conakry, Guinea, is a diplomatic mission representing Federal Republic of Nigeria in Republic of Guinea (Guinea-Conakry, distinct from Guinea-Bissau and Equatorial Guinea). Located in Conakry, Guinea's capital and Atlantic port city, operating under Federal Ministry of Foreign Affairs. The mission manages Nigeria's relationship with francophone West African neighbor and ECOWAS member. Guinea has vast mineral wealth including bauxite (world's largest reserves), iron ore, gold and diamonds. Nigerian traders operate in Guinean markets. Both countries cooperate in ECOWAS, Mano River Union and West African regional integration. Guinea has experienced political instability including 2021 military coup. Nigeria has role in ECOWAS mediation. Historical ties exist through shared opposition to colonialism. Guinea's mining sector development interests Nigeria. The mission promotes regional integration, monitors political developments and protects Nigerian commercial interests in minerals-rich but politically unstable country.

**Core Mandate:** To represent Nigeria's interests in Guinea, promote bilateral trade in minerals, monitor political stability, coordinate ECOWAS mediation and protect Nigerian citizens.

**Statutory Functions:**
(a) Represent Federal Republic of Nigeria maintaining diplomatic relations with Guinea
(b) Promote bilateral cooperation on mining, trade and regional integration
(c) Protect rights and interests of Nigerian traders in Guinean markets
(d) Provide consular services to Nigerian diaspora
(e) Monitor Guinea's bauxite, iron ore and mineral sector developments
(f) Facilitate Nigerian investment in Guinean mining and minerals sector
(g) Implement Nigeria's West African regional integration policy
(h) Monitor Guinean political developments including military coups and transitions
(i) Report to Federal Ministry of Foreign Affairs on Guinea and Mano River region
(j) Support ECOWAS mediation efforts following Guinea's 2021 coup
(k) Coordinate Nigeria-Guinea cooperation in ECOWAS and West African organizations
(l) Promote bilateral trade despite political instability
(m) Provide assistance to Nigerian traders and citizens
(n) Issue emergency travel documents to Nigerians
(o) Monitor Ebola and disease outbreak risks in Guinea as regional epicenter
(p) Promote Nigeria's leadership in ECOWAS responses to Guinea's political crises
(q) Liaise with Guinean authorities on bilateral issues and constitutional order
(r) Coordinate with ECOWAS, AU and international partners in Conakry
(s) Facilitate diplomatic engagement on democratic governance and stability
(t) Advance Nigeria's interests in ECOWAS, Mano River Union, West African stability and mineral resources cooperation"
119009031,411. FOREIGN MISSION: COTONOU,"Nigeria's Foreign Mission in Cotonou, Benin Republic, is one of Nigeria's most important diplomatic missions managing relationship with immediate western neighbor. Located in Cotonou, Benin's largest city and economic capital on Atlantic coast, operating under Federal Ministry of Foreign Affairs. Nigeria-Benin share 773 km border with intense economic and cultural ties. Benin's economy depends heavily on transit trade to Nigeria often involving smuggling. Massive informal cross-border trade occurs including petroleum products smuggled from Nigeria and goods smuggled into Nigeria avoiding customs. Nigerian government periodically closes borders with Benin to combat smuggling affecting Benin's economy significantly. Large Nigerian community lives in Benin including traders, students and residents. Both are ECOWAS members. Benin has stable democracy. Border management, customs cooperation and smuggling are constant bilateral issues. The mission has critical importance given economic interdependence and border management challenges.

**Core Mandate:** To represent Nigeria's interests in Benin, manage border relations, combat smuggling, coordinate customs cooperation, protect large Nigerian diaspora and advance regional integration.

**Statutory Functions:**
(a) Represent Federal Republic of Nigeria maintaining crucial relationship with western neighbor Benin
(b) Manage complex border relations and address smuggling of goods and petroleum products
(c) Protect rights and interests of large Nigerian community in Benin
(d) Provide extensive consular services to substantial Nigerian diaspora population
(e) Coordinate Nigeria-Benin customs cooperation and border security
(f) Address petroleum smuggling from Nigeria into Benin and re-export
(g) Implement Nigeria's border management and security policies toward Benin
(h) Monitor Benin's transit trade dependency on Nigerian market
(i) Report to Federal Ministry of Foreign Affairs on border issues and Benin
(j) Negotiate during periodic Nigerian border closures affecting Benin's economy
(k) Promote legitimate bilateral trade beyond informal smuggling
(l) Provide assistance to Nigerian traders and residents in Benin
(m) Issue emergency travel documents to Nigerians
(n) Coordinate on security issues including cross-border crime and terrorism threats
(o) Facilitate Nigerian students' education in Beninese universities
(p) Liaise with Benin government on sensitive border and economic issues
(q) Coordinate through ECOWAS on regional integration and border management
(r) Facilitate high-level visits addressing bilateral challenges
(s) Promote cooperation on border security, customs integration and combating smuggling
(t) Advance Nigeria's interests in ECOWAS, West African border management and economic integration"
119009032,412. FOREIGN MISSION: DAKAR,"Nigeria's Foreign Mission in Dakar, Senegal, is a diplomatic mission representing Federal Republic of Nigeria in Republic of Senegal. Located in Dakar, Senegal's capital and West Africa's westernmost Atlantic port, operating under Federal Ministry of Foreign Affairs. The mission manages Nigeria's relationship with francophone West African leader. Senegal is West Africa's most stable democracy and francophone influence leader. Both countries are ECOWAS founding members cooperating extensively on regional integration. Nigerian traders operate in Dakar's markets. Senegal often mediates West African conflicts. President Macky Sall served as African Union chairman. Both countries cooperate on regional security, maritime issues and economic integration. However, Nigeria and Senegal sometimes compete for West African francophone-anglophone leadership. Dakar hosts regional organizations and conferences. Senegal's democratic stability contrasts with instability elsewhere in Sahel making it important diplomatic hub.

**Core Mandate:** To represent Nigeria's interests in Senegal, coordinate ECOWAS cooperation, engage francophone West Africa leadership, promote bilateral trade and advance regional stability partnerships.

**Statutory Functions:**
(a) Represent Federal Republic of Nigeria maintaining strategic partnership with Senegal
(b) Coordinate Nigeria-Senegal leadership in ECOWAS on regional integration
(c) Protect rights and interests of Nigerian traders and citizens in Senegal
(d) Provide consular services to Nigerian diaspora in Dakar
(e) Promote bilateral trade and investment between West Africa's largest economies
(f) Engage Senegal as francophone West Africa democratic leader
(g) Implement Nigeria's West African francophone engagement strategy
(h) Monitor Senegalese political and economic developments
(i) Report to Federal Ministry of Foreign Affairs on Senegal and francophone West Africa
(j) Coordinate on regional security including Sahel stability and maritime security
(k) Engage Senegal's mediation efforts in West African conflicts
(l) Provide assistance to Nigerian traders in Senegalese markets
(m) Issue emergency travel documents to Nigerians
(n) Promote Senegal-Nigeria cooperation on regional organizations and summits
(o) Balance cooperation with competition for West African leadership
(p) Liaise with Senegalese government on bilateral and regional issues
(q) Coordinate with ECOWAS, West African organizations and diplomatic missions in Dakar
(r) Facilitate high-level presidential and diplomatic visits
(s) Promote cooperation in ECOWAS, maritime security and West African stability
(t) Advance Nigeria's interests in ECOWAS leadership, West African integration and francophone-anglophone cooperation"
119009033,413. FOREIGN MISSION: DAMASCUS,"Nigeria's Foreign Mission in Damascus, Syria, is a diplomatic mission representing Federal Republic of Nigeria in Syrian Arab Republic. Located in Damascus, Syria's capital and world's oldest continuously inhabited city, operating under Federal Ministry of Foreign Affairs. The mission operates in one of world's most dangerous environments given Syria's devastating civil war since 2011. Syrian conflict has killed over 500,000 people and displaced millions creating regional refugee crisis. Most countries closed Damascus embassies; Nigeria maintaining presence demonstrates solidarity with Syrian people. Limited Nigerian community remains mainly those unable to evacuate. Mission operates under severe security constraints. Syria's conflict connects to broader Middle East instability, terrorism concerns and great power rivalries relevant to Nigerian foreign policy understanding. The mission provides critical observation post for Middle East dynamics despite operational difficulties.

**Core Mandate:** To represent Nigeria's interests in Syria, monitor devastating civil war, maintain diplomatic presence during conflict, protect remaining Nigerians and observe Middle East security dynamics.

**Statutory Functions:**
(a) Represent Federal Republic of Nigeria maintaining diplomatic presence during Syrian civil war
(b) Protect remaining Nigerian citizens unable or unwilling to evacuate from Syria
(c) Provide limited consular services amid active conflict
(d) Monitor Syrian civil war dynamics, humanitarian catastrophe and regional implications
(e) Report to Federal Ministry of Foreign Affairs on Syria conflict and Middle East security
(f) Maintain solidarity with Syrian people while monitoring complex conflict
(g) Operate mission under extraordinary security constraints
(h) Facilitate evacuation of Nigerians requesting assistance
(i) Issue emergency travel documents when possible
(j) Monitor terrorism groups including ISIS operating in Syria
(k) Observe regional power rivalries (Russia, Iran, Turkey, US) in Syrian conflict
(l) Track refugee crisis affecting regional stability
(m) Maintain minimal bilateral relations with Syrian government
(n) Coordinate with remaining diplomatic missions and humanitarian organizations
(o) Assess conflict lessons for Nigerian security challenges
(p) Liaise carefully with Syrian government amid international isolation
(q) Operate with extreme security protocols
(r) Demonstrate Nigerian commitment to Arab world despite Western embassy closures
(s) Monitor chemical weapons use and international responses
(t) Maintain Nigerian diplomatic presence as observation post for Middle East conflicts despite severe operational challenges"
119009034,414. FOREIGN MISSION: DAR ES SALAAM,"Nigeria's Foreign Mission in Dar es Salaam, Tanzania, is a diplomatic mission representing Federal Republic of Nigeria in United Republic of Tanzania. Located in Dar es Salaam, Tanzania's largest city and former capital (capital moved to Dodoma), operating under Federal Ministry of Foreign Affairs. The mission manages Nigeria's relationship with East African stable democracy. Tanzania under Nyerere strongly supported African liberation movements including helping Nigeria during civil war. Both countries are major African nations cooperating in AU and UN. Nigerian traders increasingly operate in Tanzanian markets. Tanzania has agricultural potential, tourism expertise and stable governance. As East African Community member, Tanzania provides Nigeria gateway to East African market. Zanzibar's semi-autonomous status creates unique context. Tanzania's Swahili culture and peaceful multi-ethnic coexistence offers lessons for Nigeria. Both countries cooperate on South-South development.

**Core Mandate:** To represent Nigeria's interests in Tanzania, promote bilateral trade, facilitate East African market access, leverage historical solidarity and advance South-South cooperation.

**Statutory Functions:**
(a) Represent Federal Republic of Nigeria maintaining friendly relations with Tanzania
(b) Leverage historical Tanzania support for Nigeria during civil war
(c) Protect rights and interests of growing Nigerian trading community in Tanzania
(d) Provide consular services to Nigerian diaspora and traders
(e) Promote Nigerian access to East African Community market through Tanzania
(f) Facilitate bilateral trade and investment expansion
(g) Implement Nigeria's East African engagement strategy
(h) Monitor Tanzanian political and economic developments
(i) Report to Federal Ministry of Foreign Affairs on Tanzania and East Africa
(j) Promote Nigerian investment in Tanzanian agriculture, mining and tourism
(k) Learn from Tanzania's multi-ethnic peaceful coexistence for Nigerian context
(l) Provide assistance to Nigerian traders and citizens
(m) Issue emergency travel documents to Nigerians
(n) Facilitate educational cooperation between Nigerian and Tanzanian institutions
(o) Promote cultural exchanges leveraging Swahili culture
(p) Liaise with Tanzanian government and Zanzibar authorities
(q) Coordinate with East African Community organizations and diplomatic missions
(r) Facilitate high-level visits and presidential diplomacy
(s) Promote cooperation in AU, UN and South-South development forums
(t) Advance Nigeria's interests in East African market access, pan-African cooperation and South-South solidarity"
119009120,"415. FOREIGN MISSION: DOHA, QATAR","Nigeria's Foreign Mission in Doha, Qatar, is a diplomatic mission representing Federal Republic of Nigeria in State of Qatar. Located in Doha, Qatar's capital and modern Gulf city, operating under Federal Ministry of Foreign Affairs. The mission manages Nigeria's relationship with wealthy Gulf state and major gas producer. Qatar has world's third-largest natural gas reserves making it globally significant LNG exporter with expertise Nigeria seeks for its gas sector. Qatar Airways operates Nigerian routes. Qatar provides Islamic humanitarian assistance to Nigeria. Some Nigerian Muslims perform Hajj through Qatar connections. Qatar Investment Authority is sovereign wealth fund with global reach potentially investing in Nigeria. However, Qatar faced Gulf crisis (2017-2021) when Saudi Arabia and UAE blockaded it affecting regional dynamics. The mission promotes gas sector cooperation, attracts Qatari investment and facilitates Islamic cooperation.

**Core Mandate:** To represent Nigeria's interests in Qatar, promote gas sector cooperation, attract Qatari investment, facilitate Islamic humanitarian assistance and engage Gulf relations.

**Statutory Functions:**
(a) Represent Federal Republic of Nigeria maintaining diplomatic relations with Qatar
(b) Promote Nigeria-Qatar cooperation on gas sector development and LNG technology
(c) Protect rights and interests of Nigerian citizens in Qatar
(d) Provide consular services to Nigerians including workers and visitors
(e) Attract Qatar Investment Authority sovereign wealth fund investments to Nigeria
(f) Facilitate partnerships in gas infrastructure, LNG and petrochemicals
(g) Implement Nigeria's Gulf engagement strategy
(h) Monitor Qatari political, economic and energy developments
(i) Report to Federal Ministry of Foreign Affairs on Qatar and Gulf region
(j) Navigate Qatar's position in Gulf regional dynamics and relations with Saudi Arabia
(k) Promote Qatar Airways expansion of Nigerian routes
(l) Facilitate Islamic humanitarian assistance from Qatari organizations to Nigeria
(m) Provide assistance to Nigerian workers and citizens in Qatar
(n) Issue emergency travel documents to Nigerians
(o) Promote Nigerian participation in Qatar-hosted conferences and events
(p) Liaise with Qatari government on bilateral investment and cooperation
(q) Coordinate with Gulf diplomatic missions and organizations in Doha
(r) Facilitate high-level visits and business delegations
(s) Promote cooperation in gas technology, Islamic cooperation and infrastructure investment
(t) Advance Nigeria's interests in Gulf relations, gas producers cooperation and Islamic development partnerships"
119009035,416. FOREIGN MISSION: DOUALA,"Nigeria's Foreign Mission in Douala, Cameroon, is a consular mission representing Federal Republic of Nigeria in Cameroon's economic capital. Located in Douala, Cameroon's largest city, major port and commercial center, operating under Federal Ministry of Foreign Affairs and Embassy (likely in Yaoundé). Douala is Cameroon's economic hub and gateway port handling most of country's trade. The mission serves significant Nigerian business community engaged in cross-border trade. Nigeria-Cameroon share extensive border with major commercial flows. Douala's port importance for Central Africa trade makes it strategic for Nigerian commercial interests. Large numbers of Nigerians transit through or reside in Douala for business. The consulate focuses primarily on commercial and consular services supporting Nigerian traders and business community rather than political functions handled by embassy.

**Core Mandate:** To provide consular services to Nigerians in Cameroon's economic capital, support Nigerian business community, facilitate trade and protect commercial interests in Douala.

**Statutory Functions:**
(a) Provide consular services to large Nigerian community in Douala commercial hub
(b) Issue and renew Nigerian passports for diaspora in Douala region
(c) Process visa applications for Cameroonians seeking entry to Nigeria
(d) Protect rights and interests of Nigerian traders and business community
(e) Support Nigerian commercial activities in Douala and Littoral Region
(f) Facilitate cross-border trade between Nigeria and Cameroon through Douala
(g) Register Nigerian citizens residing in Douala and surrounding areas
(h) Provide assistance to distressed Nigerian business people
(i) Issue emergency travel certificates to Nigerians
(j) Coordinate with Nigerian embassy on political and security matters
(k) Monitor commercial developments in Cameroon's economic capital
(l) Report to embassy on economic, trade and consular issues in Douala
(m) Liaise with Douala port authorities on Nigerian cargo interests
(n) Support Nigerian exporters and importers using Douala port
(o) Provide notarial services and legal documentation for Nigerian businesses
(p) Address commercial disputes involving Nigerians
(q) Coordinate with Cameroonian authorities in Littoral Region
(r) Facilitate business networking between Nigerian and Cameroonian traders
(s) Handle death, marriage and birth registration for Nigerian diaspora in region
(t) Advance Nigeria's commercial interests in Cameroon's economic heartland"
119009036,417. FOREIGN MISSION: DUBAI TRADE MISSION,"Nigeria's Trade Mission in Dubai, United Arab Emirates, is a specialized diplomatic mission representing Federal Republic of Nigeria's commercial interests in Dubai. Located in Dubai, UAE's commercial capital and Middle East's business hub, operating under Federal Ministry of Foreign Affairs alongside Embassy in Abu Dhabi. Dubai is global trading, logistics, aviation and financial center. Thousands of Nigerian traders operate in Dubai's markets, free zones and commercial districts. Dubai serves as trade gateway for Nigerian imports from Asia and Middle East. Some Nigerians misuse Dubai as base for illicit trade and money laundering requiring mission attention. Emirates Airlines hub in Dubai connects Nigeria to global destinations. Dubai's Jebel Ali Port handles significant Nigerian-bound cargo. The mission focuses specifically on trade promotion, commercial services, and supporting Nigerian business community rather than broader political diplomacy handled by Abu Dhabi embassy.

**Core Mandate:** To promote Nigeria-UAE trade, support Nigerian business community in Dubai, facilitate commercial partnerships, combat illicit trade and advance Nigerian commercial interests in Middle East business hub.

**Statutory Functions:**
(a) Promote bilateral trade between Nigeria and UAE through Dubai commercial hub
(b) Support thousands of Nigerian traders operating in Dubai markets and free zones
(c) Provide commercial and limited consular services to Nigerian business community
(d) Facilitate Nigerian exports to UAE and re-export markets
(e) Promote Nigerian imports from Asia and Middle East through Dubai gateway
(f) Combat illicit trade, smuggling and money laundering by some Nigerians
(g) Coordinate with UAE authorities on commercial regulations and compliance
(h) Monitor Nigerian traders' activities ensuring legal commercial practices
(i) Report to Federal Ministry of Foreign Affairs on trade and commercial matters
(j) Facilitate partnerships between Nigerian and UAE businesses
(k) Promote Nigerian products in Dubai trade fairs and exhibitions
(l) Support Nigerian participation in Dubai's massive trade infrastructure
(m) Coordinate with Abu Dhabi embassy on political matters while focusing on commerce
(n) Liaise with Jebel Ali Port and Dubai airports on Nigerian cargo
(o) Address commercial disputes involving Nigerian traders
(p) Provide trade information and market intelligence to Nigerian exporters
(q) Coordinate with Dubai free zone authorities where many Nigerians operate
(r) Facilitate business networking and commercial delegations
(s) Monitor and combat Nigerian involvement in illicit financial flows
(t) Advance Nigeria's trade interests in UAE, Middle East commercial gateway and global trade hub"
119009037,418. FOREIGN MISSION: DUBLIN,"Nigeria's Foreign Mission in Dublin, Ireland, is a diplomatic mission representing Federal Republic of Nigeria in Republic of Ireland. Located in Dublin, Ireland's capital, operating under Federal Ministry of Foreign Affairs. The mission manages Nigeria's relationship with EU member state. Significant Nigerian community lives in Ireland including healthcare workers, students and families. Many Nigerian nurses work in Irish healthcare system addressing Ireland's medical workforce needs. Ireland has become destination for Nigerian asylum seekers with contentious debates about immigration. Some Nigerian students study in Irish universities. Ireland provides development assistance to Nigeria. Both countries are UN members cooperating on development issues. Ireland's experience with diaspora management (Irish global diaspora) interests Nigeria's diaspora engagement. The mission addresses primarily consular and migration issues while promoting limited commercial ties.

**Core Mandate:** To represent Nigeria's interests in Ireland, protect Nigerian diaspora particularly healthcare workers, manage migration and asylum issues, promote educational ties and coordinate EU engagement through Ireland.

**Statutory Functions:**
(a) Represent Federal Republic of Nigeria maintaining diplomatic relations with Ireland
(b) Protect rights and welfare of significant Nigerian community particularly healthcare workers
(c) Provide consular services to substantial Nigerian diaspora population
(d) Support Nigerian nurses and healthcare professionals working in Irish health system
(e) Manage migration issues including asylum applications and immigration debates
(f) Promote educational cooperation with Irish universities
(g) Implement Nigeria's EU engagement through Ireland as member state
(h) Monitor Irish immigration policies and public debates about Nigerian asylum seekers
(i) Report to Federal Ministry of Foreign Affairs on Ireland and migration issues
(j) Coordinate Irish development assistance to Nigeria
(k) Facilitate skilled healthcare worker migration through official channels
(l) Provide assistance to Nigerian asylum seekers and migrants
(m) Issue emergency travel documents to Nigerians
(n) Address trafficking in persons cases involving Nigerians
(o) Learn from Ireland's diaspora engagement for Nigerian diaspora policy
(p) Liaise with Irish government on immigration, healthcare workforce and bilateral issues
(q) Coordinate with EU institutions and international organizations through Ireland
(r) Facilitate limited diplomatic and business exchanges
(s) Promote Nigeria's positive image amid contentious immigration debates
(t) Advance Nigeria's interests in Irish healthcare partnerships, diaspora engagement and EU relations"
119009038,419. FOREIGN MISSION: FREETOWN,"Nigeria's Foreign Mission in Freetown, Sierra Leone, is a diplomatic mission representing Federal Republic of Nigeria in Republic of Sierra Leone. Located in Freetown, Sierra Leone's capital and Atlantic coastal city, operating under Federal Ministry of Foreign Affairs. The mission manages Nigeria's crucial relationship with ECOWAS member that Nigeria helped stabilize. Nigeria led ECOMOG peacekeeping intervention in Sierra Leone's devastating civil war (1991-2002) making supreme sacrifice with Nigerian soldiers' lives lost. This intervention ended brutal RUF rebellion known for amputations and child soldiers. Strong Nigerian troops presence brought peace. Grateful Sierra Leoneans remember Nigerian sacrifice. Both countries have deep historical ties through Creole population's connections and regional cooperation. Significant Nigerian trading community operates in Freetown. The mission enjoys special status given Nigeria's peacekeeping legacy and Sierra Leone's appreciation.

**Core Mandate:** To represent Nigeria's interests in Sierra Leone, maintain special relationship from peacekeeping legacy, protect Nigerian traders, promote bilateral cooperation and advance regional stability.

**Statutory Functions:**
(a) Represent Federal Republic of Nigeria maintaining special relationship with Sierra Leone
(b) Leverage Nigeria's ECOMOG peacekeeping legacy and sacrifice in Sierra Leone civil war
(c) Protect rights and interests of substantial Nigerian trading community in Freetown
(d) Provide consular services to Nigerian diaspora
(e) Promote bilateral trade between grateful Sierra Leone and Nigeria
(f) Maintain strong people-to-people ties from peacekeeping era
(g) Implement Nigeria's West African peacekeeping and stability policies
(h) Monitor Sierra Leone's post-conflict reconstruction and democratic development
(i) Report to Federal Ministry of Foreign Affairs on Sierra Leone and Mano River region
(j) Coordinate Nigeria-Sierra Leone cooperation in ECOWAS and Mano River Union
(k) Support Sierra Leone's continued stability and development
(l) Provide assistance to Nigerian traders and citizens
(m) Issue emergency travel documents to Nigerians
(n) Promote Nigerian investment in Sierra Leone's reconstruction
(o) Facilitate educational and cultural cooperation
(p) Liaise with Sierra Leonean government maintaining warm bilateral relations
(q) Coordinate with ECOWAS, UN and international organizations in Freetown
(r) Facilitate high-level visits celebrating peacekeeping legacy
(s) Promote cooperation in regional security and ECOWAS integration
(t) Advance Nigeria's interests in West African peacekeeping legacy, regional stability and special bilateral relationship"
119009039,420. FOREIGN MISSION: GABORONE,"Nigeria's Foreign Mission in Gaborone, Botswana, is a diplomatic mission representing Federal Republic of Nigeria in Republic of Botswana. Located in Gaborone, Botswana's capital, operating under Federal Ministry of Foreign Affairs. The mission manages Nigeria's relationship with Southern African stable democracy. Botswana is Africa's success story with diamond wealth managed prudently creating prosperity unlike many resource-rich but poor African states. Botswana's good governance, economic management and diamond industry expertise interests Nigeria seeking lessons. Limited Nigerian community exists mainly students and business people. Both countries cooperate in AU and Southern African Development Community (SADC)-ECOWAS partnerships. Botswana's experience with managing mineral wealth sustainably contrasts with Nigeria's oil curse providing governance lessons. The mission promotes South-South cooperation, investment and learning from Botswana's development model.

**Core Mandate:** To represent Nigeria's interests in Botswana, learn from successful resource management model, promote bilateral investment, facilitate SADC-ECOWAS cooperation and advance Southern African engagement.

**Statutory Functions:**
(a) Represent Federal Republic of Nigeria maintaining diplomatic relations with Botswana
(b) Study Botswana's successful management of diamond wealth for Nigerian lessons
(c) Protect rights and interests of limited Nigerian community in Botswana
(d) Provide consular services to Nigerians including students
(e) Promote bilateral trade and investment between Nigeria and Botswana
(f) Facilitate Nigerian investment in Botswana's stable economy
(g) Implement Nigeria's Southern African engagement strategy
(h) Monitor Botswanan political and economic developments
(i) Report to Federal Ministry of Foreign Affairs on Botswana development model
(j) Learn from Botswana's good governance and anti-corruption successes
(k) Promote Botswana investment in Nigerian economy
(l) Provide assistance to Nigerian citizens in Botswana
(m) Issue emergency travel documents to Nigerians
(n) Facilitate educational cooperation with Botswanan universities
(o) Study Botswana's resource management avoiding ""resource curse""
(p) Liaise with Botswanan government on bilateral cooperation
(q) Coordinate SADC-ECOWAS cooperation on regional integration
(r) Facilitate limited high-level diplomatic exchanges
(s) Promote cooperation in AU, SADC-ECOWAS partnerships and mining sector governance
(t) Advance Nigeria's interests in learning from Africa's development success stories and Southern African regional cooperation"
119009040,421. FOREIGN MISSION: GENEVA,"Nigeria's Foreign Mission in Geneva, Switzerland, is one of Nigeria's most strategic diplomatic missions representing Federal Republic of Nigeria to United Nations and international organizations in Geneva. Located in Geneva, Switzerland's second-largest city and global multilateral diplomacy hub hosting UN European headquarters, WTO, WHO, ILO, UNHCR and numerous international organizations. Operating under Federal Ministry of Foreign Affairs, the mission's importance stems from Geneva's role as multilateral center. Nigeria engages UN Human Rights Council, WTO trade negotiations, WHO health assemblies, ILO labor standards and humanitarian agencies. The mission defends Nigeria's positions on human rights, trade, health, labor and humanitarian issues. Geneva hosts more international organizations than any city except New York. The mission requires highly skilled diplomats for complex multilateral negotiations affecting Nigerian interests globally.

**Core Mandate:** To represent Nigeria's interests at UN and international organizations in Geneva, engage multilateral diplomacy, defend Nigerian positions and advance interests in global governance.

**Statutory Functions:**
(a) Represent Federal Republic of Nigeria to United Nations office and agencies in Geneva
(b) Engage UN Human Rights Council defending Nigeria against human rights criticisms
(c) Participate in World Trade Organization negotiations on trade rules affecting Nigeria
(d) Represent Nigeria at World Health Organization assemblies on global health
(e) Engage International Labour Organization on labor standards and employment
(f) Coordinate with UNHCR on refugee issues and humanitarian responses
(g) Participate in UN Conference on Trade and Development affecting developing countries
(h) Engage World Intellectual Property Organization on patent and IP issues
(i) Report to Federal Ministry of Foreign Affairs on multilateral developments
(j) Defend Nigeria's sovereignty and interests in UN human rights mechanisms
(k) Negotiate trade agreements and dispute settlement at WTO
(l) Advance Nigeria's positions on climate change, disarmament and humanitarian law
(m) Coordinate with other African missions on continental positions
(n) Engage in complex multilateral negotiations requiring diplomatic expertise
(o) Promote Nigeria's development agenda in Geneva-based organizations
(p) Monitor and report on global governance developments affecting Nigeria
(q) Coordinate with permanent missions of other countries on shared interests
(r) Facilitate Nigerian participation in specialized UN conferences and meetings
(s) Defend against potential international sanctions or resolutions targeting Nigeria
(t) Advance Nigeria's interests in UN system, WTO, global health governance and multilateral diplomacy"
119009124,"422. FOREIGN MISSION: GUANGZHOU, CHINA","Nigeria's Consulate General in Guangzhou, China, is a specialized consular mission representing Federal Republic of Nigeria in southern China's commercial capital. Located in Guangzhou (Canton), Guangdong Province's capital and major trading city, operating under Federal Ministry of Foreign Affairs and Embassy in Beijing. Guangzhou hosts Africa's largest diaspora community in China with tens of thousands of African traders predominantly West Africans including massive Nigerian community. Nigerian traders dominate certain market districts importing Chinese goods for re-export to Nigeria and Africa. However, the community faces challenges including discrimination, police raids, visa issues and alleged racial profiling. The mission deals primarily with protecting Nigerian traders' rights, addressing discrimination, providing consular services and managing commercial disputes rather than political diplomacy handled by Beijing embassy.

**Core Mandate:** To protect massive Nigerian trading community in Guangzhou, address discrimination and rights violations, provide consular services, facilitate trade and defend Nigerian traders' interests in China's commercial hub.

**Statutory Functions:**
(a) Provide consular services to tens of thousands of Nigerian traders in Guangzhou
(b) Protect rights of Nigerian community facing discrimination and racial profiling
(c) Address police raids, detentions and deportations targeting Nigerian traders
(d) Issue and renew Nigerian passports for large diaspora community
(e) Process visa applications for Chinese visiting Nigeria
(f) Provide assistance to Nigerian traders facing legal challenges
(g) Address cases of Nigerian traders detained on immigration violations
(h) Register massive Nigerian community in Guangzhou and surrounding areas
(i) Report to Beijing embassy on consular, trade and discrimination issues
(j) Facilitate legitimate trade between Nigerian importers and Chinese exporters
(k) Combat illegal activities by minority of Nigerian community damaging reputation
(l) Liaise with Guangdong provincial and Guangzhou municipal authorities
(m) Address health issues including African community COVID-19 targeting incidents
(n) Issue emergency travel documents during raids and deportation sweeps
(o) Coordinate with Chinese police on community security and relations
(p) Provide welfare assistance to distressed Nigerian traders
(q) Address commercial disputes between Nigerian traders and Chinese suppliers
(r) Promote legal trade while combating drug trafficking and other crimes
(s) Handle death, marriage and birth registration for diaspora
(t) Defend Nigerian community against discrimination while ensuring lawful conduct and commercial interests"
119009042,423. FOREIGN MISSION: HANOI,"Nigeria's Foreign Mission in Hanoi, Vietnam, is a diplomatic mission representing Federal Republic of Nigeria in Socialist Republic of Vietnam. Located in Hanoi, Vietnam's capital, operating under Federal Ministry of Foreign Affairs. The mission manages Nigeria's relationship with rapidly developing Southeast Asian economy. Vietnam has transformed from war-torn country to major manufacturing hub with expertise in rice production, textile manufacturing and infrastructure development. Some Nigerian students study in Vietnamese universities attracted by scholarships and affordable costs. Limited trade exists between countries below potential. Vietnam's experience with post-war reconstruction and economic reforms (Doi Moi) interests Nigeria. Both are developing countries cooperating in UN and South-South forums. Vietnam's manufacturing competitiveness threatens Nigerian textile industry but offers partnership opportunities. The mission promotes Vietnamese investment in Nigerian infrastructure and facilitates South-South cooperation.

**Core Mandate:** To represent Nigeria's interests in Vietnam, promote trade and investment, learn from Vietnamese development model, facilitate educational cooperation and advance South-South partnerships.

**Statutory Functions:**
(a) Represent Federal Republic of Nigeria maintaining diplomatic relations with Vietnam
(b) Promote Vietnamese investment in Nigerian infrastructure and manufacturing
(c) Protect rights and interests of limited Nigerian community including students
(d) Provide consular services to Nigerians in Vietnam
(e) Facilitate bilateral trade addressing trade imbalance favoring Vietnam
(f) Learn from Vietnam's post-war reconstruction and economic reform success
(g) Implement Nigeria's Southeast Asian engagement strategy
(h) Monitor Vietnamese economic development and manufacturing sector
(i) Report to Federal Ministry of Foreign Affairs on Vietnam and lessons for Nigeria
(j) Promote educational cooperation supporting Nigerian students in Vietnam
(k) Address competition from Vietnamese textile exports to Nigerian market
(l) Provide assistance to Nigerian students and business people
(m) Issue emergency travel documents to Nigerians
(n) Facilitate technology transfer in agriculture particularly rice production
(o) Study Vietnam's Doi Moi economic reforms for Nigerian policy lessons
(p) Liaise with Vietnamese government on bilateral cooperation
(q) Coordinate with ASEAN member states missions on regional issues
(r) Facilitate limited high-level diplomatic exchanges
(s) Promote cooperation in UN, South-South development and developing countries forums
(t) Advance Nigeria's interests in Vietnamese manufacturing partnerships, infrastructure development and learning from successful development models"
119009043,424. FOREIGN MISSION: HARARE,"Nigeria's Foreign Mission in Harare, Zimbabwe, is a diplomatic mission representing Federal Republic of Nigeria in Republic of Zimbabwe. Located in Harare, Zimbabwe's capital, operating under Federal Ministry of Foreign Affairs. The mission manages Nigeria's relationship with troubled Southern African state. Zimbabwe under Robert Mugabe (1980-2017) was liberation hero turned authoritarian ruler presiding over economic collapse. Despite vast agricultural and mineral resources, Zimbabwe suffered hyperinflation, land reform chaos and economic mismanagement. Nigerian traders have operated in Zimbabwe despite economic challenges. Both countries cooperate in AU and SADC-ECOWAS partnerships. Zimbabwe's decline from ""breadbasket"" to basket case provides cautionary governance lessons for Nigeria. Post-Mugabe Zimbabwe under Mnangagwa still struggles with economic crisis. The mission operates in difficult environment maintaining diplomatic presence.

**Core Mandate:** To represent Nigeria's interests in Zimbabwe, maintain diplomatic presence despite economic crisis, protect Nigerian traders, monitor political developments and facilitate limited cooperation.

**Statutory Functions:**
(a) Represent Federal Republic of Nigeria maintaining diplomatic relations with Zimbabwe
(b) Protect rights and interests of Nigerian traders operating in crisis economy
(c) Provide consular services to Nigerians despite operational challenges
(d) Monitor Zimbabwe's continued economic crisis and political developments
(e) Report to Federal Ministry of Foreign Affairs on Zimbabwe and lessons on governance failures
(f) Maintain limited bilateral cooperation given Zimbabwe's constraints
(g) Implement Nigeria's Southern African engagement strategy
(h) Study Zimbabwe's economic collapse as cautionary governance tale
(i) Facilitate minimal trade given Zimbabwe's foreign currency crisis
(j) Provide assistance to Nigerian citizens facing economic hardships
(k) Issue emergency travel documents amid cash shortages
(l) Monitor post-Mugabe political transition and continued authoritarian governance
(m) Maintain diplomatic solidarity with Zimbabwe despite governance concerns
(n) Coordinate SADC-ECOWAS cooperation on regional integration
(o) Balance support for Zimbabwean people with critique of governance failures
(p) Liaise with Zimbabwe government amid international isolation
(q) Coordinate with remaining diplomatic missions in Harare
(r) Operate mission under difficult conditions (currency crisis, shortages)
(s) Learn from Zimbabwe's land reform disaster for Nigerian agricultural policy
(t) Advance limited Nigerian interests in AU, SADC-ECOWAS cooperation and Southern African relations"
119009044,425. FOREIGN MISSION: HAVANA,"Nigeria's Foreign Mission in Havana, Cuba, is a diplomatic mission representing Federal Republic of Nigeria in Republic of Cuba. Located in Havana, Cuba's capital, operating under Federal Ministry of Foreign Affairs. The mission manages Nigeria's relationship with Caribbean communist state under US embargo. Cuba historically supported African liberation movements including Angola where Cuban troops fought. Nigeria and Cuba maintain South-South solidarity ties. Cuban medical professionals have worked in Nigeria and other African countries. Cuba has healthcare and biotechnology expertise despite poverty from US sanctions and economic mismanagement. Some Nigerian students study medicine in Cuba attracted by free or low-cost education. Both countries cooperate in UN and Non-Aligned Movement. Cuba's experience with sanctions and economic survival strategies interests Nigeria. The mission maintains limited engagement focused on healthcare cooperation and South-South solidarity.

**Core Mandate:** To represent Nigeria's interests in Cuba, maintain South-South solidarity, promote healthcare cooperation, support Nigerian medical students and coordinate developing countries cooperation.

**Statutory Functions:**
(a) Represent Federal Republic of Nigeria maintaining diplomatic relations with Cuba
(b) Maintain South-South solidarity with Cuba despite US sanctions
(c) Protect rights and welfare of Nigerian students studying medicine in Cuba
(d) Provide consular services to limited Nigerian community
(e) Promote Cuban healthcare expertise deployment to Nigeria
(f) Facilitate medical education cooperation for Nigerian students
(g) Implement Nigeria's Caribbean and Latin American solidarity policies
(h) Monitor Cuban political and economic situation under continued US embargo
(i) Report to Federal Ministry of Foreign Affairs on Cuba and Caribbean
(j) Learn from Cuba's survival under sanctions for Nigerian economic resilience
(k) Promote limited bilateral cooperation given Cuba's economic constraints
(l) Provide assistance to Nigerian medical students
(m) Issue emergency travel documents to Nigerians
(n) Facilitate Cuban medical professionals' deployment to Nigeria
(o) Coordinate developing countries positions in UN and NAM
(p) Liaise with Cuban government on healthcare cooperation
(q) Maintain symbolic presence demonstrating Nigeria's South-South solidarity
(r) Facilitate limited diplomatic exchanges
(s) Study Cuba's healthcare system achievements despite economic poverty
(t) Advance Nigeria's interests in South-South cooperation, NAM, developing countries solidarity and healthcare partnerships"
119009045,426. FOREIGN MISSION: HONG KONG,"Nigeria's Consulate General in Hong Kong is a specialized mission representing Federal Republic of Nigeria in Hong Kong Special Administrative Region of China. Located in Hong Kong, global financial center and Asian trading hub, operating under Federal Ministry of Foreign Affairs and Embassy in Beijing. Hong Kong has unique status as Chinese territory with separate customs, legal system and autonomy (until recent Chinese restrictions). Nigerian traders operate in Hong Kong using it as gateway for Asian imports. Hong Kong serves as financial center for Nigerian businesses' Asian operations. Some Nigerians transit through Hong Kong. However, Hong Kong's special status eroded after 2019 protests and China's imposition of national security law changing political dynamics. The mission focuses on commercial services, protecting Nigerian traders and maintaining presence in strategic financial center now under tighter Chinese control.

**Core Mandate:** To provide consular services to Nigerians in Hong Kong, support Nigerian business community, facilitate Asian trade gateway access, promote commercial ties and navigate Hong Kong's changing status.

**Statutory Functions:**
(a) Provide consular services to Nigerian traders and visitors in Hong Kong
(b) Issue and renew Nigerian passports for diaspora and visitors
(c) Process visa applications for Hong Kong residents visiting Nigeria
(d) Protect rights and interests of Nigerian business community
(e) Support Nigerian traders using Hong Kong as Asian imports gateway
(f) Facilitate financial services for Nigerian businesses' Asian operations
(g) Monitor Hong Kong's changing political status under tighter Chinese control
(h) Report to Beijing embassy on Hong Kong developments affecting Nigerian interests
(i) Coordinate with Embassy in Beijing on policy matters
(j) Facilitate trade between Nigeria and Hong Kong/Asian markets
(k) Provide assistance to Nigerian traders and business people
(l) Issue emergency travel documents to Nigerians
(m) Address commercial disputes involving Nigerians
(n) Monitor impact of national security law on Nigerian business operations
(o) Navigate Hong Kong's reduced autonomy and China's increasing control
(p) Liaise with Hong Kong SAR authorities and Chinese officials
(q) Coordinate with other consulates on commercial matters
(r) Facilitate business networking and commercial delegations
(s) Promote Nigerian exports through Hong Kong trading networks
(t) Advance Nigeria's commercial interests in Asian financial hub despite Hong Kong's political transition"
119009046,427. FOREIGN MISSION: ISLAMABAD,"Nigeria's Foreign Mission in Islamabad, Pakistan, is a diplomatic mission representing Federal Republic of Nigeria in Islamic Republic of Pakistan. Located in Islamabad, Pakistan's purpose-built capital, operating under Federal Ministry of Foreign Affairs. The mission manages Nigeria's relationship with major South Asian Muslim country. Significant Nigerian community in Pakistan includes students studying in Pakistani universities, Islamic scholars at madrasas, and pilgrims. Pakistan provides affordable higher education attracting Nigerian students. Both countries cooperate extensively in Organization of Islamic Cooperation and Islamic Development Bank. Pakistan's nuclear program, defense industry and military expertise interests Nigeria. Some Nigerian students have been radicalized in Pakistani madrasas raising security concerns. Pakistan-India tensions, terrorism challenges and political instability affect regional context. The mission promotes Islamic cooperation, protects students and facilitates defense sector collaboration.

**Core Mandate:** To represent Nigeria's interests in Pakistan, protect substantial student population, promote Islamic cooperation, facilitate defense ties and monitor radicalization concerns.

**Statutory Functions:**
(a) Represent Federal Republic of Nigeria maintaining strategic partnership with Pakistan
(b) Protect rights and welfare of substantial Nigerian student population in Pakistan
(c) Provide consular services to thousands of Nigerian students and Islamic scholars
(d) Monitor Nigerian students in Pakistani madrasas for radicalization risks
(e) Promote educational cooperation with Pakistani universities
(f) Coordinate Nigeria-Pakistan cooperation in Organization of Islamic Cooperation
(g) Facilitate defense sector cooperation leveraging Pakistan's military industry
(h) Implement Nigeria's South Asian and Islamic world engagement strategy
(i) Monitor Pakistani political developments, terrorism and regional tensions
(j) Report to Federal Ministry of Foreign Affairs on Pakistan, radicalization and regional security
(k) Address cases of Nigerian students facing difficulties
(l) Provide assistance to Nigerian citizens including religious scholars
(m) Issue emergency travel documents to Nigerians
(n) Monitor and prevent radicalization of Nigerian students in extremist madrasas
(o) Promote trade and investment between Nigeria and Pakistan
(p) Liaise with Pakistani government on student welfare and security concerns
(q) Coordinate through OIC and Islamic Development Bank on development cooperation
(r) Facilitate high-level military and diplomatic visits
(s) Monitor Pakistan-India tensions and terrorism affecting regional stability
(t) Advance Nigeria's interests in OIC, Islamic cooperation, defense partnerships and South Asian engagement"
119009047,428. FOREIGN MISSION: JAKARTA,"Nigeria's Foreign Mission in Jakarta, Indonesia, is a diplomatic mission representing Federal Republic of Nigeria in Republic of Indonesia. Located in Jakarta, Indonesia's capital and Southeast Asian megacity, operating under Federal Ministry of Foreign Affairs. The mission manages Nigeria's relationship with world's largest Muslim-majority country and fourth most populous nation. Both Nigeria and Indonesia are developing countries, major oil producers, and leaders in Muslim world. Indonesian experience with democracy, Islamic moderation and economic development interests Nigeria. Some Nigerian students study in Indonesian universities. Both countries cooperate in Organization of Islamic Cooperation, D-8 developing countries, and Non-Aligned Movement. Indonesia is ASEAN leader providing Nigeria gateway to Southeast Asian market. Palm oil competition exists as both produce palm oil. The mission promotes South-South cooperation, Islamic partnership and economic ties between continental giants.

**Core Mandate:** To represent Nigeria's interests in Indonesia, promote South-South cooperation between continental powers, facilitate Islamic partnership, learn from Indonesian development and advance bilateral ties.

**Statutory Functions:**
(a) Represent Federal Republic of Nigeria maintaining strategic partnership with Indonesia
(b) Promote bilateral cooperation between Africa's and Asia's largest Muslim nations
(c) Protect rights and interests of limited Nigerian community including students
(d) Provide consular services to Nigerians in Indonesia
(e) Learn from Indonesia's democratic transition and Islamic moderation
(f) Facilitate economic cooperation between developing country giants
(g) Implement Nigeria's Southeast Asian and Islamic world engagement
(h) Monitor Indonesian political, economic and Islamic developments
(i) Report to Federal Ministry of Foreign Affairs on Indonesia and lessons for Nigeria
(j) Coordinate Nigeria-Indonesia cooperation in OIC, D-8 and NAM
(k) Promote access to ASEAN market through Indonesia
(l) Provide assistance to Nigerian students in Indonesian universities
(m) Issue emergency travel documents to Nigerians
(n) Address palm oil competition while seeking cooperation opportunities
(o) Study Indonesia's approach to Islamic governance and pluralism
(p) Liaise with Indonesian government on bilateral cooperation
(q) Coordinate with ASEAN embassies and OIC missions in Jakarta
(r) Facilitate high-level visits between African and Asian continental leaders
(s) Promote cooperation in UN, OIC, NAM and developing countries forums
(t) Advance Nigeria's interests in South-South cooperation, Islamic partnership and learning from successful large Muslim democracy"
119009048,429. FOREIGN MISSION: JEDDAH,"Nigeria's Consulate General in Jeddah, Saudi Arabia, is a critical consular mission representing Federal Republic of Nigeria in Saudi Arabia's commercial capital. Located in Jeddah on Red Sea coast, operating under Federal Ministry of Foreign Affairs alongside Embassy in Riyadh. Jeddah is gateway to Mecca and Medina making it crucial for Nigerian pilgrims performing Hajj and Umrah. Hundreds of thousands of Nigerian Muslims visit Saudi Arabia annually for pilgrimage. The mission provides essential consular services to massive pilgrim flows, addresses deaths and medical emergencies during Hajj, and protects Nigerian workers in Saudi Arabia. Some Nigerians work in Saudi Arabia facing labor rights issues. Jeddah also hosts Nigerian students at Islamic universities. The mission's primary focus is pilgrim welfare, consular services to large temporary populations, and protecting Nigerian workers rather than political diplomacy handled by Riyadh embassy.

**Core Mandate:** To provide consular services to hundreds of thousands of Nigerian pilgrims, protect pilgrim welfare, assist Nigerian workers, facilitate Hajj operations and handle emergencies.

**Statutory Functions:**
(a) Provide critical consular services to massive Nigerian pilgrim population during Hajj and Umrah
(b) Coordinate with Saudi authorities on Nigerian pilgrims' welfare and logistics
(c) Handle deaths, medical emergencies and accidents involving Nigerian pilgrims
(4) Issue emergency travel documents to pilgrims losing documents
(e) Protect rights of Nigerian workers in Saudi Arabia facing labor exploitation
(f) Assist Nigerian workers facing arrest, detention or deportation
(g) Coordinate with Nigerian Hajj Commission on pilgrimage operations
(h) Register Nigerian citizens residing in Jeddah region
(i) Report to Riyadh embassy on consular, pilgrim and labor issues
(j) Provide 24-hour emergency services during Hajj season
(k) Address cases of missing pilgrims during Hajj
(l) Handle repatriation of deceased Nigerian pilgrims
(m) Facilitate medical treatment for sick pilgrims
(n) Liaise with Saudi authorities in Makkah Province on pilgrim matters
(o) Coordinate with Nigerian state pilgrim boards operating during Hajj
(p) Provide welfare assistance to distressed pilgrims
(q) Address commercial disputes involving Nigerian traders
(r) Support Nigerian students at Jeddah Islamic universities
(s) Coordinate with Makkah and Madinah authorities on pilgrim security
(t) Advance Nigeria's interests in facilitating safe, smooth Hajj operations for millions of Nigerian Muslims"
119009049,430. FOREIGN MISSION: JOHANNESBURG,"Nigeria's Consulate General in Johannesburg, South Africa, is one of Nigeria's most important consular missions representing Federal Republic of Nigeria in South Africa's economic capital. Located in Johannesburg, Africa's economic powerhouse and financial center, operating under Federal Ministry of Foreign Affairs alongside Embassy in Pretoria. Johannesburg hosts large Nigerian diaspora including traders, students, professionals and families. However, Nigeria-South Africa relations are complicated by xenophobic attacks targeting Nigerian nationals, business rivalry between African giants, and competing continental leadership. Periodic xenophobic violence has killed Nigerians and destroyed Nigerian businesses. Nigerian traders dominate certain commercial sectors angering South Africans. Both countries are Africa's largest economies with natural rivalry. The mission's critical role involves protecting Nigerian community from violence, providing emergency services during xenophobic attacks, addressing commercial disputes and managing complex bilateral tensions.

**Core Mandate:** To protect large Nigerian diaspora from xenophobic violence, provide emergency consular services, address commercial disputes, manage complex Nigeria-South Africa relations and defend Nigerian interests in African economic capital.

**Statutory Functions:**
(a) Provide consular services to large Nigerian community in South Africa's economic center
(b) Protect Nigerian diaspora from periodic xenophobic attacks and violence
(c) Issue and renew Nigerian passports for substantial diaspora population
(d) Provide emergency assistance during xenophobic violence targeting Nigerians
(e) Coordinate evacuations of Nigerian nationals during severe xenophobic attacks
(f) Support Nigerian traders whose businesses are destroyed in xenophobic violence
(g) Register Nigerian citizens in Johannesburg and surrounding provinces
(h) Report to Pretoria embassy on consular issues, xenophobia and commercial matters
(i) Address murders and assaults of Nigerian nationals
(j) Liaise with South African police on protecting Nigerian community
(k) Coordinate with Gauteng provincial government on Nigerian community issues
(l) Provide assistance to Nigerian traders facing harassment
(m) Issue emergency travel documents during xenophobic crises
(n) Handle death, injury and property destruction cases
(o) Support Nigerian businesses targeted in attacks
(p) Address commercial disputes between Nigerian traders and South Africans
(q) Provide welfare assistance to distressed Nigerians
(r) Coordinate with South African authorities on community security
(s) Navigate complex Nigeria-South Africa rivalry affecting diaspora
(t) Defend Nigerian community interests while managing continental giants' difficult relationship in Africa's economic hub"
119009110,# NIGERIAN FEDERAL AGENCY MANDATES: AGENCIES 380-400 (FOREIGN MISSIONS),"**MDA Code:** 119009110

Nigeria's Foreign Mission in Abu Dhabi, United Arab Emirates, is a diplomatic mission representing Federal Republic of Nigeria in UAE. Located in Abu Dhabi, UAE's capital and political center, operating under Federal Ministry of Foreign Affairs. The mission manages Nigeria's strategic relationship with UAE, major oil-producing nation and Middle East economic powerhouse. UAE is significant investor in Nigeria across oil and gas, aviation, real estate, and infrastructure sectors. Emirates Airlines operates extensive Nigerian routes. UAE hosts substantial Nigerian diaspora including businesspeople, students and professionals. The mission facilitates Nigeria's engagement with UAE sovereign wealth funds, coordinates on OPEC matters, and promotes investment attraction. Abu Dhabi hosts numerous international organizations and serves as diplomatic hub for Middle East region.

**Core Mandate:** To represent Nigeria's interests in UAE, promote bilateral relations focusing on investment and energy cooperation, protect Nigerian citizens and advance foreign policy objectives in Middle East.

**Statutory Functions:**
(a) Represent Federal Republic of Nigeria maintaining diplomatic relations with UAE government
(b) Promote bilateral political, economic and energy cooperation between Nigeria and UAE
(c) Protect rights and interests of Nigerian citizens in UAE
(d) Provide consular services including passport services, visa processing and citizen registration
(e) Promote UAE investment in Nigerian oil and gas, aviation, real estate and infrastructure sectors
(f) Facilitate partnerships between Nigerian businesses and UAE companies and sovereign wealth funds
(g) Implement Nigeria's foreign policy objectives in Middle East and Gulf region
(h) Monitor political, economic and energy sector developments in UAE
(i) Report to Federal Ministry of Foreign Affairs on UAE developments affecting Nigeria
(j) Coordinate Nigeria-UAE cooperation within OPEC on oil production and pricing
(k) Promote educational and cultural exchanges between Nigeria and UAE
(l) Provide assistance to distressed Nigerian citizens including those facing legal issues
(m) Issue emergency travel documents to Nigerians
(n) Facilitate educational opportunities for Nigerian students in UAE universities
(o) Promote Nigeria's investment opportunities to UAE sovereign wealth funds and investors
(p) Liaise with UAE federal and Abu Dhabi emirate government authorities
(q) Coordinate with international organizations and diplomatic missions in Abu Dhabi
(r) Facilitate high-level visits between Nigerian and UAE leadership
(s) Promote cooperation on security, counter-terrorism financing and intelligence sharing
(t) Advance Nigeria's interests in Arab League, Islamic Cooperation Organization and multilateral forums"
119009002,382. FOREIGN MISSION: ACCRA,"Nigeria's Foreign Mission in Accra, Ghana, is a diplomatic mission representing Federal Republic of Nigeria in Ghana, one of Nigeria's most important bilateral relationships in West Africa. Located in Accra, Ghana's capital, operating under Federal Ministry of Foreign Affairs. Nigeria-Ghana relations date to both countries' independence with deep historical, cultural and economic ties. Nigeria played crucial role supporting Ghana's independence and post-independence development. Both countries are ECOWAS founding members cooperating extensively on regional integration. However, relations have experienced tensions over treatment of Nigerian traders in Ghana, periodic expulsions, and business competition. The mission serves very large Nigerian diaspora including major trading community at Accra's markets. Both countries share borders through maritime boundaries in Gulf of Guinea.

**Core Mandate:** To represent Nigeria's interests in Ghana, promote bilateral relations, protect large Nigerian diaspora community and advance regional integration objectives in West Africa.

**Statutory Functions:**
(a) Represent Federal Republic of Nigeria maintaining diplomatic relations with Ghana government
(b) Promote and strengthen bilateral political, economic and cultural relations between Nigeria and Ghana
(c) Protect rights, interests and welfare of large Nigerian community in Ghana including traders
(d) Provide consular services to substantial Nigerian diaspora population
(e) Promote bilateral trade addressing trade disputes and protecting Nigerian business interests
(f) Facilitate business partnerships and address commercial disputes between Nigerian and Ghanaian entities
(g) Implement Nigeria's foreign policy priorities in West Africa
(h) Monitor political, economic and social developments in Ghana
(i) Report on Ghana developments and Nigeria-Ghana relations to Federal Ministry of Foreign Affairs
(j) Coordinate Nigeria-Ghana cooperation within ECOWAS on regional integration initiatives
(k) Promote cultural exchanges leveraging shared historical and cultural ties
(l) Provide assistance to distressed Nigerians including those facing harassment or legal issues
(m) Issue emergency travel documents during periodic tensions or expulsions
(n) Facilitate educational cooperation between Nigerian and Ghanaian universities
(o) Promote Nigeria's positive image countering negative stereotypes about Nigerians in Ghana
(p) Liaise with Ghana government on protecting Nigerian citizens' rights and business interests
(q) Mediate disputes between Nigerian community and Ghanaian authorities or citizens
(r) Facilitate high-level diplomatic visits and presidential summits
(s) Promote cooperation on Gulf of Guinea security, illegal migration and border management
(t) Advance Nigeria's leadership role in ECOWAS and West African regional affairs"
119009003,383. FOREIGN MISSION: ADDIS ABABA,"Nigeria's Foreign Mission in Addis Ababa, Ethiopia, is a diplomatic mission representing Federal Republic of Nigeria in Ethiopia with concurrent accreditation to Djibouti. Located in Addis Ababa, Ethiopia's capital and Africa's diplomatic capital hosting African Union headquarters and UN Economic Commission for Africa. Operating under Federal Ministry of Foreign Affairs, the mission holds strategic importance as Nigeria's primary engagement point with African Union. Nigeria and Ethiopia are Africa's two most populous countries with significant continental influence. Both countries cooperate on pan-African issues, peacekeeping, and continental integration. Nigeria maintains significant presence in AU Peace and Security Council and various AU specialized agencies headquartered in Addis Ababa. The mission coordinates Nigeria's multilateral diplomacy across African Union institutions.

**Core Mandate:** To represent Nigeria's interests in Ethiopia, coordinate engagement with African Union institutions, promote bilateral relations and advance pan-African objectives.

**Statutory Functions:**
(a) Represent Federal Republic of Nigeria maintaining diplomatic relations with Ethiopia government
(b) Serve as Nigeria's primary liaison with African Union headquarters and institutions
(c) Protect rights and interests of Nigerian citizens in Ethiopia and Djibouti
(d) Provide consular services including passport and visa processing
(e) Coordinate Nigeria's participation in African Union summits, councils and specialized agencies
(f) Promote bilateral political and economic cooperation between Nigeria and Ethiopia
(g) Implement Nigeria's pan-African foreign policy agenda and AU leadership role
(h) Monitor political, economic and security developments in Horn of Africa
(i) Report to Federal Ministry of Foreign Affairs on AU developments and Ethiopia
(j) Represent Nigeria in AU Peace and Security Council and continental peace initiatives
(k) Promote Nigeria's candidacies for AU positions and continental leadership roles
(l) Provide assistance to Nigerian citizens in Ethiopia and Djibouti
(m) Issue emergency travel documents to Nigerians
(n) Facilitate partnerships with UN Economic Commission for Africa based in Addis Ababa
(o) Promote Nigeria's continental leadership on democracy, good governance and development
(p) Liaise with Ethiopian government and Djibouti authorities on bilateral issues
(q) Coordinate with international organizations, diplomatic missions and AU agencies in Addis Ababa
(r) Facilitate high-level visits between Nigerian leadership and AU/Ethiopia
(s) Promote cooperation on counter-terrorism, peacekeeping and regional security in Africa
(t) Advance Nigeria's interests in African Union, IGAD and multilateral African forums"
119009004,384. FOREIGN MISSION: ALGIERS,"Nigeria's Foreign Mission in Algiers, Algeria, is a diplomatic mission representing Federal Republic of Nigeria in Algeria, North Africa's largest country by area. Located in Algiers, Algeria's capital and Mediterranean port city, operating under Federal Ministry of Foreign Affairs. Nigeria-Algeria relations are significant within African context, both being major oil and gas producers and OPEC members. Algeria has supported Nigeria on various international issues and both cooperate on counter-terrorism in Sahel region. Algeria played role mediating Tuareg issues affecting northern Nigeria indirectly. The mission engages Algeria on trans-Saharan security threats including Boko Haram's regional connections. Both countries cooperate in African Union and advocate for African interests globally. Algeria's experience with gas infrastructure development interests Nigeria's gas sector expansion plans.

**Core Mandate:** To represent Nigeria's interests in Algeria, promote bilateral relations focusing on energy cooperation and Sahel security, and advance shared African interests.

**Statutory Functions:**
(a) Represent Federal Republic of Nigeria maintaining diplomatic relations with Algeria government
(b) Promote bilateral political, economic and energy cooperation between Nigeria and Algeria
(c) Protect rights and interests of Nigerian citizens in Algeria
(d) Provide consular services to Nigerians in Algeria
(e) Promote cooperation on oil and gas production coordination within OPEC framework
(f) Facilitate partnerships in gas infrastructure development and technology transfer
(g) Implement Nigeria's foreign policy objectives in North Africa and Maghreb region
(h) Monitor political, security and economic developments in Algeria and Sahel region
(i) Report to Federal Ministry of Foreign Affairs on Algeria and trans-Saharan security issues
(j) Coordinate Nigeria-Algeria cooperation on Sahel security and counter-terrorism
(k) Promote educational and technical cooperation leveraging Algeria's experience
(l) Provide assistance to Nigerian citizens including students in Algerian universities
(m) Issue emergency travel documents to Nigerians
(n) Facilitate exchange of expertise on gas sector development and petrochemicals
(o) Promote Nigeria's positions in African Union where both countries are influential
(p) Liaise with Algerian government on regional security and bilateral issues
(q) Coordinate with diplomatic missions and international organizations in Algiers
(r) Facilitate high-level diplomatic exchanges and state visits
(s) Promote cooperation on combating terrorism, trans-Saharan trafficking and regional stability
(t) Advance shared Nigeria-Algeria interests in AU, Arab League and multilateral forums"
119009123,"385. FOREIGN MISSION: AMMAN, JORDAN","Nigeria's Foreign Mission in Amman, Jordan, is a diplomatic mission representing Federal Republic of Nigeria in Hashemite Kingdom of Jordan. Located in Amman, Jordan's capital and largest city, operating under Federal Ministry of Foreign Affairs. The mission manages Nigeria's relationship with Jordan, moderate Arab state and Middle East stability anchor. Jordan hosts Nigerian students in medical schools and universities known for quality education at reasonable costs. The mission facilitates educational cooperation and protects Nigerian students. Jordan has expertise in water management, solar energy and agricultural technology relevant to Nigeria's development needs. Both countries cooperate in Organization of Islamic Cooperation. Jordan's strategic location bordering Israel, Syria, Iraq and Saudi Arabia makes it important diplomatic observation post for Middle East developments affecting Nigerian interests.

**Core Mandate:** To represent Nigeria's interests in Jordan, promote bilateral relations focusing on education and technical cooperation, protect Nigerian students and advance foreign policy in Middle East.

**Statutory Functions:**
(a) Represent Federal Republic of Nigeria maintaining diplomatic relations with Jordan government
(b) Promote bilateral political, educational and technical cooperation between Nigeria and Jordan
(c) Protect rights and interests of Nigerian citizens particularly students in Jordan
(d) Provide consular services including passport services and student welfare assistance
(e) Promote educational cooperation facilitating Nigerian students' admission to Jordanian universities
(f) Facilitate technical cooperation in water management, renewable energy and agriculture
(g) Implement Nigeria's foreign policy objectives in Middle East region
(h) Monitor political, security and economic developments in Jordan and broader Middle East
(i) Report to Federal Ministry of Foreign Affairs on Middle East developments
(j) Coordinate Nigeria-Jordan cooperation in Organization of Islamic Cooperation
(k) Promote cultural and people-to-people exchanges
(l) Provide assistance to Nigerian students facing academic, financial or legal difficulties
(m) Issue emergency travel documents and handle student welfare cases
(n) Facilitate partnerships in medical education and healthcare training
(o) Promote Nigeria-Jordan trade and investment opportunities
(p) Liaise with Jordanian government ministries and education authorities
(q) Coordinate with diplomatic missions and international organizations in Amman
(r) Facilitate high-level visits and diplomatic exchanges
(s) Monitor regional security developments affecting Nigerian interests including Israeli-Palestinian conflict
(t) Advance Nigeria's interests in Arab League, OIC and Middle East multilateral forums"
119009005,386. FOREIGN MISSION: ANKARA,"Nigeria's Foreign Mission in Ankara, Turkey, is a diplomatic mission representing Federal Republic of Nigeria in Republic of Turkey. Located in Ankara, Turkey's capital and political center, operating under Federal Ministry of Foreign Affairs. Nigeria-Turkey relations have expanded significantly since 2000s with growing Turkish investment in Nigeria's construction, telecommunications and manufacturing sectors. Turkish companies have executed major infrastructure projects in Nigeria. Turkey is emerging education destination for Nigerian students. Both countries cooperate in Organization of Islamic Cooperation and D-8 developing countries grouping. The mission facilitates Nigeria's engagement with Turkey's growing African economic expansion. Turkey provides development assistance and technical cooperation to Nigeria. Bilateral trade has grown though remains below potential given both countries' economic sizes.

**Core Mandate:** To represent Nigeria's interests in Turkey, promote bilateral relations focusing on infrastructure development and trade, protect Nigerian citizens and advance cooperation in Islamic and developing countries forums.

**Statutory Functions:**
(a) Represent Federal Republic of Nigeria maintaining diplomatic relations with Turkey government
(b) Promote bilateral political, economic and infrastructural cooperation between Nigeria and Turkey
(c) Protect rights and interests of Nigerian citizens in Turkey
(d) Provide consular services including passport and visa processing
(e) Promote Turkish investment in Nigerian infrastructure, construction and telecommunications sectors
(f) Facilitate partnerships between Nigerian and Turkish companies in construction and manufacturing
(g) Implement Nigeria's foreign policy objectives toward Turkey and broader Eurasia
(h) Monitor political, economic and regional developments in Turkey
(i) Report to Federal Ministry of Foreign Affairs on Turkey-Africa relations and Nigeria implications
(j) Coordinate Nigeria-Turkey cooperation in Organization of Islamic Cooperation and D-8
(k) Promote educational cooperation and protect Nigerian students in Turkish universities
(l) Provide assistance to Nigerian citizens including businesspeople and students
(m) Issue emergency travel documents to Nigerians
(n) Facilitate Turkish development assistance and technical cooperation to Nigeria
(o) Promote bilateral trade expansion beyond current levels
(p) Liaise with Turkish government ministries and development agencies
(q) Coordinate with diplomatic missions and international organizations in Ankara
(r) Facilitate high-level state visits and business delegations
(s) Promote cooperation on counter-terrorism and security intelligence sharing
(t) Advance Nigeria's interests in OIC, D-8 and multilateral developing countries groupings"
119009006,387. FOREIGN MISSION: ATHENS,"Nigeria's Foreign Mission in Athens, Greece, is a diplomatic mission representing Federal Republic of Nigeria in Hellenic Republic. Located in Athens, Greece's capital and largest city, operating under Federal Ministry of Foreign Affairs. The mission manages Nigeria's relationship with Greece, EU member state and gateway to Balkans. Greece is important for Nigeria's shipping interests as major maritime nation. Nigerian crude oil is transported by Greek-owned tankers. Some Nigerian students study in Greek universities. The mission addresses issues of Nigerian irregular migrants using Greece as transit point to Europe. Greece has experience in tourism development, maritime industry and shipping that Nigeria seeks to leverage. Both countries cooperate in UN and international forums. The mission also monitors developments in Balkans and Eastern Mediterranean affecting broader Nigerian interests in Europe.

**Core Mandate:** To represent Nigeria's interests in Greece, promote bilateral relations focusing on maritime cooperation, address migration issues and advance European engagement.

**Statutory Functions:**
(a) Represent Federal Republic of Nigeria maintaining diplomatic relations with Greece government
(b) Promote bilateral political, maritime and economic cooperation between Nigeria and Greece
(c) Protect rights and interests of Nigerian citizens in Greece
(d) Provide consular services to Nigerians including migrants
(e) Promote cooperation in maritime shipping industry leveraging Greek shipping expertise
(f) Facilitate partnerships in shipping, port management and maritime technology
(g) Implement Nigeria's foreign policy toward Greece and Balkans region
(h) Monitor political, economic and migration developments in Greece
(i) Report to Federal Ministry of Foreign Affairs on Greece and EU matters
(j) Address irregular migration issues and assist stranded Nigerian migrants
(k) Promote educational cooperation with Greek universities
(l) Provide assistance to distressed Nigerian citizens including migrants in detention
(m) Issue emergency travel documents and facilitate voluntary repatriation when needed
(n) Facilitate technical cooperation in tourism development and maritime industry
(o) Promote Nigeria-Greece trade and investment
(p) Liaise with Greek government on migration management and bilateral issues
(q) Coordinate with EU institutions, IOM and international organizations in Athens
(r) Facilitate diplomatic exchanges and business visits
(s) Promote cooperation on combating human trafficking and irregular migration
(t) Advance Nigeria's interests in UN, EU relations and Mediterranean regional forums"
119009007,388. FOREIGN MISSION: ATLANTA,"Nigeria's Consulate General in Atlanta, United States, is a consular mission representing Federal Republic of Nigeria in southeastern United States. Located in Atlanta, Georgia's capital and major business hub, operating under Federal Ministry of Foreign Affairs and Embassy in Washington DC. The mission serves substantial Nigerian diaspora across southeastern states including Georgia, Alabama, Tennessee, North Carolina, South Carolina and Florida. Atlanta hosts large Nigerian community including professionals, academics, and business owners. The region includes historically Black colleges and universities attended by Nigerian students. Atlanta is home to major US corporations (Coca-Cola, Delta Airlines, UPS) with Nigerian operations. The mission provides consular services, promotes Nigeria's image, and facilitates diaspora engagement. It coordinates with Nigerian embassy for policy implementation in southeastern region.

**Core Mandate:** To provide consular services to Nigerians in southeastern US, protect diaspora interests, promote Nigeria-US relations in region and facilitate diaspora engagement.

**Statutory Functions:**
(a) Provide consular services to Nigerian citizens in southeastern United States
(b) Issue and renew Nigerian passports for diaspora in jurisdictional states
(c) Process visa applications for Americans visiting Nigeria
(d) Protect rights and interests of Nigerian diaspora community
(e) Register Nigerian citizens residing in southeastern states
(f) Provide assistance to distressed Nigerian citizens
(g) Issue emergency travel certificates to Nigerians
(h) Facilitate diaspora engagement with Nigerian government initiatives
(i) Promote Nigeria's positive image in American South
(j) Report to Embassy in Washington DC on regional developments
(k) Facilitate remittance flows from diaspora to Nigeria
(l) Promote trade and investment between Nigeria and southeastern US businesses
(m) Support Nigerian students in regional universities and HBCUs
(n) Coordinate with Nigerian community associations and diaspora organizations
(o) Facilitate business partnerships between Nigerian and American companies in region
(p) Liaise with state governments and local authorities in jurisdictional area
(q) Provide notarial services and legal documentation for Nigerians
(r) Coordinate Nigerian cultural events and independence celebrations
(s) Handle death, marriage and birth registration for Nigerian diaspora
(t) Support Nigeria's interests through engagement with regional political, business and academic leaders"
119009009,389. FOREIGN MISSION: BAMAKO,"Nigeria's Foreign Mission in Bamako, Mali, is a diplomatic mission representing Federal Republic of Nigeria in Republic of Mali. Located in Bamako, Mali's capital on Niger River, operating under Federal Ministry of Foreign Affairs. The mission manages Nigeria's relationship with Mali, important Sahel partner facing security challenges from terrorist groups, military coups and political instability. Nigeria has contributed troops to UN peacekeeping mission in Mali (MINUSMA). Both countries are ECOWAS members cooperating on regional security. Mali's instability affects Nigeria through weapons flow, terrorist network connections, and irregular migration. The mission monitors Sahel security dynamics relevant to northern Nigeria's security. Nigerian traders operate in Mali despite security challenges. Both countries share concerns about desertification, trans-Saharan trafficking and regional terrorism.

**Core Mandate:** To represent Nigeria's interests in Mali, promote bilateral relations, monitor Sahel security developments, protect Nigerian citizens and advance regional stability objectives.

**Statutory Functions:**
(a) Represent Federal Republic of Nigeria maintaining diplomatic relations with Mali government
(b) Promote bilateral political and security cooperation between Nigeria and Mali
(c) Protect rights and interests of Nigerian citizens in Mali despite security challenges
(d) Provide consular services to Nigerians in Mali
(e) Coordinate Nigeria's peacekeeping contributions to UN mission in Mali
(f) Monitor Sahel security developments affecting northern Nigeria
(g) Implement Nigeria's foreign policy objectives in Sahel region
(h) Report to Federal Ministry of Foreign Affairs on Mali political and security situation
(i) Support ECOWAS mediation efforts during Mali's political crises
(j) Coordinate Nigeria-Mali cooperation on counter-terrorism in Sahel
(k) Promote trade despite security constraints
(l) Provide assistance to Nigerian citizens including security evacuations when necessary
(m) Issue emergency travel documents during security incidents
(n) Monitor terrorist groups' activities potentially affecting Nigeria
(o) Promote Nigeria's leadership in ECOWAS responses to Mali crises
(p) Liaise with Mali authorities on security cooperation and bilateral issues
(q) Coordinate with MINUSMA, UN agencies and international partners in Bamako
(r) Facilitate diplomatic exchanges when security permits
(s) Promote cooperation on combating terrorism, trafficking and cross-border crime
(t) Advance Nigeria's interests in ECOWAS, G5 Sahel and West African security architecture"
119009010,390. FOREIGN MISSION: BANGKOK,"Nigeria's Foreign Mission in Bangkok, Thailand, is a diplomatic mission representing Federal Republic of Nigeria in Kingdom of Thailand with concurrent accreditation to Cambodia, Laos and Myanmar. Located in Bangkok, Thailand's capital and Southeast Asian business hub, operating under Federal Ministry of Foreign Affairs. The mission manages Nigeria's engagement with dynamic Southeast Asian economies. Thailand is important for Nigeria's diversification of trade and investment partnerships beyond traditional Western and African focus. Nigerian students study in Thai universities particularly in medicine, engineering and agriculture. Some Nigerian traders operate in Bangkok's markets. Thailand has expertise in rice production, food processing and tourism development relevant to Nigeria. The mission facilitates South-South cooperation and Nigeria's Asian economic partnerships. However, mission also handles cases of Nigerian drug trafficking suspects detained in Thailand's strict legal system.

**Core Mandate:** To represent Nigeria's interests in Thailand and mainland Southeast Asia, promote bilateral economic cooperation, protect Nigerian citizens and facilitate Asian partnerships.

**Statutory Functions:**
(a) Represent Federal Republic of Nigeria in Thailand, Cambodia, Laos and Myanmar
(b) Promote bilateral economic, agricultural and technical cooperation with Thailand
(c) Protect rights and interests of Nigerian citizens in Thailand and Southeast Asian countries
(d) Provide consular services including passport services and legal assistance
(e) Promote Thailand-Nigeria trade and investment partnerships
(f) Facilitate agricultural technology transfer particularly in rice production and food processing
(g) Implement Nigeria's Look East policy and Asian economic partnerships
(h) Monitor political and economic developments in Southeast Asia
(i) Report to Federal Ministry of Foreign Affairs on Southeast Asian developments
(j) Promote educational cooperation and protect Nigerian students in Thai universities
(k) Provide assistance to Nigerian citizens including those facing legal issues
(l) Provide consular assistance to Nigerians arrested on drug-related charges
(m) Issue emergency travel documents to Nigerians
(n) Facilitate tourism development cooperation learning from Thailand's tourism success
(o) Promote Nigeria-ASEAN economic engagement
(p) Liaise with Thai government and governments of concurrently accredited countries
(q) Coordinate with ASEAN secretariat and international organizations in Bangkok
(r) Facilitate high-level visits and business delegations
(s) Monitor and report on Nigerian criminal suspects detained in region
(t) Advance Nigeria's interests in South-South cooperation and Asian-African partnerships"
119009011,391. FOREIGN MISSION: BANGUI,"Nigeria's Foreign Mission in Bangui, Central African Republic, is a diplomatic mission representing Federal Republic of Nigeria in CAR. Located in Bangui, CAR's capital, operating under Federal Ministry of Foreign Affairs. The mission operates in one of world's most challenging environments given CAR's protracted conflict, humanitarian crisis, and state fragility. Nigeria contributes troops to UN peacekeeping mission in CAR (MINUSCA) making the mission important for coordinating peacekeeping efforts. CAR's instability affects regional security and humanitarian situation. The mission monitors conflict dynamics, facilitates humanitarian assistance, and coordinates Nigeria's peacekeeping role. Nigerian citizens in CAR are primarily peacekeepers and humanitarian workers. The mission operates under difficult security conditions requiring close coordination with UN and security forces.

**Core Mandate:** To represent Nigeria's interests in CAR, coordinate peacekeeping operations, monitor humanitarian crisis, protect Nigerian citizens and support conflict resolution efforts.

**Statutory Functions:**
(a) Represent Federal Republic of Nigeria in Central African Republic
(b) Coordinate Nigeria's significant troop contributions to UN peacekeeping mission MINUSCA
(c) Protect Nigerian peacekeepers, humanitarian workers and citizens in CAR
(d) Provide consular services to Nigerian nationals despite security challenges
(e) Monitor CAR conflict dynamics, humanitarian situation and political developments
(f) Report to Federal Ministry of Foreign Affairs on CAR crisis and regional implications
(g) Implement Nigeria's peacekeeping and conflict resolution policies
(h) Support international efforts toward CAR peace, stability and reconciliation
(i) Liaise with CAR transitional authorities on peacekeeping and bilateral issues
(j) Coordinate with MINUSCA leadership on Nigerian peacekeepers' deployment and welfare
(k) Facilitate humanitarian assistance to CAR population
(l) Provide emergency assistance and security evacuations for Nigerian citizens when needed
(m) Issue emergency travel documents in crisis situations
(n) Monitor human rights situation and protection of civilians
(o) Promote Nigeria's peacekeeping contributions and continental leadership
(p) Coordinate with UN agencies, humanitarian organizations and diplomatic missions
(q) Facilitate visits by Nigerian military and government officials
(r) Support disarmament, demobilization and reintegration programs
(s) Promote regional cooperation on CAR crisis within Central African framework
(t) Advance Nigeria's interests in UN peacekeeping, African Union and regional stability efforts"
119009012,392. FOREIGN MISSION: BANJUL,"Nigeria's Foreign Mission in Banjul, The Gambia, is a diplomatic mission representing Federal Republic of Nigeria in Republic of The Gambia. Located in Banjul, Gambia's capital and Atlantic coastal city, operating under Federal Ministry of Foreign Affairs. Nigeria-Gambia relations are historically strong despite Gambia's small size. Nigeria played crucial role in ECOWAS intervention that restored democracy in Gambia ending Yahya Jammeh's dictatorship in 2017. Nigerian troops formed core of ECOWAS military force (ECOMIG) that ensured peaceful transition. The mission coordinates Nigeria's ongoing peacekeeping presence in Gambia. Significant Nigerian trading community operates in Banjul and Serrekunda. Both countries cooperate extensively in ECOWAS. Gambia is surrounded by Senegal except coastal Atlantic side, creating unique geographic context. The mission promotes Nigeria's democratic values and regional leadership.

**Core Mandate:** To represent Nigeria's interests in Gambia, coordinate peacekeeping operations, promote bilateral relations, protect Nigerian diaspora and advance democratic governance in West Africa.

**Statutory Functions:**
(a) Represent Federal Republic of Nigeria maintaining diplomatic relations with Gambia government
(b) Coordinate Nigeria's peacekeeping troop presence in ECOWAS mission ECOMIG
(c) Protect rights and interests of Nigerian trading community in Gambia
(d) Provide consular services to Nigerian diaspora population
(e) Promote bilateral trade and economic cooperation
(f) Support Gambia's democratic consolidation following transition from dictatorship
(g) Implement Nigeria's foreign policy promoting democracy and good governance in West Africa
(h) Monitor political, economic and security developments in Gambia
(i) Report to Federal Ministry of Foreign Affairs on Gambia situation
(j) Coordinate with Gambia government on peacekeeping and bilateral issues
(k) Promote cultural and educational cooperation
(l) Provide assistance to Nigerian citizens including traders
(m) Issue emergency travel documents to Nigerians
(n) Facilitate Nigerian business operations in Gambian markets
(o) Promote Nigeria's leadership role in ECOWAS democratic interventions
(p) Liaise with Gambian authorities on protecting Nigerian citizens' interests
(q) Coordinate with ECOWAS, UN and diplomatic missions in Banjul
(r) Facilitate high-level visits and diplomatic exchanges
(s) Support security sector reform and democratic institution building
(t) Advance Nigeria's interests in ECOWAS and West African regional stability"
119009013,393. FOREIGN MISSION: BATA,"Nigeria's Foreign Mission in Bata, Equatorial Guinea, is a diplomatic mission representing Federal Republic of Nigeria in Republic of Equatorial Guinea. Located in Bata, Equatorial Guinea's largest city and economic capital on mainland Rio Muni, operating under Federal Ministry of Foreign Affairs. Note that Equatorial Guinea's political capital is Malabo on Bioko Island, but mission is in commercial center Bata. The mission manages Nigeria's relationship with fellow Gulf of Guinea oil producer. Both countries are major crude oil exporters and cooperate on maritime security. Equatorial Guinea is small but wealthy from oil revenues. Some Nigerian oil workers and traders operate in Equatorial Guinea. Both countries work together in Gulf of Guinea Commission on maritime boundary management and security. The mission also addresses irregular migration issues. Spanish and Portuguese are official languages presenting communication context different from anglophone and francophone Africa.

**Core Mandate:** To represent Nigeria's interests in Equatorial Guinea, promote bilateral relations focusing on oil sector cooperation and Gulf of Guinea security, and protect Nigerian citizens.

**Statutory Functions:**
(a) Represent Federal Republic of Nigeria maintaining diplomatic relations with Equatorial Guinea
(b) Promote bilateral cooperation on oil production, maritime security and economic relations
(c) Protect rights and interests of Nigerian citizens working in Equatorial Guinea
(d) Provide consular services to Nigerians in Equatorial Guinea
(e) Promote cooperation between Nigerian and Equatoguinean oil companies
(f) Facilitate partnerships in petroleum sector and oil services industry
(g) Implement Nigeria's foreign policy in Central Africa and Gulf of Guinea
(h) Monitor political, economic and oil sector developments
(i) Report to Federal Ministry of Foreign Affairs on Equatorial Guinea
(j) Coordinate Nigeria-Equatorial Guinea cooperation in Gulf of Guinea Commission
(k) Promote Gulf of Guinea maritime security cooperation
(l) Provide assistance to Nigerian oil workers and traders
(m) Issue emergency travel documents to Nigerians
(n) Address irregular migration issues affecting both countries
(o) Promote trade despite language barriers (Spanish/Portuguese vs English)
(p) Liaise with Equatoguinean authorities in Bata and Malabo
(q) Coordinate with diplomatic missions and Gulf of Guinea Commission in region
(r) Facilitate high-level visits between oil sector officials
(s) Promote cooperation on maritime boundary management and offshore oil development
(t) Advance Nigeria's interests in ECCAS, Gulf of Guinea security and regional oil producers cooperation"
119009014,394. FOREIGN MISSION: BEIJING,"Nigeria's Foreign Mission in Beijing, People's Republic of China, is one of Nigeria's most strategic diplomatic missions representing Federal Republic of Nigeria in China. Located in Beijing, China's capital and political center, operating under Federal Ministry of Foreign Affairs. The mission manages Nigeria's most important Asian relationship. China is Nigeria's largest trading partner and major infrastructure financier. Chinese companies dominate Nigerian construction, telecommunications, railways and power sectors. China provides billions in loans for Nigerian infrastructure through Belt and Road Initiative. The mission coordinates massive Chinese investment flows, manages growing trade imbalance favoring China, and oversees large Chinese expatriate community in Nigeria. Thousands of Nigerian traders operate in Guangzhou's African trading hubs. Nigerian students attend Chinese universities on scholarships. The mission facilitates Forum on China-Africa Cooperation (FOCAC) implementation. However, mission also addresses challenges including debt sustainability, technology transfer, and protecting Nigerian traders facing discrimination.

**Core Mandate:** To represent Nigeria's interests in China, manage strategic partnership, coordinate massive infrastructure cooperation, promote balanced trade and protect Nigerian citizens.

**Statutory Functions:**
(a) Represent Federal Republic of Nigeria maintaining strategic partnership with China
(b) Promote bilateral political, economic and infrastructural cooperation
(c) Protect rights and interests of Nigerian traders in Guangzhou and across China
(d) Provide consular services to substantial Nigerian population
(e) Coordinate Chinese infrastructure financing and construction projects in Nigeria
(f) Negotiate terms of Chinese loans ensuring debt sustainability
(g) Implement Nigeria's Look East policy and China partnership strategy
(h) Monitor Chinese economic, political and technological developments
(i) Report to Federal Ministry of Foreign Affairs on China-Africa relations
(j) Promote technology transfer in Chinese-Nigerian partnership projects
(k) Address growing trade imbalance favoring Chinese exports
(l) Provide assistance to Nigerian traders facing discrimination or legal issues
(m) Issue emergency travel documents and handle detained Nigerians cases
(n) Facilitate Nigerian students' welfare in Chinese universities
(o) Coordinate Forum on China-Africa Cooperation (FOCAC) implementation
(p) Liaise with Chinese central government and provincial authorities
(q) Coordinate with Chinese embassies of African countries on continental issues
(r) Facilitate high-level state visits and business delegations
(s) Promote cooperation while ensuring terms favorable to Nigeria's development
(t) Advance Nigeria's interests in China-Africa relations, South-South cooperation and multilateral forums"
119009015,395. FOREIGN MISSION: BEIRUT,"Nigeria's Foreign Mission in Beirut, Lebanon, is a diplomatic mission representing Federal Republic of Nigeria in Lebanese Republic. Located in Beirut, Lebanon's capital and Mediterranean port city, operating under Federal Ministry of Foreign Affairs. The mission operates in complex Middle Eastern environment marked by Lebanon's sectarian politics, economic crisis, Syrian refugee crisis, and Hezbollah's influence. Some Nigerian students attend Lebanese universities known for medical and business education. Lebanon has significant African diaspora. The mission monitors Middle East developments particularly Lebanese-Israeli tensions and Syrian crisis affecting regional stability. Lebanon's experience with sectarian conflict resolution interests Nigeria facing ethnic and religious tensions. However, Lebanon's severe economic collapse since 2019 and political dysfunction create challenging operating environment. Mission provides important observation post for Levant region developments.

**Core Mandate:** To represent Nigeria's interests in Lebanon, protect Nigerian citizens, monitor Middle East developments and promote bilateral relations despite Lebanese crisis.

**Statutory Functions:**
(a) Represent Federal Republic of Nigeria maintaining diplomatic relations with Lebanon
(b) Protect rights and interests of Nigerian citizens particularly students in Lebanon
(c) Provide consular services to Nigerians amid Lebanon's economic crisis
(d) Monitor Lebanese political crisis, economic collapse and sectarian tensions
(e) Report to Federal Ministry of Foreign Affairs on Lebanon and Levant developments
(f) Provide assistance to Nigerian students facing financial difficulties from currency crisis
(g) Issue emergency travel documents and facilitate evacuations during crises
(h) Monitor Syrian refugee crisis and regional humanitarian situation
(i) Assess Lebanese experience with sectarian conflict resolution for Nigerian context
(j) Promote limited bilateral trade given Lebanon's economic constraints
(k) Facilitate educational cooperation with Lebanese universities
(l) Liaise with Lebanese government amid political paralysis
(m) Coordinate with UN agencies and diplomatic missions in Beirut
(n) Monitor Israeli-Lebanese tensions and regional security implications
(o) Facilitate evacuation of Nigerians during security emergencies
(p) Promote Nigeria's positions in Arab League where Lebanon participates
(q) Monitor Hezbollah and regional terrorism financing affecting Nigeria
(r) Support Nigerian students affected by banking crisis and currency devaluation
(s) Maintain diplomatic presence despite challenging operating environment
(t) Advance Nigeria's interests in Middle East and Arab-African relations"
119009016,396. FOREIGN MISSION: BERLIN,"Nigeria's Foreign Mission in Berlin, Federal Republic of Germany, is one of Nigeria's most important diplomatic missions in Europe representing Federal Republic of Nigeria in Germany. Located in Berlin, Germany's capital and Europe's political center, operating under Federal Ministry of Foreign Affairs. The mission manages Nigeria's relationship with Europe's largest economy and leading EU member state. Germany is major trading partner, development cooperation provider, and destination for Nigerian professionals and students. Thousands of Nigerian diaspora live in Germany including highly skilled professionals, students and asylum seekers. German companies invest in Nigerian manufacturing, automotive and engineering sectors. Germany provides significant development assistance through GIZ and KfW. The mission addresses irregular migration, facilitates skilled migration, promotes trade and investment, and coordinates development cooperation. Germany's approach to renewable energy and technical education interests Nigerian development planning.

**Core Mandate:** To represent Nigeria's interests in Germany, promote bilateral relations with Europe's largest economy, manage migration issues, coordinate development cooperation and protect Nigerian diaspora.

**Statutory Functions:**
(a) Represent Federal Republic of Nigeria maintaining strategic partnership with Germany
(b) Promote bilateral political, economic and development cooperation
(c) Protect rights and interests of substantial Nigerian diaspora in Germany
(d) Provide consular services including passport services to large Nigerian community
(e) Promote German investment in Nigerian manufacturing and industrial sectors
(f) Facilitate technology transfer particularly in renewable energy and automotive sectors
(g) Implement Nigeria's European Union engagement strategy through Germany
(h) Monitor German political and economic developments affecting Nigeria
(i) Report to Federal Ministry of Foreign Affairs on Germany and EU matters
(j) Coordinate development cooperation with German government agencies GIZ and KfW
(k) Address irregular migration while promoting legal skilled migration pathways
(l) Provide assistance to Nigerian asylum seekers and migrants facing deportation
(m) Issue emergency travel documents and handle migration cases
(n) Facilitate Nigerian students' welfare in German universities
(o) Promote Nigeria's image countering negative migration-focused perceptions
(p) Liaise with German federal and state governments on bilateral issues
(q) Coordinate with EU institutions, international organizations and embassies in Berlin
(r) Facilitate high-level state visits and business delegations
(s) Promote cooperation on climate change, renewable energy and sustainable development
(t) Advance Nigeria's interests in EU-Africa relations, development cooperation and multilateral forums"
119009017,397. FOREIGN MISSION: BERNE,"Nigeria's Foreign Mission in Berne (Bern), Switzerland, is a diplomatic mission representing Federal Republic of Nigeria in Swiss Confederation. Located in Berne, Switzerland's capital and administrative center, operating under Federal Ministry of Foreign Affairs. The mission manages Nigeria's relationship with Switzerland, global financial center and humanitarian hub. Switzerland hosts Nigerian assets in banking sector requiring mission attention. Berne hosts numerous international organizations though Geneva has more UN agencies. Some Nigerian students study in Swiss universities. Swiss companies invest in Nigerian commodity trading and manufacturing. Switzerland provides humanitarian assistance to Nigeria. The mission also handles cases of illicit Nigerian financial flows and asset recovery issues. Switzerland's neutrality makes it venue for international mediation potentially useful for Nigerian conflicts. Swiss expertise in banking, pharmaceuticals and precision manufacturing interests Nigeria.

**Core Mandate:** To represent Nigeria's interests in Switzerland, engage financial sector on asset issues, promote bilateral relations, coordinate humanitarian cooperation and protect Nigerian citizens.

**Statutory Functions:**
(a) Represent Federal Republic of Nigeria maintaining diplomatic relations with Switzerland
(b) Engage Swiss banking sector on Nigerian asset recovery and illicit financial flows
(c) Protect rights and interests of Nigerian citizens in Switzerland
(d) Provide consular services to Nigerians including students
(e) Promote Swiss investment in Nigerian commodity trading and manufacturing
(f) Facilitate partnerships in pharmaceutical, banking and technology sectors
(g) Implement Nigeria's foreign policy toward Switzerland and Alpine region
(h) Monitor Swiss political and financial sector developments
(i) Report to Federal Ministry of Foreign Affairs on Swiss banking matters affecting Nigeria
(j) Coordinate Nigerian government efforts on asset recovery and financial crime
(k) Promote Swiss humanitarian assistance to Nigeria
(l) Provide assistance to Nigerian citizens in Switzerland
(m) Issue emergency travel documents to Nigerians
(n) Facilitate educational cooperation with Swiss universities
(o) Engage Switzerland on international humanitarian law and conflict mediation
(p) Liaise with Swiss federal government in Berne on bilateral issues
(q) Coordinate with international organizations headquartered in Switzerland
(r) Facilitate high-level diplomatic and financial sector visits
(s) Promote cooperation on financial transparency and combating money laundering
(t) Advance Nigeria's interests through Swiss good offices in international mediation"
119009018,398. FOREIGN MISSION: BISSAU,"Nigeria's Foreign Mission in Bissau, Guinea-Bissau, is a diplomatic mission representing Federal Republic of Nigeria in Republic of Guinea-Bissau. Located in Bissau, Guinea-Bissau's capital and port city, operating under Federal Ministry of Foreign Affairs. The mission manages Nigeria's relationship with small lusophone West African state. Guinea-Bissau faces chronic political instability, military coups, and narco-trafficking making it world's first ""narco-state"" with South American cartels using it as trans-shipment point to Europe. This security situation directly affects West African region including Nigeria. Both countries are ECOWAS members. Nigeria has participated in ECOWAS stabilization efforts in Guinea-Bissau. Some Nigerian traders operate despite security risks. The mission monitors drug trafficking networks potentially connecting to Nigerian criminal groups. Portuguese is official language. The mission operates under challenging security environment requiring close coordination with ECOWAS and UN.

**Core Mandate:** To represent Nigeria's interests in Guinea-Bissau, monitor narco-trafficking and security threats, promote stability, protect Nigerian citizens and advance ECOWAS objectives.

**Statutory Functions:**
(a) Represent Federal Republic of Nigeria maintaining diplomatic relations with Guinea-Bissau
(b) Monitor narco-trafficking, organized crime and political instability affecting West African security
(c) Protect rights and interests of Nigerian citizens in Guinea-Bissau
(d) Provide consular services to Nigerians despite security challenges
(e) Monitor drug trafficking networks and connections to Nigerian criminal elements
(f) Support ECOWAS stabilization efforts and political mediation
(g) Implement Nigeria's foreign policy promoting stability in West Africa
(h) Report to Federal Ministry of Foreign Affairs on Guinea-Bissau security situation
(i) Coordinate Nigeria's participation in ECOWAS responses to Guinea-Bissau crises
(j) Promote bilateral cooperation on counter-narcotics efforts
(k) Facilitate limited trade given security constraints
(l) Provide assistance and security information to Nigerian citizens
(m) Issue emergency travel documents and facilitate evacuations when needed
(n) Monitor military coup risks and political violence
(o) Promote Nigeria's leadership in ECOWAS conflict prevention
(p) Liaise with Guinea-Bissau authorities on security and bilateral issues
(q) Coordinate with ECOWAS mission, UN and international partners in Bissau
(r) Support democratic governance and constitutional rule
(s) Promote cooperation on combating transnational organized crime affecting region
(t) Advance Nigeria's interests in ECOWAS, West African security and counter-narcotics cooperation"
119009019,399. FOREIGN MISSION: BRASILIA,"Nigeria's Foreign Mission in Brasilia, Brazil, is a diplomatic mission representing Federal Republic of Nigeria in Federative Republic of Brazil. Located in Brasilia, Brazil's purpose-built capital city, operating under Federal Ministry of Foreign Affairs. The mission manages Nigeria's relationship with largest South American economy and fellow BRICS aspirant nation. Nigeria and Brazil share significant cultural ties through transatlantic slave trade history connecting Brazilian and Nigerian populations particularly Yoruba influences in Brazilian culture. Both are major developing countries, oil producers, and advocates for South-South cooperation. Brazil has expertise in tropical agriculture, biofuels (ethanol), off-shore oil drilling and social programs (Bolsa Familia model) relevant to Nigeria. Growing Brazilian diaspora of Yoruba descent visits Nigeria reconnecting with roots. The mission promotes South-South cooperation, technology transfer and commercial ties. Both countries cooperate in UN, WTO and developing country forums.

**Core Mandate:** To represent Nigeria's interests in Brazil, promote South-South cooperation, facilitate technology transfer in agriculture and oil, leverage cultural ties and advance shared developing country interests.

**Statutory Functions:**
(a) Represent Federal Republic of Nigeria maintaining strategic partnership with Brazil
(b) Promote bilateral political, economic and cultural cooperation leveraging historical ties
(c) Protect rights and interests of Nigerian citizens in Brazil
(d) Provide consular services to Nigerians including diaspora and students
(e) Promote Brazilian investment in Nigerian agriculture, oil and infrastructure
(f) Facilitate technology transfer in ethanol production, deep-water oil drilling and tropical agriculture
(g) Implement Nigeria's South-South cooperation strategy
(h) Monitor Brazilian political, economic and agricultural developments
(i) Report to Federal Ministry of Foreign Affairs on Brazil-Africa relations
(j) Promote cultural cooperation leveraging Yoruba influences in Brazilian culture
(k) Facilitate visits by Brazilian diaspora of Yoruba descent to Nigeria
(l) Provide assistance to Nigerian citizens in Brazil
(m) Issue emergency travel documents to Nigerians
(n) Learn from Brazilian social programs like Bolsa Familia for Nigerian policy
(o) Promote Nigeria-Brazil trade expansion and investment partnerships
(p) Liaise with Brazilian federal government in Brasilia
(q) Coordinate with BRICS countries' embassies on emerging economies cooperation
(r) Facilitate high-level state visits and business delegations
(s) Promote cooperation in UN, WTO, G77 and developing countries forums
(t) Advance shared Nigeria-Brazil interests in South-South cooperation, global South advocacy and multilateral reform"
119009020,400. FOREIGN MISSION: BRAZZAVILLE,"Nigeria's Foreign Mission in Brazzaville, Republic of Congo, is a diplomatic mission representing Federal Republic of Nigeria in Republic of Congo (Congo-Brazzaville, distinct from Democratic Republic of Congo). Located in Brazzaville, Congo's capital on Congo River across from Kinshasa, operating under Federal Ministry of Foreign Affairs. The mission manages Nigeria's relationship with fellow oil-producing Central African state. Both countries cooperate in Gulf of Guinea Commission on maritime security. Nigeria has interests in Congo's oil sector. Some Nigerian traders and oil workers operate in Congo. Congo has experienced civil conflicts affecting regional stability. The mission monitors Central African security dynamics including tensions between Congo-Brazzaville and Congo-Kinshasa across river. Both countries cooperate in OPEC and oil producers forums. Geographic proximity to DRC and location on Congo River provides strategic observation post for Central Africa. French is predominant language.

**Core Mandate:** To represent Nigeria's interests in Congo-Brazzaville, promote bilateral relations focusing on oil sector cooperation, monitor Central African security and protect Nigerian citizens.

**Statutory Functions:**
(a) Represent Federal Republic of Nigeria maintaining diplomatic relations with Republic of Congo
(b) Promote bilateral cooperation on oil production, maritime security and economic relations
(c) Protect rights and interests of Nigerian citizens working in Congo
(d) Provide consular services to Nigerians in Congo
(e) Promote cooperation between Nigerian and Congolese oil companies
(f) Facilitate partnerships in petroleum sector and energy cooperation
(g) Implement Nigeria's foreign policy in Central Africa
(h) Monitor political, security and oil sector developments in Congo
(i) Report to Federal Ministry of Foreign Affairs on Congo and Central African situation
(j) Coordinate Nigeria-Congo cooperation in Gulf of Guinea Commission
(k) Promote Gulf of Guinea maritime security cooperation
(l) Provide assistance to Nigerian oil workers and traders
(m) Issue emergency travel documents to Nigerians
(n) Monitor Central African security including Congo-Kinshasa tensions
(o) Promote trade between Nigeria and Congo
(p) Liaise with Congolese government on bilateral issues
(q) Coordinate with diplomatic missions and regional organizations in Brazzaville
(r) Facilitate high-level visits between oil sector officials and leadership
(s) Promote cooperation in OPEC and oil producers forums
(t) Advance Nigeria's interests in ECCAS, Gulf of Guinea security and Central African regional stability"
119009068,# NIGERIAN FEDERAL AGENCY MANDATES: AGENCIES 451-480 (FOREIGN MISSIONS),"**MDA Code:** 119009068

Nigeria's Foreign Mission in Mexico City, Mexico, is a diplomatic mission representing Federal Republic of Nigeria in United Mexican States. Located in Mexico City, Mexico's capital and Latin America's second-largest economy, operating under Federal Ministry of Foreign Affairs. The mission manages limited bilateral engagement with major Latin American country and NAFTA/USMCA member providing gateway to North American market. Small Nigerian community includes students, business people and diaspora. Mexico is major oil producer with state company PEMEX providing potential cooperation despite recent production declines. Both countries are developing economies and G20 members. However, Mexico faces severe drug cartel violence, corruption and security challenges. Some Nigerian asylum seekers transit through Mexico attempting to reach United States creating migration dynamics. Limited bilateral trade exists below potential given both countries' economic sizes. The mission promotes trade expansion, facilitates North American market access through Mexico, coordinates oil sector cooperation and maintains diplomatic presence in strategic Latin American power.

**Core Mandate:** To represent Nigeria's interests in Mexico, promote bilateral trade, facilitate North American market access, coordinate oil cooperation and maintain presence in major Latin American economy.

**Statutory Functions:**
(a) Represent Federal Republic of Nigeria maintaining diplomatic relations with Mexico
(b) Promote bilateral trade expansion from current minimal levels leveraging economic complementarities
(c) Protect limited Nigerian community including students and business people
(d) Provide consular services to Nigerians in Mexico
(e) Facilitate Nigerian access to North American market through Mexico's USMCA membership
(f) Coordinate oil sector cooperation with PEMEX state oil company
(g) Promote Mexican investment in Nigerian economy and vice versa
(h) Implement Nigeria's Latin American engagement strategy
(i) Monitor Mexico's political, economic and security developments including cartel violence
(j) Report to Federal Ministry of Foreign Affairs on Mexico, Latin America and North American integration
(k) Address Nigerian asylum seekers transiting Mexico en route to United States
(l) Study PEMEX operations and Mexico's petroleum sector management for Nigerian lessons
(m) Issue emergency travel documents to Nigerians
(n) Promote educational cooperation with Mexican universities
(o) Monitor Mexico-US border dynamics affecting global migration patterns
(p) Liaise with Mexican government on bilateral cooperation and commercial opportunities
(q) Coordinate with Latin American diplomatic missions on regional issues
(r) Facilitate limited high-level visits and business delegations
(s) Promote South-South cooperation between major developing economies
(t) Advance Nigeria's interests in Latin American engagement, North American market access and oil producers cooperation"
119009069,452. FOREIGN MISSION: MONROVIA,"Nigeria's Foreign Mission in Monrovia, Liberia, is one of Nigeria's most important diplomatic missions managing special relationship with West African neighbor. Located in Monrovia, Liberia's capital named after US President Monroe, operating under Federal Ministry of Foreign Affairs. Nigeria holds extraordinary status in Liberia stemming from Nigerian-led ECOMOG peacekeeping intervention that ended Liberia's devastating civil wars (1989-1996, 1999-2003). Nigerian soldiers made supreme sacrifice with thousands of casualties bringing peace and ending Charles Taylor's brutal regime. Grateful Liberians remember Nigerian peacekeeping heroism. Nigerian traders now dominate Liberian commercial sectors creating economic dependence. Both are English-speaking ECOWAS members with deep ties. Ellen Johnson Sirleaf's presidency (2006-2018) rebuilt Liberia; George Weah (former footballer) leads currently. Post-war reconstruction continues with Nigerian business involvement. Historical ties date to freed American slaves founding Liberia. The mission enjoys privileged status leveraging peacekeeping legacy, protects dominant Nigerian trader community and advances regional integration.

**Core Mandate:** To represent Nigeria's special relationship with Liberia, leverage peacekeeping sacrifice legacy, protect dominant trader community, support reconstruction and advance regional integration.

**Statutory Functions:**
(a) Represent Federal Republic of Nigeria maintaining extraordinarily close relationship with Liberia
(b) Leverage Nigerian ECOMOG peacekeeping sacrifice that ended Liberia's civil wars
(c) Protect dominant Nigerian trading community controlling major Liberian commercial sectors
(d) Provide extensive consular services to substantial Nigerian diaspora in Liberia
(e) Support Liberia's post-conflict reconstruction and democratic consolidation
(f) Promote Nigerian investment dominating Liberian economy across multiple sectors
(g) Facilitate bilateral trade where Nigeria is Liberia's major partner
(h) Monitor Liberia's democratic development under Presidents Sirleaf and Weah
(i) Report to Federal Ministry of Foreign Affairs on Liberia and West African stability
(j) Coordinate ECOWAS regional integration efforts linking Nigeria and Liberia
(k) Maintain warm bilateral relations reflecting grateful Liberian appreciation for Nigerian peacekeeping
(l) Address commercial disputes involving Nigerian businesses' dominance
(m) Issue emergency travel documents to Nigerians
(n) Facilitate educational cooperation with Nigerian students in Liberian institutions
(o) Monitor Liberian security sector reform and governance improvements
(p) Support Liberian development leveraging Nigerian economic strength
(q) Liaise closely with Liberian government enjoying special relationship status
(r) Coordinate with UN Mission in Liberia and international development partners
(s) Facilitate frequent high-level visits between Nigerian and Liberian leadership
(t) Advance Nigeria's interests in peacekeeping legacy recognition, regional stability and ECOWAS leadership through special Liberia relationship"
119009070,453. FOREIGN MISSION: MOSCOW,"Nigeria's Foreign Mission in Moscow, Russian Federation, is a diplomatic mission representing Federal Republic of Nigeria in Russia. Located in Moscow, Russia's capital and global power center, operating under Federal Ministry of Foreign Affairs. The mission manages complex Nigeria-Russia relationship with Soviet-era historical ties. Significant Nigerian student population studies in Russian universities continuing Soviet scholarship traditions. Russia supplies military equipment, weapons and training to Nigerian armed forces making defense cooperation important. Russia's renewed Africa engagement under Putin seeks influence competing with Western powers. However, Russia's February 2022 invasion of Ukraine strained global relations creating diplomatic challenges. Some Nigerian traders operate in Russia. Both countries are BRICS partners (Nigeria aspires BRICS membership). Russia votes in UN Security Council affecting Nigerian interests. The mission protects students, coordinates arms supplies, navigates Ukraine war tensions, engages Russia's Africa strategy and balances strategic partnership with Western relations.

**Core Mandate:** To represent Nigeria's interests in Russia, protect students, navigate Ukraine war tensions, coordinate defense cooperation, engage Russia's Africa return and manage complex partnership.

**Statutory Functions:**
(a) Represent Federal Republic of Nigeria maintaining strategic partnership with Russian Federation
(b) Protect substantial Nigerian student population in Russian universities
(c) Navigate diplomatic challenges from Russia's invasion of Ukraine straining global relations
(d) Coordinate Russian military equipment supplies, arms sales and training for Nigerian forces
(e) Engage Russia's renewed Africa strategy seeking influence across continent
(f) Monitor Russian political developments under Putin government
(g) Report to Federal Ministry of Foreign Affairs on Russia-Africa relations and global tensions
(h) Provide consular services to Nigerian students and traders
(i) Facilitate educational cooperation continuing Soviet-era scholarship programs
(j) Balance Nigeria's Russia partnership with Western relationships strained by Ukraine war
(k) Issue emergency travel documents to Nigerians
(l) Coordinate defense sector cooperation including weapons procurement and military training
(m) Promote energy sector cooperation leveraging both countries' petroleum production
(n) Monitor Russia's UN Security Council positions affecting Nigerian interests
(o) Engage BRICS framework supporting Nigeria's potential membership aspirations
(p) Address Nigerian students facing difficulties in Russian education system
(q) Liaise with Russian government on bilateral cooperation and arms supplies
(r) Coordinate with African embassies in Moscow on continental Russia relations
(s) Facilitate high-level defense and diplomatic visits between both countries
(t) Advance Nigeria's strategic partnership with Russia while navigating global tensions from Ukraine invasion"
119009072,454. FOREIGN MISSION: N'DJAMENA,"Nigeria's Foreign Mission in N'Djamena, Chad, is one of Nigeria's most strategically critical diplomatic missions representing Federal Republic of Nigeria in Republic of Chad. Located in N'Djamena, Chad's capital, operating under Federal Ministry of Foreign Affairs. The mission manages absolutely crucial security relationship with northern neighbor. Chad is Nigeria's indispensable partner in fighting Boko Haram/ISWAP terrorism around Lake Chad Basin. Multinational Joint Task Force (MNJTF) headquarters in N'Djamena coordinates regional counterterrorism with Nigerian, Chadian, Nigerien, Cameroonian forces. Chad's military strength (arguably Sahel's best army) provides critical support against insurgents. Déby dynasty ruled Chad (Idriss Déby 1990-2021, Mahamat Déby since 2021 coup) with military prowess. Nigeria and Chad share Lake Chad waters and borders. Nigerian refugees fled to Chad from Boko Haram violence. Chad is oil producer and Sahel security anchor despite chronic instability. French military presence in Chad affects regional dynamics. The mission coordinates vital counterterrorism, manages Lake Chad Basin security, facilitates MNJTF operations and maintains critical security partnership.

**Core Mandate:** To represent Nigeria's interests in Chad, coordinate critical Boko Haram counterterrorism, manage Lake Chad Basin security, facilitate MNJTF operations and maintain vital security partnership.

**Statutory Functions:**
(a) Represent Federal Republic of Nigeria maintaining absolutely critical security partnership with Chad
(b) Coordinate Multinational Joint Task Force (MNJTF) operations headquartered in N'Djamena
(c) Facilitate Nigeria-Chad military cooperation against Boko Haram and ISWAP terrorism
(d) Manage Lake Chad Basin security cooperation across four-country region
(e) Protect Nigerian refugees who fled Boko Haram violence into Chad
(f) Monitor Chad's political instability including Déby dynasty's military rule
(g) Report to Federal Ministry of Foreign Affairs on Sahel security and counterterrorism operations
(h) Provide consular services to Nigerian refugees and limited diaspora
(i) Coordinate with MNJTF Force Headquarters on operational planning and intelligence sharing
(j) Facilitate Chadian military support for Nigerian counterinsurgency operations
(k) Issue emergency travel documents to Nigerians
(l) Monitor French military presence in Chad affecting regional security dynamics
(m) Coordinate through Lake Chad Basin Commission on water resources and regional cooperation
(n) Address humanitarian needs of Nigerian refugees in eastern Chad camps
(o) Promote limited bilateral trade despite security focus dominating relationship
(p) Navigate Chad's chronic political instability and military coups
(q) Liaise closely with Chadian military government on security cooperation
(r) Coordinate with UN agencies and humanitarian organizations on refugee support
(s) Facilitate high-level military and intelligence cooperation visits
(t) Advance Nigeria's critical interests in counterterrorism, Lake Chad Basin security and maintaining indispensable Chadian military partnership against Boko Haram"
119009071,455. FOREIGN MISSION: NAIROBI,"Nigeria's Foreign Mission in Nairobi, Kenya, is a diplomatic mission representing Federal Republic of Nigeria in East Africa's diplomatic and business hub. Located in Nairobi, Kenya's capital and regional center, operating under Federal Ministry of Foreign Affairs. The mission holds strategic importance as Nairobi hosts UN Africa headquarters including UNEP (UN Environment Programme) and UN-Habitat making it multilateral diplomacy center. Growing Nigerian diaspora includes traders dominating commercial sectors, professionals and students. Kenya is East African Community's economic leader and regional power under recent Presidents Kenyatta and Ruto. Nairobi hosts numerous international conferences, organizations and businesses. Both countries face terrorism threats - Nigeria from Boko Haram, Kenya from al-Shabaab Somali militants who attacked Nairobi's Westgate Mall (2013) and Garissa University (2015). Kenya provides model for devolution and regional integration. The mission coordinates UN engagement, protects substantial diaspora, promotes trade, leverages Nairobi's regional hub status and facilitates East African market access.

**Core Mandate:** To represent Nigeria in East Africa's diplomatic capital, coordinate UN engagement, protect diaspora, promote trade, leverage Nairobi hub status and facilitate EAC access.

**Statutory Functions:**
(a) Represent Federal Republic of Nigeria in East Africa's diplomatic and business capital
(b) Coordinate Nigeria's engagement with UN agencies headquartered in Nairobi (UNEP, UN-Habitat)
(c) Protect substantial Nigerian diaspora including traders dominating Nairobi commercial districts
(d) Provide extensive consular services to Nigerian community and business people
(e) Promote bilateral trade and investment between Nigeria and Kenya
(f) Facilitate Nigerian access to East African Community market through Kenyan gateway
(g) Leverage Nairobi's status as regional conference center for Nigerian participation
(h) Monitor Kenya's political and economic developments under devolved governance
(i) Report to Federal Ministry of Foreign Affairs on East Africa, Kenya and UN matters
(j) Coordinate on counterterrorism cooperation addressing Boko Haram and al-Shabaab threats
(k) Facilitate Nigerian business expansion into East African markets
(l) Issue emergency travel documents to Nigerians
(m) Address security concerns for Nigerian diaspora from terrorism risks
(n) Study Kenya's devolution model for Nigerian federal system lessons
(o) Promote educational cooperation with Kenyan universities
(p) Liaise with Kenya government on bilateral cooperation and commercial matters
(q) Coordinate with UN agencies, international organizations and regional diplomatic missions
(r) Facilitate high-level visits leveraging Nairobi's diplomatic hub status
(s) Promote IGAD-ECOWAS cooperation linking East and West African regional organizations
(t) Advance Nigeria's interests in East African engagement, UN system coordination and leveraging Nairobi as Africa's diplomatic capital"
119009074,456. FOREIGN MISSION: NEW DELHI,"Nigeria's Foreign Mission in New Delhi, India, is one of Nigeria's most strategic diplomatic missions representing Federal Republic of Nigeria in rising global power. Located in New Delhi, India's capital, operating under Federal Ministry of Foreign Affairs. The mission manages increasingly important Nigeria-India strategic partnership between developing country giants. Thousands of Nigerian students study in Indian universities attracted by quality affordable education. Substantial Indian investment in Nigerian telecommunications, pharmaceuticals, manufacturing and infrastructure. Bharti Airtel operates major Nigerian mobile network. India supplies 15-20% of Nigerian pharmaceutical imports. Bollywood films enjoy popularity in Nigeria providing cultural connections. Both countries are Commonwealth members, developing economies and democracy practitioners. India's technology sector and development experience interest Nigeria. However, Nigerian students face racism and discrimination incidents in India requiring mission intervention. Modi government pursues India-Africa partnership. The mission protects large student population, promotes trade/investment, coordinates South-South cooperation and facilitates learning from Indian development success.

**Core Mandate:** To represent Nigeria in strategic India partnership, protect thousands of students, promote trade/investment, coordinate South-South cooperation and leverage India-Africa relations.

**Statutory Functions:**
(a) Represent Federal Republic of Nigeria maintaining strategic partnership with India
(b) Protect thousands of Nigerian students studying in Indian universities across multiple cities
(c) Address racism and discrimination cases against Nigerian students in India
(d) Provide extensive consular services to large Nigerian student population
(e) Promote substantial Indian investment in Nigerian telecommunications, pharmaceuticals and infrastructure
(f) Coordinate pharmaceutical sector cooperation with India supplying significant Nigerian drug imports
(g) Facilitate India-Nigeria trade expansion addressing trade imbalance favoring India
(h) Implement Nigeria's South-South cooperation strategy through India partnership
(i) Monitor India's rapid political and economic development under Modi government
(j) Report to Federal Ministry of Foreign Affairs on India, India-Africa relations and development lessons
(k) Coordinate Nigeria's participation in India-Africa Forum and bilateral summits
(l) Issue emergency travel documents to Nigerians
(m) Learn from India's technology sector development, particularly IT services and software
(n) Study India's development experience as democratic developing country giant
(o) Facilitate Bollywood-Nollywood cultural exchanges and film industry cooperation
(p) Promote educational partnerships with Indian universities and technical institutions
(q) Liaise with Indian government on student welfare, investment and bilateral cooperation
(r) Coordinate with BRICS countries' missions on emerging economies cooperation
(s) Facilitate high-level visits between continental leaders and business delegations
(t) Advance Nigeria's strategic India partnership spanning education, trade, investment and South-South development cooperation"
119009075,457. FOREIGN MISSION: NEW YORK (CONSULATE GENERAL),"Nigeria's Consulate General in New York, United States, is a major consular mission representing Federal Republic of Nigeria serving Nigerian diaspora in northeastern United States. Located in New York City, operating under Federal Ministry of Foreign Affairs and Embassy in Washington DC. The mission provides consular services distinct from Permanent Mission to United Nations focusing on diaspora needs. Large Nigerian community in New York tri-state area (New York, New Jersey, Connecticut) includes professionals, students, business owners and families. New York hosts significant Nigerian cultural presence, professional associations and community organizations. Nigerian diaspora contributes substantially through remittances. The mission issues passports, processes visas, handles emergencies, registers citizens and provides welfare services. Separate from UN diplomatic mission, the Consulate focuses on day-to-day diaspora needs including deaths, births, marriages, business documentation and community support in America's largest city.

**Core Mandate:** To provide consular services to large Nigerian diaspora in northeastern US, issue passports/visas, protect community, facilitate diaspora engagement and support tri-state area Nigerians.

**Statutory Functions:**
(a) Provide comprehensive consular services to large Nigerian diaspora in New York tri-state area
(b) Issue and renew Nigerian passports for substantial community in New York, New Jersey, Connecticut
(c) Process US visitor visa applications from Americans seeking to visit Nigeria
(d) Protect rights and interests of Nigerian community in northeastern United States
(e) Register Nigerian citizens residing in consular jurisdiction states
(f) Provide emergency assistance to distressed Nigerian nationals
(g) Issue emergency travel certificates to Nigerians who lost travel documents
(h) Handle death, marriage and birth registration for Nigerian diaspora
(i) Coordinate with Permanent Mission to UN on diaspora policy matters
(j) Support Nigerian community organizations, professional associations and cultural groups
(k) Facilitate diaspora remittances flowing billions of dollars to Nigeria annually
(l) Provide notarial services and legal documentation for Nigerians
(m) Coordinate Nigerian cultural events and national day celebrations in New York
(n) Address community disputes and welfare issues affecting Nigerian diaspora
(o) Support Nigerian students in universities across northeastern states
(p) Facilitate business networking among Nigerian professionals and entrepreneurs
(q) Liaise with state and local governments in New York, New Jersey, Connecticut
(r) Promote Nigeria's positive image in American media and public discourse
(s) Coordinate diaspora engagement with Nigerian government development initiatives
(t) Advance Nigeria's interests in diaspora welfare, remittance facilitation and community engagement in northeastern United States"
119009076,458. FOREIGN MISSION: NEW YORK (PERMANENT MISSION),"Nigeria's Permanent Mission to United Nations in New York is one of Nigeria's most critical diplomatic missions representing Federal Republic of Nigeria at United Nations headquarters. Located in New York City at UN headquarters, operating under Federal Ministry of Foreign Affairs. The mission's importance stems from UN's role as primary multilateral diplomacy platform. Nigeria has served on UN Security Council more times than most African countries demonstrating continental leadership. The mission participates in UN General Assembly, Security Council (when elected), specialized agencies and UN programs. Nigeria contributes significantly to UN peacekeeping with troops in multiple missions. The mission defends Nigerian interests in human rights mechanisms, votes on critical resolutions, negotiates multilateral agreements and advocates for African positions. Coordinates with African Group at UN. Engages global governance on development, security, climate and human rights. The mission advances Nigeria's multilateral diplomacy, continental leadership and global governance participation.

**Core Mandate:** To represent Nigeria at UN headquarters, advance multilateral interests, coordinate Security Council participation, engage global governance and defend Nigerian positions in UN system.

**Statutory Functions:**
(a) Represent Federal Republic of Nigeria as Permanent Mission to United Nations
(b) Participate in UN Security Council when Nigeria is elected member
(c) Vote and negotiate at UN General Assembly on behalf of Nigeria
(d) Coordinate Nigeria's extensive peacekeeping troop contributions to UN missions globally
(e) Defend Nigeria against criticism in UN Human Rights Council and human rights mechanisms
(f) Advance African positions through coordination with African Group at UN
(g) Negotiate multilateral treaties, conventions and agreements at UN
(h) Monitor and report on global governance developments affecting Nigerian interests
(i) Vote on UN resolutions addressing international peace, security and development
(j) Participate in UN specialized agencies (WHO, ILO, UNESCO) New York offices
(k) Coordinate with UN Secretariat on peacekeeping, development and humanitarian matters
(l) Engage UN Security Council debates even when not elected member
(m) Advocate for UN reform including Security Council expansion with African representation
(n) Address global challenges including climate change, terrorism, pandemics through UN
(o) Facilitate Nigerian participation in UN summits, conferences and high-level meetings
(p) Liaise with UN Secretary-General and senior UN officials
(q) Coordinate with diplomatic missions of other countries on shared multilateral interests
(r) Defend against potential UN sanctions, resolutions or actions targeting Nigeria
(s) Promote Nigeria's continental leadership and African Union positions in UN
(t) Advance Nigeria's interests in UN Security Council participation, peacekeeping leadership and global multilateral diplomacy"
119009077,459. FOREIGN MISSION: NIAMEY,"Nigeria's Foreign Mission in Niamey, Niger Republic, is one of Nigeria's most strategically critical diplomatic missions representing Federal Republic of Nigeria in immediate northern neighbor. Located in Niamey, Niger's capital on Niger River, operating under Federal Ministry of Foreign Affairs. The mission manages absolutely vital relationship given 1,497 km shared border and security interdependence. Both countries face existential terrorism threat from Boko Haram/ISWAP and Islamic State affiliates in Lake Chad Basin and Sahel. Multinational Joint Task Force coordinates counterterrorism with Niger as critical partner. Nigerian refugees fled Boko Haram violence into Niger. Cross-border ethnic ties connect Nigerian and Nigerien communities. Niger is Sahel's poorest country but strategically located. Recent military coups (2023) ended democratic governance complicating relations. French military operated from Niger bases. Uranium production makes Niger significant. ECOWAS and regional integration links both countries. The mission coordinates critical counterterrorism, manages border security, facilitates MNJTF operations and maintains vital security partnership despite Niger's political instability.

**Core Mandate:** To represent Nigeria in strategic northern neighbor Niger, coordinate counterterrorism, manage vital 1,497 km border security, protect refugees and maintain critical security partnership.

**Statutory Functions:**
(a) Represent Federal Republic of Nigeria maintaining critical security partnership with Niger
(b) Coordinate counterterrorism operations against Boko Haram, ISWAP and Islamic State affiliates
(c) Manage security across 1,497 km shared border facing terrorist infiltration
(d) Cooperate through Multinational Joint Task Force on Lake Chad Basin security
(e) Protect Nigerian refugees who fled Boko Haram/ISWAP violence into Niger
(f) Monitor Niger's political instability including 2023 military coup ending democracy
(g) Report to Federal Ministry of Foreign Affairs on Sahel security and Niger developments
(h) Provide consular services to Nigerians in Niger including refugees
(i) Coordinate military and intelligence cooperation on border security
(j) Facilitate cross-border economic cooperation between interconnected communities
(k) Issue emergency travel documents to Nigerians
(l) Monitor French military presence and withdrawal affecting regional security
(m) Coordinate through Lake Chad Basin Commission and ECOWAS on regional issues
(n) Address humanitarian needs of Nigerian refugees in Niger camps
(o) Navigate Niger's military government and democratic backsliding
(p) Facilitate limited trade despite security challenges dominating relationship
(q) Liaise with Niger military authorities on border management and counterterrorism
(r) Coordinate with UN agencies and humanitarian organizations
(s) Facilitate high-level security cooperation and military visits
(t) Advance Nigeria's critical interests in counterterrorism, border security and maintaining vital northern neighbor partnership against shared terrorism threat"
119009078,460. FOREIGN MISSION: NNJC - NIAMEY,"Nigeria-Niger Joint Commission (NNJC) in Niamey represents specialized bilateral cooperation mechanism between Nigeria and Niger. Located in Niamey alongside main embassy, operating under Federal Ministry of Foreign Affairs. The Joint Commission coordinates specific bilateral programs and agreements implementation beyond regular diplomatic functions. Manages technical cooperation in border management, water resources (Lake Chad, Niger River), security coordination, trade facilitation and development projects. Joint Commission institutionalizes Nigeria-Niger partnership addressing cross-border challenges requiring coordinated responses. Facilitates ministerial-level meetings and specialized working groups on sectors like agriculture, security, customs, energy and infrastructure. The facility ensures continuous coordination on shared interests between neighbors with deeply interconnected populations, security challenges and economic systems requiring dedicated cooperation mechanisms beyond standard diplomatic channels.

**Core Mandate:** To coordinate Nigeria-Niger Joint Commission activities, facilitate bilateral cooperation mechanisms, manage specialized programs and ensure agreement implementation between neighbors.

**Statutory Functions:**
(a) Coordinate Nigeria-Niger Joint Commission activities and bilateral cooperation programs
(b) Facilitate implementation of bilateral agreements and memoranda of understanding
(c) Manage technical cooperation programs in border management and security
(d) Coordinate water resources management affecting Lake Chad and Niger River basins
(e) Facilitate trade cooperation and customs harmonization initiatives
(f) Monitor joint development projects and infrastructure cooperation
(g) Organize ministerial-level Joint Commission meetings and working groups
(h) Address specific cross-border challenges requiring coordinated responses
(i) Coordinate agricultural cooperation and food security initiatives
(j) Facilitate energy sector cooperation on regional power projects
(k) Manage joint border patrol and security coordination programs
(l) Monitor agreement implementation and report to both governments
(m) Coordinate economic integration initiatives between neighbors
(n) Facilitate cultural exchanges and people-to-people cooperation
(o) Address cross-border community issues affecting interconnected populations
(p) Coordinate humanitarian responses to shared challenges
(q) Liaise with main embassy on diplomatic and political matters
(r) Facilitate specialized technical visits and expert exchanges
(s) Monitor progress on joint infrastructure projects
(t) Advance Nigeria's interests in institutionalized bilateral cooperation, effective agreement implementation and managing complex neighbor relationship through dedicated coordination mechanism"
119009080,461. FOREIGN MISSION: OTTAWA,"Nigeria's Foreign Mission in Ottawa, Canada, is a diplomatic mission representing Federal Republic of Nigeria in Canada. Located in Ottawa, Canada's capital, operating under Federal Ministry of Foreign Affairs. The mission manages Nigeria's relationship with G7 developed country and Commonwealth member. Substantial Nigerian diaspora (over 100,000) includes highly skilled professionals, students, permanent residents and refugees. Canada's immigration system attracts Nigerian doctors, engineers, IT professionals and academics. Many Nigerian students study in Canadian universities. Canada provides development assistance to Nigeria. Both countries are Commonwealth members and major oil producers. Canadian mining companies invest in Nigerian mineral sector. However, mission also handles irregular migration cases and asylum claims. Canada's multiculturalism policy creates welcoming environment. The mission facilitates skilled migration, protects large diaspora, promotes trade/investment, coordinates development cooperation and leverages Commonwealth connections.

**Core Mandate:** To represent Nigeria in Canada, facilitate skilled migration, protect large diaspora, promote trade/investment, coordinate development cooperation and leverage Commonwealth partnership.

**Statutory Functions:**
(a) Represent Federal Republic of Nigeria maintaining friendly relations with Canada
(b) Facilitate skilled Nigerian migration to Canada through official immigration channels
(c) Protect substantial Nigerian diaspora exceeding 100,000 including professionals and families
(d) Provide extensive consular services to Nigerian community across Canadian provinces
(e) Support Nigerian students in Canadian universities nationwide
(f) Promote Canadian investment in Nigerian mining, oil and gas sectors
(g) Coordinate Canadian development assistance to Nigeria
(h) Monitor Canadian immigration policies affecting Nigerian skilled workers
(i) Report to Federal Ministry of Foreign Affairs on Canada and North American issues
(j) Engage Commonwealth networks through Canada's active Commonwealth membership
(k) Issue passports and travel documents to large diaspora population
(l) Address asylum and refugee claims by Nigerian nationals in Canada
(m) Facilitate educational partnerships with Canadian universities and technical colleges
(n) Promote Nigerian exports to Canadian market
(o) Study Canada's multiculturalism model for Nigerian diversity management
(p) Liaise with Canadian federal and provincial governments on bilateral cooperation
(q) Coordinate with Commonwealth organizations and G7 on development matters
(r) Facilitate high-level visits and business delegations
(s) Promote diaspora engagement with Nigerian development initiatives
(t) Advance Nigeria's interests in skilled migration, Commonwealth cooperation and Canada's development assistance"
119009081,462. FOREIGN MISSION: OUAGADOUGOU,"Nigeria's Foreign Mission in Ouagadougou, Burkina Faso, is a diplomatic mission representing Federal Republic of Nigeria in Burkina Faso. Located in Ouagadougou, Burkina Faso's capital, operating under Federal Ministry of Foreign Affairs. The mission manages Nigeria's relationship with Sahel neighbor facing severe terrorism crisis. Burkina Faso under military government (2022 coups) battles jihadist insurgency from multiple groups including JNIM (al-Qaeda affiliate) and Islamic State affiliates controlling large territories. Over 2 million displaced by violence. Nigerian traders operate despite insecurity. Thomas Sankara's revolutionary legacy (1983-1987) remains influential. Both are ECOWAS members. French military presence ended. Russia's Wagner Group entered creating geopolitical competition. Burkina's crisis affects regional stability and Nigeria's Sahel security concerns. The mission monitors terrorism spillover risks, protects Nigerian traders, coordinates regional security, facilitates ECOWAS mediation and maintains presence despite deteriorating security.

**Core Mandate:** To represent Nigeria in Burkina Faso, monitor terrorism crisis, protect traders, coordinate Sahel security, support ECOWAS mediation and maintain presence despite severe insecurity.

**Statutory Functions:**
(a) Represent Federal Republic of Nigeria maintaining diplomatic presence in crisis-affected Burkina Faso
(b) Monitor severe jihadist insurgency threatening Burkina Faso's survival as state
(c) Protect Nigerian traders operating in increasingly dangerous environment
(d) Provide consular services despite deteriorating security conditions
(e) Assess terrorism spillover risks to Nigeria from Sahel jihadist expansion
(f) Report to Federal Ministry of Foreign Affairs on Burkina Faso crisis and Sahel security
(g) Support ECOWAS mediation efforts following military coups ending democracy
(h) Coordinate regional counterterrorism cooperation addressing shared threats
(i) Monitor humanitarian catastrophe with over 2 million displaced persons
(j) Issue emergency travel documents and facilitate evacuations when necessary
(k) Navigate Burkina's multiple military coups and political instability
(l) Monitor Russian Wagner Group activities replacing French military presence
(m) Assess Burkina's jihadist groups (JNIM, Islamic State) for Nigerian security implications
(n) Facilitate limited trade despite security crisis
(o) Liaise with Burkina Faso military government amid democratic backsliding
(p) Coordinate with ECOWAS, UN agencies and remaining diplomatic missions
(q) Operate mission under challenging security protocols
(r) Monitor regional geopolitical competition between France, Russia and others
(s) Support Burkina's counter-insurgency efforts through regional frameworks
(t) Advance Nigeria's interests in Sahel security, regional stability and ECOWAS crisis management despite Burkina Faso's near state collapse"
119009082,463. FOREIGN MISSION: PARIS,"Nigeria's Foreign Mission in Paris, France, is one of Nigeria's most important diplomatic missions representing Federal Republic of Nigeria in major European power. Located in Paris, France's capital and global cultural center, operating under Federal Ministry of Foreign Affairs. The mission manages Nigeria's relationship with France, permanent UN Security Council member and former colonial power in francophone West/Central Africa. Substantial Nigerian diaspora includes students, professionals and migrants. France is major EU power, G7 member and significant investor. French companies (Total Energies, Bolloré, Orange) invest heavily in Nigerian oil, ports and telecommunications. France provides development assistance and military training. However, France's dominant influence in francophone Africa creates complex dynamics with anglophone Nigeria competing for West African leadership. France supported Biafran secession historically creating tensions. Paris hosts major international organizations. The mission coordinates EU engagement through France, promotes trade/investment, protects diaspora, navigates francophone-anglophone regional dynamics and leverages France's global influence.

**Core Mandate:** To represent Nigeria in France, coordinate EU engagement, promote trade/investment, navigate francophone-anglophone dynamics, protect diaspora and leverage France's global influence.

**Statutory Functions:**
(a) Represent Federal Republic of Nigeria maintaining important relationship with France
(b) Navigate historical tensions from French support for Biafran secession during Nigeria's civil war
(c) Protect substantial Nigerian diaspora including students and professionals in France
(d) Provide extensive consular services to Nigerian community across French regions
(e) Promote French investment in Nigerian oil, infrastructure and telecommunications sectors
(f) Coordinate Nigeria's engagement with European Union through French EU leadership
(g) Navigate France's dominant influence in francophone West Africa competing with Nigerian anglophone leadership
(h) Monitor French political and economic developments
(i) Report to Federal Ministry of Foreign Affairs on France, EU and francophone Africa matters
(j) Support Nigerian students in French universities including prestigious grandes écoles
(k) Issue emergency travel documents to Nigerians
(l) Address irregular migration and asylum cases involving Nigerians in France
(m) Promote bilateral trade leveraging France's G7 economy
(n) Engage French development assistance programs in Nigeria
(o) Study France's francophone Africa relationships for Nigerian regional strategy
(p) Liaise with French government ministries on bilateral cooperation
(q) Coordinate with francophone African missions on regional dynamics
(r) Facilitate high-level state visits between Nigerian and French leadership
(s) Promote cultural exchanges leveraging Paris's cultural center status
(t) Advance Nigeria's interests in EU engagement, West African leadership and managing complex France relationship balancing cooperation with francophone-anglophone regional competition"
119009083,464. FOREIGN MISSION: PORT OF SPAIN,"Nigeria's Foreign Mission in Port of Spain, Trinidad and Tobago, is a diplomatic mission representing Federal Republic of Nigeria in Trinidad and Tobago with concurrent accreditation to eastern Caribbean nations. Located in Port of Spain, Trinidad's capital, operating under Federal Ministry of Foreign Affairs. The mission manages Nigeria's Caribbean engagement where oil-producing Trinidad shares petroleum industry connections with Nigeria. Historical African diaspora ties through transatlantic slavery connect populations. Trinidad's carnival culture and Nigeria's cultural vibrancy create artistic connections. Limited Nigerian community includes students and professionals. Both countries are Commonwealth members and oil producers. Trinidad hosts Caribbean Court of Justice and regional organizations. However, bilateral engagement remains limited despite potential. The mission coordinates CARICOM relations, promotes oil sector cooperation, maintains Commonwealth connections and facilitates limited trade while serving small diaspora.

**Core Mandate:** To represent Nigeria in Trinidad and Caribbean, coordinate CARICOM engagement, promote oil sector cooperation, maintain Commonwealth ties and serve limited diaspora.

**Statutory Functions:**
(a) Represent Federal Republic of Nigeria in Trinidad and Tobago with Caribbean concurrent accreditation
(b) Coordinate Nigeria's engagement with Caribbean Community (CARICOM) regional organization
(c) Promote oil sector cooperation between petroleum producers Nigeria and Trinidad
(d) Protect limited Nigerian community in Trinidad and concurrent Caribbean nations
(e) Provide consular services across eastern Caribbean accreditation area
(f) Leverage historical African diaspora connections from transatlantic slavery heritage
(g) Facilitate cultural exchanges linking Trinidad's carnival and Nigerian festivals
(h) Monitor Trinidad and Caribbean political and economic developments
(i) Report to Federal Ministry of Foreign Affairs on Caribbean and CARICOM matters
(j) Coordinate Commonwealth relations through Trinidad's active membership
(k) Issue emergency travel documents to Nigerians in region
(l) Promote bilateral trade from current minimal levels
(m) Study Trinidad's petroleum industry for Nigerian lessons
(n) Engage Caribbean Court of Justice and regional institutions in Port of Spain
(o) Facilitate educational cooperation with University of West Indies
(p) Liaise with Trinidad government and CARICOM secretariat
(q) Coordinate with Caribbean diplomatic missions on regional issues
(r) Facilitate limited high-level visits when opportunities arise
(s) Promote Africa-Caribbean cooperation leveraging diaspora heritage
(t) Advance Nigeria's interests in Caribbean engagement, oil cooperation and maintaining diplomatic presence across eastern Caribbean region"
119009115,"465. FOREIGN MISSION: PRAGUE, CZECH REPUBLIC","Nigeria's Foreign Mission in Prague, Czech Republic, is a diplomatic mission representing Federal Republic of Nigeria in Czech Republic. Located in Prague, Czech capital and Central European cultural center, operating under Federal Ministry of Foreign Affairs. The mission manages limited bilateral engagement with Eastern European EU member. Small Nigerian community includes students and business people attracted by affordable EU education. Czech Republic (former Czechoslovakia) transitioned from communism to democracy and EU membership. Some Nigerian students study in Czech universities. Limited Czech investment in Nigeria. Both countries cooperate through EU-Africa frameworks. Prague's central European location provides gateway to region. However, Czech Republic faces migration debates and some anti-immigrant sentiment. The mission protects limited diaspora, promotes educational cooperation, facilitates minimal trade and maintains diplomatic presence in Central Europe.

**Core Mandate:** To represent Nigeria in Czech Republic, protect limited diaspora, promote educational cooperation, coordinate EU engagement and maintain Central European presence.

**Statutory Functions:**
(a) Represent Federal Republic of Nigeria maintaining diplomatic relations with Czech Republic
(b) Protect limited Nigerian community including students and business people
(c) Provide consular services to Nigerians in Czech Republic
(d) Promote educational cooperation with Czech universities offering affordable EU education
(e) Facilitate minimal bilateral trade and investment
(6) Coordinate Nigeria's EU engagement through Czech EU membership
(g) Monitor Czech political and economic developments in post-communist context
(h) Report to Federal Ministry of Foreign Affairs on Czech Republic and Central Europe
(i) Address migration issues and anti-immigrant sentiment affecting Nigerians
(j) Issue emergency travel documents to Nigerians
(k) Study Czech transition from communism to democracy for governance lessons
(l) Facilitate Czech investment opportunities in Nigeria
(m) Promote Nigeria's image in Central Europe
(n) Liaise with Czech government on bilateral cooperation
(o) Coordinate with Central European missions on regional issues
(p) Facilitate limited diplomatic exchanges
(q) Support Nigerian students in Czech universities
(r) Address minimal commercial disputes
(s) Maintain diplomatic coverage in Central Europe
(t) Advance Nigeria's interests in EU engagement and Central European regional presence"
119009084,466. FOREIGN MISSION: PRETORIA,"Nigeria's Foreign Mission in Pretoria, South Africa, is one of Nigeria's most important but contentious diplomatic missions representing Federal Republic of Nigeria in South Africa. Located in Pretoria, South Africa's administrative capital, operating under Federal Ministry of Foreign Affairs. The mission manages complex relationship between Africa's two largest economies and continental rival powers. South Africa experiences periodic xenophobic violence specifically targeting Nigerian nationals, killing dozens and destroying Nigerian businesses. Nigerian traders dominate certain sectors angering South Africans facing unemployment. Rivalry exists over continental leadership, with Nigeria leading West Africa/ECOWAS while South Africa leads Southern Africa/SADC. Both compete for African Union influence. However, substantial economic complementarities exist. South African companies (MTN, Shoprite) invest heavily in Nigeria. The mission coordinates on xenophobia protection, manages continental rivalry, promotes economic cooperation, facilitates BRICS engagement and navigates Nigeria-South Africa tensions while maintaining Africa's two largest economies partnership.

**Core Mandate:** To represent Nigeria in South Africa, protect diaspora from xenophobic violence, manage continental rivalry, promote economic cooperation despite tensions and coordinate SADC-ECOWAS relations.

**Statutory Functions:**
(a) Represent Federal Republic of Nigeria managing complex relationship with continental rival South Africa
(b) Protect Nigerian diaspora from periodic xenophobic violence killing Nigerians and destroying businesses
(c) Coordinate emergency responses during xenophobic attacks requiring evacuations
(d) Provide extensive consular services to Nigerian community under threat
(e) Address murders, assaults and property destruction targeting Nigerian nationals
(f) Navigate Nigeria-South Africa rivalry over African continental leadership
(g) Promote substantial economic cooperation despite political tensions
(h) Monitor South African political developments including xenophobia drivers
(i) Report to Federal Ministry of Foreign Affairs on xenophobia and bilateral tensions
(j) Coordinate SADC-ECOWAS cooperation between regional powers
(k) Facilitate South African investment in Nigeria despite bilateral friction
(l) Address negative stereotyping of Nigerians in South African media
(m) Issue emergency travel documents during xenophobic crises
(n) Engage BRICS framework where both Nigeria (aspirant) and South Africa participate
(o) Negotiate with South African government on protecting Nigerian community
(p) Coordinate with law enforcement on preventing xenophobic attacks
(q) Liaise with South African government on continental leadership cooperation
(r) Facilitate high-level visits attempting to reduce tensions
(s) Promote people-to-people reconciliation and economic partnerships
(t) Advance Nigeria's interests in diaspora protection, continental leadership and maintaining complex partnership with Africa's other giant economy"
119009085,467. FOREIGN MISSION: PYONGYANG,"Nigeria's Foreign Mission in Pyongyang, North Korea, is a diplomatic mission representing Federal Republic of Nigeria in Democratic People's Republic of Korea. Located in Pyongyang, North Korea's capital, operating under Federal Ministry of Foreign Affairs. The mission maintains presence in one of world's most isolated authoritarian states under Kim dynasty (Kim Il-sung, Kim Jong-il, Kim Jong-un). Minimal Nigerian community exists given North Korea's extreme isolation. Limited historical cooperation from Cold War era. North Korea faces comprehensive UN sanctions for nuclear weapons program. The mission provides observation post for Korean Peninsula developments, maintains diplomatic coverage, coordinates minimal cooperation and represents Nigeria in isolated hermit kingdom. Operating under severe restrictions, surveillance and limited movement. Mission has symbolic presence demonstrating Nigeria's global diplomatic reach even to most isolated states.

**Core Mandate:** To represent Nigeria in North Korea, maintain diplomatic presence, observe Korean Peninsula developments and coordinate minimal cooperation despite extreme isolation.

**Statutory Functions:**
(a) Represent Federal Republic of Nigeria maintaining diplomatic presence in isolated North Korea
(b) Monitor North Korea's nuclear weapons program and Korean Peninsula security
(c) Protect virtually non-existent Nigerian community
(d) Provide limited consular services under extreme restrictions
(e) Observe North Korean political developments under Kim Jong-un dictatorship
(f) Report to Federal Ministry of Foreign Affairs on North Korea and Korean Peninsula
(g) Maintain minimal bilateral cooperation within UN sanctions constraints
(h) Monitor North Korea's weapons proliferation activities
(i) Operate under severe surveillance and movement restrictions
(j) Issue emergency travel documents if needed
(k) Coordinate on UN matters including sanctions compliance
(l) Maintain symbolic diplomatic presence in hermit kingdom
(m) Navigate North Korea's totalitarian control and information restrictions
(n) Monitor Korean reunification prospects and inter-Korean relations
(o) Liaise with North Korean government under difficult conditions
(p) Coordinate with limited diplomatic missions operating in Pyongyang
(q) Observe North Korea's economic system and humanitarian situation
(r) Maintain diplomatic channel despite minimal practical engagement
(s) Monitor North Korea's international relations and defiance of sanctions
(t) Advance Nigeria's interests in maintaining global diplomatic coverage and Korean Peninsula observation despite North Korea's extreme isolation"
119009086,468. FOREIGN MISSION: RABAT,"Nigeria's Foreign Mission in Rabat, Morocco, is a diplomatic mission representing Federal Republic of Nigeria in Kingdom of Morocco. Located in Rabat, Morocco's capital, operating under Federal Ministry of Foreign Affairs. The mission manages Nigeria's relationship with North African gateway to Europe and Arab world. Morocco is stable monarchy under King Mohammed VI with growing economy. Nigerian students study in Moroccan universities. Some Nigerian migrants transit Morocco attempting irregular entry to Europe creating migration issues. Morocco has agricultural expertise, phosphate wealth and tourism industry. Both countries are African Union members though Morocco rejoined only in 2017 after decades of absence over Western Sahara dispute. Morocco seeks African economic expansion competing with South Africa and Nigeria. Spanish enclaves Ceuta/Melilla make Morocco EU border. The mission addresses migration, promotes trade, coordinates AU engagement, protects students and facilitates Morocco's African integration while managing competition.

**Core Mandate:** To represent Nigeria in Morocco, manage irregular migration transit, promote trade, coordinate AU engagement, protect students and navigate Morocco's African integration and competition.

**Statutory Functions:**
(a) Represent Federal Republic of Nigeria maintaining diplomatic relations with Morocco
(b) Address irregular migration with Nigerians transiting Morocco attempting European entry
(c) Protect Nigerian students in Moroccan universities
(d) Provide consular services to Nigerian diaspora
(e) Promote bilateral trade and Moroccan investment in Nigeria
(f) Coordinate Nigeria-Morocco cooperation in African Union after Morocco's 2017 return
(g) Navigate Morocco's expanding African economic presence competing with Nigerian interests
(h) Monitor Morocco's political and economic developments
(i) Report to Federal Ministry of Foreign Affairs on Morocco and North Africa
(j) Address Nigerian migrants detained or stranded in Morocco
(k) Issue emergency travel documents to Nigerians
(l) Facilitate educational cooperation with Moroccan universities
(m) Study Morocco's agriculture and water management for Nigerian application
(n) Monitor Western Sahara dispute affecting AU dynamics
(o) Engage Morocco's gateway role to Europe and Arab world
(p) Liaise with Morocco government on migration management and bilateral cooperation
(q) Coordinate with Spanish and European missions on migration issues
(r) Facilitate high-level visits between North and West African powers
(s) Promote economic cooperation balancing collaboration with competition
(t) Advance Nigeria's interests in migration management, AU cooperation and engaging Morocco's African integration while protecting Nigerian continental leadership"
119009087,469. FOREIGN MISSION: RIYADH,"Nigeria's Foreign Mission in Riyadh, Saudi Arabia, is one of Nigeria's most important diplomatic missions representing Federal Republic of Nigeria in Kingdom of Saudi Arabia. Located in Riyadh, Saudi Arabia's capital, operating under Federal Ministry of Foreign Affairs. The mission coordinates Nigeria's relationship with Islam's birthplace and custodian of Mecca and Medina. Hundreds of thousands of Nigerian Muslims perform Hajj annually requiring massive coordination. Some Nigerian workers employed in Saudi Arabia. Saudi Arabia is major oil producer and OPEC member. Both countries cooperate in Organization of Islamic Cooperation. Saudi investment through sovereign wealth funds potential for Nigeria. However, Nigerian pilgrims face challenges including deaths, arrests and difficulties. Mission distinct from Jeddah Consulate focusing on Hajj. Riyadh handles political relations while Jeddah manages pilgrims. The mission coordinates Islamic cooperation, facilitates investments, protects workers and manages bilateral relations with Islamic world's most powerful state.

**Core Mandate:** To represent Nigeria in Saudi Arabia, coordinate Islamic cooperation, facilitate Hajj operations through Jeddah, promote investment, protect workers and manage relationship with Islam's center.

**Statutory Functions:**
(a) Represent Federal Republic of Nigeria maintaining crucial relationship with Saudi Arabia
(b) Coordinate overall Saudi-Nigeria relations on political level distinct from Jeddah's Hajj focus
(c) Facilitate Islamic cooperation through Organization of Islamic Cooperation
(d) Promote Saudi sovereign wealth fund investment in Nigerian economy
(e) Coordinate OPEC cooperation between major oil producers
(f) Protect Nigerian workers employed across Saudi Arabia
(g) Monitor Saudi political and economic developments under Crown Prince Mohammed bin Salman
(h) Report to Federal Ministry of Foreign Affairs on Saudi Arabia and Gulf region
(i) Coordinate with Jeddah Consulate on Hajj operations and pilgrim welfare
(j) Provide consular services to Nigerians in Riyadh region
(k) Issue emergency travel documents to Nigerians
(l) Facilitate bilateral cooperation on security and counter-terrorism
(m) Promote Nigerian exports to Saudi market
(n) Address labor rights issues affecting Nigerian workers
(o) Coordinate through OIC on Islamic world cooperation
(p) Study Saudi Arabia's Vision 2030 economic diversification for Nigerian lessons
(q) Liaise with Saudi government on political, economic and Islamic cooperation
(r) Coordinate with Gulf Cooperation Council countries on regional relations
(s) Facilitate high-level visits between Islamic powers
(t) Advance Nigeria's interests in Islamic cooperation, Hajj operations, OPEC coordination and Saudi investment attraction"
119009088,470. FOREIGN MISSION: ROME,"Nigeria's Foreign Mission in Rome, Italy, is a diplomatic mission representing Federal Republic of Nigeria in Italian Republic. Located in Rome, Italy's capital hosting UN food agencies (FAO, WFP, IFAD), operating under Federal Ministry of Foreign Affairs. The mission manages Nigeria's relationship with G7 member and major EU power. Substantial Nigerian diaspora includes migrants, students and professionals. Italy is major destination for Nigerian irregular migrants crossing Mediterranean creating contentious migration issues. Many Nigerian trafficking victims exploited in Italy. Rome hosts UN Food and Agriculture Organization, World Food Programme and agricultural agencies where Nigeria engages. Italian companies invest in Nigerian infrastructure. Both countries are Mediterranean partners through Rome's North African connections. The mission addresses highly contentious irregular migration and trafficking, coordinates UN food agency engagement, promotes trade/investment, protects diaspora and manages complex Italy relationship strained by migration.

**Core Mandate:** To represent Nigeria in Italy, manage contentious Mediterranean irregular migration, combat trafficking, coordinate UN food agencies, protect diaspora and promote cooperation despite migration tensions.

**Statutory Functions:**
(a) Represent Federal Republic of Nigeria maintaining strained relationship with Italy over migration
(b) Address highly contentious irregular migration with thousands of Nigerians crossing Mediterranean
(c) Combat trafficking in persons with Nigerian women exploited in Italian sex industry
(d) Protect substantial Nigerian diaspora facing discrimination and anti-immigrant sentiment
(e) Provide extensive consular services including to detained and trafficked Nigerians
(f) Coordinate Nigeria's engagement with UN food agencies headquartered in Rome (FAO, WFP, IFAD)
(g) Promote Italian investment in Nigerian infrastructure and manufacturing
(h) Monitor Italy's political developments and anti-immigration policies
(i) Report to Federal Ministry of Foreign Affairs on migration crisis and Italy-EU matters
(j) Address deportation flights and repatriation of Nigerian irregular migrants
(k) Issue emergency travel documents to stranded and detained Nigerians
(l) Facilitate voluntary return programs for Nigerian migrants
(m) Combat negative Nigerian stereotypes in Italian media linking migration and crime
(n) Support Nigerian students in Italian universities
(o) Engage Rome-based UN agencies on Nigerian agriculture and food security
(p) Liaise with Italian government on migration management and trafficking prevention
(q) Coordinate with EU agencies and Mediterranean countries on migration crisis
(r) Facilitate limited high-level visits amid migration tensions
(s) Promote legal migration pathways while combating irregular migration
(t) Advance Nigeria's interests in managing Mediterranean migration crisis, combating trafficking and engaging UN food agencies despite strained Italy relations"
119009091,471. FOREIGN MISSION: SÃO TOMÉ AND PRÍNCIPE,"Nigeria's Foreign Mission in São Tomé, São Tomé and Príncipe, is a diplomatic mission representing Federal Republic of Nigeria in Democratic Republic of São Tomé and Príncipe. Located in São Tomé city, capital of tiny Portuguese-speaking island nation, operating under Federal Ministry of Foreign Affairs. The mission manages Nigeria's relationship with Africa's second-smallest country (population 220,000) in Gulf of Guinea. São Tomé strategically located in Gulf of Guinea shares maritime boundaries with Nigeria. Oil exploration in Joint Development Zone between both countries creates economic cooperation. Nigerian traders and workers present on islands. Both countries cooperate on Gulf of Guinea maritime security. Portuguese colonial legacy creates language challenges. São Tomé's small size but strategic location makes mission important for maritime boundaries and oil development. The mission coordinates oil sector cooperation, promotes maritime security, manages Joint Development Zone and maintains presence in strategically located micro-state.

**Core Mandate:** To represent Nigeria in São Tomé and Príncipe, coordinate Joint Development Zone oil operations, manage maritime boundaries, promote Gulf of Guinea security and maintain island nation relations.

**Statutory Functions:**
(a) Represent Federal Republic of Nigeria in tiny island nation São Tomé and Príncipe
(b) Coordinate Nigeria-São Tomé Joint Development Zone oil exploration and production
(c) Manage maritime boundary agreements and offshore oil block development
(d) Protect Nigerian traders and workers on São Tomé islands
(e) Provide consular services to limited Nigerian community
(f) Promote Gulf of Guinea maritime security cooperation
(g) Navigate Portuguese language requirements
(h) Monitor São Tomé political and economic developments
(i) Report to Federal Ministry of Foreign Affairs on São Tomé and maritime issues
(j) Coordinate through Gulf of Guinea Commission
(k) Issue emergency travel documents to Nigerians
(l) Facilitate bilateral trade with micro-state
(m) Address oil revenue sharing from Joint Development Zone
(n) Monitor São Tomé's political stability affecting oil operations
(o) Promote Nigerian investment in São Tomé economy
(p) Liaise with São Tomé government on maritime and oil cooperation
(q) Coordinate with lusophone African missions
(r) Facilitate limited diplomatic exchanges
(s) Promote regional maritime security initiatives
(t) Advance Nigeria's interests in Joint Development Zone oil production, maritime boundaries and Gulf of Guinea security through strategic island nation"
119009092,472. FOREIGN MISSION: SEOUL,"Nigeria's Foreign Mission in Seoul, South Korea, is a diplomatic mission representing Federal Republic of Nigeria in Republic of Korea. Located in Seoul, South Korea's capital and Asian economic powerhouse, operating under Federal Ministry of Foreign Affairs. The mission manages Nigeria's relationship with Asia's advanced economy and technological leader. Growing Nigerian student population attracted by quality education and scholarships. South Korean companies (Samsung, LG, Hyundai) invest in Nigerian telecommunications, manufacturing and infrastructure. South Korea's rapid development from poverty to prosperity (Han River Miracle) provides development model for Nigeria. K-pop cultural influence growing globally. Both countries cooperate on development and trade. South Korea provides development assistance and technical cooperation. The mission promotes investment, protects students, facilitates technology transfer, learns from Korean development success and coordinates South-South cooperation with advanced developing country graduate.

**Core Mandate:** To represent Nigeria in South Korea, promote investment and technology transfer, protect students, learn from Korean development miracle and facilitate economic cooperation.

**Statutory Functions:**
(a) Represent Federal Republic of Nigeria maintaining growing relationship with South Korea
(b) Promote South Korean investment in Nigerian telecommunications, manufacturing and infrastructure
(c) Protect growing Nigerian student population in Korean universities
(d) Provide consular services to Nigerians in South Korea
(e) Facilitate technology transfer from Korean companies to Nigerian economy
(f) Learn from South Korea's remarkable development from poverty to prosperity (Han River Miracle)
(g) Promote Samsung, LG, Hyundai and other Korean corporate investments in Nigeria
(h) Monitor South Korean political and economic developments
(i) Report to Federal Ministry of Foreign Affairs on South Korea and lessons for Nigerian development
(j) Coordinate South Korean development assistance and technical cooperation to Nigeria
(k) Issue emergency travel documents to Nigerians
(l) Study Korea's industrialization strategy for Nigerian economic transformation
(m) Facilitate educational partnerships with Korean universities and technical institutes
(n) Promote bilateral trade addressing trade imbalance favoring Korea
(o) Engage Korean companies on manufacturing partnerships and job creation in Nigeria
(p) Liaise with South Korean government on investment and cooperation
(q) Coordinate with Asian missions on regional economic integration
(r) Facilitate high-level visits and business delegations
(s) Study Korean innovation and technology policies
(t) Advance Nigeria's strategic interests in Korean investment, technology transfer and learning from Asian development success story"
119009093,473. FOREIGN MISSION: SHANGHAI,"Nigeria's Consulate General in Shanghai, China, is a consular mission representing Federal Republic of Nigeria in China's commercial capital and economic powerhouse. Located in Shanghai, China's largest city and financial center, operating under Federal Ministry of Foreign Affairs and Embassy in Beijing. The mission serves Nigerian business community in Shanghai financial district and Yangtze River Delta manufacturing hub. Some Nigerian traders operate in Shanghai markets. Mission focuses on commercial services, investment facilitation and business partnerships distinct from Beijing's political diplomacy. Shanghai hosts major Chinese corporations, financial institutions and international businesses. Yangtze Delta is China's manufacturing heartland producing Nigerian imports. The mission promotes Nigeria-China trade, facilitates Shanghai investment in Nigeria, supports Nigerian businesses and provides consular services in commercial capital separate from diplomatic capital Beijing.

**Core Mandate:** To provide consular services in Shanghai, facilitate commercial partnerships, promote trade/investment, support Nigerian businesses and serve China's commercial capital.

**Statutory Functions:**
(a) Provide consular services to Nigerians in Shanghai and Yangtze River Delta region
(b) Issue and renew Nigerian passports for diaspora and business visitors
(c) Facilitate commercial partnerships between Nigerian and Shanghai businesses
(d) Promote Shanghai financial sector investment in Nigerian economy
(e) Support Nigerian traders and businesspeople in Shanghai markets
(f) Coordinate with Beijing embassy on policy while focusing on commercial matters
(g) Monitor Shanghai's economic developments and business opportunities
(h) Report to Beijing embassy on commercial and consular matters in region
(i) Facilitate Nigerian exports through Shanghai port and markets
(j) Issue emergency travel documents to Nigerians
(k) Promote Nigerian participation in Shanghai trade fairs and exhibitions
(l) Engage Yangtze Delta manufacturers on partnerships and sourcing
(m) Provide business documentation and notarial services
(n) Address commercial disputes involving Nigerian traders
(o) Liaise with Shanghai municipal authorities on business matters
(p) Coordinate with Chinese businesses on investment in Nigeria
(q) Facilitate business delegations and commercial visits
(r) Promote Nigeria's trade interests in China's commercial hub
(s) Support Nigerian companies establishing Shanghai presence
(t) Advance Nigeria's commercial interests in China's financial capital and manufacturing heartland"
119009094,474. FOREIGN MISSION: SINGAPORE,"Nigeria's Foreign Mission in Singapore, Republic of Singapore, is a diplomatic mission representing Federal Republic of Nigeria in Singapore with concurrent accreditation to Southeast Asian countries. Located in Singapore, Asian financial and business hub, operating under Federal Ministry of Foreign Affairs. The mission manages relationship with remarkably successful city-state transformed from poverty to first-world prosperity under Lee Kuan Yew. Growing Nigerian community includes students, professionals and traders. Singapore's development model interests Nigeria - from third world to first world in one generation through good governance, anti-corruption, rule of law and economic planning. Singapore is major financial center, shipping hub and Asian gateway. Limited bilateral trade below potential. Nigerian students study in Singapore's world-class universities. Singapore's experience managing ethnic diversity (Chinese, Malay, Indian) relevant to Nigerian challenges. The mission promotes investment, learns from Singapore success story, facilitates trade, protects diaspora and coordinates ASEAN engagement through strategic hub.

**Core Mandate:** To represent Nigeria in Singapore, learn from remarkable development success, promote investment, facilitate financial sector partnerships, protect diaspora and leverage regional hub status.

**Statutory Functions:**
(a) Represent Federal Republic of Nigeria in Singapore with Southeast Asian concurrent accreditation
(b) Learn from Singapore's remarkable transformation from poverty to prosperity in one generation
(c) Study Singapore's good governance, anti-corruption and rule of law for Nigerian application
(d) Protect growing Nigerian community including students and professionals
(e) Provide consular services to Nigerians in Singapore and concurrent countries
(f) Promote Singapore investment in Nigerian economy leveraging financial sector
(g) Facilitate Nigeria's engagement with Singapore as regional financial hub
(h) Monitor Singapore's political and economic developments under PAP government
(i) Report to Federal Ministry of Foreign Affairs on Singapore and development lessons
(j) Study Singapore's ethnic diversity management (Chinese-Malay-Indian) for Nigerian context
(k) Issue emergency travel documents to Nigerians
(l) Facilitate educational cooperation with world-class Singaporean universities
(m) Learn from Singapore's economic planning and development strategy
(n) Promote bilateral trade from current minimal levels
(o) Engage Singapore's port and shipping industry for Nigerian maritime development
(p) Liaise with Singapore government on bilateral cooperation and investment
(q) Coordinate with ASEAN missions on Southeast Asian engagement
(r) Facilitate high-level visits and business delegations
(s) Study Singapore's corruption eradication for Nigerian anti-corruption efforts
(t) Advance Nigeria's interests in learning from world's most successful development model and accessing Asian financial hub"
119009095,475. FOREIGN MISSION: STOCKHOLM,"Nigeria's Foreign Mission in Stockholm, Sweden, is a diplomatic mission representing Federal Republic of Nigeria in Kingdom of Sweden with concurrent accreditation to Nordic countries. Located in Stockholm, Sweden's capital, operating under Federal Ministry of Foreign Affairs. The mission manages limited bilateral engagement with Scandinavian welfare state. Small Nigerian diaspora includes asylum seekers, students and professionals. Sweden provides development assistance to Nigeria through SIDA. Swedish companies (Ericsson, Volvo) have limited Nigerian operations. Sweden known for social welfare model, gender equality and environmental sustainability. Both countries cooperate on development, climate and human rights though Sweden criticizes Nigerian rights record. Sweden accepts Nigerian asylum seekers creating migration dimension. The mission addresses human rights criticisms, coordinates development assistance, protects limited diaspora, promotes cooperation and maintains Nordic presence despite limited engagement.

**Core Mandate:** To represent Nigeria in Sweden and Nordics, coordinate development assistance, address human rights issues, protect diaspora and maintain Scandinavian presence.

**Statutory Functions:**
(a) Represent Federal Republic of Nigeria in Sweden with Nordic concurrent accreditation
(b) Coordinate Swedish development assistance to Nigeria through SIDA
(c) Protect limited Nigerian diaspora including asylum seekers and refugees
(d) Provide consular services to Nigerians across Nordic countries
(e) Address Swedish criticism of Nigerian human rights record
(f) Promote limited bilateral trade and investment
(g) Monitor Sweden's political and social developments
(h) Report to Federal Ministry of Foreign Affairs on Sweden, Nordics and development cooperation
(i) Facilitate educational cooperation with Swedish universities
(j) Issue emergency travel documents to Nigerians
(k) Study Sweden's welfare state model for social policy lessons
(l) Address Nigerian asylum seekers in Sweden
(m) Learn from Swedish gender equality policies
(n) Coordinate on climate change and environmental cooperation
(o) Engage Swedish companies on limited investment opportunities
(p) Liaise with Swedish government on human rights and development
(q) Coordinate with Nordic missions on regional matters
(r) Facilitate limited diplomatic visits
(s) Defend Nigeria against human rights criticisms while acknowledging challenges
(t) Advance Nigeria's interests in development assistance and Nordic engagement despite limited bilateral relations"
119009096,476. FOREIGN MISSION: TEHRAN,"Nigeria's Foreign Mission in Tehran, Iran, is a diplomatic mission representing Federal Republic of Nigeria in Islamic Republic of Iran. Located in Tehran, Iran's capital, operating under Federal Ministry of Foreign Affairs. The mission operates in complex environment given US sanctions on Iran and regional tensions. Limited Nigerian community mainly students studying in Iranian universities. Both countries are oil producers and Organization of Islamic Cooperation members. Iran has technical expertise in oil refining, petrochemicals and agriculture. Historical ties from anti-colonial solidarity. However, Iran's support for Shia Islam, regional proxy conflicts and nuclear program create international isolation. Some Nigerian students radicalized in Iran raising security concerns. US sanctions restrict bilateral cooperation. The mission coordinates Islamic cooperation, facilitates limited trade within sanctions, protects students, monitors Iranian activities and maintains presence despite Iran's international isolation.

**Core Mandate:** To represent Nigeria in Iran, coordinate Islamic cooperation despite sanctions, protect students, monitor Iranian activities and maintain presence in isolated but strategic state.

**Statutory Functions:**
(a) Represent Federal Republic of Nigeria maintaining diplomatic presence in sanctioned Iran
(b) Protect Nigerian students in Iranian universities and Islamic institutions
(c) Monitor potential radicalization of Nigerian students exposed to Iranian ideology
(d) Coordinate Nigeria-Iran cooperation in Organization of Islamic Cooperation
(e) Navigate US sanctions restricting bilateral trade and cooperation
(f) Monitor Iran's nuclear program and regional activities
(g) Report to Federal Ministry of Foreign Affairs on Iran and Middle East tensions
(h) Provide consular services to limited Nigerian community
(i) Facilitate limited oil sector cooperation within sanctions constraints
(j) Issue emergency travel documents to Nigerians
(k) Study Iranian petroleum refining technology despite sanctions limitations
(l) Address security concerns from Iranian ideological influence
(m) Monitor Iran's proxy activities in Middle East and Africa
(n) Maintain minimal bilateral cooperation given international isolation
(o) Navigate Iran's Shia ideology potentially conflicting with Nigerian Sunni majority
(p) Liaise cautiously with Iranian government under sanctions
(q) Coordinate with remaining diplomatic missions in Tehran
(r) Operate mission under sanctions and international pressure
(s) Monitor Iranian-US tensions affecting global oil markets
(t) Advance Nigeria's limited interests in Islamic cooperation while monitoring security concerns from Iranian activities"
119009097,477. FOREIGN MISSION: TEL AVIV,"Nigeria's Foreign Mission in Tel Aviv, Israel, is a diplomatic mission representing Federal Republic of Nigeria in State of Israel. Located in Tel Aviv (most embassies remain there despite Israel declaring Jerusalem capital), operating under Federal Ministry of Foreign Affairs. The mission manages sensitive Nigeria-Israel relationship balancing Israeli technology partnerships with solidarity with Palestinians. Nigeria recognizes Israel but maintains pro-Palestinian positions. Limited Nigerian community includes students and workers. Israel has advanced agricultural technology, water management, security expertise and tech sector relevant to Nigeria. Israeli companies invest in Nigerian agriculture and security. However, Nigeria's large Muslim population and African Union positions require careful balancing. Nigeria votes for Palestinian rights at UN while maintaining Israel ties. The mission promotes Israeli technology transfer especially agriculture, facilitates security cooperation, maintains cautious balance and protects limited diaspora while navigating Israeli-Palestinian conflict sensitivities.

**Core Mandate:** To represent Nigeria in Israel, facilitate technology transfer in agriculture/security, balance Palestinian solidarity with Israeli cooperation and maintain sensitive diplomatic relationship.

**Statutory Functions:**
(a) Represent Federal Republic of Nigeria maintaining cautious relationship with Israel
(b) Balance Israeli technology partnerships with Nigerian solidarity for Palestinian cause
(c) Protect limited Nigerian community including students and workers
(d) Provide consular services to Nigerians in Israel
(e) Facilitate Israeli agricultural technology transfer to Nigeria's farming sector
(f) Promote Israeli water management expertise for Nigerian application
(g) Coordinate security sector cooperation and counter-terrorism training
(h) Navigate Nigeria's large Muslim population sensitivity to Israeli relations
(i) Monitor Israeli-Palestinian conflict affecting Nigeria's Middle East policy
(j) Report to Federal Ministry of Foreign Affairs on Israel and regional tensions
(k) Promote Israeli technology and innovation partnerships
(l) Issue emergency travel documents to Nigerians
(m) Study Israeli agricultural innovations for Nigerian farming
(n) Balance Nigerian votes supporting Palestinians at UN with bilateral Israel cooperation
(o) Engage Israeli tech companies on cybersecurity and innovation
(p) Liaise carefully with Israeli government on bilateral cooperation
(q) Coordinate with African missions on shared positions regarding Palestine
(r) Facilitate limited high-level visits maintaining quiet cooperation
(s) Promote water technology and irrigation partnerships
(t) Advance Nigeria's interests in Israeli technology access while maintaining Palestinian solidarity and navigating Muslim-Christian sensitivities in Nigerian domestic politics"
119009099,478. FOREIGN MISSION: THE HAGUE,"Nigeria's Foreign Mission in The Hague, Netherlands, is a diplomatic mission representing Federal Republic of Nigeria in Netherlands. Located in The Hague, Dutch seat of government and international justice center, operating under Federal Ministry of Foreign Affairs. The mission holds special importance as The Hague hosts International Criminal Court, International Court of Justice and numerous international legal institutions. Growing Nigerian diaspora includes asylum seekers, students and professionals. Netherlands is major EU economy, port nation (Rotterdam) and development cooperation provider. Dutch companies invest in Nigerian oil services and agriculture. However, Netherlands receives substantial Nigerian asylum applications creating migration tensions. The Hague's international courts occasionally address cases involving Nigeria or Nigerian nationals. The mission coordinates with international courts, manages migration issues, promotes trade/investment, protects diaspora and engages international justice institutions while representing Nigerian interests in global legal capital.

**Core Mandate:** To represent Nigeria in Netherlands, coordinate with international courts in The Hague, manage migration, promote trade, protect diaspora and engage global justice institutions.

**Statutory Functions:**
(a) Represent Federal Republic of Nigeria in Netherlands with special focus on international courts
(b) Coordinate Nigeria's engagement with International Criminal Court in The Hague
(c) Engage International Court of Justice on matters affecting Nigerian interests
(d) Protect substantial Nigerian diaspora including asylum seekers
(e) Provide consular services to Nigerians across Netherlands
(f) Address Nigerian asylum applications and migration to Netherlands
(g) Monitor cases at international courts potentially involving Nigeria or Nigerians
(h) Promote Dutch investment in Nigerian oil services and agriculture
(i) Monitor Netherlands political and economic developments
(j) Report to Federal Ministry of Foreign Affairs on Netherlands, ICC and migration issues
(k) Facilitate trade through Rotterdam port for Nigerian cargo
(l) Issue emergency travel documents to Nigerians
(m) Coordinate Dutch development assistance to Nigeria
(n) Address trafficking in persons affecting Nigerian victims in Netherlands
(o) Defend Nigerian interests in international legal proceedings
(p) Study Dutch water management for Nigerian flood control
(q) Liaise with Dutch government on migration management and bilateral cooperation
(r) Coordinate with international courts and legal institutions
(s) Facilitate limited high-level visits
(t) Advance Nigeria's interests in international justice engagement, migration management and Dutch economic cooperation"
119009100,479. FOREIGN MISSION: TOKYO,"Nigeria's Foreign Mission in Tokyo, Japan, is a diplomatic mission representing Federal Republic of Nigeria in Japan. Located in Tokyo, Japan's capital and world's third-largest economy, operating under Federal Ministry of Foreign Affairs. The mission manages Nigeria's relationship with major Asian economic power and technology leader. Limited but growing Nigerian community includes students, professionals and traders. Japan provides significant development assistance through JICA and investment in Nigerian infrastructure. Japanese companies invest in automotive, manufacturing and infrastructure sectors. Both countries are G20 members. Japan's post-war economic miracle and technological advancement provide development lessons for Nigeria. However, bilateral engagement remains below potential despite Japan's economic power. The mission promotes Japanese investment, coordinates development assistance, facilitates technology transfer, protects diaspora and learns from Japanese development success while expanding strategic partnership with Asia's developed economy.

**Core Mandate:** To represent Nigeria in Japan, promote investment and development assistance, facilitate technology transfer, protect diaspora and learn from Japanese economic success.

**Statutory Functions:**
(a) Represent Federal Republic of Nigeria maintaining important relationship with Japan
(b) Promote Japanese investment in Nigerian infrastructure, automotive and manufacturing sectors
(c) Protect limited but growing Nigerian community in Japan
(d) Provide consular services to Nigerians including students
(e) Coordinate substantial Japanese development assistance through JICA to Nigeria
(f) Facilitate Japanese technology transfer to Nigerian economy
(g) Promote Toyota, Honda and other Japanese automotive companies' Nigerian operations
(h) Monitor Japan's political and economic developments
(i) Report to Federal Ministry of Foreign Affairs on Japan and Asian economic lessons
(j) Study Japan's post-war economic miracle for Nigerian development strategy
(k) Issue emergency travel documents to Nigerians
(l) Facilitate educational cooperation with Japanese universities and technical institutes
(m) Promote bilateral trade addressing massive trade imbalance favoring Japan
(n) Learn from Japanese manufacturing and quality control practices
(o) Coordinate on G20 matters and development cooperation
(p) Engage Japanese companies on manufacturing partnerships and technology transfer
(q) Liaise with Japanese government on investment and development assistance
(r) Coordinate with Asian missions on regional economic integration
(s) Facilitate high-level visits and business delegations
(t) Advance Nigeria's strategic interests in Japanese investment, JICA assistance, technology transfer and learning from Asia's developed economy success"
119009101,480. FOREIGN MISSION: TRIPOLI,"Nigeria's Foreign Mission in Tripoli, Libya, is a diplomatic mission representing Federal Republic of Nigeria in Libya (specifically recognized Tripoli-based government). Located in Tripoli, Libya's capital, operating under Federal Ministry of Foreign Affairs. The mission operates in extraordinarily dangerous environment given Libya's complete state collapse after 2011 NATO intervention ending Gaddafi dictatorship. Libya fractured into rival governments, militias and chaos. Thousands of Nigerian migrants trapped in Libya face slavery, torture, rape and murder by traffickers and militias. Horrific CNN footage (2017) showed Nigerian migrants sold as slaves in Libya. Nigerian irregular migrants transit Libya attempting Mediterranean crossing to Europe, many drowning. IOM facilitates voluntary returns. Mission coordinates emergency evacuations, addresses slavery and human rights abuses, facilitates repatriations and operates under extreme security constraints. Libya's oil wealth and Nigeria's historical ties under Gaddafi now overshadowed by humanitarian catastrophe.

**Core Mandate:** To represent Nigeria in collapsed Libya, evacuate migrants from slavery/abuse, coordinate repatriations, protect Nigerians from traffickers and operate in state failure environment.

**Statutory Functions:**
(a) Represent Federal Republic of Nigeria maintaining presence in collapsed Libyan state
(b) Coordinate emergency evacuations of Nigerian migrants facing slavery, torture and murder
(c) Address Nigerian migrant slavery revealed by CNN 2017 footage shocking world
(d) Protect thousands of Nigerian migrants trapped in Libyan detention centers and trafficker control
(e) Facilitate voluntary repatriation of Nigerian migrants through IOM cooperation
(f) Monitor Libya's complete state failure with rival governments and militia chaos
(g) Report to Federal Ministry of Foreign Affairs on humanitarian catastrophe affecting Nigerians
(h) Provide emergency consular services under extreme danger
(i) Coordinate with IOM and humanitarian organizations on migrant protection
(j) Address sexual violence, torture and human rights abuses against Nigerian migrants
(k) Issue emergency travel documents for repatriation
(l) Operate mission under severe security threats from militias and chaos
(m) Navigate Libya's rival governments (Tripoli vs Tobruk)
(n) Monitor Mediterranean crossings by Nigerian migrants, many drowning
(o) Facilitate rescue operations for Nigerian migrants in distress
(p) Coordinate with Nigerian embassy in Tunisia on evacuation logistics
(q) Liaise with internationally recognized Tripoli government amid state collapse
(r) Coordinate with European missions on migration crisis
(s) Document human rights abuses against Nigerians for accountability
(t) Advance Nigeria's urgent interests in migrant evacuation, ending slavery and protecting citizens from human rights catastrophe in failed Libyan state"
119009109,# NIGERIAN FEDERAL AGENCY MANDATES: AGENCIES 431-450 (FOREIGN MISSIONS),"**MDA Code:** 119009109

Nigeria's Foreign Mission in Juba, South Sudan, is a diplomatic mission representing Federal Republic of Nigeria in world's newest country (independent July 2011). Located in Juba, South Sudan's capital on White Nile, operating under Federal Ministry of Foreign Affairs. The mission operates in one of world's most challenging environments characterized by active civil war, humanitarian catastrophe, state failure and extreme poverty despite vast oil reserves. South Sudan's independence from Sudan followed decades of civil war in which Nigeria supported mediation efforts. Nigeria has provided significant peacekeeping troops to UN Mission in South Sudan (UNMISS) making the mission critical for coordinating peacekeeping operations. South Sudan descended into brutal civil war in 2013 between President Kiir and Vice President Machar factions, killing hundreds of thousands and displacing millions. Oil-rich but devastated by conflict, South Sudan faces famine, displacement and complete state collapse. Limited Nigerian community consists primarily of peacekeepers and few humanitarian workers. The mission operates under extraordinary security constraints requiring UN protection.

**Core Mandate:** To represent Nigeria's interests in South Sudan, coordinate peacekeeping operations, monitor humanitarian catastrophe, support state-building efforts and protect Nigerian citizens in world's newest and most fragile state.

**Statutory Functions:**
(a) Represent Federal Republic of Nigeria in Republic of South Sudan
(b) Coordinate Nigeria's significant peacekeeping troop contributions to UN Mission in South Sudan (UNMISS)
(c) Protect Nigerian peacekeepers deployed in dangerous conflict zones across South Sudan
(d) Monitor South Sudan's brutal civil war dynamics and conflict developments
(e) Report to Federal Ministry of Foreign Affairs on humanitarian catastrophe and state failure
(f) Support international efforts toward South Sudan peace, reconciliation and state-building
(g) Provide limited consular services to Nigerian peacekeepers and humanitarian workers
(h) Monitor South Sudan's oil sector operations despite conflict disruptions
(i) Coordinate with UNMISS Force Headquarters on Nigerian troops' deployment, welfare and security
(j) Address casualties, injuries and deaths of Nigerian peacekeepers in combat
(k) Monitor regional security implications of South Sudan conflict for East Africa and Sudan
(l) Facilitate humanitarian assistance delivery to conflict-affected populations
(m) Issue emergency travel documents when needed under conflict conditions
(n) Monitor human rights violations and protection of civilians mandate
(o) Operate mission under extreme security constraints requiring UN compound protection
(p) Liaise with South Sudan government factions amid political chaos and violence
(q) Coordinate with UN agencies, humanitarian organizations and diplomatic missions in Juba
(r) Support peace process negotiations and ceasefire monitoring
(s) Monitor refugee and IDP crisis affecting millions of South Sudanese
(t) Advance Nigeria's peacekeeping mission, continental stability responsibilities and support for world's newest state"
119009050,432. FOREIGN MISSION: KAMPALA,"Nigeria's Foreign Mission in Kampala, Uganda, is a diplomatic mission representing Federal Republic of Nigeria in Republic of Uganda. Located in Kampala, Uganda's capital on Lake Victoria shores, operating under Federal Ministry of Foreign Affairs. The mission manages historically complex Nigeria-Uganda relations. Uganda under Idi Amin supported Biafran secession during Nigeria's civil war creating lasting tension, though relations have improved significantly since. Uganda is East African Community's political center and regional military power under President Museveni's long rule since 1986. Growing Nigerian diaspora includes traders dominating commercial sectors and students in Ugandan universities. Uganda has discovered significant oil reserves prompting Nigerian interest in petroleum sector cooperation. Kampala serves as base for engaging broader East African Community market. Uganda's military interventions in South Sudan, Somalia (AMISOM) and DRC demonstrate regional security role. The mission promotes trade, manages historical tensions, coordinates EAC engagement and protects expanding Nigerian community.

**Core Mandate:** To represent Nigeria's interests in Uganda, manage historical tensions, promote bilateral trade, facilitate East African market access, protect diaspora and coordinate regional cooperation.

**Statutory Functions:**
(a) Represent Federal Republic of Nigeria maintaining diplomatic relations with Uganda
(b) Manage historical tensions from Uganda's support for Biafran secession during Nigeria's civil war
(c) Protect growing Nigerian diaspora including traders dominating Kampala's commercial districts
(d) Provide consular services to substantial Nigerian community and students
(e) Promote bilateral trade addressing Nigerian traders' dominance of Ugandan markets
(f) Facilitate Nigerian access to East African Community market through Uganda
(g) Coordinate oil sector cooperation following Uganda's petroleum discoveries
(h) Implement Nigeria's East African engagement strategy
(h) Monitor Uganda's political developments under Museveni's long authoritarian rule
(j) Report to Federal Ministry of Foreign Affairs on Uganda and East African Community
(k) Coordinate regional security cooperation on terrorism and cross-border threats
(l) Facilitate educational cooperation with Ugandan universities hosting Nigerian students
(m) Provide assistance to Nigerian traders facing business challenges
(n) Issue emergency travel documents to Nigerians
(o) Monitor Uganda's regional military interventions in South Sudan, Somalia and DRC
(p) Promote Nigeria-Uganda cooperation in African Union and regional forums
(q) Liaise with Uganda government on commercial, political and bilateral issues
(r) Coordinate with East African Community organizations and IGAD on regional integration
(s) Facilitate high-level diplomatic visits rebuilding relationship from civil war tensions
(t) Advance Nigeria's interests in East African market access, ECOWAS-EAC cooperation and regional stability"
119009051,433. FOREIGN MISSION: KHARTOUM,"Nigeria's Foreign Mission in Khartoum, Sudan, is a diplomatic mission representing Federal Republic of Nigeria in Republic of Sudan (North Sudan post-2011 South Sudan independence). Located in Khartoum at confluence of Blue and White Nile rivers, operating under Federal Ministry of Foreign Affairs. The mission manages historically complex and occasionally hostile Nigeria-Sudan relations. Sudan under Omar al-Bashir regime (1989-2019) allegedly supported Boko Haram terrorism in Nigeria creating serious bilateral tensions. Bashir faced ICC indictment for Darfur genocide. Despite tensions, thousands of Nigerian students study in Sudanese universities particularly Al-Azhar University for Islamic education attracted by Arabic language and Islamic scholarship. Sudan's 2019 revolution ousted Bashir but 2021 military coup returned army control. Both countries are Organization of Islamic Cooperation members and oil producers. The mission protects large student population, navigates complex security relations, monitors Sudan's chronic instability and coordinates Islamic cooperation while addressing past Sudanese support for terrorism.

**Core Mandate:** To represent Nigeria's interests in Sudan, protect large student population, navigate complex security relations including past terrorism support, monitor instability and coordinate Islamic cooperation.

**Statutory Functions:**
(a) Represent Federal Republic of Nigeria maintaining cautious relations with Sudan
(b) Protect thousands of Nigerian students studying in Sudanese universities and Islamic institutions
(c) Address historical tensions from alleged Sudanese support for Boko Haram terrorism
(d) Monitor Sudan's chronic political instability including 2019 revolution and 2021 military coup
(e) Report to Federal Ministry of Foreign Affairs on Sudan developments and security threats
(f) Coordinate Nigeria-Sudan cooperation in Organization of Islamic Cooperation despite bilateral tensions
(g) Provide extensive consular services to large Nigerian student population
(h) Facilitate Nigerian students' education particularly Islamic studies at Al-Azhar University
(i) Monitor Darfur crisis and humanitarian situation in western Sudan
(j) Address past allegations of Sudan harboring terrorists and weapons flow to Boko Haram
(k) Coordinate on counter-terrorism cooperation and intelligence sharing
(l) Provide assistance to Nigerian students facing financial, academic or security difficulties
(m) Issue emergency travel documents to Nigerians
(n) Monitor Nile basin water politics affecting downstream countries
(o) Navigate Sudan's isolation following Bashir ICC indictment and sanctions
(p) Liaise with Sudan military government on bilateral issues and student welfare
(q) Coordinate with international organizations and remaining diplomatic missions in Khartoum
(r) Facilitate limited trade despite political tensions and economic sanctions
(s) Monitor humanitarian crisis, refugee flows and regional security implications
(t) Advance Nigeria's interests in Islamic cooperation, student protection and regional security while addressing past terrorism support"
119009052,434. FOREIGN MISSION: KIEV (KYIV),"Nigeria's Foreign Mission in Kiev (Kyiv), Ukraine, is a diplomatic mission representing Federal Republic of Nigeria in Ukraine. Located in Kyiv, Ukraine's capital, operating under Federal Ministry of Foreign Affairs. The mission faced extraordinary challenges following Russia's full-scale invasion of Ukraine in February 2022. Significant Nigerian student population studying in Ukrainian universities, particularly medical schools attracted by affordable quality education, became trapped in war zone. The mission coordinated emergency evacuation of Nigerian students amid Russian bombardment, requiring unprecedented crisis response. Many Nigerian students faced racism at border crossings while fleeing to Poland and other neighbors. Ukraine pre-war was emerging Eastern European democracy and EU association candidate. Mission previously focused on educational cooperation and potential agricultural partnerships. Post-invasion, mission operates under extreme wartime conditions requiring coordination with Nigerian embassy in Poland and neighboring countries for continued student support and evacuation operations.

**Core Mandate:** To represent Nigeria's interests in Ukraine, protect Nigerian students in active war zone, coordinate emergency evacuations, manage war crisis and maintain diplomatic presence during Russian invasion.

**Statutory Functions:**
(a) Represent Federal Republic of Nigeria maintaining diplomatic presence during Russian invasion of Ukraine
(b) Protect Nigerian students trapped in active war zone across Ukrainian cities
(c) Coordinate emergency evacuation of Nigerian nationals from combat zones to safe countries
(d) Provide emergency consular services under wartime conditions and bombardment
(e) Facilitate Nigerian students' evacuation to Poland, Romania, Hungary and Moldova
(f) Address racism and discrimination faced by Nigerian students at Ukrainian border crossings
(g) Monitor war developments affecting Nigerian citizens' safety and evacuation routes
(h) Report to Federal Ministry of Foreign Affairs on war situation and student welfare
(i) Coordinate with neighboring missions on evacuation logistics and student reception
(j) Issue emergency travel documents to Nigerian students who lost documentation fleeing war
(k) Facilitate communication between students in Ukraine and families in Nigeria
(l) Provide financial assistance and humanitarian support to stranded students
(m) Operate mission under extreme security constraints during Russian attacks on Kyiv
(n) Coordinate with Ukrainian government on evacuation corridors and safe passage
(o) Liaise with international organizations, humanitarian agencies and evacuation coordinators
(p) Address casualties, injuries and deaths of Nigerian students from Russian bombardment
(q) Facilitate repatriation of Nigerian students to Nigeria via land routes and refugee processing
(r) Monitor educational continuity for Nigerian students whose studies were disrupted
(s) Support Nigerian students relocated to other European countries for study continuation
(t) Advance Nigeria's interests in protecting citizens in conflict zones and managing unprecedented war-time evacuation crisis"
119009053,435. FOREIGN MISSION: KIGALI,"Nigeria's Foreign Mission in Kigali, Rwanda, is a diplomatic mission representing Federal Republic of Nigeria in Republic of Rwanda. Located in Kigali, Rwanda's capital and cleanest African city, operating under Federal Ministry of Foreign Affairs. The mission engages Rwanda's remarkable post-genocide transformation under President Paul Kagame's authoritarian but developmental leadership. Rwanda's 1994 genocide against Tutsi killed 800,000 people in 100 days making it world's most intensive killing. Under Kagame since 2000, Rwanda achieved rapid economic growth, technological advancement, governance improvements and security despite authoritarian politics and human rights concerns. Nigeria and Rwanda have growing partnership with Lagos-Kigali direct flights launched. Rwanda positions itself as East African tech hub with innovation ambitions. Limited Nigerian community includes businesspeople and students. Both countries contribute to AU peacekeeping. Rwanda's controversial deal with UK to accept asylum seekers affects migration discussions. The mission promotes bilateral cooperation, learns from Rwanda's development model while noting governance concerns, and coordinates African Union partnership.

**Core Mandate:** To represent Nigeria's interests in Rwanda, promote bilateral cooperation, learn from Rwanda's development model, coordinate AU peacekeeping partnership and facilitate East African engagement.

**Statutory Functions:**
(a) Represent Federal Republic of Nigeria maintaining increasingly warm relations with Rwanda
(b) Learn from Rwanda's remarkable post-genocide recovery and economic transformation
(c) Study Rwanda's technology sector development as African innovation hub model
(d) Protect limited Nigerian community including business people and students
(e) Provide consular services to Nigerians in Rwanda
(f) Promote bilateral trade and investment leveraging Lagos-Kigali direct flights
(g) Facilitate Nigerian business expansion into Rwanda and East African Community
(h) Coordinate Nigeria-Rwanda cooperation in African Union peacekeeping operations
(i) Monitor Rwanda's authoritarian governance model balancing development with rights concerns
(j) Report to Federal Ministry of Foreign Affairs on Rwanda development lessons for Nigeria
(k) Engage Rwanda's ambitious Vision 2050 development strategy
(l) Facilitate technology sector partnerships in fintech, innovation and digital services
(m) Issue emergency travel documents to Nigerians
(n) Study Rwanda's governance reforms including anti-corruption measures for Nigerian context
(o) Monitor Rwanda's controversial UK asylum deal and migration implications
(p) Assess Rwanda's regional security role and military interventions in DRC and CAR
(q) Liaise with Rwanda government on bilateral cooperation and investment opportunities
(r) Coordinate with East African Community and African Union in Kigali
(s) Facilitate high-level visits between Nigerian and Rwandan leadership
(t) Advance Nigeria's interests in learning from African development success stories, AU cooperation and East African market access"
119009054,436. FOREIGN MISSION: KINGSTON,"Nigeria's Foreign Mission in Kingston, Jamaica, is a diplomatic mission representing Federal Republic of Nigeria in Jamaica with concurrent accreditation to several Caribbean nations. Located in Kingston, Jamaica's capital and Caribbean cultural center, operating under Federal Ministry of Foreign Affairs. The mission manages Nigeria's Caribbean engagement where historical connections through transatlantic slave trade created African diaspora populations. Jamaica's cultural influence through reggae music, Rastafarianism and Bob Marley connects to African heritage. Some Jamaicans trace ancestry to Nigeria particularly Yoruba influences. However, practical bilateral engagement remains limited despite cultural affinity. Small Nigerian community in Jamaica includes students, traders and professionals. Both countries are Commonwealth members. Jamaica faces economic challenges but has tourism expertise. Nigeria seeks to deepen Caribbean Community (CARICOM) relations. The mission promotes cultural ties, maintains Commonwealth connections and coordinates limited trade despite geographic distance limiting substantial bilateral engagement.

**Core Mandate:** To represent Nigeria's interests in Jamaica and Caribbean, promote cultural and historical ties, coordinate CARICOM engagement, maintain Commonwealth relations and serve limited diaspora.

**Statutory Functions:**
(a) Represent Federal Republic of Nigeria in Jamaica with concurrent accreditation to Caribbean nations
(b) Promote Nigeria-Caribbean cultural and historical connections through African diaspora heritage
(c) Leverage Jamaica's African cultural influences including reggae and Rastafarianism
(d) Protect limited Nigerian community including students and business people in Jamaica
(e) Provide consular services to Nigerians across Jamaica and concurrent accreditation countries
(f) Coordinate Nigeria's engagement with Caribbean Community (CARICOM) regional organization
(g) Promote bilateral trade from current minimal levels despite geographic distance
(h) Facilitate educational cooperation and student exchanges with West Indies universities
(i) Monitor Jamaica's political and economic developments
(j) Report to Federal Ministry of Foreign Affairs on Caribbean and CARICOM matters
(k) Coordinate Commonwealth relations through Jamaica as prominent Commonwealth member
(l) Facilitate Nigerian participation in Caribbean cultural festivals and diaspora events
(m) Issue emergency travel documents to Nigerians in Jamaica and region
(n) Learn from Jamaica's tourism development for Nigerian tourism sector
(o) Address limited migration issues and protect Nigerian citizens' rights
(p) Promote Jamaica-Nigeria trade opportunities in agriculture and cultural products
(q) Liaise with Jamaica government on bilateral cooperation
(r) Coordinate with CARICOM secretariat and Caribbean diplomatic missions
(s) Facilitate limited high-level diplomatic exchanges when opportunities arise
(t) Advance Nigeria's interests in Caribbean-Africa cooperation, cultural diplomacy and Commonwealth engagement"
119009055,437. FOREIGN MISSION: KINSHASA,"Nigeria's Foreign Mission in Kinshasa, Democratic Republic of Congo, is a diplomatic mission representing Federal Republic of Nigeria in DRC, Africa's second-largest and most resource-rich country plagued by chronic conflict. Located in Kinshasa on Congo River across from Brazzaville, operating under Federal Ministry of Foreign Affairs. DRC possesses vast mineral wealth (cobalt, copper, gold, diamonds, coltan) but remains desperately poor amid decades of war killing millions. Nigeria provides significant peacekeeping troops to UN mission MONUSCO since 1999 making mission critical for coordination. DRC's eastern regions face persistent conflict from dozens of armed groups including M23 rebels allegedly backed by Rwanda. Nigerian traders operate in DRC despite severe insecurity and poor governance. French-speaking DRC in Central Africa presents linguistic challenges. Mobutu dictatorship (1965-1997) followed by Congolese wars and Kabila dynasty created state failure. The mission coordinates peacekeeping, protects Nigerians despite insecurity and monitors conflict threatening regional stability.

**Core Mandate:** To represent Nigeria's interests in DRC, coordinate peacekeeping operations, protect Nigerians in insecure environment, monitor conflicts and facilitate trade despite chronic instability.

**Statutory Functions:**
(a) Represent Federal Republic of Nigeria in Democratic Republic of Congo
(b) Coordinate Nigeria's substantial peacekeeping troop contributions to UN mission MONUSCO
(c) Protect Nigerian peacekeepers deployed across dangerous DRC eastern conflict zones
(d) Monitor DRC's multiple armed conflicts, rebel groups and humanitarian catastrophe
(e) Report to Federal Ministry of Foreign Affairs on DRC instability and Great Lakes security
(f) Protect Nigerian traders operating despite severe insecurity and governance failure
(g) Provide consular services to Nigerians amid DRC's vast size and infrastructure collapse
(h) Coordinate with MONUSCO Force Headquarters on Nigerian troops' operations and welfare
(i) Monitor DRC's massive mineral sector including cobalt, copper and conflict minerals
(j) Address casualties and deaths of Nigerian peacekeepers in DRC combat operations
(k) Monitor Great Lakes regional conflicts including Rwanda-DRC tensions over M23 rebels
(l) Navigate French language barrier in conducting diplomatic and commercial business
(m) Issue emergency travel documents under difficult operational conditions
(n) Monitor mineral smuggling networks and illegal exploitation benefiting armed groups
(o) Facilitate humanitarian assistance delivery to conflict-affected Congolese populations
(p) Operate mission under challenging security environment across massive country
(q) Liaise with weak DRC government on peacekeeping, security and bilateral issues
(r) Coordinate with UN agencies, humanitarian organizations and diplomatic missions
(s) Monitor Ebola outbreaks and public health crises in eastern DRC
(t) Advance Nigeria's peacekeeping mission, regional stability interests and protection of citizens in one of Africa's most challenging environments"
119009056,438. FOREIGN MISSION: KUALA LUMPUR,"Nigeria's Foreign Mission in Kuala Lumpur, Malaysia, is a diplomatic mission representing Federal Republic of Nigeria in Malaysia. Located in Kuala Lumpur, Malaysia's federal capital and Southeast Asian business center, operating under Federal Ministry of Foreign Affairs. The mission manages Nigeria's relationship with predominantly Muslim Southeast Asian newly industrialized country. Growing numbers of Nigerian students study in Malaysian universities attracted by scholarships, Islamic environment and affordable quality education. Both countries are Organization of Islamic Cooperation members and palm oil producers creating cooperation opportunities but also competition. Malaysia transformed from developing to middle-income country through successful industrialization, ethnic management (Malay-Chinese-Indian) and economic policies interesting to Nigeria. Malaysian companies invest in Nigerian telecommunications and infrastructure. Some Nigerian traders operate in Malaysia. Both countries cooperate in ASEAN-Nigeria dialogue and South-South development. The mission promotes Islamic cooperation, manages palm oil competition, protects students and facilitates learning from Malaysia's development success.

**Core Mandate:** To represent Nigeria's interests in Malaysia, protect students, coordinate Islamic cooperation, address palm oil competition, learn from Malaysian development and facilitate ASEAN engagement.

**Statutory Functions:**
(a) Represent Federal Republic of Nigeria maintaining friendly relations with Malaysia
(b) Protect growing Nigerian student population in Malaysian universities and Islamic institutions
(c) Coordinate Nigeria-Malaysia cooperation in Organization of Islamic Cooperation forums
(d) Address palm oil production and trade competition between two major producers
(e) Learn from Malaysia's successful industrialization and transformation to middle-income status
(f) Promote Malaysian investment in Nigerian telecommunications, infrastructure and manufacturing
(g) Facilitate Nigerian access to ASEAN markets through Malaysia
(h) Implement Nigeria's Southeast Asian and Islamic world engagement strategy
(i) Monitor Malaysian political and economic developments under diverse ethnic governance
(j) Report to Federal Ministry of Foreign Affairs on Malaysia and lessons for Nigerian development
(k) Study Malaysia's ethnic management balancing Malay, Chinese and Indian communities
(l) Provide consular services and welfare support to Nigerian students
(m) Issue emergency travel documents to Nigerians
(n) Promote Islamic banking and finance cooperation leveraging Malaysia's Islamic finance expertise
(o) Facilitate educational partnerships with Malaysian universities offering scholarships
(p) Address trade imbalance and promote Nigerian exports to Malaysia
(q) Liaise with Malaysian government on bilateral cooperation and student welfare
(r) Coordinate with OIC secretariat and ASEAN missions on multilateral engagement
(s) Facilitate high-level visits and business delegations between both countries
(t) Advance Nigeria's interests in Islamic cooperation, learning from successful development models and ASEAN market access"
119009057,439. FOREIGN MISSION: KUWAIT,"Nigeria's Foreign Mission in Kuwait, State of Kuwait, is a diplomatic mission representing Federal Republic of Nigeria in wealthy Gulf oil state. Located in Kuwait City, Kuwait's capital rebuilt after 1990 Iraqi invasion, operating under Federal Ministry of Foreign Affairs. The mission manages Nigeria's relationship with small but extremely wealthy OPEC member sitting on massive oil reserves. Kuwait Investment Authority is one of world's largest sovereign wealth funds with over $700 billion assets potentially investing in Nigeria. Small Nigerian community includes workers, students and professionals. Both countries cooperate in OPEC on oil production policies and pricing. Kuwait provides Islamic humanitarian assistance to Nigeria through Kuwaiti charities. Some Nigerian Muslims perform Hajj through Kuwaiti connections. Kuwait's experience with Iraqi invasion and reconstruction offers lessons. The mission coordinates OPEC cooperation, attracts Kuwaiti investment from sovereign wealth fund, facilitates Islamic cooperation and protects limited Nigerian diaspora in Gulf context.

**Core Mandate:** To represent Nigeria's interests in Kuwait, coordinate OPEC cooperation, attract Kuwaiti sovereign wealth fund investment, facilitate Islamic cooperation and protect Nigerian citizens.

**Statutory Functions:**
(a) Represent Federal Republic of Nigeria maintaining diplomatic relations with Kuwait
(b) Coordinate Nigeria-Kuwait cooperation in OPEC on oil production, pricing and policies
(c) Attract Kuwait Investment Authority sovereign wealth fund investments to Nigerian economy
(d) Protect rights and interests of limited Nigerian community including workers
(e) Provide consular services to Nigerians working, studying or visiting Kuwait
(f) Facilitate Islamic humanitarian assistance from Kuwaiti charities to Nigeria
(g) Coordinate Nigeria-Kuwait cooperation in Organization of Islamic Cooperation
(h) Promote oil sector technical cooperation and technology transfer
(i) Monitor Kuwait political developments and Gulf regional dynamics
(j) Report to Federal Ministry of Foreign Affairs on Kuwait, Gulf affairs and sovereign wealth investments
(k) Facilitate Nigerian participation in Kuwait-hosted Islamic conferences and events
(l) Learn from Kuwait's petroleum wealth management and sovereign fund operations
(m) Issue emergency travel documents to Nigerians in Kuwait
(n) Promote Kuwaiti investment in Nigerian infrastructure, oil services and development projects
(o) Address labor rights issues affecting Nigerian workers in Kuwait
(p) Study Kuwait's post-invasion reconstruction experience for conflict resolution insights
(q) Liaise with Kuwait government on bilateral investment and cooperation opportunities
(r) Coordinate with Gulf Cooperation Council countries' missions on regional issues
(s) Facilitate high-level visits between Nigerian leadership and Kuwaiti royal family
(t) Advance Nigeria's interests in OPEC coordination, Gulf investment attraction and Islamic development cooperation"
119009058,440. FOREIGN MISSION: LIBREVILLE,"Nigeria's Foreign Mission in Libreville, Gabon, is a diplomatic mission representing Federal Republic of Nigeria in Gabonese Republic. Located in Libreville, Gabon's capital and Atlantic coast city, operating under Federal Ministry of Foreign Affairs. The mission manages Nigeria's relationship with fellow oil-producing Central African state. Gabon's small population (2.3 million) but significant oil wealth creates high per capita income despite inequality. Nigerian traders operate in Gabonese markets contributing to commerce. Both countries are Gulf of Guinea partners cooperating on maritime security against piracy and oil theft. Gabon is OPEC member and ECCAS (Economic Community of Central African States) providing regional integration opportunities. Bongo family's dynastic rule since 1967 (Omar Bongo 1967-2009, Ali Bongo since 2009 until 2023 military coup) created stability but limited democracy. French-speaking Gabon requires navigation of francophone Central Africa context. The mission promotes bilateral trade, coordinates Gulf of Guinea security, facilitates oil sector cooperation and protects Nigerian commercial interests.

**Core Mandate:** To represent Nigeria's interests in Gabon, promote bilateral trade, coordinate Gulf of Guinea maritime security, facilitate oil sector cooperation and protect Nigerian traders.

**Statutory Functions:**
(a) Represent Federal Republic of Nigeria maintaining diplomatic relations with Gabon
(b) Protect Nigerian traders operating in Gabonese commercial markets
(c) Coordinate Gulf of Guinea maritime security cooperation against piracy and oil theft
(d) Promote oil producers cooperation between fellow petroleum exporters
(e) Facilitate bilateral trade leveraging geographic proximity and economic complementarity
(f) Monitor Gabon's political developments including 2023 military coup ending Bongo dynasty
(g) Report to Federal Ministry of Foreign Affairs on Gabon and Central African developments
(h) Provide consular services to Nigerian diaspora in Gabon
(i) Navigate French language requirements in diplomatic and commercial engagements
(j) Issue emergency travel documents to Nigerians
(k) Coordinate Nigeria-Gabon cooperation in Gulf of Guinea Commission on maritime issues
(l) Promote OPEC coordination on oil production and market policies
(m) Facilitate Nigerian investment in Gabonese economy and vice versa
(n) Monitor Gabon's oil sector operations and production levels
(o) Address commercial disputes involving Nigerian traders in Gabon
(p) Liaise with Gabonese government on bilateral and maritime security issues
(q) Coordinate with ECCAS and Gulf of Guinea Commission organizations
(r) Facilitate limited high-level diplomatic exchanges between oil-producing neighbors
(s) Promote regional integration through ECCAS linking Central and West Africa
(t) Advance Nigeria's interests in Gulf of Guinea security, oil cooperation and West-Central Africa economic integration"
119009111,"441. FOREIGN MISSION: LILONGWE, MALAWI","Nigeria's Foreign Mission in Lilongwe, Malawi, is a diplomatic mission representing Federal Republic of Nigeria in Republic of Malawi. Located in Lilongwe, Malawi's capital since 1975 (replacing Zomba), operating under Federal Ministry of Foreign Affairs. The mission manages Nigeria's relationship with small landlocked Southern African country. Malawi is one of world's least developed countries despite stable democracy and peaceful governance. Limited Nigerian community includes students, business people and professionals. Malawi's economy depends heavily on agriculture particularly tobacco production and Lake Malawi fishing. Both countries cooperate in African Union and SADC-ECOWAS partnerships. Malawi under Presidents Mutharika and Chakwera maintains democratic traditions unlike many neighbors. Lake Malawi (Lake Nyasa) is African Great Lake providing fishing, tourism and hydropower. The mission promotes bilateral trade from minimal current levels, coordinates SADC-ECOWAS regional integration, protects limited diaspora and maintains diplomatic presence in peaceful Southern African democracy.

**Core Mandate:** To represent Nigeria's interests in Malawi, protect limited diaspora, promote bilateral trade, coordinate SADC engagement and maintain presence in stable Southern African democracy.

**Statutory Functions:**
(a) Represent Federal Republic of Nigeria maintaining diplomatic relations with Malawi
(b) Protect limited Nigerian community including students and business people
(c) Promote bilateral trade and investment from current minimal levels
(d) Coordinate SADC-ECOWAS cooperation on regional integration between West and Southern Africa
(e) Provide consular services to small Nigerian diaspora in Malawi
(f) Facilitate educational cooperation with Malawian universities
(g) Monitor Malawi's political and economic developments
(h) Report to Federal Ministry of Foreign Affairs on Malawi and Southern African issues
(i) Learn from Malawi's democratic stability despite extreme poverty
(j) Issue emergency travel documents to Nigerians
(k) Promote agricultural cooperation leveraging Malawi's farming expertise
(l) Study Malawi's tobacco sector for Nigerian agricultural diversification lessons
(m) Facilitate Nigerian access to Southern African markets through Malawi
(n) Assess Lake Malawi fisheries and water management for Nigerian application
(o) Liaise with Malawi government on bilateral cooperation opportunities
(p) Coordinate with SADC organizations on regional integration matters
(q) Facilitate limited high-level diplomatic visits when opportunities arise
(r) Promote South-South cooperation between African developing countries
(s) Address minimal commercial disputes given limited bilateral engagement
(t) Advance Nigeria's interests in Southern African regional presence, SADC-ECOWAS cooperation and maintaining diplomatic coverage across continent"
119009059,442. FOREIGN MISSION: LISBON,"Nigeria's Foreign Mission in Lisbon, Portugal, is a diplomatic mission representing Federal Republic of Nigeria in Portuguese Republic. Located in Lisbon, Portugal's capital and Atlantic port city, operating under Federal Ministry of Foreign Affairs. The mission manages Nigeria's relationship with former colonial power whose empire included lusophone (Portuguese-speaking) African countries Angola, Mozambique, Guinea-Bissau, São Tomé and Príncipe and Cape Verde. Portugal serves as gateway for Nigeria's engagement with lusophone Africa sharing colonial history, language and cultural ties. Growing Nigerian diaspora in Portugal includes students attracted by EU education, professionals and irregular migrants using Portugal as EU entry point. Portugal faced debt crisis but remains EU member with moderate economy. Portuguese companies invest in Nigeria while historical ties create cooperation opportunities. The mission protects diaspora rights, manages migration issues, facilitates engagement with lusophone Africa through Portugal's connections, coordinates EU relations and promotes bilateral trade despite Portugal's smaller economic size compared to major EU powers.

**Core Mandate:** To represent Nigeria's interests in Portugal, leverage lusophone Africa gateway, protect diaspora, manage migration, coordinate EU engagement and promote bilateral cooperation.

**Statutory Functions:**
(a) Represent Federal Republic of Nigeria maintaining diplomatic relations with Portugal
(b) Leverage Portugal as gateway for Nigeria's engagement with lusophone African countries
(c) Protect growing Nigerian diaspora including students, professionals and migrants
(d) Provide consular services to substantial Nigerian community in Portugal
(e) Manage irregular migration issues with Nigerian asylum seekers using Portugal as EU entry
(f) Coordinate Nigeria's engagement with EU institutions through Portuguese EU membership
(g) Facilitate educational cooperation with Portuguese universities attracting Nigerian students
(h) Promote Portuguese investment in Nigeria and bilateral trade expansion
(i) Monitor Portugal's political and economic developments post-debt crisis
(j) Report to Federal Ministry of Foreign Affairs on Portugal, EU and lusophone Africa matters
(k) Learn from Portugal's historical relationships with Angola, Mozambique and lusophone Africa
(l) Issue emergency travel documents to Nigerians
(m) Address trafficking in persons cases involving Nigerian victims transiting Portugal
(n) Navigate Portugal's connections with lusophone African countries for Nigerian diplomacy
(o) Facilitate Portuguese language training for Nigerian diplomats and officials
(p) Liaise with Portuguese government on migration management and bilateral cooperation
(q) Coordinate with Community of Portuguese Language Countries (CPLP) organizations
(r) Facilitate diplomatic visits and business delegations between both countries
(s) Promote cultural exchanges leveraging historical connections with Africa
(t) Advance Nigeria's interests in EU engagement, lusophone Africa gateway role and managing migration while promoting legitimate cooperation"
119009060,443. FOREIGN MISSION: LOMÉ,"Nigeria's Foreign Mission in Lomé, Togo, is one of Nigeria's most important diplomatic missions managing relationship with immediate eastern neighbor. Located in Lomé, Togo's capital and Atlantic port city, operating under Federal Ministry of Foreign Affairs. Nigeria and Togo share 1,645 km border with intense economic interdependence and complex relationship. Togo's economy depends heavily on transit trade to Nigeria with Port of Lomé serving as major conduit for Nigerian-bound cargo. Massive informal cross-border trade occurs including petroleum products smuggled from Nigeria and manufactured goods smuggled into Nigeria to avoid customs duties. Nigerian traders dominate Togolese markets creating economic dependence but also tensions. Nigeria periodically closes borders with Togo to combat smuggling, severely affecting Togo's economy demonstrating Nigerian leverage. Large Nigerian diaspora in Togo includes traders, students and residents. French-speaking Togo under Gnassingbé family rule (Gnassingbé Eyadéma 1967-2005, Faure Gnassingbé since 2005) maintains stability. The mission has critical importance given economic interdependence, border management challenges and need to coordinate on smuggling, customs cooperation and regional integration.

**Core Mandate:** To represent Nigeria's interests in Togo, manage critical border relations, combat smuggling, coordinate customs cooperation, protect large diaspora and advance regional integration.

**Statutory Functions:**
(a) Represent Federal Republic of Nigeria maintaining crucial relationship with immediate eastern neighbor Togo
(b) Manage extensive border relations across 1,645 km shared frontier
(c) Combat massive smuggling operations of petroleum products from Nigeria into Togo
(d) Coordinate Nigeria-Togo customs cooperation and border security measures
(e) Protect large Nigerian trading community dominating Togolese commercial sectors
(f) Provide extensive consular services to substantial Nigerian diaspora in Lomé and across Togo
(g) Negotiate during periodic Nigerian border closures severely impacting Togo's transit-dependent economy
(h) Monitor Port of Lomé operations handling significant Nigerian-bound cargo volumes
(i) Report to Federal Ministry of Foreign Affairs on border issues, smuggling and Togo developments
(j) Address smuggling of manufactured goods into Nigeria through Togo avoiding customs duties
(k) Promote legitimate bilateral trade beyond pervasive informal smuggling economy
(l) Navigate French language requirements in diplomatic and commercial engagements
(m) Issue emergency travel documents to Nigerians
(n) Coordinate on regional security including cross-border crime and terrorism threats
(o) Facilitate Nigerian students' education in Togolese institutions
(p) Monitor Togo's political developments under Gnassingbé family's dynastic rule
(q) Liaise closely with Togolese government on sensitive border and economic dependency issues
(r) Coordinate through ECOWAS on West African regional integration and customs harmonization
(s) Facilitate high-level visits addressing bilateral challenges and economic interdependence
(t) Advance Nigeria's interests in border security, combating smuggling, customs revenue protection and ECOWAS regional integration"
119009061,444. FOREIGN MISSION: LONDON,"Nigeria's Foreign Mission in London, United Kingdom, is one of Nigeria's most strategic and largest diplomatic missions representing Federal Republic of Nigeria in former colonial power. Located in London, UK's capital and global financial center, operating under Federal Ministry of Foreign Affairs. The mission manages Nigeria's most important bilateral relationship outside Africa. Massive Nigerian diaspora exceeding 200,000 makes UK home to largest Nigerian community outside Nigeria, including highly educated professionals, students, business people and families. Historical colonial relationship (1861-1960) creates complex legacy requiring sensitive navigation. UK is major trading partner, investor and development cooperation provider. Thousands of Nigerian students study in prestigious British universities. London's financial center handles significant Nigerian wealth and business. However, relations are strained by contentious migration issues including controversial deportation flights, negative media portrayal of Nigerians, and visa restrictions. Brexit created uncertainties affecting Nigerian interests. Commonwealth headquarters in London provides multilateral engagement platform. The mission's enormous scope includes protecting massive diaspora, managing colonial legacy, coordinating trade/investment, addressing migration disputes and leveraging Commonwealth connections.

**Core Mandate:** To represent Nigeria's interests in UK, protect massive diaspora of 200,000+, manage complex colonial legacy relationship, coordinate trade/investment, address migration contentions and leverage Commonwealth.

**Statutory Functions:**
(a) Represent Federal Republic of Nigeria maintaining crucial strategic partnership with United Kingdom
(b) Protect massive Nigerian diaspora exceeding 200,000 making UK largest Nigerian community outside Nigeria
(c) Navigate complex colonial legacy from British rule 1861-1960 while building modern partnership
(d) Promote substantial UK investment in Nigerian oil, gas, banking, telecommunications and infrastructure
(e) Coordinate bilateral trade addressing post-Brexit trade relationship and market access
(f) Provide extensive consular services including passport issuance to huge diaspora population
(g) Process thousands of UK visitor visa applications from Nigerians seeking to visit Britain
(h) Manage highly contentious irregular migration and deportation issues including chartered deportation flights
(i) Support thousands of Nigerian students in British universities including Oxford, Cambridge, LSE
(j) Coordinate Commonwealth engagement through headquarters in London
(k) Engage London's financial center on Nigerian investments, assets and capital flows
(l) Report to Federal Ministry of Foreign Affairs on UK developments, Brexit implications and bilateral matters
(m) Address negative media portrayal of Nigerians in British press and combat stereotypes
(n) Facilitate Nigerian diaspora remittances exceeding billions of dollars annually
(o) Coordinate on security cooperation including counter-terrorism, Boko Haram and intelligence sharing
(p) Protect Nigerian citizens facing discrimination, racial profiling or rights violations
(q) Issue emergency travel documents to Nigerians
(r) Address Nigerian asylum seekers' cases and deportation controversies
(s) Liaise extensively with UK government ministries on political, economic and migration issues
(t) Advance multifaceted Nigeria-UK strategic partnership spanning history, trade, diaspora, Commonwealth and global cooperation despite migration tensions"
119009062,445. FOREIGN MISSION: LUANDA,"Nigeria's Foreign Mission in Luanda, Angola, is a diplomatic mission representing Federal Republic of Nigeria in Republic of Angola. Located in Luanda, Angola's capital and one of world's most expensive cities, operating under Federal Ministry of Foreign Affairs. The mission manages Nigeria's relationship with Portuguese-speaking Southern African oil giant. Angola endured devastating civil war (1975-2002) killing over 500,000 people followed by post-war reconstruction boom. Both countries are major African oil producers, OPEC members and Gulf of Guinea partners. Nigerian traders operate in Angolan markets despite high living costs and corruption. Angola under MPLA party and dos Santos family (José Eduardo dos Santos 1979-2017) accumulated vast wealth including Isabel dos Santos' corruption empire. João Lourenço's presidency since 2017 pursues anti-corruption efforts. Lagos-Luanda connections exist but language barrier (Portuguese vs English) complicates engagement. Both countries cooperate on maritime security in Gulf of Guinea. The mission promotes oil sector cooperation, protects traders navigating expensive corrupt environment, coordinates maritime security and facilitates lusophone Africa engagement.

**Core Mandate:** To represent Nigeria's interests in Angola, coordinate oil sector cooperation, protect traders, facilitate Gulf of Guinea maritime security and engage Portuguese-speaking Southern Africa.

**Statutory Functions:**
(a) Represent Federal Republic of Nigeria maintaining relations with Portuguese-speaking Angola
(b) Coordinate oil producers cooperation between Africa's major petroleum exporters
(c) Protect Nigerian traders operating in world's most expensive city amid corruption
(d) Promote bilateral trade between oil giants despite language barriers
(e) Coordinate OPEC policies on oil production, pricing and market strategy
(f) Facilitate Gulf of Guinea maritime security cooperation against piracy and oil theft
(g) Monitor Angola's post-civil war reconstruction and economic development
(h) Report to Federal Ministry of Foreign Affairs on Angola and lusophone Africa
(i) Provide consular services to Nigerian diaspora navigating expensive Luanda
(j) Navigate Portuguese language requirements in diplomatic engagements
(k) Issue emergency travel documents to Nigerians
(l) Address corruption affecting Nigerian businesses in Angolan markets
(m) Monitor Angola's anti-corruption campaign under President Lourenço
(n) Facilitate oil sector technical cooperation and petroleum technology exchange
(o) Promote Nigerian investment in post-war Angola reconstruction
(p) Study Angola's oil wealth management and sovereign fund operations
(q) Liaise with Angolan government on bilateral cooperation and commercial issues
(r) Coordinate through Gulf of Guinea Commission on maritime boundary management
(s) Facilitate high-level visits between oil sector officials and political leadership
(t) Advance Nigeria's interests in oil cooperation, Gulf of Guinea security and lusophone Africa engagement"
119009063,446. FOREIGN MISSION: LUSAKA,"Nigeria's Foreign Mission in Lusaka, Zambia, is a diplomatic mission representing Federal Republic of Nigeria in Republic of Zambia. Located in Lusaka, Zambia's capital since 1935, operating under Federal Ministry of Foreign Affairs. The mission manages Nigeria's relationship with landlocked Southern African copper producer. Zambia under founding President Kenneth Kaunda (1964-1991) strongly supported African liberation movements including helping Nigeria during civil war creating positive historical ties. Nigerian traders operate in Zambian markets. Zambia faces chronic economic challenges, debt crisis and currency instability despite copper wealth. Both countries cooperate in African Union and SADC-ECOWAS partnerships. Zambia maintained democratic traditions with peaceful power transfers unlike many African states. Victoria Falls tourism and Zambezi River provide development opportunities. Zambia's Chinese debt burden reached unsustainable levels requiring restructuring. The mission leverages liberation-era solidarity, promotes trade, coordinates SADC engagement, protects traders and learns from Zambia's debt challenges for Nigerian economic policy.

**Core Mandate:** To represent Nigeria's interests in Zambia, leverage historical solidarity, protect traders, promote trade, coordinate SADC engagement and learn from Zambia's economic challenges.

**Statutory Functions:**
(a) Represent Federal Republic of Nigeria maintaining friendly relations with Zambia
(b) Leverage historical solidarity from Kaunda-era support for Nigeria during civil war
(c) Protect Nigerian trading community operating in Zambian markets
(d) Promote bilateral trade and investment between Nigeria and Zambia
(e) Coordinate SADC-ECOWAS cooperation on regional integration linking Southern and West Africa
(f) Monitor Zambia's chronic economic challenges including debt crisis and currency instability
(g) Report to Federal Ministry of Foreign Affairs on Zambia and lessons from debt management failures
(h) Provide consular services to Nigerian diaspora including traders and students
(i) Study Zambia's copper sector operations for Nigerian mining development
(j) Learn from Zambia's Chinese debt trap as cautionary tale for Nigerian borrowing
(k) Issue emergency travel documents to Nigerians
(l) Facilitate cooperation in mining sector linking Zambian copper and Nigerian minerals
(m) Promote Zambian investment opportunities to Nigerian businesses
(n) Monitor Zambia's democratic traditions and peaceful power transfers
(o) Assess Victoria Falls tourism development for Nigerian tourism sector application
(p) Liaise with Zambian government on bilateral cooperation and commercial matters
(q) Coordinate with SADC organizations on Southern African regional integration
(r) Facilitate educational cooperation with Zambian universities
(s) Address commercial disputes involving Nigerian traders
(t) Advance Nigeria's interests in Southern African engagement, SADC-ECOWAS cooperation and learning from Zambia's economic policy mistakes"
119009064,447. FOREIGN MISSION: MADRID,"Nigeria's Foreign Mission in Madrid, Spain, is a diplomatic mission representing Federal Republic of Nigeria in Kingdom of Spain. Located in Madrid, Spain's capital and European cultural center, operating under Federal Ministry of Foreign Affairs. The mission manages Nigeria's relationship with major EU power serving as gateway to Latin America and North Africa. Growing Nigerian diaspora includes students, professionals, irregular migrants and workers. Spain's geographic position bordering Morocco makes it irregular migration route with many Nigerians attempting entry through North Africa. Spanish unemployment challenges limit employment opportunities. Spanish companies invest in Nigerian energy and telecommunications. Spain's historical colonial role in Equatorial Guinea provides African connections. Madrid hosts major international organizations and businesses. Both countries cooperate through EU-Africa frameworks. The mission protects diaspora facing economic challenges, manages contentious irregular migration, promotes Spanish investment, coordinates EU engagement and leverages Spain's Latin American connections for broader diplomatic reach.

**Core Mandate:** To represent Nigeria's interests in Spain, protect diaspora, manage irregular migration challenges, promote trade/investment, coordinate EU engagement and leverage Spain's Latin America/Africa gateway role.

**Statutory Functions:**
(a) Represent Federal Republic of Nigeria maintaining diplomatic relations with Spain
(b) Protect growing Nigerian diaspora including students, workers and professionals
(c) Manage contentious irregular migration with Nigerians attempting entry through Morocco
(d) Provide consular services to Nigerian community facing Spain's economic challenges
(e) Promote Spanish investment in Nigerian energy, telecommunications and infrastructure
(f) Coordinate Nigeria's engagement with EU institutions through Spanish EU membership
(g) Leverage Spain's special relationships with Latin American countries for Nigerian diplomacy
(h) Facilitate engagement with Morocco and North Africa through Spain's geographic proximity
(i) Monitor Spanish political and economic developments including unemployment affecting diaspora
(j) Report to Federal Ministry of Foreign Affairs on Spain, EU matters and migration issues
(k) Support Nigerian students in Spanish universities
(l) Address trafficking in persons cases with Nigerian victims in Spain
(m) Issue emergency travel documents to Nigerians
(n) Combat negative stereotypes about Nigerian migrants in Spanish media
(o) Facilitate educational cooperation and Spanish language training
(p) Promote bilateral trade expansion beyond current levels
(q) Liaise with Spanish government on migration management, deportations and bilateral cooperation
(r) Coordinate with EU agencies, Latin American missions and North African embassies
(s) Facilitate high-level diplomatic visits and business delegations
(t) Advance Nigeria's interests in EU-Africa relations, migration management and leveraging Spain as gateway to Latin America"
119009065,448. FOREIGN MISSION: MALABO,"Nigeria's Foreign Mission in Malabo, Equatorial Guinea, is a diplomatic mission representing Federal Republic of Nigeria in Equatorial Guinea's political capital. Located in Malabo on Bioko Island (distinct from Bata mission on mainland), operating under Federal Ministry of Foreign Affairs. Equatorial Guinea is small oil-rich Spanish/Portuguese-speaking Central African state under authoritarian Obiang dynasty since 1979 coup. Malabo serves as seat of government despite mainland's larger population. Oil wealth created extreme inequality with elite enrichment but widespread poverty. Some Nigerian oil workers and traders operate in Equatorial Guinea. Both countries are Gulf of Guinea partners and oil producers cooperating on maritime security. Equatorial Guinea's unique linguistic situation (Spanish, Portuguese, French) presents communication challenges. The mission coordinates with Nigerian embassy/consulate in Bata on mainland while engaging Malabo-based government, promotes oil sector cooperation, facilitates Gulf of Guinea security, protects Nigerian workers and navigates authoritarian governance and corruption.

**Core Mandate:** To represent Nigeria in Equatorial Guinea's capital Malabo, engage government, coordinate oil cooperation, protect workers, facilitate Gulf of Guinea security and manage island-mainland dynamics.

**Statutory Functions:**
(a) Represent Federal Republic of Nigeria in Malabo political capital on Bioko Island
(b) Engage Equatorial Guinea central government based in Malabo
(c) Coordinate oil sector cooperation between Gulf of Guinea petroleum producers
(d) Protect Nigerian oil workers and traders in Equatorial Guinea
(e) Facilitate Gulf of Guinea Commission work on maritime security and boundaries
(f) Monitor political developments under Obiang family's authoritarian rule since 1979
(g) Report to Federal Ministry of Foreign Affairs on Equatorial Guinea and oil sector
(h) Provide consular services to Nigerians on Bioko Island and coordinating mainland services
(i) Navigate Spanish and Portuguese language requirements distinct from anglophone/francophone Africa
(j) Issue emergency travel documents to Nigerians
(k) Coordinate maritime security cooperation in Gulf of Guinea against piracy
(l) Promote bilateral cooperation despite governance and corruption challenges
(m) Address irregular migration issues affecting both countries
(n) Monitor offshore oil development in shared Gulf of Guinea waters
(o) Facilitate oil industry partnerships between Nigerian and Equatoguinean companies
(p) Coordinate with Bata mission/consulate on mainland commercial and consular matters
(q) Liaise with Equatorial Guinea government ministries concentrated in Malabo
(r) Facilitate high-level government visits between oil-producing neighbors
(s) Promote maritime boundary cooperation and oil block development
(t) Advance Nigeria's interests in Gulf of Guinea security, oil cooperation and regional stability"
119009066,449. FOREIGN MISSION: MANILA,"Nigeria's Foreign Mission in Manila, Philippines, is a diplomatic mission representing Federal Republic of Nigeria in Republic of Philippines. Located in Manila, Philippines' capital and major Southeast Asian city, operating under Federal Ministry of Foreign Affairs. The mission manages limited bilateral engagement with archipelagic Asian country. Small Nigerian community includes students, business people and professionals. Philippines' experience managing massive global diaspora (over 10 million Overseas Filipino Workers worldwide) sending billions in remittances provides valuable lessons for Nigeria's diaspora policy development. Both countries face terrorism challenges - Nigeria with Boko Haram, Philippines with Abu Sayyaf and Mindanao insurgencies. Philippines is ASEAN member providing Nigeria potential gateway to Southeast Asian markets. Predominantly Catholic Philippines contrasts with Muslim-majority Southeast Asia. Duterte's controversial drug war (2016-2022) raised human rights concerns. The mission promotes learning from Philippines' diaspora management model, coordinates ASEAN engagement, protects limited diaspora and facilitates South-South cooperation.

**Core Mandate:** To represent Nigeria's interests in Philippines, learn from world-leading diaspora management model, coordinate ASEAN engagement, protect limited diaspora and promote cooperation.

**Statutory Functions:**
(a) Represent Federal Republic of Nigeria maintaining diplomatic relations with Philippines
(b) Learn from Philippines' highly successful Overseas Filipino Workers (OFW) diaspora management system
(c) Study Philippines' remittance facilitation mechanisms sending billions from diaspora annually
(d) Protect limited Nigerian community including students and business people
(e) Provide consular services to Nigerians in Philippines
(f) Coordinate Nigeria's engagement with ASEAN through Philippines membership
(g) Facilitate access to Philippine and Southeast Asian markets for Nigerian businesses
(h) Monitor Philippines' political developments including post-Duterte transitions
(i) Report to Federal Ministry of Foreign Affairs on Philippines, ASEAN and diaspora lessons
(j) Study Philippines' diaspora protection mechanisms and overseas worker welfare programs
(k) Learn from Bangko Sentral ng Pilipinas' remittance infrastructure for Nigerian application
(l) Issue emergency travel documents to Nigerians
(m) Monitor Philippines' terrorism challenges in Mindanao for counterinsurgency lessons
(n) Assess similarities between Boko Haram and Abu Sayyaf terrorist groups
(o) Promote bilateral trade despite geographic distance and limited current engagement
(p) Facilitate educational cooperation with Philippine universities
(q) Liaise with Philippines government on diaspora policy learning and bilateral cooperation
(r) Coordinate with ASEAN missions on Southeast Asian regional integration
(s) Facilitate limited high-level diplomatic exchanges when opportunities arise
(t) Advance Nigeria's interests in learning from world's best diaspora management practices, ASEAN engagement and South-South cooperation"
119009067,450. FOREIGN MISSION: MAPUTO,"Nigeria's Foreign Mission in Maputo, Mozambique, is a diplomatic mission representing Federal Republic of Nigeria in Republic of Mozambique. Located in Maputo, Mozambique's capital and Indian Ocean port city, operating under Federal Ministry of Foreign Affairs. The mission manages Nigeria's relationship with Portuguese-speaking Southern African country emerging from civil war devastation. Mozambique's brutal civil war (1977-1992) between FRELIMO government and RENAMO rebels killed nearly 1 million people. Massive natural gas discoveries in Cabo Delgado province created energy boom but also triggered Islamist insurgency since 2017 linked to Islamic State. Rwanda deployed peacekeepers to combat insurgency demonstrating regional security dynamics. Nigerian traders operate in Mozambique despite challenges. Both countries are coastal nations cooperating on maritime issues. Mozambique is SADC member. Language barrier (Portuguese) complicates engagement. The mission promotes gas sector cooperation given both countries' petroleum interests, protects traders, monitors insurgency with counterterrorism implications, coordinates SADC engagement and facilitates lusophone Africa relations.

**Core Mandate:** To represent Nigeria's interests in Mozambique, coordinate gas sector cooperation, protect traders, monitor Cabo Delgado insurgency, facilitate SADC engagement and engage lusophone Africa.

**Statutory Functions:**
(a) Represent Federal Republic of Nigeria maintaining relations with Portuguese-speaking Mozambique
(b) Coordinate natural gas sector cooperation given Mozambique's massive LNG discoveries
(c) Protect Nigerian traders operating in Mozambican markets
(d) Monitor Cabo Delgado Islamist insurgency with implications for Nigerian counterterrorism
(e) Report to Federal Ministry of Foreign Affairs on Mozambique insurgency and Southern Africa
(f) Promote bilateral trade between coastal nations despite language barriers
(g) Coordinate SADC-ECOWAS cooperation on regional integration
(h) Monitor Mozambique's post-civil war reconstruction and development
(i) Provide consular services to Nigerian diaspora in Mozambique
(j) Navigate Portuguese language requirements in diplomatic engagements
(k) Issue emergency travel documents to Nigerians
(l) Facilitate gas sector technical cooperation and LNG development partnerships
(m) Study Mozambique's gas boom for lessons on petroleum wealth management
(n) Monitor Rwanda's peacekeeping deployment against Cabo Delgado insurgency
(o) Address terrorism threat from Islamic State-linked militants in northern Mozambique
(p) Assess humanitarian crisis from insurgency displacing hundreds of thousands
(q) Liaise with Mozambique government on security cooperation and bilateral issues
(r) Coordinate with SADC and lusophone African countries on regional matters
(s) Facilitate limited high-level visits between gas-producing nations
(t) Advance Nigeria's interests in gas sector cooperation, counterterrorism learning and Southern African regional engagement"
