mda_code,mda_name,mandate_description
521025001,"41. COMMUNITY HEALTH TUTOR PROGRAMME, UCH","The Community Health Tutor Programme at the University College Hospital (UCH), Ibadan is an agency school established within the Federal Training Centre for Teachers of Health Sciences to provide quality teacher-education for community health practitioners in Nigeria. The Programme operates under the supervision of the Federal Ministry of Health as part of the broader initiative to strengthen primary healthcare delivery systems across Nigeria.

The establishment of tutor programmes at UCH traces its origins to 1976, when the Federal Ministry of Health called upon UCH to assist in training tutors for Schools of Health Technology created across Nigeria to implement primary health care policies. The Federal Government recognized the critical shortage of qualified tutors to teach at these institutions and decided to establish an integrated training centre for teachers of health sciences at UCH, Ibadan.

The Community Health Officers' Training Programme commenced on October 15, 1979, initially under the Department of Public Health Nursing at the School of Hygiene, Eleyele, Ibadan. In November 1981, the Programme relocated to the University College Hospital campus. The Programme received full accreditation from the Community Health Practitioners Registration Board of Nigeria (CHPRBN) for four-year periods, confirming its compliance with national standards for training community health tutors.

The mandate of the Community Health Tutor Programme encompasses: training qualified community health practitioners to become competent tutors capable of teaching in Schools of Health Technology and related institutions across Nigeria; providing quality lifelong educational opportunities for Nigerian citizens registered and licensed by CHPRBN to practice in Nigeria; offering world-class training, research, and services for Primary Health Care Tutors in a conducive atmosphere renowned for quality and excellence; and contributing to the development of the primary healthcare workforce essential for achieving Nigeria's health goals.

The Programme admits candidates who are registered with the Community Health Practitioners Registration Board of Nigeria, possess current practicing licenses, and hold qualifications as Community Health Extension Workers or degrees in Community Health Science, Health Education, Public Health, or HND in Community Health. The teaching activities of the Programme are coordinated by the Institute of Education and the Community Medicine Department of the College of Medicine, University of Ibadan, with lecturers drawn from UCH and the University of Ibadan.

The Programme operates alongside other tutor training programmes within the Federal Training Centre for Teachers of Health Sciences at UCH, including the Environmental Health Officers' Tutors Programme, Nurse/Midwife/Public Health Nurse Tutors' Course, and Primary Health Care Tutors' Course. These programmes collectively address the need for qualified educators in Nigeria's health technology institutions."
517015001,42. COMPUTER PROFESSIONALS (REGISTRATION COUNCIL OF NIGERIA),"The Computer Professionals (Registration Council of Nigeria), commonly known as CPN, was established by Decree No. 49 of 1993 (now CPN Act CAP C22 LFN 2004) as a body corporate with perpetual succession and common seal. The Decree was promulgated on June 10, 1993, and gazetted on August 9, 1993. CPN operates under the supervision of the Federal Ministry of Education, with the National Assembly performing oversight functions over its activities.

CPN was established in recognition of the increasing global prominence of Information Technology (IT) and its role as a driver of socio-economic development. The Federal Government identified the need to put appropriate regulatory mechanisms in place to ensure that growth and development in the IT sector occurs within an atmosphere devoid of quackery, arbitrary practice, and lack of standards.

The Council is charged with the regulation, control, and supervision of the computing profession and practice in Nigeria in line with Section 1(2) of the establishing Act. CPN's primary functions include: determining the standards of knowledge and skills to be attained by persons seeking to become members of the computing profession and improving those standards from time to time as circumstances may permit; securing the establishment and maintenance of a register of persons seeking to be registered under the Act to practice the computing profession; and publishing from time to time the list of such registered persons.

Additional functions of CPN include: determining academic and professional standards in Computer Science, Computer Engineering, Information Technology, and other related disciplines; accrediting institutions' courses and programmes as well as evaluating certificates in computing and related disciplines; regulating and controlling all persons and corporate organizations engaged or seeking to engage in the sale or use of computing facilities or the provision of professional services in computing; encouraging the education of computer scientists, engineers, and IT professionals in Nigeria; supporting and fostering research projects that advance IT and its applications; ensuring that computing profession ethics are upheld as stated in the society's code of practice and conduct; and defending and advancing registered members' interests.

Under the Act, it is mandatory for all persons and organizations seeking to engage, or already engaged, in IT training/education, sale and/or use of computing facilities, and the provision of professional services in computational or related machinery in Nigeria to be registered by the Council and licensed to carry out such activities. CPN maintains the power to apply administrative sanctions, including debarring any practitioner or organization that contravenes the Act. The Council has established a Centre of Excellence in Abuja and continues to intensify enforcement against illegal IT activities and quackery in the sector."
119009118,"43. CONSULATE GENERAL OF NIGERIA, FRANKFURT, GERMANY","The Consulate General of the Federal Republic of Nigeria in Frankfurt am Main is a Nigerian diplomatic mission in Germany established in 2013. It is the first and only Nigerian Consulate Office in Europe, reflecting the significant Nigerian diaspora population in the region. The Consulate is located at Weissfrauenstrasse 12, D-60311, Frankfurt am Main, Germany, and operates under the Federal Ministry of Foreign Affairs.

The establishment of the Consulate General was necessitated by the large community of Nigerians residing within its consular jurisdiction. Nigerians constitute the largest sub-Saharan African group in Germany, with over 60,000 Nigerians estimated to be living in the country. Historically, the first Nigerians in Germany arrived on study visas with scholarships from the German government in support of Nigeria's post-independence development efforts. Many Nigerians are organized in professional groups such as Nigerian Scholars in Germany, Nigerian Medical Association, and umbrella associations like the Nigerians in Diaspora Organization in Germany and the Nigerian Community in Germany (formed in 1990 and incorporated in Bonn in 1992).

The Consular jurisdiction of the Nigeria Consulate in Frankfurt comprises five states in the South of Germany: Hesse, Rhineland-Palatinate, Baden-Württemberg, the Free State of Bavaria, and North Rhine-Westphalia. Major cities within this jurisdiction include Düsseldorf, Heidelberg, Wiesbaden, Dortmund, Sindelfingen, and Mannheim, among others.

The mandate of the Consulate General encompasses providing consular services to Nigerian citizens and promoting bilateral relations between Nigeria and Germany. Specific services include: processing visa applications for foreign nationals seeking to visit Nigeria; passport application processing and renewal through online systems via the Nigerian Immigration Service website; issuance of Emergency Travel Certificates (ETC) to stranded Nigerians who lack proper immigration status to return home; citizenship services including age declaration, burial transit permits, change of profession, citizen identification and registration, and corporate registration; document legalization and authentication of documents issued in Nigeria; and providing help and assistance to Nigerians living within its area of jurisdiction.

The Consulate also provides emergency consular assistance including advice and support to victims of serious crime overseas and arranging for next-of-kin notification. In 2021, the Nigerian government launched a temporary passport to replace the Emergency Travel Certificate, with 30-day validity. The Consulate observes all public holidays within the consular jurisdiction areas as well as all national public holidays in Germany and Nigeria, including Christian and Muslim holidays. In addition to the Consulate General in Frankfurt, Nigeria maintains an Embassy in Berlin as its primary diplomatic mission in Germany."
234005001,44. COUNCIL FOR THE REGULATION OF ENGINEERING IN NIGERIA (COREN),"The Council for the Regulation of Engineering in Nigeria (COREN), formerly known as the Council for the Registration of Engineers in Nigeria, is a statutory body established by the Federal Government of Nigeria with the mandate to regulate the practice of engineering in all aspects and ramifications. COREN was established by Decree 55 of 1970, amended by Decree 27 of 1992, codified as Engineers (Registration, etc.) Act CAP E11, 2004, and further amended by the Engineers (Registration, etc.) (Amendment) Act No. 3 of 2018.

The establishment of COREN empowered the Council to regulate and control the training and practice of engineering in Nigeria and to ensure and enforce the registration of all engineering personnel, including Engineers, Engineering Technologists, Engineering Technicians, and Engineering Craftsmen, as well as consulting and contracting firms wishing to practice or engage in engineering practice in Nigeria.

Under the establishing Act, COREN's primary functions include: determining who are engineers for the purposes of the Act; maintaining a register of engineering practitioners and issuing licenses to practice legally in Nigeria; regulating and controlling the practice of the engineering profession in all its aspects and ramifications; accrediting engineering programmes in universities, polytechnics, and technical colleges; and performing other functions conferred on the Council by the Act.

The Council is composed of members from the register of engineers, including: one person elected by the Council as President; six persons elected to represent the Nigerian Society of Engineers; four persons appointed to represent universities with faculties of engineering; one person appointed to represent polytechnics; one person to represent technical colleges; six persons appointed to represent the States of the Federation; four persons nominated by the Minister; and one person to represent each cadre of registered engineering technologists, engineering technicians, and engineering craftsmen.

COREN implements the Engineering Regulation and Monitoring (ERM) Programme established under the Engineers (Registration, etc.) (Amendment) Act No. 3, 2018, with objectives including: minimizing and eventually eliminating Nigeria's engineering and technological dependence on other countries through mandatory attachment of Nigerians to expatriate engineers on major projects; minimizing foreign exchange leakage resulting from foreign domination of engineering activities, particularly in petroleum and construction sectors; facilitating positioning of Nigerian engineering practitioners for global competition; ensuring that all foreign firms establish their design offices in Nigeria; and monitoring and enforcing compliance with the Engineers Registration Acts.

In 2023, COREN became a provisional signatory of the Washington Accord, an international agreement for the mutual recognition of engineering degree programmes. COREN operates under the supervision of the Federal Ministry of Power, Works and Housing and maintains regional offices across Nigeria, conducting professional examinations quarterly in various locations."
229006001,45. COUNCIL FOR THE REGULATION OF FREIGHT FORWARDING IN NIGERIA (CRFFN),"The Council for the Regulation of Freight Forwarding in Nigeria (CRFFN) was established by Act No. 16 of 2007, which was enacted into law on April 30, 2007. The Council was formally inaugurated on August 18, 2008, and has been operational since then. CRFFN operates under the supervision of the Federal Ministry of Transportation as the principal regulatory body overseeing freight forwarding in Nigeria.

The Council is charged with regulating and controlling the practice of freight forwarding in Nigeria and promoting the highest standards of competence, practice, and conduct among practitioners. Under Section 30 of the establishing Act, a freight forwarder is defined as any person or company who arranges the carriage or movement of goods and associated formalities on behalf of an importer or exporter along the international boundaries of seaports, cargo airports, or land border stations.

Section 4 of Act No. 16 of 2007 establishes CRFFN's general duties, which include: regulating and controlling the practice of freight forwarding; determining the persons or classes of persons who constitute freight forwarders for the purposes of the Act; regulating and controlling all associations of freight forwarding agents; regulating and controlling persons engaged in freight forwarding; ensuring uniform standards of professional conduct and education relevant to freight forwarding practice; promoting the highest standard of competence, practice, and conduct among members of the profession; encouraging participation of members in international exchange programmes; and securing the establishment and maintenance of registers of persons entitled to practice as registered freight forwarders.

CRFFN is also mandated to determine the standards of knowledge and skill to be attained by persons seeking to be registered as freight forwarders in Nigeria and to raise those standards from time to time in accordance with international standards. The Council has obtained both national and international accreditation to run Higher National Diploma (HND) and Professional Diploma (PD) programmes for freight forwarders. The International Federation of Freight Forwarders Associations (FIATA) has accredited CRFFN to train and issue certificates in: Higher Diploma in Supply Chain Management and Professional Diploma in Freight Forwarding and Supply Chain Management. This accreditation is supported by the National Board for Technical Education (NBTE), which approved CRFFN to conduct FIATA Diploma programmes in Nigeria.

The Council's vision is to become Nigeria's leading transport player committed to the development of a modern, globally competitive freight forwarding system. CRFFN maintains offices in major port cities and is dedicated to achieving sustainable economic development through responsible transport initiatives in freight forwarding development and management. The Nigeria Customs Service Act, 2023 reinforces CRFFN's regulatory role over customs agents who operate within the freight forwarding value chain."
326004001,46. COUNCIL OF LEGAL EDUCATION,"The Council of Legal Education was established under the Legal Education Act 1962, now re-enacted as the Legal Education (Consolidation, etc.) Act, Cap L10, Laws of the Federation of Nigeria, 2004. The Council is a body corporate with perpetual succession and a common seal, charged with responsibility for the legal education of persons seeking to become members of the legal profession in Nigeria.

The establishment of the Council traces back to the recommendations of the Unsworth Committee and the subsequent Denning Committee of 1960, which reviewed how training offered in the various Inns of Court satisfied the increasing needs of African countries. These committees recommended the establishment of a Council of Legal Education with the mandate to regulate legal education and practice in Nigeria. Following these recommendations, the Legal Education Act of 1962, the Legal Practitioners Act of 1962, and the Council of Legal Education Act of 1962 were enacted, leading to the establishment of the Nigerian Law School in 1962.

The Council's primary mandate is to have responsibility for the legal education of persons seeking to become members of the legal profession. The Council also has additional functions that were formerly the responsibility of the Nigerian Institute for Continuing Legal Education before the commencement of the consolidation Act. These additional functions include overseeing mandatory continuing legal education of legal practitioners in Nigeria (MCLE).

Under Section 3 of the Act, the Council issues qualifying certificates to persons stating that they are qualified to be called to the Bar. To be entitled to such a certificate, a person must have successfully completed a course of practical training in the Nigerian Law School, which includes time spent taking examinations at the end of the course. The Nigerian Law School, established under the Legal Education Act, provides professional certification to graduates of law from approved universities.

The Council's functions include: approving universities to establish law faculties and setting conditions for such approval; stipulating conditions that must be met by universities before they can be approved to establish law faculties, especially with reference to approved courses of study; conducting periodic assessment of law faculties to ensure compliance with its standards; prescribing good conduct as a condition precedent for admission to the Law School and for call to the Bar; granting various accreditation statuses to law faculties of universities; and introducing mandatory continuing legal education for legal practitioners.

The Council operates under the direction of the Attorney-General of the Federation, who may give the Council directions of a general character with regard to the exercise of its functions. All fees collected by the Council from students of the Nigerian Law School are paid into the Treasury of the Government of the Federation and form part of the Consolidated Revenue Fund. The Nigerian Law School currently operates seven campuses, one in each geopolitical region of the country, with the Nigerian Senate having approved the establishment of additional campuses."
257005001,47. COUNCIL OF NIGERIAN MINING ENGINEERS AND GEOSCIENTISTS (COMEG),"The Council of Nigerian Mining Engineers and Geoscientists (COMEG) is the regulatory body for all professionals and firms in the Geosciences, Mining Engineering, and Metallurgy in Nigeria. COMEG was established through Act No. 40 of 1990 (now Act CAP C33 LFN, 2004) and was inaugurated on September 12, 2000. The President of the Federal Republic of Nigeria performed the inaugural Registration Ceremony of COMEG and presented the instruments of registration and practice to the Chairman of the Council on January 30, 2003. COMEG operates under the supervision of the Federal Ministry of Mines and Steel Development.

The struggle to establish a registration council for mining and geoscience professionals began in 1974, during a symposium on the ""Role of the Nigerian Mining, Geological and Metallurgical Society in the Development of the Natural Resources of Nigeria."" This symposium recommended the establishment of a regulating body, recognized in law, for scrutinizing the qualifications of and registering professionals in the field, similar to COREN for Engineers and the Medical Council for medical practitioners.

COMEG is charged with the responsibility of prescribing and enforcing the standards of education and experience for persons to practice as professionals in the Extractive Industries. The Council's major thrust is to regulate and control the practices of professionals in the fields of geology, geophysics, geochemistry, mining engineering, petroleum engineering, metallurgy, mineral processing engineering, and other related disciplines. These professionals, through their practices, contribute significantly to Nigeria's foreign exchange earnings, which largely sustain the economic activity of the country.

COMEG's regulatory responsibilities encompass: registering, regulating, and controlling the practices of Mining Engineering, Petroleum Engineering, Metallurgy, Mineral Processing Engineering, and the Geosciences in all aspects and ramifications; ensuring professionalism through education and regulation of practices in the Nigerian Extractive Industries; determining standards of knowledge and skill required for registration; maintaining registers of qualified professionals and firms; and ensuring adherence to professional standards and ethics.

The Council's vision is to be proactive in ensuring quality manpower for the Nigerian Extractive Industries while maintaining professionalism through registration, regulation, and training. COMEG has organized pre-accreditation workshops to develop Guidelines for Assessment Templates and has upgraded The Gem Magazine into a technical journal. The Council conducts periodic induction ceremonies to register new individual professionals and institutional members.

COMEG works closely with the Nigerian Mining and Geosciences Society (NMGS), which has statutory representation on the Council. Registration as a corporate member of NMGS is a prerequisite to registering with COMEG. The Council maintains the mandate that only COMEG-registered members should be employed in geosciences and mining engineering departments of tertiary institutions. COMEG has also concluded arrangements with partner organizations to conduct professional development training workshops on specialized topics such as the preparation of Bankable Mining Feasibility Study Reports."
535007001,48. CROSS RIVER NATIONAL PARK,"Cross River National Park was formally established on October 1, 1991, through Federal Republic of Nigeria Decree No. 36, which simultaneously created the National Park Service to oversee the country's protected areas. The Park operates under Act 46 of 1999 (Cap 65 LFN 2004) as one of the seven national parks under the overall administration of the Nigeria National Park Service (NNPS), a Federal Parastatal under the supervision of the Federal Ministry of Environment.

The Park is situated in the southeastern corner of Nigeria in Cross River State, encompassing approximately 4,000 square kilometers of primarily moist tropical rainforest divided into two non-contiguous sectors: the larger Oban Division covering about 3,000 square kilometers and the Okwangwo Division spanning around 1,000 square kilometers (later adjusted to approximately 640 km² for Okwangwo and 920 km² for Oban). The establishment consolidated existing forest reserves into the park's two divisions: the Oban Division, originally gazetted as a forest reserve in 1988, and the Okwangwo Division, formed from three former reserves (Boshi, Okwangwo, and Nselle).

The park was first proposed in 1965, but serious planning did not start until 1988. The World Wide Fund for Nature (WWF-UK) played a leading role in planning and establishing the park, with a budget of $49.9 million. The Cross River gorilla (Gorilla gorilla diehli) was chosen as the park's theme animal, reflecting the park's critical importance as habitat for this critically endangered species.

Under the National Park Service Act, the park's mandate includes: establishment of an ecologically and geographically balanced network of protected areas under Federal Government jurisdiction and control; protection of endangered species of wild plants and animals and their habitats; conservation of wildlife throughout Nigeria so that the abundance and diversity of species are maintained at optimum levels commensurate with other forms of land use, ensuring continued existence of wildlife for sustainable utilization; preservation of outstanding scenic, natural, scientific, recreational, and other values; and protection and maintenance of crucial wetlands and water catchment areas.

Cross River National Park is recognized as a global biodiversity hotspot, hosting over 1,500 plant species (including 77 endemics in Oban), 119 mammal species, and 16 primate species. Key wildlife includes the endemic Cross River gorilla, Nigeria-Cameroon chimpanzee, drill monkey (Mandrillus leucophaeus), grey-cheeked mangabey, Preuss's guenon, and forest elephant. Over 900 bird species have been recorded, including the grey-necked rockfowl. The park is included in the UN's list of the 25 Biodiversity Hotspots in the World and is designated as an Important Bird and Biodiversity Area.

The park borders Korup National Park and Takamanda National Park in Cameroon, creating opportunities for transboundary conservation cooperation. An amending decree in 1999 converted the Nigerian National Park Service into a paramilitary outfit with increased enforcement powers. The Park is headed by a Conservator of Parks, with a Park Management Committee providing oversight. Management has established research stations and ranger patrol bases, with ongoing collaboration with organizations including the Wildlife Conservation Society (WCS) for conservation initiatives."
252040001,49. CROSS RIVER BASIN DEVELOPMENT AUTHORITY (CRBDA),"The Cross River Basin Development Authority (CRBDA) is one of the twelve River Basin Development Authorities established by the Federal Government of Nigeria to harness and develop water resources for agricultural production, water supply, and rural development. CRBDA was established under the River Basin Development Authorities Decrees No. 25 of June 15, 1976, and Decree No. 37 of August 3, 1976 (Niger Delta Basin Development Authority Decree). These decrees created eleven River Basin Development Authorities, including the Cross River Basin Development Authority. CRBDA operates under the River Basins Development Authorities Act, Cap R9, LFN, 2004.

The Authority was formally inaugurated on May 26, 1977, by the then Federal Commissioner of Water Resources, Alhaji Ibrahim El-Yakubu. Its jurisdiction initially included the whole of the then Anambra, Imo States, and part of Benue State. In 1979, following Decree No. 87 of September 28, 1979, the Cross River Basin Development Authority assumed its present geographical entity, covering the catchment areas drained by the Cross River and its tributaries. The Authority's current area of operation covers Cross River and Akwa Ibom States.

The CRBDA operates as a parastatal of the Federal Ministry of Water Resources with its headquarters located on Murtala Mohammed Highway, Calabar, Cross River State. The Authority is described as ""a special purpose vehicle set out to intervene in food security and accelerate agricultural development through land and water resources management.""

Under Section 4(1)(a)-(e) of the River Basins Development Authorities Act, Cap R9, LFN, 2004, CRBDA's statutory functions include: undertaking comprehensive development of both surface and underground water resources for multipurpose use, with particular emphasis on the provision of irrigation infrastructure and the control of floods and erosion, as well as watershed management; constructing, operating, and maintaining dams, dykes, polders, wells, boreholes, irrigation and drainage systems, and other works necessary for the achievement of the Authority's functions; supplying water from completed storage schemes to all users for a fee to be determined from time to time; handing over all lands to be cultivated under irrigation schemes to farmers; and developing and keeping up-to-date a comprehensive water resources master plan identifying all water resources requirements in the Authority's area of operation, through adequate collection and collation of water resources, water use, socio-economic and environmental data of the River Basin.

The Authority's management structure consists of a Chairman and seven other persons appointed by the President, including a representative of the Federal Ministry of Water Resources, all of whom possess detailed knowledge of the area of operation. CRBDA continues its mission of sustainable water management and agricultural development, aligning with federal mandates to promote all-season agriculture for socio-economic development and food security in the Cross River Basin region."
517021051,"50. DAVID UMAHI FEDERAL UNIVERSITY OF HEALTH SCIENCES, UBURU, EBONYI STATE","David Umahi Federal University of Health Sciences (DUFUHS), Uburu, Ebonyi State is a specialized federal university dedicated to health sciences education and training. The institution was originally established as King David Nweze Umahi University of Medical Sciences (KDUMS) by the administration of former Governor of Ebonyi State, Engr. David Nweze Umahi, FNSE, FNATE. The Federal Government of Nigeria subsequently took over the institution in 2022 as part of its policy to establish a University of Health Sciences in each geopolitical zone of the federation.

The take-over was formalized through a letter of notification dated September 15, 2022, from the Vice-Chancellor to the Executive Secretary of the National Universities Commission (NUC), Prof. Abubakar Adamu Rasheed. The documents included the Institution Take-Over Agreement between the Federal Government of Nigeria and the Government of Ebonyi State, as well as presidential approval for the take-over. In a response letter dated October 5, 2022, the NUC conveyed acceptance of the take-over and confirmed the renaming of the institution to David Umahi Federal University of Health Sciences (DUFUHS).

The Federal Government designated DUFUHS as the University of Health Sciences for the South East geopolitical zone of Nigeria. The Governing Council was constituted, and the relevant laws of the University were passed by the National Assembly of Nigeria in the first quarter of 2023. The institution is situated at Uburu in Ohaozara Local Government Area of Ebonyi State and operates alongside the David Umahi Federal University Teaching Hospital (DUFUTH).

The establishment of the University stems from a desire to enhance the quality of manpower development in the health sector and improve healthcare standards in Nigeria and the West African sub-region. The founding vision aimed to reverse medical tourism, which had led to significant capital flight from Nigeria to the UK, India, Saudi Arabia, and other advanced countries for medical treatment. The University's central goal is to develop critical competencies and expertise in the health sciences under the most conducive learning environment with the highest form of professionalism, ethics, and excellence.

DUFUHS has received approval from the National Universities Commission (NUC) to run seventeen (17) degree programmes in various faculties. Available programmes include: Applied Biology/Biotechnology, Computer Science, Industrial Chemistry, Industrial Mathematics, Industrial Physics, Microbiology/Parasitology, Biochemistry, Human Anatomy, Physiology, Biomedical Engineering, Dentistry, Medicine & Surgery, Human Nutrition/Dietetics, Medical Laboratory Science, Nursing Science, Pharmacy, Physiotherapy, Public Health, Optometry, and Radiography & Radiation Science.

The University operates with state-of-the-art facilities, including the David Umahi Federal University Teaching Hospital (DUFUTH), which is equipped with ultra-modern medical facilities, cutting-edge equipment, and innovative technology, including current modalities for medical imaging in the Radiology Department. Additional facilities include a Radiotherapy Centre, Ophthalmology Centre, Dialyzer Production Plant, Oxygen Production Plant, Virology & Quarantine Unit, and student hostels located within walking distance of the main campus. The University's motto is ""Excellence, Scholarship and Productivity."""
515050001,21. BASIC HEALTH CARE PROVISION FUND,"The Basic Health Care Provision Fund (BHCPF) was established under Section 11 of the National Health Act, 2014, as the principal funding vehicle for providing a Basic Minimum Package of Health Services to all Nigerians. The Fund serves as a catalytic financing mechanism designed to improve access to primary healthcare services, increase fiscal space for health, and strengthen Nigeria's national health system, particularly at the primary healthcare level.

The BHCPF is funded through multiple sources including: an annual grant from the Federal Government of Nigeria of not less than one percent (1%) of the Consolidated Revenue Fund; grants from international donor partners; and funds from the private sector and other sources. This funding structure was designed to ensure sustainable financing for healthcare delivery across Nigeria.

The Fund operates through four designated Gateways: The National Primary Health Care Development Agency (NPHCDA) Gateway, which receives 45% of the Fund for strengthening primary healthcare facilities, providing essential drugs, vaccines, consumables, equipment maintenance, and human resource support; The National Health Insurance Authority (NHIA) Gateway, which helps vulnerable and poor Nigerians access health insurance for the Basic Minimum Package of Health Services; The National Emergency Medical Treatment Committee (NEMTC) Gateway, which provides emergency ambulance services and urgent medical treatment; and The Nigeria Centre for Disease Control (NCDC) Gateway, which receives 2.5% for public health emergencies and outbreak response.

The BHCPF aims to achieve specific targets including: establishing at least 17,600 fully functional public or private primary healthcare facilities nationwide, with at least one in every political ward by 2027; ensuring at least one fully functional secondary healthcare facility per Local Government Area benefiting from the Fund in all states by 2027. The Fund specifically supports vulnerable groups including children under five years, the elderly, persons with disabilities, pregnant women, refugees, victims of human trafficking, internally displaced persons, and the indigent population.

The implementation structure involves coordination between federal, state, and local levels. State Primary Health Care Boards/Agencies and Local Government Health Authorities serve as conduits for fund disbursement and service delivery. The Fund represents Nigeria's commitment to Universal Health Coverage and symbolizes the nation's dedication to ensuring equitable access to quality healthcare for all citizens, regardless of their ability to pay."
517021023,"22. BAYERO UNIVERSITY, KANO","Bayero University, Kano (BUK) was established by Federal Government Decree in 1975, with its legal framework formalized under the Bayero University Act (Decree No. 79 of 1979, as amended). The university traces its origins to Ahmadu Bello College, founded in January 1960 by the Northern Nigeria Ministry of Education to prepare secondary certificate holders for advanced studies in Arabic, Hausa, Islamic History, Islamic Studies, and English Literature.

Following the establishment of Ahmadu Bello University in Zaria in 1962, the college was renamed Abdullahi Bayero College, after Abdullahi Bayero, Emir of Kano. In 1975, it was elevated to Abdullahi Bayero University College with degree-awarding powers under continued ABU affiliation and its own Governing Council. By 1977, a Federal Government decree transformed it into an independent institution renamed Bayero University Kano, with Dr. Mahmud Tukur appointed as the pioneer Vice-Chancellor.

As a federal university, BUK operates under the governance structure established by Nigerian university legislation. The university is headed by a Chancellor appointed by the President, a Pro-Chancellor appointed by the President on the recommendation of the Minister, and a Vice-Chancellor who serves as the chief executive and academic officer. The Senate handles academic policy, curriculum approval, and examinations, while the Governing Council provides oversight for administrative and financial matters.

The university's mandate encompasses the advancement of learning through teaching, research, and community service. BUK is organized into multiple faculties including Arts and Islamic Studies, Agricultural Sciences, Computer Science and Information Technology, Communication, Engineering, Earth and Environmental Sciences, Education, Law, Management Sciences, Social Sciences, and Veterinary Medicine, along with two colleges: the College of Health Sciences and the College of Natural and Pharmaceutical Sciences.

The university maintains specialized research centers addressing regional challenges in agriculture, governance, public health, and education, including the Africa Centre of Excellence in Dryland Agriculture (ACE DA), the Centre for Advanced Medical Research, and the Centre for Infectious Diseases. The university library, established in 1964, supports teaching, learning, and research activities by acquiring, processing, preserving, and disseminating information resources. As the first university in Kano State and northwestern Nigeria, BUK has a unique mandate to serve as a center of excellence for cultural studies while advancing scientific and technological education in the region."
252038001,23. BENIN-OWENA RIVER BASIN DEVELOPMENT AUTHORITY,"The Benin-Owena River Basin Development Authority (BORBDA) is one of the twelve River Basin Development Authorities established by the Federal Government of Nigeria under the River Basins Development Authorities Act of 1986 (which repealed the 1979 Act). BORBDA operates as a parastatal of the Federal Ministry of Water Resources with headquarters at Km 24, Benin/Sapele Road, Obayantor, Benin City, Edo State.

The Authority's operational area covers three states—Edo, Ondo, and Ekiti—and one senatorial district in Delta State. BORBDA is mandated to harness and develop water resources for sustainable agricultural production, water supply, flood control, and socio-economic development within the Benin-Owena River Basin.

Under Section 4(1) of the River Basin Development Authorities Act, BORBDA's statutory functions include: undertaking comprehensive development of both surface and underground water resources for multipurpose use, with particular emphasis on the provision of irrigation infrastructure and the control of floods and erosion, as well as watershed management; constructing, operating, and maintaining dams, dykes, polders, wells, boreholes, irrigation and drainage systems, and other works necessary for the achievement of the Authority's functions; handing over all lands to be cultivated under irrigation schemes to farmers after development; supplying water from completed storage schemes to all users for a fee; and developing and maintaining a comprehensive water resources master plan identifying all water resources requirements in the Authority's area of operation through adequate collection and collation of water resources, water use, socio-economic, and environmental data of the River Basin.

Key infrastructure projects under BORBDA include the Owena Multipurpose Dam, which provides irrigation water, hydroelectric power, and flood control; various irrigation schemes including the Ogbese and Eporo schemes aimed at boosting agricultural productivity; and urban and rural water supply schemes providing potable water to communities across its coverage area. The Authority aligns with federal government directives to promote all-season agriculture for socio-economic development, targeting youth employment through expanded irrigation infrastructure and related agricultural support services."
228009001,24. NATIONAL BOARD FOR TECHNOLOGY INCUBATION,"The National Board for Technology Incubation (NBTI) was established in 1992 by the Federal Government of Nigeria as a parastatal under the Federal Ministry of Innovation, Science and Technology. The Board is the apex institution responsible for the coordination and management of the Technology Incubation Programme (TIP) in Nigeria, serving as the only agency of government mandated to commercialize research and development results.

NBTI's vision is to pursue the commercialization of technologies and technical innovations using Technology Incubation as a tool to enhance the attainment of technological, industrial, social, and economic competitiveness of the country and improve the quality of life of its citizens. The Board's mission is to develop the necessary infrastructure for nurturing technology start-ups, promote Nigeria's indigenous potentials through value-added and technology-related activities, and create an enabling environment for effective linkage amongst technology providers, entrepreneurs, capital, and know-how to accelerate the development of new enterprises.

The core mandates of NBTI include: creating, nurturing, and developing value-added technology-based enterprises; promoting and facilitating the application of indigenous technologies and knowledge; providing support services including training, business advice, funding, and technology knowledge to incubatees; linking graduating entrepreneurs with pertinent larger industries, the Nigerian Export Promotion Council (NEPC), and investors; and facilitating the establishment of Technology Incubation Centres (TICs) and Science and Technology Parks across the country.

NBTI has established a Technology Incubation Centre in each state of the Federation, with six extensions, totaling over 37 facilities nationwide. The first TIC was established at Agege, Lagos in 1993. The incubation process involves three stages: the first stage covers take-off and establishment requirements; the second stage marshals company growth including preparation of bankable investment plans, quality assurance, marketing strategies, and relocation to larger factory spaces. The programme supports entrepreneurs through both resident incubation (3-4 years maximum) and non-resident incubation (4-5 years) before graduation to the wider economy.

The Board operates through multiple departments including the Post Incubation and Extension Services Department, which monitors graduated entrepreneurs, provides benchmarking services, and supports the establishment of Industrial, Science and Technology Parks through Public-Private Partnerships. NBTI has successfully facilitated the listing of several incubatee companies on the Nigerian Stock Exchange, with some achieving local and international awards."
161022001,25. BORDER COMMUNITIES DEVELOPMENT AGENCY (BCDA),"The Border Communities Development Agency (BCDA) was established by an Act of the National Assembly known as the Border Communities Development Agency Act, 2003 (as amended in 2006). The Agency is a federal government interventionist body created to ensure the sustainable social, economic, and infrastructural development of border communities in Nigeria. The formal inauguration of the Governing Board occurred on December 10, 2009.

BCDA operates under the Presidency with headquarters in the Federal Capital Territory, Abuja, and maintains offices in border states. The Agency addresses the persistent underdevelopment and neglect of border communities situated along Nigeria's international boundaries, which frequently lack adequate infrastructure, social services, and economic opportunities.

Under Section 3 of the Establishment Act, BCDA's functions include: preparing a comprehensive programme of action for the development of border communities; preparing and submitting proposals on projects for border communities to the President; advising the Federal Government on border areas development and related issues; consulting with relevant border communities and liaising with the Federal Government on areas required for overall development; identifying and determining infrastructural projects required for the overall development of border communities annually; executing border development policies, projects, and programmes; coordinating the activities of all relevant Ministries in implementing Federal Government policies and programmes for border community development; setting guidelines for the implementation and monitoring of Federal Government projects in border communities; planning and developing strategies for efficient and effective implementation of federal projects within border states; receiving and administering funds allocated from the Federation Account; and maintaining accounts with reputable banks.

The Agency covers over 2,000 border communities across 155 local government areas within 21 states that share international boundaries. Its intervention areas span both social and economic sectors: the social sector includes education, health facilities, clean water, and clean energy provision; the economic sector encompasses border markets, agricultural activities, grants, poverty alleviation, and empowerment programmes. BCDA serves as the secretariat of the Presidential Committee on the Security situation in Bakassi Peninsula, mandated to ensure the security and welfare of displaced persons from the ceded territory.

The Governing Board is chaired by the Vice-President of the Federation and includes the Attorney-General of the Federation, Ministers from various federal ministries, security chiefs, and representatives from the six geo-political zones, providing high-level coordination for border development initiatives."
238005001,26. BUDGET OFFICE OF THE FEDERATION,"The Budget Office of the Federation was established within the Federal Ministry of Budget and Economic Planning to provide budget functions, implement budget policies, and oversee fiscal policies of the Federal Government of Nigeria. The Office operates as the technical arm responsible for budget preparation, formulation, implementation, monitoring, and evaluation across federal government ministries, departments, and agencies.

The Budget Office derives its operational mandate from Section 81 of the Constitution of the Federal Republic of Nigeria, 1999, which stipulates that ""the President shall cause to be prepared and laid before each House of the National Assembly at any time in each financial year estimates of the revenues and expenditure of the Federation for the next following financial year.""

The mission of the Budget Office is to provide efficient and qualitative budget functions to Nigeria, geared towards promoting fiscal sustainability, transparency, and accountability in public finance management for national development in line with international best practices. Its vision is to be a world-class, technology-driven budget institution that serves as a catalyst for equitable mobilization and distribution of the nation's resources to engender sustainable socio-economic development.

All budget systems under the Office have three basic tasks: maintaining aggregate fiscal discipline, allocating resources in accordance with government priorities, and promoting the efficient delivery of services. The Office's specific functions include: revenue estimation using current and realistic assumptions on oil production and prices; estimation of non-oil receipts; developing macroeconomic frameworks used in aggregate fiscal estimates for the Medium Term Expenditure Framework; specifying fiscal policy objectives; analyzing macroeconomic frameworks and associated fiscal risks; coordinating the preparation of annual budget proposals; monitoring budget implementation across MDAs; and conducting budget evaluation and reporting.

The Budget Office is structured into six operational departments: Revenue/Fiscal Policy, Expenditure Social, Expenditure Economics, Budget Monitoring and Evaluation, Human Resources Management, and Finance and Accounts. Supporting units include ICT, Anti-Corruption and Transparency Unit (ACTU), Procurement, Legal, Stock Verification, Internal Audit, and SERVICOM. The Office of the Director-General coordinates overall budget functions and supports departments in achieving their mandates. Budget information is presented to facilitate policy analysis and promote accountability, with data reported on a gross basis distinguishing revenue, expenditure, and financing, classified by economic, functional, and administrative categories."
111007001,27. BUREAU OF PUBLIC ENTERPRISES (BPE),"The Bureau of Public Enterprises (BPE) was established under the provisions of the Public Enterprises (Privatisation and Commercialisation) Act of 1999, which also created the National Council on Privatisation (NCP). The Bureau serves as the Secretariat of the NCP and is charged with the overall responsibility of implementing the Nigerian policy on privatisation and commercialisation.

The establishment of BPE has historical antecedents. The Technical Committee on Privatisation and Commercialisation (TCPC) was set up in 1988 under the Privatisation and Commercialisation Decree No. 25 to implement Nigeria's first phase of privatisation. Upon conclusion of its assignment in 1993, the Bureau of Public Enterprises Act of 1993 was promulgated, repealing the 1988 Act and establishing the Bureau. The 1999 Act further restructured the privatisation framework under the democratic dispensation.

The primary mandate of BPE is to drive the Federal Government's programme of privatising public enterprises, carrying out sector reforms, and liberalizing key economic sectors, especially the infrastructure sector. Under the Act, the Bureau's functions include: implementing the Nigerian policy on privatisation and commercialisation; preparing public enterprises approved for privatisation and/or commercialisation; carrying out public sector reform for maximum and efficient allocation of resources; facilitating the sale of shares of public enterprises through issuing houses in accordance with approved guidelines; engaging consultants, advisers, investment bankers, issuing houses, stockbrokers, solicitors, trustees, accountants, and other professionals required for privatisation purposes; and ensuring the overall success of the programme through effective post-transactional performance monitoring and evaluation.

The NCP, chaired by the Vice President, provides the overall strategic direction and policy framework, determining political, economic, and social objectives of privatisation and commercialisation. Some strategies utilized in the reform exercise include competitive asset sale, concession, core investor sale, guided liquidation, and private placement.

From 2000 to present, the NCP through BPE has successfully completed over 149 transactions and initiated far-reaching reforms in telecommunications, pensions, seaports, debt management, solid minerals, and the power sector—including the successful unbundling and privatisation of successor companies created from the Power Holding Company of Nigeria (PHCN). These reforms led to the establishment of regulatory agencies including the Nigerian Pension Commission (PenCom), Nigerian Electricity Regulatory Commission (NERC), Debt Management Office (DMO), Nigeria Electricity Liability Management Company (NELMCO), and Nigeria Electricity Bulk Trader (NBET)."
111010001,28. BUREAU OF PUBLIC PROCUREMENT (BPP),"The Bureau of Public Procurement (BPP) was established by the Public Procurement Act, 2007 (Act No. 14 of 2007), which came into force on June 4, 2007. The Act established both the National Council on Public Procurement and the Bureau of Public Procurement as the regulatory authorities responsible for the monitoring and oversight of public procurement in Nigeria.

The Bureau evolved from the Budget Monitoring and Price Intelligence Unit (BMPIU), also known as the ""Due Process Office,"" established in 2001 as part of the Federal Government's anti-corruption and public expenditure reforms. The 2007 Act institutionalized these reforms by creating a permanent legal and regulatory framework for public procurement.

The primary objectives of the Bureau, as stated in Section 4 of the Act, are: establishing pricing standards and benchmarks; ensuring the application of fair, competitive, transparent, value-for-money standards and practices for the procurement of public goods, works, and services; attaining transparency, competitiveness, cost-effectiveness, and professionalism in the public sector procurement system; ensuring the accountability of public officers for public procurement decisions; and applying the provisions of the Act in preventing fraudulent and unfair procurement practices.

Under Section 5, the Bureau's functions include: formulating general policies and guidelines relating to public sector procurement for Council approval; publicizing and explaining the provisions of the Act; certifying federal procurement prior to contract award subject to thresholds set by the Council; supervising implementation of established procurement policies; monitoring prices of tendered items and maintaining a national database of standard prices; publishing details of major contracts in the procurement journal; maintaining paper and electronic editions of the procurement journal with archival systems; maintaining a national database of particulars, classification, and categorization of federal contractors and service providers; collating and archiving all federal procurement plans and information; undertaking procurement research and surveys; organizing training and development programmes for procurement professionals; periodically reviewing thresholds and procurement methods; and publishing annual reports on federal procurement.

The Bureau has the power to apply administrative sanctions, including debarring any supplier, contractor, or service provider that contravenes the Act. It provides the framework for procurement planning, methods, execution, enforcement, and review, ensuring that all procuring entities operate in strict adherence to the Act and regulations. The Bureau also maintains the database of accredited locally manufactured brands to promote local content in government procurement."
161025001,29. BUREAU OF PUBLIC SERVICE REFORMS (BPSR),"The Bureau of Public Service Reforms (BPSR) was established on February 4, 2004, by Presidential Directive during President Olusegun Obasanjo's administration as part of a broader initiative to revitalize the Nigerian Public Service. The establishment was formalized under Decree No. 25 of 1999, which outlined the Bureau's mandate and responsibilities. BPSR operates as an agency under the Presidency with headquarters at the Federal Secretariat Complex, Shehu Shagari Way, Garki, Abuja.

The Bureau was formed in response to growing inefficiencies within the Nigerian bureaucracy, including poor staff morale, low productivity, progressive decay observed during the oil boom era (1970s-1990s), and lack of proper incentives for public servants. Key initial goals included streamlining the public service, setting minimum standards for staff strength, and implementing remuneration reforms to attract and retain quality staff.

BPSR's primary mandate is to provide leadership in developing and implementing public service reforms to improve Nigeria. The Bureau's mission is to enhance the efficiency, effectiveness, and transparency of public service delivery through the initiation and implementation of innovative reforms and coordination among government agencies. Its vision is to facilitate the building of Nigeria's Public Service into a highly functional, professional, customer-focused, and results-oriented institution.

Key responsibilities include: initiating, coordinating, monitoring, and evaluating the implementation of reform programs and policies; conducting research on reform efforts and presenting best practice models for ministries, parastatals, and government agencies; provision of institutional capacity building for government agencies fostering continuous learning and professional development; improving service delivery through programmes like SERVICOM (Service Compact with All Nigerians), ensuring responsiveness and efficiency; delivering robust performance management systems to measure and manage performance of public servants and government agencies; providing workforce management solutions including recruitment, placement, and retention strategies; and delivering advisory services to government on public service matters.

The Bureau coordinates with the Office of the Head of Civil Service of the Federation, the Public Service Commission, and other government institutions involved in public service reforms. BPSR has developed guides on managing and reforming government agencies and parastatals, including web-based self-assessment tools. The Bureau leads the update of the National Strategy for Public Service Reform (NSPSR), a 10-year strategy built on four pillars: improving the governance and institutional environment, improving the socio-economic environment, improving public finance management, and improving civil service administration."
256009001,30. CENTRE FOR BLACK AND AFRICAN ARTS AND CIVILIZATION (CBAAC),"The Centre for Black and African Arts and Civilization (CBAAC) was established by Decree No. 69 of 1979 following the successful and epoch-making hosting of the 2nd World Black and African Festival of Arts and Culture (FESTAC '77) in Lagos, Nigeria. CBAAC is a parastatal under the Federal Ministry of Information and National Orientation (formerly Federal Ministry of Arts, Culture, Tourism and the Creative Economy).

The Centre was created in fulfillment of Nigeria's pledge to keep the materials from FESTAC '77 in trust for the 59 Black and African countries and communities that participated in the festival. It houses all materials constituting the core collections, artifacts, and rare cultural items used during the historic festival.

Under Section 4 of the establishing Decree, CBAAC shall be a multi-disciplinary institution with responsibility for: the promotion of public interest in Black and African arts and civilization; the preservation of creative works of value from participating countries during FESTAC '77 or similar cultural manifestations; acquiring from zonal secretaries of the 1977 Festival and any other source, creative records relating to past and future world, regional, or national festivals of arts and culture relevant to Black and African arts and civilization; promoting understanding and appreciation of Black and African arts and cultures by involving the general public through lectures, discussions, symposia, exhibitions, performances, and demonstrations of arts and crafts.

The Centre maintains four main collection components: Archives, Library, Audio-Visual (housing FESTAC VCDs, CDs, DVDs, videocassettes, gramophone records, and promotional films), and Museum materials. The collections include materials on Nigeria and Africa's cultural festivals from 59 Black and African countries and communities.

In 2000, following the report of the Presidential Panel on the Review, Harmonization, and Rationalization of Federal Parastatals, Institutions, and Agencies, CBAAC was upgraded to a Pan-African Heritage Center, a status it maintains to date. The Centre's strategic mandate positions Nigeria as the arrowhead in the presentation, promotion, and propagation of African cultural heritage and civilization.

CBAAC achieves its goals through periodic seminars, workshops, public lectures, arts exhibitions, and symposia. The Centre maintains zonal offices across Nigeria and has hosted visits from prominent African leaders and international dignitaries. Its work emphasizes the contribution of Black and African peoples to world civilization and the preservation of Africa's rich cultural legacy for future generations."
238003001,31. CENTRE FOR MANAGEMENT DEVELOPMENT (CMD),"The Centre for Management Development (CMD) is a national apex resource institution established in 1973 by the Federal Government of Nigeria as the operational arm of the Nigerian Council for Management Development (NCMD). The Centre received its legal status under Decree 51 of October 4, 1976, and operates under the supervision of the Ministry of Budget and Economic Planning.

The NCMD was established following recognition at a meeting of the National Manpower Board on October 20, 1965, that the major bottleneck in efforts to raise productivity was the comparatively low quality of management skills at all levels. The meeting noted that while considerable facilities for management training existed, lack of effective coordination and absence of a central information source led to wastage and unnecessary duplication of courses.

In 2004, CMD's mandate was enlarged when the Federal Executive Council, in line with the Federal Government's reform policy, approved the merger of CMD and the National Centre for Economic Management and Administration (NCEMA), Ibadan. Through this merger, CMD assumed additional responsibility to strengthen skills of public officers involved in economic planning, budgeting, project design, implementation and monitoring, and economic policy formulation.

The Centre's mandates, as established under the Nigerian Council for Management Development Act, 2022 (As amended), include: policy making, promotion, and coordination of managerial manpower development; accreditation and registration of management trainers and training institutions; advising on management policies; coordinating management training programs and developing standards; maintaining a register of training institutions; sanctioning or prohibiting unaccredited management trainers or institutions; and periodically assessing training programs offered by public and private institutions.

Under Section 16 of the establishing Decree, CMD's specific functions include: providing background information and technical data necessary for the Council's policy-making and coordinating functions; providing management advisory and consultancy services to Nigerian enterprises; establishing and maintaining an up-to-date library for management studies; publishing journals, research papers, and books on modern management and supervisory techniques; sponsoring, promoting, and conducting research into all aspects of management in relation to the Nigerian situation; and designing and providing suitable training packages for small-scale industrialists and officials of federal/state agencies responsible for developing small-scale industries.

CMD's vision is to be a world-class Management Development Institution that sets standards for excellence in management development and economic administration. The Centre operates from its headquarters in Abuja and maintains zonal offices in Kano, Lagos, Ibadan, Owerri, Gombe, and Uyo, enabling outreach to different parts of the country. CMD has facilitated the establishment of professional associations aimed at raising management standards in Nigeria."
535005001,32. CHAD BASIN NATIONAL PARK,"Chad Basin National Park was established in 1991 under Decree No. 36 of 1991, which created the Nigeria National Park Service and designated five initial national parks. The park operates under Act 46 of 1999 (Cap 65 LFN 2004) as one of seven national parks under the overall administration of the Nigeria National Park Service (NNPS), a Federal Parastatal under the supervision of the Federal Ministry of Environment.

The park is located in the Sudano-Sahelian ecological zone of northeastern Nigeria, spanning Borno and Yobe States, with a total area of approximately 2,258 square kilometers. It is fragmented into three sectors: the Chingurmi-Duguma sector (1,228 km²) in Borno State within a Sudanian savanna ecological zone; the Bade-Nguru Wetlands sector (938 km²); and the Bulatura Oases sector (92 km²), both in Yobe State within the Sahel ecological zone.

Under the National Park Service Act, the park's mandate includes: establishment of an ecologically and geographically balanced network of protected areas under Federal Government jurisdiction and control; protection of endangered species of wild plants and animals and their habitats; conservation of wildlife throughout Nigeria so that the abundance and diversity of species are maintained at optimum levels commensurate with other forms of land use, ensuring continued existence of wildlife for sustainable utilization; preservation of outstanding scenic, natural, scientific, recreational, and other values; and protection and maintenance of crucial wetlands and water catchments.

Chad Basin National Park operates under Category II of the IUCN (International Union for Conservation of Nature), prioritizing conservation and sustainable tourism. The park combines the former Chingurmi-Dugoma Game Reserve, Gorgoram and Zurgun Baneri Forest Reserves, and Bulature Oasis. It lies within the historical region of the former Kanem-Bornu Empire.

The park is home to diverse wildlife including giraffes and ostriches (the only stronghold for these species in Nigeria), elephants, red-fronted gazelles, hippopotamuses, crocodiles, jackals, mongoose, spotted hyenas, and giant tortoises. Over 532 bird species have been recorded, including the vulnerable black-crowned crane, demoiselle cranes, white storks, and various waterfowl. The Bade-Nguru Wetlands (part of the internationally renowned Hadejia-Nguru Wetlands) and the Dagona Waterfowl Sanctuary are recognized as internationally significant habitats for waterbird populations and Palearctic migrants.

The park borders the Waza National Park in Cameroon, and authorities from both countries cooperate to prevent poaching and raise conservation awareness among local populations."
252039001,33. CHAD BASIN DEVELOPMENT AUTHORITY,"The Chad Basin Development Authority (CBDA) was established by Decree No. 32 of 1973 following the severe drought and famine in Northern Nigeria in 1972/73. The Federal Military Government created CBDA alongside the Sokoto-Rima River Basin Development Authority (Decree No. 33 of 1973) as the first River Basin Development Authorities in Nigeria. These decrees were subsequently amended by Decree 37 of 1976, consolidated by Decree 87 of 1979, and further revised by Decree No. 35 of 1987, which redefined CBDA as a water resources development agency.

CBDA operates as a parastatal of the Federal Ministry of Water Resources with its head office in Maiduguri, the capital of Borno State. The Authority's area of jurisdiction covers the whole of Borno and Yobe States and parts of northern Adamawa State, spanning from Maiha Local Government Area to Madagali Local Government Area (covering seven LGAs). Project offices are established in New Marte, Ngala, Baga, and Gora in Borno State; Potiskum and Gashua in Yobe State; and Michika in Adamawa State.

Under the River Basins Development Authorities Act, CBDA's statutory functions include: undertaking comprehensive development of both surface and underground water resources for multipurpose use, with particular emphasis on irrigation infrastructure provision and flood and erosion control, as well as watershed management; constructing, operating, and maintaining dams, dykes, polders, wells, boreholes, irrigation and drainage systems, and other works necessary for achieving the Authority's functions; handing over all lands developed under irrigation schemes to farmers; supplying water from completed storage schemes to all users for a fee; and developing and maintaining comprehensive water resources master plans identifying all requirements in the Authority's area of operation.

CBDA's flagship projects include the South Chad Irrigation Project, launched in 1974 to mitigate drought effects by developing 67,000 hectares of irrigable land in Borno State for enhanced agricultural productivity and food security. The Alau Dam, a multipurpose dam completed in 1988 with a capacity of 112 million cubic meters, irrigates 8,000 hectares in Jere Bowl, supplies water to Maiduguri, and supports tourism development.

Nigeria's membership in the Lake Chad Basin Commission (LCBC), established in 1964 by Chad, Cameroon, Niger, and Nigeria, provides a framework for transboundary cooperation in managing shared Lake Chad water resources. CBDA continues its mission of sustainable water management and agricultural development, aligning with federal mandates to prioritize all-season agriculture for socio-economic upliftment and youth employment in rural zones."
555003001,34. CITIZENSHIP AND LEADERSHIP TRAINING CENTRE (CLTC),"The Citizenship and Leadership Training Centre (CLTC) was established by the Citizenship and Leadership Training Centre Act to provide training for the development of citizenship and leadership for public benefit. The Centre is a parastatal in the Federal Ministry of Youth Development, principally serving as a human resource development outfit for training and molding Nigerian citizenry to become responsible and respectable citizens and leaders.

The Centre is unique as the only informal educational institution in Nigeria that executes experiential and Outward Bound education. It provides citizenship and leadership training in an atmosphere where self-discovery and self-actualization are based on individual competence and ability, irrespective of origin, belief, or class.

Under Section 2 of the Establishment Act, the objects of the Centre are to: provide training for development of citizenship and leadership for public benefit; enhance and expand individual awareness; inculcate in individuals qualities of self-discipline, self-reliance, and selfless service; develop national consciousness and international understanding; and seek to engineer a general reorientation of values.

The Centre's governance structure includes the Citizenship and Leadership Training Centre Management Board, a body corporate with perpetual succession and common seal, charged with general management and control of the Centre. The Board has powers to: establish Man O' War clubs and associations and formulate policy guidelines for running such clubs and associations; encourage and provide for research at the Centre; accept gifts, legacies, and donations consistent with Centre objectives; and with ministerial approval, manage property and investments.

CLTC operates training programmes across multiple categories: Man O' War Clubs and Commands for primary and junior secondary school students; training for senior secondary school students and teenagers; specialized programmes for civil servants (senior and middle-level public servants) to equip them with leadership qualities and citizenship responsibilities; and programmes for security agencies, paramilitary organizations, and corporate bodies.

The Centre's vision is to be a world-class provider of quality training that empowers Nigerians for good citizenship and responsible leadership. Its mission involves providing a sustainable framework for citizenship and leadership training and value re-orientation. The Mountain School at Shere Hills, Lamingo, Jos serves as the main training facility. The Centre operates through five geographical zones: Zone 1 (Northeast/North-Central with headquarters in Jos), Zone 2 (South-South/Southeast with headquarters in Port Harcourt), Zone 3 (Southwest with headquarters in Ibadan), Zone 4 (Northwest with headquarters in Sokoto), and Zone 5 (Lagos State)."
124005001,"35. CIVIL DEFENCE, CORRECTIONAL, FIRE AND IMMIGRATION SERVICES BOARD (CDCFIB)","The Civil Defence, Correctional, Fire and Immigration Services Board (CDCFIB) was originally established as the Customs, Immigration and Prisons Services Board by Decree No. 14 of July 1986 under the Chairmanship of the Honourable Minister of Internal Affairs. The Board has undergone several name changes reflecting changes in its constituent services.

Initially, the Board was charged with administering the Customs and Excise Management Act (CEMA) of 1958, the Immigration Act of 1963, and the Prisons Act of 1972. In 1992, the Nigeria Customs Service was excised and placed under the Federal Ministry of Finance, changing the Board's name to ""Immigration and Prisons Services Board"" (IPB). With the enactment of the Nigeria Security and Civil Defence Corps Act in June 2003, which placed the administration of the new organization under the Board, its name changed to Civil Defence, Immigration and Prisons Service Board (CDIPB). Following the renaming of Nigerian Prisons Service to Nigerian Correctional Service and the inclusion of the Federal Fire Service, the Board became the Civil Defence, Correctional, Fire and Immigration Services Board (CDCFIB).

The Board operates under the Federal Ministry of Interior and is the governing body for four paramilitary agencies: the Nigeria Security and Civil Defence Corps (NSCDC), which focuses on protecting critical infrastructure, disaster management, crowd control, and internal security operations; the Nigeria Correctional Service (NCoS), responsible for inmate rehabilitation, prison security, and reformation programs; the Federal Fire Service (FFS), which handles fire prevention, control, investigation, and emergency rescue operations; and the Nigeria Immigration Service (NIS), which manages migration control, passport issuance, and border protection.

The Board's responsibilities include: recruitment and appointments into the four services; promotion and disciplinary matters affecting officers; manpower planning and training coordination; and policy formulation related to human resources in the paramilitary agencies. The Board has exclusive responsibility for the appointment, promotion, and discipline of all officers within these services.

CDCFIB's vision is to develop virile, motivated, and disciplined paramilitary services that ensure peace, safety, and stability of the country. The Board coordinates recruitment exercises for qualified Nigerians across all geopolitical zones in line with the Federal Character Principle, fostering inclusivity, unity, and equity in the composition of these essential security services."
215014001,36. COCOA RESEARCH INSTITUTE OF NIGERIA (CRIN),"The Cocoa Research Institute of Nigeria (CRIN) was established on December 1, 1964, in Ibadan, Oyo State, as a successor autonomous research organization to the Nigerian Substation of the defunct West African Cocoa Research Institute (WACRI). The establishment was pursuant to the Nigerian Research Institutes Act No. 33 of 1964. WACRI had been established in 1944 under Nigeria Statute Act No. 6 of 1950 with its headquarters at Tafo, Ghana, to conduct research on disease-free or disease-resistant cocoa production.

By virtue of the Nigerian Research Institutes Act No. 33 of 1964, CRIN's scope was expanded beyond that of WACRI to include research on kola and coffee in addition to cocoa. In 1975, the Agricultural Research Institutes (Establishments, etc.) Act further enlarged CRIN's research activities to include cashew and tea. In 2024, the Agricultural Research Council of Nigeria (ARCN) disclosed the inclusion of Vitex doniana (Black Plum) to CRIN's crops of coverage. Consequently, CRIN today has a mandate to conduct research on six crops—Cocoa, Kola, Coffee, Cashew, Tea, and Black Plum—throughout the country.

CRIN operates under the Federal Ministry of Agriculture and Rural Development as a premier agricultural research institution. Its primary function is to conduct high-quality research and provide facilities for teaching and research with these agricultural products. The Institute maintains six substations located in the six geopolitical zones of Nigeria where mandate crops are cultivated in abundance.

According to the enabling legislation, CRIN's expressed objectives include: improvement of the genetic potential, agronomic and husbandry practices, including processing and storage of mandate crops; identification of the ecology and methods of control of pests and diseases affecting the crops; investigating effective utilization of crops and their by-products, and feasibility of small-scale production of such end-use products; integration of mandate crop cultivation into cropping systems where each crop is grown by farmers; and translation of research results and improved technologies into practice among farmers and manufacturers to improve production and socio-economic life of the people.

CRIN's vision is to be a centre of excellence of international repute in the research and development of its mandate crops. Major achievements include development of high-yielding and disease-resistant cocoa varieties, improved agronomic practices for sustainable farming, pest management solutions, and training of thousands of Nigerian farmers and extension workers in modern agricultural techniques. The Institute maintains skill acquisition sessions and extension workshops for stakeholders in the cocoa planting and processing industry."
344001001,37. CODE OF CONDUCT BUREAU (CCB),"The Code of Conduct Bureau (CCB) is established by Section 153(1) of the 1999 Constitution of the Federal Republic of Nigeria (as amended) as one of fourteen Federal Executive Bodies. The Bureau derives its powers, functions, and composition from Part I of the Fifth Schedule to the Constitution, and the Code of Conduct Bureau and Tribunal Act, Cap C15, Laws of the Federation of Nigeria, 2004.

The Bureau's historical antecedent traces to the recommendations of the Adegoroye Panel Report of 1975, which preceded the creation of the Public Complaints Commission and formed the basis for including the Code of Conduct provisions in the 1979 Constitution. The military administration of Murtala/Obasanjo inaugurated a Board before handing over power in 1979, though it could not make appreciable impact because the National Assembly of the Second Republic failed to pass the enabling law. The Bureau received its legal mandate under the Babangida regime in 1989, and the Code of Conduct provisions have maintained permanence in all subsequent constitutions (1989, 1993, 1995, 1999, and the current 1999 Constitution as amended).

Under Paragraph 3 of Part I of the Fifth Schedule, the Bureau's functions include: receiving declarations by public officers of their assets and liabilities; examining such declarations and ensuring compliance with requirements; retaining custody of all declarations and making them available for inspection by any citizen of Nigeria upon application to the Bureau; receiving complaints about non-compliance or breach of the Code of Conduct and referring cases requiring further investigation to the Code of Conduct Tribunal; and appointing, promoting, dismissing, and exercising disciplinary control over staff of the Bureau.

The Code of Conduct for Public Officers, contained in Part I of the Fifth Schedule, requires public officers to: maintain a high standard of morality and accountability; declare their assets (including those of spouses and unmarried children under 18) immediately after taking office and subsequently at the end of their tenure; not maintain foreign accounts except in the course of duty; not accept gifts or benefits beyond what is appropriate; and not operate any enterprise or business without Bureau approval, among other provisions.

The Bureau is headed by a Chairman and comprises at least nine members, all appointed by the President subject to Senate confirmation. The Chairman and members hold office for five-year terms and may be reappointed for one further term. The Bureau operates as a proactive anti-corruption agency working to prevent corruption through asset declaration monitoring and ensuring ethical conduct in public service."
158001001,38. CODE OF CONDUCT TRIBUNAL (CCT),"The Code of Conduct Tribunal (CCT) is established by Section 153(1) of the 1999 Constitution of the Federal Republic of Nigeria (as amended) as one of the fourteen Federal Executive Bodies. The Tribunal derives its powers, functions, and composition from Part I of the Fifth Schedule to the Constitution and the Code of Conduct Bureau and Tribunal Act, Cap C15, Laws of the Federation of Nigeria, 2004.

The Tribunal serves as the adjudicatory body for matters relating to breaches of the Code of Conduct for Public Officers. It operates as a judicial body with specific jurisdiction to try and punish public officers who contravene the Code of Conduct provisions enshrined in the Constitution.

Under Paragraph 15 of Part I of the Fifth Schedule, the Tribunal consists of a Chairman and two other persons, all appointed by the President on the recommendation of the National Judicial Council. The Chairman must be a person who has held or is qualified to hold office as a Judge of a Superior Court of record in Nigeria. Members hold office for terms of five years and may be reappointed for one further term.

The Tribunal's jurisdiction, as provided in Paragraph 18 of the Fifth Schedule, covers contravention of the provisions of the Code of Conduct by public officers. When the Code of Conduct Bureau receives complaints about non-compliance with or breach of the Code of Conduct and refers matters requiring further investigation, cases established upon investigation are prosecuted before the Tribunal.

Under Paragraph 18(2), where the Tribunal finds a public officer guilty of contravening provisions of the Code, the Tribunal shall impose any of the following punishments: vacation of office or seat; disqualification from holding public office for a period not exceeding ten years; and where the conduct constitutes a criminal offense, the person shall be prosecuted in a court of law. The Tribunal may also order forfeiture to the State of any property acquired through abuse of office.

Appeals from decisions of the Code of Conduct Tribunal lie to the Court of Appeal. The establishment of the Tribunal reflects Nigeria's constitutional commitment to maintaining high ethical standards in public service and provides a specialized forum for addressing breaches of the Code of Conduct by public officers at all levels of government."
116008001,"39. COMMAND AND STAFF COLLEGE, JAJI","The Armed Forces Command and Staff College (AFCSC), Jaji, is a premier military educational institution established to provide advanced military education and training to mid-career officers of the Nigerian Armed Forces and allied nations. Located in Jaji, Kaduna State, the College operates under the Nigerian Defence Academy system and falls within the purview of the Ministry of Defence.

The College was established to bridge the gap between junior officer training and senior command positions by providing comprehensive professional military education that prepares officers for higher command and staff appointments. The institution serves as the apex middle-level military training establishment in Nigeria.

The primary mandate of the Command and Staff College includes: providing advanced military education to selected middle-ranking officers of the Nigerian Army, Navy, and Air Force to prepare them for command and staff duties at tactical, operational, and strategic levels; developing officers' capacity for independent and critical thinking, analysis, and problem-solving in complex military and national security situations; fostering joint operations awareness and inter-service cooperation among officers of the three services; promoting understanding of civil-military relations, defense policy, and national security strategy; and training officers from allied and friendly nations as part of Nigeria's defense diplomacy and regional security cooperation efforts.

The College curriculum encompasses various aspects of military science, including strategy and tactics, military history, leadership and management, defense economics, joint and combined operations, and contemporary security challenges. Courses integrate classroom instruction, syndicate discussions, research projects, and practical exercises.

Students who successfully complete the course are awarded the Passed Staff College (psc) designation, which is a prerequisite for advancement to senior command and staff positions in the Nigerian Armed Forces. The College maintains standards comparable to similar institutions globally and has established linkages with staff colleges in other countries for exchange programs and joint training initiatives.

The establishment reflects Nigeria's commitment to professional military education and the development of a capable officer corps equipped to address contemporary security challenges, support national defense objectives, and contribute to regional and international peace and security operations."
521010001,40. COMMUNITY HEALTH PRACTITIONERS REGISTRATION BOARD OF NIGERIA,"The Community Health Practitioners Registration Board of Nigeria (CHPRBN) was established by the Community Health Practitioners (Registration, etc.) Act, Cap C19, Laws of the Federation of Nigeria, 2004. The Board operates under the supervision of the Federal Ministry of Health as the regulatory body for community health practice in Nigeria.

The primary mandate of CHPRBN is to regulate and control the training and practice of community health practitioners in Nigeria, ensuring that practitioners meet established standards of competence and ethical conduct. Community health practitioners include Community Health Officers (CHOs), Community Health Extension Workers (CHEWs), Junior Community Health Extension Workers (JCHEWs), and Environmental Health Officers.

Under the establishing Act, the Board's functions include: determining the standard of knowledge and skills required for registration as a community health practitioner in Nigeria; maintaining a register of all community health practitioners entitled to practice in Nigeria; regulating and controlling the training of persons in community health practice; approving institutions and programmes for the training of community health practitioners; conducting professional examinations for persons seeking to be registered as community health practitioners; ensuring that practitioners maintain competence through continuing professional development; investigating complaints against registered practitioners and exercising disciplinary control over the profession; and advising the Federal Government on matters relating to community health practice.

The Board maintains various registers including the Register of Community Health Officers, Register of Community Health Extension Workers, Register of Junior Community Health Extension Workers, and Register of Environmental Health Officers. Only persons registered with the Board are entitled to practice community health in Nigeria.

CHPRBN plays a crucial role in Nigeria's primary healthcare delivery system, as community health practitioners constitute the backbone of healthcare services at the grassroots level. The Board ensures that these practitioners are adequately trained, properly registered, and maintain ethical standards in the delivery of healthcare services to communities across Nigeria. The Board also has the power to issue practicing licenses, suspend or remove names from the register for professional misconduct, and prescribe standards for community health practice facilities.

Through its regulatory activities, CHPRBN contributes to the achievement of Universal Health Coverage by ensuring the availability of qualified community health practitioners to provide essential health services at the primary healthcare level, particularly in underserved and rural communities."
521026016,# NIGERIAN FEDERAL AGENCIES MANDATES (1-20),"Established in 2010 when the Federal Government took over the erstwhile Bauchi State Specialist Hospital, Abubakar Tafawa Balewa University Teaching Hospital serves as the teaching hospital affiliated with Abubakar Tafawa Balewa University's College of Medical Sciences. The hospital traces its origins to 1917 when it began as a small clinic managed by the Colonial Administration primarily treating leprosy cases, later becoming a General Hospital in 1966 and upgraded to Specialist Hospital status in 1978 before its conversion to federal teaching hospital status.

The hospital's core mandate encompasses three primary functions: providing tertiary healthcare services and serving as a referral center for complex medical cases across Bauchi State and neighboring regions according to national and international standards; conducting clinical training for medical students, resident doctors, interns, and paramedical staff across multiple specialties and levels; and undertaking medical research spanning basic to advanced investigations aimed at improving healthcare delivery and outcomes.

ATBUTH operates specialized departments including medicine, surgery, pediatrics, obstetrics and gynecology, among others, with particular focus on infectious diseases research. The hospital established a molecular genetics and infectious disease research and diagnostic center in 2020 through collaboration with ATBU College of Medical Sciences, which serves as part of the NCDC-accredited nationwide laboratory network for COVID-19 and Lassa Virus detection with capacity to process 200 samples daily. The facility supports ongoing research collaborations with various Nigerian universities on topics including Raoultella planticola infections in pediatric patients, Aedes mosquito-associated Dangi and Zika viruses, and microbial community diversity studies. As a federal teaching hospital under the Ministry of Health and Social Welfare, ATBUTH plays a vital role in healthcare delivery, medical education, and research advancement in northeastern Nigeria."
517021015,"2. ABUBAKAR TAFAWA BALEWA UNIVERSITY, BAUCHI (ATBU)
**MDA Code:** 517021015","The university's mandate focuses on promoting science, technology, and engineering education to contribute to Nigeria's industrial and technological growth. ATBU operates across two main campuses in Bauchi: the Gubi Campus housing most science and technology faculties, and the Yelwa Campus hosting other departments and administrative buildings. The institution currently comprises 18 faculties, 110 academic departments, over 600 professors, approximately 3,000 academic staff, and more than 7,000 non-teaching staff.

Key functions include providing undergraduate and postgraduate education in technology, engineering, sciences, agriculture, management, environmental design, and education; conducting research in sustainable technology, renewable energy, agricultural technologies, water management, and other areas addressing real-world problems particularly in northern Nigeria; offering postgraduate programs with over 400 options reflecting its evolution toward becoming a postgraduate studies-centered university; and providing extension and consultancy services to industries and organizations.

The university established the Directorate of Research, Innovation, and Development to oversee research activities and has secured significant funding from the Tertiary Education Trust Fund (TETFund) to enhance research capabilities. The institution supervises under the Federal Ministry of Education and the National Universities Commission."
517021055,"3. ADEYEMI FEDERAL UNIVERSITY OF EDUCATION, ONDO (AFUED)
**MDA Code:** 517021055","The university's mandate centers on teacher education, training qualified teachers for secondary schools and teacher training colleges, and conducting research on teaching methods at all educational levels. AFUED operates five schools: Arts and Social Sciences, Education, Languages, Sciences, and Vocational and Technical Education, comprising 28 academic departments. The institution offers both degree and NCE (National Certificate in Education) programs, with recent NUC approval for 25 new academic programs starting from the 2023/2024 session.

Core functions include providing undergraduate and postgraduate teacher education programs leading to NCE, B.Ed., and higher degrees; conducting educational research to improve teaching methodologies and curricula; offering professional diploma programs including the Professional Diploma in Education (PDE) in collaboration with the Teachers Registration Council of Nigeria (TRCN); administering the TRCN Professional Qualifying Examination for teaching candidates; operating teaching practice and counseling practicum programs for student teachers; and providing part-time degree programs in partnership with institutions like Obafemi Awolowo University, Ile-Ife, to accommodate working professionals.

The university maintains facilities including modern laboratories, smart classrooms, and a library to support academic programs. AFUED supervises under the Federal Ministry of Education and operates with the motto ""Education for Service."""
125003001,"4. ADMINISTRATIVE STAFF COLLEGE OF NIGERIA (ASCON)
**MDA Code:** 125003001","ASCON's mandate encompasses a tripod of core functions: providing higher management training services for senior executives in both public and private sectors of the Nigerian economy; conducting research into problems of management and administration arising in different spheres of national life; and providing consultancy services to organizations. Additional functions include establishing and maintaining a National Management Development Library and Documentation Centre, publishing research results and journals, organizing study courses, conferences, lectures, and seminars, and developing appropriate facilities for management development.

The college operates from its main campus at Topo-Badagry, Lagos State, with liaison offices in Port Harcourt, Minna, Kano, and Abuja. ASCON serves as Nigeria's premier management development institute, offering training programs across various disciplines including public administration, project management, financial management, information technology, human resource management, and leadership development. Programs target managers, administrators, and personnel from all sectors of the economy including federal and state governments, local governments, parastatals, and private organizations.

The institution is governed by a Board and headed by a Director-General, operating under the Federal Ministry of Budget and Economic Planning (formerly Ministry of Establishments). As of 2024, ASCON celebrated its 50th anniversary, having trained thousands of public servants and private sector managers in management best practices."
116004003,"5. ADMIRALTY UNIVERSITY OF NIGERIA, IBUSA, DELTA STATE (ADUN)
**MDA Code:** 116004003","The university's mandate centers on enhancing human capacity development and contributing to national development with particular emphasis on maritime, logistics, forensic, and cyber security specializations. ADUN's vision is to become internationally recognized as a university with global perspective meeting society's dynamic needs by educating leaders who embrace value creation for humanity's benefit.

Core functions include providing undergraduate and postgraduate education across three faculties: Arts, Management and Social Sciences; Law; and Sciences, with over 18 programs; conducting research and innovation to expand knowledge frontiers in unique specializations including maritime studies, logistics management, forensic sciences, and cyber security; offering modern European and American-inspired curricula with emphasis on skills acquisition, industry readiness, and information technology; maintaining guaranteed academic calendars and small class sizes to ensure quality education; and contributing to socio-economic sustainable development.

The university operates campuses in Ibusa, Delta State (main campus along Asaba-Ogwashi-Uku Expressway) and Sapele. ADUN maintains its motto ""Excellence in Education"" derived from the Nigerian Navy's commitment to excellence and service. The institution operates under a Transitional Governing Council pending formal takeover by the Federal Ministry of Education and status change confirmation by NUC. The university supervises under the Federal Ministry of Defence through Navy Holdings Limited."
123011001,"6. ADVERTISING REGULATORY COUNCIL OF NIGERIA (ARCON)
**MDA Code:** 123011001","ARCON serves as the apex regulatory body for advertising, advertisements, and marketing communications in Nigeria with the mandate to regulate and control all forms of advertising directed at Nigerian audiences regardless of platform or medium. Core functions include regulating and controlling advertising practices across traditional and digital media to ensure compliance with ethical standards and legal requirements; protecting public and consumer interests from misleading, deceptive, or harmful advertising; promoting local content by regulating the use of foreign models, voice-over artists, and production resources in advertisements targeting Nigerian markets; implementing global best practices in advertising regulation and standards; administering mandatory registration and licensing of advertisers, advertising agencies, media operators, and all entities engaged in advertising and marketing communications; operating the Advertising Standards Panel charged with pre-exposure vetting and approval of all advertisements before publication or broadcast; establishing and enforcing the Nigerian Code of Advertising Practice and other subsidiary regulations; maintaining a library and documentation center for advertising resources; providing training and professional development for advertising practitioners; and prosecuting violations through the Advertising Offences Tribunal established under the Act.

ARCON's regulatory authority extends to all advertising activities including digital marketing by bloggers, vloggers, influencers, comedians, skit makers, and other social media content creators. The 2022 Act marked a watershed moment by explicitly bringing digital advertising under regulatory oversight, requiring all marketing communications on social media platforms directed at Nigerian audiences to obtain pre-approval. ARCON operates under the Federal Ministry of Information and National Orientation."
215003001,"7. AGRICULTURAL RESEARCH AND MANAGEMENT TRAINING INSTITUTE (ARMTI) - ILORIN
**MDA Code:** 215003001","The institute's core mandate encompasses three interrelated functions: providing management training services to agricultural and rural development sector personnel at local, state, and federal levels; conducting research into agricultural management problems and needs to develop appropriate interventions for improving managerial practice; and offering consultancy services to agricultural and rural development organizations.

Specific functions include designing and implementing training programs for managers, employees, and students in the agricultural and rural development sector; conducting multi-faceted training through practical, participatory, responsive, and follow-up oriented approaches addressing real-world management challenges; researching agricultural management, rural development, and agribusiness topics to inform policy and practice; providing professional development in areas including agricultural finance, project management, agribusiness management, ICT integration in agriculture, extension services, cooperative management, and farming systems; operating specialized departments including Agricultural Development and Management (ADEM), Rural Development and Agribusiness Management (RDAM), and Administrative Services; maintaining training facilities including demonstration farms, classrooms, residential accommodations, and modern equipment; and disseminating research findings and technological information through publications, seminars, and extension services.

ARMTI collaborates with international organizations and has recently focused on agroecology training programs. The institute operates under the Federal Ministry of Agriculture and Food Security with governance by a Board of Governors and executive leadership by a Director."
215054001,"8. AGRICULTURAL RESEARCH COUNCIL OF NIGERIA (ARCN)
**MDA Code:** 215054001","ARCN's mandate centers on planning, coordinating, supervising, and regulating agricultural research, training, and extension activities in National Agricultural Research Institutes (NARIs), Federal Colleges of Agriculture (FCAs), and related institutions. Core functions include advising the Federal Government on national policies and priorities in agricultural research, training, and extension; preparing periodic master plans for agricultural research, training, and extension with financial requirements for implementation; ensuring approved master plan implementation by appropriate research institutes, universities, and other bodies; supervising and coordinating research, training, and extension activities of institutes under its aegis; preparing annual budgets for agricultural research, training, and extension programs and receiving grants for allocation to institutes; allocating research grants to institutes, universities, and other bodies; promoting collaboration between Nigerian agricultural scientists and international counterparts; establishing and maintaining a National Agricultural Science Library and Documentation Centre; publishing or sponsoring publication of research results in agricultural sciences; and carrying out activities furthering advancement of research, training, and extension in agricultural sciences.

The Council operates through six technical departments (Planning, Research & Statistics; Plant Resources; Livestock; Fisheries & Aquaculture; Agricultural Extension & Socio-Economics; and Knowledge Management & Communications) plus two service departments (Administration and Finance & Accounts). ARCN supervises numerous institutes including commodity research institutes for cereals, root crops, horticultural crops, oil palm, cocoa, rubber, and stored products, among others. Governed by a Board appointed by the President and led by an Executive Secretary, ARCN operates under the Federal Ministry of Agriculture and Food Security."
521026003,"9. AHMADU BELLO UNIVERSITY TEACHING HOSPITAL (ABUTH)
**MDA Code:** 521026003","The hospital's tripartite mandate encompasses clinical service delivery, medical education and training, and medical research. Core functions include providing comprehensive tertiary healthcare services as a referral hospital accepting complex cases from secondary healthcare facilities across northern Nigeria, covering specialties including medicine, surgery, pediatrics, obstetrics and gynecology, oncology, infectious diseases, nephrology and urology, and other specialized medical disciplines; serving as the primary clinical training ground for Ahmadu Bello University medical students, offering practical medical education for undergraduates, residency training for postgraduate medical students pursuing specialist qualifications, internship programs for newly qualified doctors, and training for nurses, pharmacists, laboratory scientists, and other healthcare professionals; conducting medical research including clinical trials, epidemiological studies, and translational research to advance medical knowledge and improve healthcare delivery, with participation in international research networks and hosting of clinical trials for infectious diseases, gynecological conditions, neonatal conditions, and pediatric oncology.

ABUTH has established specialized facilities including a 48-bed COVID-19 center commissioned in 2020 (donated by Nigerian National Petroleum Corporation), urology and kidney treatment facilities established in 2022, an in vitro fertilization (IVF) unit in the Department of Gynecology and Obstetrics which delivered its first IVF baby in May 2023, and various specialized clinics and diagnostic centers. The hospital maintains connections with international research networks and collaborates with organizations on medical research projects. ABUTH operates under the Federal Ministry of Health and Social Welfare."
517021004,"10. AHMADU BELLO UNIVERSITY, ZARIA (ABU)
**MDA Code:** 517021004","The university's mandate focuses on providing comprehensive higher education, conducting research, and contributing to national development with particular emphasis on addressing northern Nigeria's educational needs while serving students from across the federation. Operating from three main campuses—Samaru and Kongo in Zaria, and School of Basic Studies in Funtua—ABU encompasses 18 faculties, 110 academic departments, 17 centers, seven institutes, over 600 professors, approximately 3,000 academic staff, and more than 7,000 non-teaching staff.

Core functions include offering undergraduate, graduate, associate degree, vocational, and remedial programs across diverse disciplines including sciences, social sciences, arts and languages, education, environmental design, engineering, medical sciences, agricultural sciences, law, and administration; conducting research across multiple disciplines with particular strength in agricultural research through facilities like the Institute for Agricultural Research, National Agricultural Extension and Research Liaison Services, and National Animal Production Research Institute; providing postgraduate education with over 400 programs reflecting evolution toward postgraduate studies focus; operating the A.B.U. Teaching Hospital, one of Africa's largest training hospitals; managing affiliated institutions including Federal Colleges of Agriculture at Shika, Mando, and Kabba; providing extension and consultancy services to government, industry, and communities; managing research institutes and specialized centers supporting various academic and research activities; and training teachers through the Faculty of Education which oversees teacher training colleges across northern states.

ABU's motto is ""The first duty of every university is the search for and the spread of knowledge and the establishment of the nation."" The university operates under the Federal Ministry of Education and the National Universities Commission."
116005003,"11. AIR POWER CENTRE OF EXCELLENCE
**MDA Code:** 116005003","The center's mandate encompasses conducting advanced research into air power theory, doctrine, and strategy; providing specialized training for Nigerian Air Force officers in air power concepts, strategic thinking, and operational planning; developing and refining Nigerian Air Force doctrinal publications and operational procedures; analyzing contemporary air operations and emerging technologies to inform force development and modernization; offering professional military education programs covering air power history, theory, and practice; conducting strategic studies on aerospace security, regional security dynamics, and defense policy; serving as a knowledge hub for air power expertise within the Nigerian armed forces; collaborating with international air power institutions and centers of excellence to share best practices and lessons learned; supporting Nigerian Air Force leadership with strategic analysis and policy recommendations; and contributing to joint military doctrine development in coordination with other service arms.

The Air Power Centre of Excellence plays a vital role in ensuring Nigerian Air Force personnel maintain cutting-edge knowledge of air power employment, modern aerial warfare concepts, and strategic air operations. The institution supports the professional development of air force officers while contributing to the broader defense and security intellectual framework. It operates under the Nigerian Air Force within the Ministry of Defence structure."
116005002,"12. AIRFORCE INSTITUTE OF TECHNOLOGY, KADUNA (AFIT)
**MDA Code:** 116005002","The institute's mandate centers on providing technical and professional education to Nigerian Air Force personnel and civilians in fields supporting aerospace operations, defense technology, and national development. Core functions include offering accredited undergraduate degree programs (B.Eng, B.Sc, B.Tech) in engineering disciplines including aeronautical engineering, aircraft engineering, electrical/electronics engineering, mechanical engineering, computer engineering, and related technical fields; providing postgraduate programs (M.Eng, M.Sc, Ph.D.) in specialized areas of aerospace technology, engineering, and applied sciences; conducting applied research in aeronautical engineering, avionics, aircraft maintenance, aerospace systems, and defense-related technologies; offering professional military technical training for air force personnel in aircraft maintenance, avionics, ground support equipment, and related specialties; providing continuing education and professional development programs for serving military personnel and civilian employees; maintaining laboratories, workshops, and training facilities equipped with modern aircraft systems, engines, and technological equipment; collaborating with international aviation and aerospace institutions for knowledge exchange and capacity building; developing technical manuals, training materials, and research publications; and supporting Nigerian Air Force operational readiness through technical training and research activities.

AFIT maintains academic standards through affiliation with the National Universities Commission and operates specialized facilities for practical aerospace and engineering training. The institute contributes to building Nigeria's technical capacity in aviation and aerospace technology while serving military and civilian educational needs. AFIT operates under the Nigerian Air Force within the Ministry of Defence."
233011001,"13. AJAOKUTA STEEL COMPANY LIMITED
**MDA Code:** 233011001","The company's mandate centers on producing iron and steel products to support Nigeria's industrialization and reduce dependence on imported steel. When fully operational, core functions would include mining and processing iron ore from Nigeria's deposits to produce steel billets, bars, rods, sheets, and other steel products; operating an integrated steel mill with blast furnaces, steel-making converters, rolling mills, and ancillary facilities; supplying steel inputs for Nigeria's manufacturing sector including automotive, machinery, equipment, and consumer goods production; providing steel for construction industry needs including structural steel, reinforcement bars, and building materials; supporting infrastructure development through provision of steel for railways, bridges, pipelines, and other major projects; generating employment through steel production operations, maintenance, and related industrial activities; contributing to technology transfer and technical capacity building in metallurgy and steel production; and reducing Nigeria's steel import bill by producing steel domestically.

Ajaokuta was designed with capacity to produce 1.3 million tonnes of liquid steel annually through its integrated facilities including coke ovens, sinter plant, blast furnaces, steel-making shop, and rolling mills. Despite significant investment over decades, the complex has never achieved full commissioning and commercial production, remaining one of Nigeria's major industrial development challenges. Various revival efforts have been undertaken by successive governments. Ajaokuta Steel operates under the Federal Ministry of Steel Development."
517018008,"14. AKANU IBIAM FEDERAL POLYTECHNIC, UNWANA-AFIKPO
**MDA Code:** 517018008","The polytechnic's mandate focuses on providing accessible, quality technical and vocational education at sub-degree level to produce skilled technicians and technologists for industry, commerce, agriculture, and public service. Core functions include offering National Diploma (ND) and Higher National Diploma (HND) programs in engineering technologies including electrical/electronics engineering technology, mechanical engineering technology, civil engineering technology, computer engineering technology, and related fields; science and technology programs including science laboratory technology, computer science, statistics, and applied sciences; business and management programs including accountancy, business administration, banking and finance, marketing, and public administration; environmental programs including estate management, surveying and geoinformatics, building technology, and urban and regional planning; agricultural programs and other technical disciplines.

Additional functions include providing practical, hands-on technical training through workshops, laboratories, and industrial attachments preparing students for employment in technical sectors; conducting applied research addressing local and national technological challenges; offering continuing education and professional development programs for working professionals; collaborating with industries for student industrial training and graduate employment; maintaining workshops, laboratories, and training facilities with modern equipment; and contributing to technical capacity development in Ebonyi State and southeastern Nigeria.

The polytechnic operates under the Federal Ministry of Education through supervision by the National Board for Technical Education, which sets academic standards and accredits programs for Nigerian polytechnics."
517021032,"15. ALEX EKWUEME FEDERAL UNIVERSITY NDUFU ALIKE IKWO (AE-FUNAI)
**MDA Code:** 517021032","The university's mandate centers on providing comprehensive undergraduate and postgraduate education, conducting research, and fostering innovation across sciences, social sciences, management sciences, health sciences, engineering, agriculture, and humanities. Core functions include offering accredited undergraduate degree programs across multiple faculties including sciences, social sciences and humanities, management sciences, health sciences, agricultural sciences, engineering, law, and education; providing postgraduate programs (M.Sc., M.A., M.Ed., Ph.D.) in various disciplines to advance knowledge and research capacity; conducting research addressing local, national, and global challenges in areas including agriculture, health, technology, environmental management, and social development; promoting innovation and entrepreneurship among students and faculty through research commercialization and technology transfer; providing community service and extension programs contributing to local development and knowledge dissemination; maintaining laboratories, libraries, ICT facilities, and research centers supporting academic programs; fostering collaboration with industries, research institutions, and international universities for knowledge exchange and capacity building; training skilled graduates for employment in public service, private sector, and entrepreneurship ventures; and contributing to Ebonyi State's human capital development and socio-economic advancement.

The university operates multiple faculties and departments with growing student enrollment and expanding academic programs. It maintains commitment to academic excellence, character development, and practical skills acquisition. AE-FUNAI operates under the Federal Ministry of Education and the National Universities Commission, supervising academic standards and program accreditation."
517021056,"16. ALVAN IKOKU UNIVERSITY OF EDUCATION, OWERRI, IMO STATE (AIFCE)
**MDA Code:** 517021056","The university's mandate centers on producing highly qualified teachers for Nigeria's education system, conducting educational research, and providing professional development for serving teachers. Core functions include offering undergraduate teacher education programs leading to Nigeria Certificate in Education (NCE) and Bachelor of Education (B.Ed.) degrees across various subject areas including sciences, mathematics, languages, social sciences, vocational and technical education, early childhood education, and special education; providing postgraduate programs (M.Ed., Ph.D.) in education and related disciplines for advanced teacher training and educational research; conducting research in curriculum development, pedagogical methods, educational technology, teacher professional development, and educational policy to improve teaching and learning outcomes; offering pre-service teacher training preparing student teachers for classroom instruction through teaching practice, micro-teaching, and supervised field experiences; providing in-service training, workshops, and professional development programs for serving teachers to enhance teaching competencies; operating demonstration schools or partnering with schools for teaching practice and pedagogical experimentation; maintaining education resource centers, libraries, laboratories, and ICT facilities supporting teacher education; collaborating with the Teachers Registration Council of Nigeria (TRCN) for professional certification and licensing of teachers; conducting community outreach programs promoting literacy, adult education, and lifelong learning; and contributing to educational policy development through research and advisory services.

The university serves Imo State and southeastern Nigeria's teacher education needs while maintaining national relevance. It operates under the Federal Ministry of Education with academic oversight from the National Universities Commission."
521026013,"17. AMINU KANO UNIVERSITY TEACHING HOSPITAL (AKTH)
**MDA Code:** 521026013","The hospital's tripartite mandate encompasses clinical service delivery, medical education and training, and medical research. Core functions include providing comprehensive tertiary healthcare services across multiple medical and surgical specialties including internal medicine, surgery, pediatrics, obstetrics and gynecology, psychiatry, ophthalmology, ENT (ear, nose, throat), orthopedics, oncology, cardiology, nephrology, and other specialized disciplines; serving as a referral center accepting complex cases from secondary healthcare facilities across Kano State and neighboring states in northwestern Nigeria; conducting clinical training for Bayero University medical students providing practical medical education, clinical rotations, and bedside teaching; offering residency training programs for postgraduate medical students pursuing specialist qualifications in various medical disciplines; providing internship programs for newly qualified doctors to gain supervised clinical experience; training nurses, pharmacists, physiotherapists, radiographers, laboratory scientists, and other healthcare professionals; conducting medical research including clinical trials, epidemiological studies, health systems research, and translational research aimed at improving healthcare delivery and outcomes; participating in research collaborations with national and international institutions; and providing specialist outpatient and inpatient services to the population.

AKTH operates specialized clinics, diagnostic facilities, surgical theaters, intensive care units, and modern medical equipment supporting clinical services and medical education. The hospital plays a crucial role in addressing healthcare needs in northwestern Nigeria while training medical professionals. AKTH operates under the Federal Ministry of Health and Social Welfare."
252037001,"18. ANAMBRA/IMO RIVER BASIN DEVELOPMENT AUTHORITY (RBDA)
**MDA Code:** 252037001","The authority's mandate encompasses integrated planning, development, and management of water and land resources within the Anambra and Imo river basins for agricultural, domestic, and industrial purposes. Core functions include developing and managing irrigation schemes and facilities for all-season crop production, particularly rice, vegetables, and other crops, to enhance food security and agricultural productivity; controlling floods and soil erosion through construction and maintenance of dams, dykes, embankments, and erosion control structures protecting farmlands and communities; providing water supply infrastructure for agricultural, domestic, and industrial uses including surface and groundwater development; constructing and maintaining dams, reservoirs, weirs, and water storage facilities for irrigation, water supply, and flood control; developing and managing fadama (wetland) areas for dry season farming and year-round agricultural production; promoting watershed management and environmental conservation to protect water resources and prevent land degradation; providing land development services including land clearing, cultivation, and infrastructure development for agricultural settlements and schemes; supporting agricultural extension services and farmer training in irrigated agriculture and water management techniques; collaborating with federal and state governments, agricultural agencies, and local communities on integrated water resources and agricultural development projects; and maintaining existing irrigation infrastructure and water control structures.

The authority operates multiple irrigation schemes and water control projects across its coverage area, supporting farmers and communities in Anambra, Imo, Abia, Enugu, and Ebonyi States. It supervises under the Federal Ministry of Water Resources and Sanitation."
517021027,"19. ARABIC LANGUAGE VILLAGE BORNO
**MDA Code:** 517021027","The village's mandate centers on promoting Arabic language acquisition through immersion methods and fostering cultural exchange between Arabic-speaking nations and Nigeria. Core functions include providing intensive Arabic language instruction using immersion techniques where students live and study in an Arabic-speaking environment; offering courses at various proficiency levels from beginner to advanced Arabic language studies; teaching modern standard Arabic as well as classical Arabic for Qur'anic and Islamic studies; providing Arabic language training for teachers, Islamic scholars, diplomats, journalists, businesspeople, and students preparing for higher education in Arabic-speaking countries; promoting Arabic literature, poetry, calligraphy, and cultural traditions; facilitating cultural exchange programs and interactions with native Arabic speakers and visiting scholars; maintaining residential facilities where students practice Arabic in daily life, meals, recreational activities, and social interactions; operating libraries and learning resource centers with Arabic texts, multimedia materials, and educational resources; collaborating with Arabic-speaking embassies, cultural centers, and educational institutions for exchange programs and capacity building; and supporting Nigeria's diplomatic and commercial relations with Arabic-speaking nations through language and cultural competency development.

The Arabic Language Village Borno serves Borno State and northeastern Nigeria's Arabic language education needs while maintaining national relevance, particularly for students and professionals requiring Arabic proficiency for religious scholarship, international relations, trade, and cultural engagement. It operates under the Federal Ministry of Education."
140001001,"20. AUDITOR-GENERAL FOR THE FEDERATION (AGF)
**MDA Code:** 140001001","The office's mandate encompasses auditing all federal government accounts and reporting on their management to the National Assembly. Core constitutional and statutory functions include examining, auditing, and reporting on all federal government accounts including Ministries, Departments, and Agencies (MDAs); auditing revenue collection by federal agencies to ensure completeness and proper remittance to the Consolidated Revenue Fund; auditing government expenditure to ensure compliance with budgetary provisions, financial regulations, and due process; verifying that public funds are expended for authorized purposes and in accordance with appropriation acts; conducting regularity audits examining financial transactions for legality, regularity, and propriety; conducting performance audits assessing economy, efficiency, and effectiveness of government programs and projects; undertaking forensic audits investigating suspected fraud, corruption, or financial irregularities; examining government assets and liabilities including investments, loans, and contingent liabilities; reporting audit findings, observations, and recommendations to the National Assembly through annual and special reports; highlighting instances of financial mismanagement, waste, fraud, or non-compliance with regulations; recommending sanctions, recoveries, and improvements to financial management systems; collaborating with anti-corruption agencies including the Economic and Financial Crimes Commission (EFCC) and Independent Corrupt Practices Commission (ICPC) on financial crimes investigations; providing technical assistance to MDAs on accounting standards and financial management best practices; and promoting accountability and transparency in public financial management.

The Auditor-General for the Federation operates independently of executive control and reports directly to the National Assembly, ensuring effective parliamentary oversight of government finances. The office maintains staff of professional auditors and operates under relevant laws including the Audit Act and Financial Regulations."
