mda_code,mda_name,mandate_description
256011001,# NIGERIAN FEDERAL AGENCY MANDATES: AGENCIES 541-560,"**MDA Code:** 256011001

Institute of Archaeology and Museums Studies Jos is specialized federal institution providing training, research and professional development in archaeology, museum management and cultural heritage preservation. Located in Jos, Plateau State, operating under National Commission for Museums and Monuments and Federal Ministry of Information and Culture. Established to train archaeologists, museum curators, conservators and cultural heritage professionals for Nigeria's museums and archaeological sites. Provides certificate, diploma and degree programs in archaeology, museum studies, cultural heritage management and conservation. Conducts archaeological research and excavations across Nigeria. Trains museum personnel on collection management, exhibition design, artifact conservation and visitor services. Provides professional development for curators working in Nigeria's network of national museums. Conducts research on Nigeria's archaeological heritage including Nok terracotta civilization, ancient Benin, Ife bronze works and other archaeological sites. Collaborates with universities, international archaeological institutes and UNESCO on heritage preservation. Addresses shortage of qualified museum professionals and archaeologists in Nigeria. Critical for preserving Nigeria's rich cultural heritage and operating national museums professionally.

**Core Mandate:** To train archaeologists and museum professionals, conduct archaeological research, provide museum studies education and support Nigeria's cultural heritage preservation and museum management.

**Statutory Functions:**
(a) Provide specialized training in archaeology and museum studies
(b) Train archaeologists for excavations and archaeological research
(c) Train museum curators, conservators and heritage managers
(d) Offer certificate, diploma and degree programs in archaeology
(e) Provide museum management and collection management training
(f) Train personnel in artifact conservation and preservation techniques
(g) Conduct archaeological research and excavations across Nigeria
(h) Research Nigeria's archaeological heritage including Nok civilization
(i) Study ancient Nigerian cultures (Benin, Ife, Igbo-Ukwu)
(j) Provide exhibition design and museum education training
(k) Train museum staff on visitor services and public engagement
(l) Conduct research on cultural heritage preservation methods
(m) Provide professional development for museum curators nationwide
(n) Train in archaeological site management and protection
(o) Conduct archaeological surveys identifying heritage sites
(p) Collaborate with National Commission for Museums and Monuments
(q) Coordinate with universities offering archaeology programs
(r) Engage international archaeological institutes and UNESCO
(s) Publish archaeological research and museum studies materials
(t) Advance Nigeria's cultural heritage preservation, archaeological knowledge and museum professionalism through specialized training addressing critical shortage of qualified heritage professionals"
521037001,542. INSTITUTE OF CHARTERED CHEMISTS OF NIGERIA (ICCON),"Institute of Chartered Chemists of Nigeria (ICCON) is professional regulatory body overseeing chemistry profession and chemical practitioners in Nigeria. Headquartered in Abuja, operating as statutory body established by ICCON Act. Regulates chemists, chemical engineers and related chemical science professionals ensuring professional standards and ethical practice. Registers qualified chemists who meet educational and experience requirements. Accredits chemistry degree programs in Nigerian universities ensuring quality training. Conducts professional qualifying examinations for chemists. Issues practicing licenses and enforces continuing professional development. Investigates professional misconduct and enforces disciplinary measures. Promotes chemistry profession development and public awareness. Provides technical advice on chemical safety, quality control and industrial chemistry. Collaborates with chemical industries, universities, research institutes and international chemistry organizations. Addresses challenges from inadequate enforcement, limited public awareness and competing regulatory frameworks. Critical for chemical safety, quality assurance in pharmaceuticals/foods and professional chemistry practice across industries.

**Core Mandate:** To regulate chemistry profession, register qualified chemists, ensure professional standards, promote chemical safety and advance chemistry practice in Nigeria.

**Statutory Functions:**
(a) Regulate chemistry profession and chemical practitioners in Nigeria
(b) Register qualified chemists meeting educational and professional requirements
(c) Accredit chemistry degree programs in Nigerian universities
(d) Conduct professional qualifying examinations for chemists
(e) Issue practicing licenses to registered chemists
(f) Enforce continuing professional development for chemists
(g) Investigate professional misconduct and unethical chemical practice
(h) Impose disciplinary sanctions including suspension or deregistration
(i) Promote professional ethics and conduct standards in chemistry
(j) Provide technical advice on chemical safety and hazardous materials
(k) Promote quality control in pharmaceutical and food industries
(l) Advance industrial chemistry and chemical manufacturing standards
(m) Promote public awareness of chemistry profession importance
(n) Develop guidelines for chemical laboratory practice
(o) Enforce chemical safety regulations in industries
(p) Collaborate with chemical industries on professional standards
(q) Coordinate with universities on chemistry curriculum development
(r) Engage international chemistry organizations and professional bodies
(s) Advocate for chemistry profession development and recognition
(t) Advance chemical safety, quality assurance and professional chemistry practice supporting pharmaceutical manufacturing, industrial chemistry and public health protection"
521030004,543. INSTITUTE OF CHILD HEALTH (ABUTH) ZARIA,"Institute of Child Health at Ahmadu Bello University Teaching Hospital (ABUTH) Zaria is specialized pediatric training and research institution. Located within ABUTH complex, Zaria, Kaduna State, operating under ABUTH and Federal Ministry of Health. Established to provide advanced pediatric training, conduct child health research and address northern Nigeria's high child mortality and morbidity. Offers postgraduate pediatric training for doctors pursuing Fellowships in Pediatrics. Conducts clinical pediatric research on malnutrition, infectious diseases, neonatal conditions and childhood illnesses prevalent in northern Nigeria. Provides specialized pediatric services including neonatology, pediatric surgery, pediatric cardiology and pediatric intensive care. Trains pediatric nurses, nutritionists and allied health professionals. Conducts community child health programs addressing malnutrition, immunization and child survival. Researches childhood malaria, diarrheal diseases, respiratory infections and vaccine-preventable diseases. Collaborates with WHO, UNICEF and international child health organizations. Addresses northern Nigeria's high under-5 mortality rates, malnutrition prevalence and inadequate pediatric specialists. Critical for improving child health outcomes in northern Nigeria.

**Core Mandate:** To provide advanced pediatric training, conduct child health research, deliver specialized pediatric care and improve child survival in northern Nigeria.

**Statutory Functions:**
(a) Provide postgraduate pediatric training for doctors at ABUTH Zaria
(b) Train pediatricians through Fellowship programs
(c) Conduct clinical pediatric research on child health issues
(d) Research childhood malnutrition including severe acute malnutrition
(e) Study infectious diseases affecting children (malaria, diarrhea, pneumonia)
(f) Research neonatal conditions and newborn survival
(g) Provide specialized neonatology services for sick newborns
(h) Deliver pediatric intensive care for critically ill children
(9) Provide pediatric surgery services
(j) Offer pediatric cardiology for children with heart conditions
(k) Train pediatric nurses and child health professionals
(l) Conduct community child health programs
(m) Address vaccine-preventable diseases through research
(n) Research child nutrition and feeding practices
(o) Provide growth monitoring and development assessments
(p) Conduct immunization advocacy and research
(q) Collaborate with WHO and UNICEF on child health initiatives
(r) Address northern Nigeria's high under-5 mortality rates
(s) Publish child health research findings
(t) Advance child survival, reduce malnutrition and improve pediatric care in northern Nigeria through specialized training, research and clinical services"
521030005,544. INSTITUTE OF CHILD HEALTH (UNTH) ENUGU,"Institute of Child Health at University of Nigeria Teaching Hospital (UNTH) Enugu is specialized pediatric training and research institution. Located within UNTH complex, Enugu, Enugu State, operating under UNTH and Federal Ministry of Health. Established to provide advanced pediatric training, conduct child health research and improve child health outcomes in southeastern Nigeria. Offers postgraduate training for pediatricians pursuing Fellowship qualifications. Conducts pediatric research on common childhood illnesses, malnutrition, infectious diseases and newborn conditions. Provides specialized pediatric services including neonatal care, pediatric surgery, pediatric cardiology and pediatric intensive care. Trains pediatric healthcare workers including nurses, nutritionists and allied professionals. Conducts community-based child health programs addressing immunization, nutrition and disease prevention. Researches childhood malaria, diarrheal diseases, pneumonia and sickle cell disease prevalent in southeastern populations. Collaborates with international child health organizations and research networks. Addresses child mortality, malnutrition and inadequate specialized pediatric care. Serves southeastern Nigeria's pediatric health needs.

**Core Mandate:** To provide advanced pediatric training, conduct child health research, deliver specialized pediatric care and improve child survival in southeastern Nigeria.

**Statutory Functions:**
(a) Provide postgraduate pediatric training at UNTH Enugu
(b) Train pediatricians through Fellowship programs
(c) Conduct clinical pediatric research on child health
(d) Research childhood malnutrition and feeding disorders
(e) Study infectious diseases in children (malaria, diarrhea, respiratory infections)
(f) Research sickle cell disease affecting southeastern populations
(g) Provide neonatal intensive care for sick newborns
(h) Deliver pediatric intensive care services
(i) Provide pediatric surgery for surgical childhood conditions
(j) Offer pediatric cardiology services
(k) Train pediatric nurses and child health workers
(l) Conduct community child health and nutrition programs
(m) Address vaccine-preventable diseases
(n) Research newborn care and neonatal survival
(o) Provide growth monitoring services
(p) Conduct immunization programs and research
(q) Collaborate with WHO, UNICEF and child health networks
(r) Address southeastern Nigeria's child health challenges
(s) Publish pediatric research findings
(t) Advance child health, reduce mortality and improve pediatric care in southeastern Nigeria through training, research and specialized clinical services"
521030002,545. INSTITUTE OF CHILD HEALTH (UBTH) BENIN,"Institute of Child Health at University of Benin Teaching Hospital (UBTH) Benin City is specialized pediatric training and research institution. Located within UBTH complex, Benin City, Edo State, operating under UBTH and Federal Ministry of Health. Established to provide advanced pediatric training, conduct child health research and improve child health outcomes in south-south Nigeria. Offers postgraduate training programs for doctors specializing in pediatrics. Conducts research on childhood diseases, malnutrition, neonatal conditions and pediatric health challenges. Provides specialized pediatric services including neonatal intensive care, pediatric surgery, pediatric nephrology and other subspecialties. Trains pediatric healthcare professionals. Conducts community child health interventions addressing immunization coverage, malnutrition and preventable childhood diseases. Researches common pediatric conditions in Niger Delta including malaria, diarrheal diseases, respiratory infections and nutritional disorders. Collaborates with international child health organizations. Addresses high child mortality rates and malnutrition in south-south region. Serves as pediatric referral center for Edo State and Niger Delta.

**Core Mandate:** To provide advanced pediatric training, conduct child health research, deliver specialized pediatric care and improve child survival in south-south Nigeria.

**Statutory Functions:**
(a) Provide postgraduate pediatric training at UBTH Benin City
(b) Train pediatricians through specialized Fellowship programs
(c) Conduct clinical and epidemiological pediatric research
(d) Research childhood malnutrition and micronutrient deficiencies
(e) Study infectious childhood diseases prevalent in Niger Delta
(f) Research neonatal conditions and preterm infant survival
(g) Provide neonatal intensive care unit services
(h) Deliver pediatric intensive care for critically ill children
(i) Provide pediatric surgery and surgical subspecialties
(j) Offer pediatric nephrology for kidney diseases
(k) Train pediatric nurses and allied health professionals
(l) Conduct community-based child health programs
(m) Address immunization gaps and vaccine-preventable diseases
(n) Research childhood malaria and sickle cell disease
(o) Provide nutritional rehabilitation for malnourished children
(p) Conduct growth and development monitoring
(q) Collaborate with WHO, UNICEF and research networks
(r) Address south-south Nigeria's child health challenges
(s) Publish research in pediatric journals
(t) Advance child survival, nutrition and pediatric care quality in Niger Delta through specialized training, research and clinical excellence"
521038001,"546. INSTITUTE OF FORENSIC SCIENCE LABORATORY, OSHODI","Institute of Forensic Science Laboratory Oshodi is specialized federal forensic science facility providing forensic analysis, training and criminal investigation support. Located in Oshodi, Lagos State, operating under Federal Ministry of Health or Justice. Established to provide scientific forensic services supporting criminal justice system. Conducts forensic examinations on evidence from crime scenes including DNA analysis, toxicology, ballistics, fingerprints and trace evidence. Provides autopsy and post-mortem examination services for suspicious deaths. Analyzes biological samples including blood, semen, saliva for criminal investigations. Conducts drug analysis identifying illegal substances. Provides forensic toxicology testing for poisons and drug-related deaths. Examines firearms and ballistics evidence. Analyzes document forensics for forgery cases. Trains forensic scientists, pathologists and crime scene investigators. Provides expert testimony in courts. Collaborates with police, security agencies and judiciary. Addresses inadequate forensic capacity nationwide. Faces challenges from equipment shortages, backlog of cases and insufficient forensic professionals. Critical for criminal justice, solving crimes and prosecuting offenders based on scientific evidence.

**Core Mandate:** To provide forensic science services, conduct forensic analysis for criminal investigations, train forensic professionals and support criminal justice system through scientific evidence.

**Statutory Functions:**
(a) Provide forensic science services for criminal investigations
(b) Conduct DNA analysis for identification and criminal cases
(c) Perform forensic toxicology testing on biological samples
(d) Analyze illegal drugs and controlled substances
(e) Conduct post-mortem examinations and autopsies for suspicious deaths
(f) Provide ballistics analysis on firearms and ammunition
(g) Examine fingerprints and palm prints for identification
(h) Analyze trace evidence (fibers, hair, glass, soil)
(i) Conduct blood pattern analysis from crime scenes
(j) Perform forensic serology on biological fluids
(k) Provide document examination for forgery and fraud cases
(l) Conduct forensic pathology determining cause of death
(m) Analyze poison and toxic substance cases
(n) Train forensic scientists and laboratory technicians
(o) Train crime scene investigators on evidence collection
(p) Provide expert witness testimony in criminal trials
(q) Collaborate with Nigeria Police Force on investigations
(r) Coordinate with judiciary on forensic evidence presentation
(s) Maintain forensic evidence chain of custody standards
(t) Advance criminal justice through scientific forensic analysis supporting investigations, prosecutions and convictions based on DNA, toxicology and evidence-based crime solving"
521033001,547. INSTITUTE OF PUBLIC ANALYSTS OF NIGERIA (IPAN),"Institute of Public Analysts of Nigeria (IPAN) is professional regulatory body overseeing public analysts and laboratory science practitioners. Headquartered in Nigeria, operating as statutory regulatory body. Established to regulate public analysts who conduct official analytical testing for government regulatory agencies. Public analysts examine samples for food quality, drug standards, environmental pollution, water quality and public health. IPAN registers qualified analysts meeting educational and professional requirements. Accredits analytical chemistry programs and laboratory science training. Conducts professional qualifying examinations. Issues practicing licenses to public analysts. Enforces professional conduct and analytical quality standards. Investigates professional misconduct. Provides technical guidance on analytical methods and quality control. Collaborates with NAFDAC, SON, environmental agencies and regulatory bodies. Addresses food safety, drug quality and environmental monitoring through professional analytical services. Promotes laboratory accreditation and good laboratory practices. Critical for consumer protection, public health and regulatory enforcement.

**Core Mandate:** To regulate public analysts profession, ensure analytical quality standards, register qualified analysts and support government regulatory testing and consumer protection.

**Statutory Functions:**
(a) Regulate public analysts and laboratory science practitioners
(b) Register qualified public analysts meeting professional requirements
(c) Accredit analytical chemistry and laboratory science programs
(d) Conduct professional qualifying examinations for analysts
(e) Issue practicing licenses to registered public analysts
(f) Enforce continuing professional development requirements
(g) Investigate professional misconduct in analytical practice
(h) Impose disciplinary sanctions for violations
(i) Develop analytical quality standards and good laboratory practices
(j) Provide technical guidance on analytical testing methods
(k) Promote laboratory accreditation and ISO compliance
(l) Support NAFDAC food and drug testing through qualified analysts
(m) Support SON standards compliance testing
(n) Provide analysts for environmental monitoring and pollution testing
(o) Support water quality testing for public health
(p) Promote quality control in analytical laboratories
(q) Collaborate with regulatory agencies on official testing
(r) Engage international analytical chemistry organizations
(s) Advocate for public analysts profession recognition
(t) Advance consumer protection, food safety and drug quality through professional analytical testing supporting regulatory enforcement and public health"
521027041,"548. INTERCOUNTRY CENTRE FOR ORAL HEALTH (ICOH), JOS","Intercountry Centre for Oral Health Jos is specialized regional training and research institution for oral health and dentistry. Located in Jos, Plateau State, operating under Federal Ministry of Health and WHO African Region. Established as West African regional center providing advanced dental training, oral health research and capacity building for multiple countries. Offers postgraduate dental training including orthodontics, oral surgery, periodontics and other specialties. Conducts oral health research on dental caries, periodontal diseases, oral cancer and oral health epidemiology. Provides specialized dental services including maxillofacial surgery, orthodontics and prosthodontics. Trains dentists, dental therapists and oral health workers from Nigeria and West African countries. Conducts community oral health programs promoting dental hygiene and preventive care. Researches traditional oral health practices and dental disease patterns in Africa. Develops oral health policies and guidelines for West African region. Collaborates with WHO, dental schools and international oral health organizations. Addresses inadequate dental specialists and poor oral health in region. Serves as WHO Collaborating Centre for Oral Health.

**Core Mandate:** To provide advanced dental training, conduct oral health research, deliver specialized dental care and build regional oral health capacity for West Africa.

**Statutory Functions:**
(a) Provide postgraduate dental training for West African dentists
(b) Train specialists in orthodontics, oral surgery and periodontics
(c) Conduct oral health research on dental diseases in Africa
(d) Research dental caries prevalence and prevention
(e) Study periodontal diseases and gum health
(f) Research oral cancer and precancerous conditions
(g) Provide maxillofacial surgery for complex dental conditions
(h) Deliver orthodontic services for dental alignment
(i) Provide prosthodontic services including dentures
(j) Train dental therapists and oral health workers
(k) Conduct community oral health education programs
(l) Promote dental hygiene and preventive oral care
(m) Research traditional oral health practices in Africa
(n) Develop oral health policies for West African countries
(o) Serve as WHO Collaborating Centre for Oral Health
(p) Collaborate with WHO African Region on oral health
(q) Coordinate with West African dental schools
(r) Engage international oral health organizations
(s) Address regional shortage of dental specialists
(t) Advance oral health, dental care quality and specialist training across West Africa through regional cooperation, research and capacity building"
517021043,"549. INTERNATIONAL CENTRE FOR BIOTECHNOLOGY, UNIVERSITY OF NIGERIA NSUKKA","International Centre for Biotechnology at University of Nigeria Nsukka (UNN) is specialized research and training center for biotechnology and genetic engineering. Located at UNN campus, Nsukka, Enugu State, operating under UNN and Federal Ministry of Education. Established to advance biotechnology research, train biotechnology professionals and support agricultural and medical applications. Conducts research on agricultural biotechnology including crop genetic improvement, disease-resistant varieties and climate-resilient crops. Researches medical biotechnology including vaccine development, diagnostics and therapeutic proteins. Conducts industrial biotechnology research on biofuels, bio-based products and enzyme technology. Provides postgraduate training in biotechnology, molecular biology and genetic engineering. Operates modern biotechnology laboratories with molecular biology equipment. Conducts genetic modification research following biosafety protocols. Researches indigenous Nigerian plants for biotechnology applications. Collaborates with international biotechnology centers, CGIAR institutes and biotech companies. Addresses food security, health challenges and industrial development through biotechnology. Promotes biosafety compliance and public understanding of biotechnology.

**Core Mandate:** To conduct biotechnology research, provide advanced biotechnology training, develop agricultural and medical biotechnology applications and advance Nigeria's biotechnology capacity.

**Statutory Functions:**
(a) Conduct agricultural biotechnology research for crop improvement
(b) Develop genetically modified crops with disease resistance
(c) Research drought-tolerant and climate-resilient crop varieties
(d) Conduct medical biotechnology research on vaccines and diagnostics
(e) Research therapeutic proteins and biopharmaceuticals
(f) Develop molecular diagnostic tools for diseases
(g) Conduct industrial biotechnology research on biofuels
(h) Research bio-based products and enzyme technology
(i) Provide postgraduate training in biotechnology and genetic engineering
(j) Train molecular biologists and biotechnology researchers
(k) Operate modern biotechnology laboratories
(l) Conduct genetic modification research following biosafety protocols
(m) Research indigenous Nigerian plants for biotech applications
(n) Develop tissue culture techniques for crop propagation
(o) Conduct biosafety assessments for GMO crops
(p) Promote public understanding of biotechnology
(q) Collaborate with international biotechnology centers
(r) Coordinate with CGIAR institutes on agricultural biotech
(s) Engage biotech companies on technology transfer
(t) Advance Nigeria's biotechnology capacity addressing food security, health and industrial development through genetic engineering research and innovation"
220006001,550. INVESTMENT AND SECURITIES TRIBUNAL (IST),"Investment and Securities Tribunal (IST) is specialized judicial tribunal adjudicating disputes in Nigeria's capital market and securities industry. Located in Abuja with Lagos and Port Harcourt divisions, operating under Investments and Securities Act as independent tribunal. Established to provide fast-track resolution of capital market disputes avoiding lengthy regular court proceedings. IST hears cases involving securities transactions, capital market operations, stockbrokers' conduct, insider trading, market manipulation and investment fraud. Adjudicates disputes between investors and stockbrokers, companies and shareholders, and regulatory compliance issues. Tribunal comprises judges with securities law expertise. Conducts hearings, examines evidence and issues judgments enforceable like High Court orders. Appeals go to Court of Appeal. Provides specialized expertise in complex securities matters. Addresses market abuse, investor protection and regulatory enforcement. Promotes investor confidence through effective dispute resolution. Faces challenges from limited public awareness, jurisdictional overlaps with regular courts and case backlogs. Complements Securities and Exchange Commission regulatory enforcement. Critical for capital market integrity and investor protection.

**Core Mandate:** To adjudicate capital market disputes, provide specialized securities litigation, protect investors and support Nigeria's capital market integrity through expert judicial resolution.

**Statutory Functions:**
(a) Adjudicate disputes arising from securities and capital market transactions
(b) Hear cases involving stockbrokers' professional misconduct
(c) Adjudicate insider trading and market manipulation cases
(d) Resolve investment fraud and Ponzi scheme disputes
(e) Hear disputes between investors and stockbrokers
(f) Adjudicate shareholders' rights and corporate governance disputes
(g) Resolve cases involving initial public offerings (IPOs)
(h) Hear disputes on securities regulation compliance
(i) Adjudicate unit trust and mutual fund disputes
(j) Conduct hearings on capital market cases
(k) Examine evidence, witness testimonies and expert opinions
(l) Issue judgments enforceable as High Court orders
(m) Provide fast-track resolution avoiding lengthy court proceedings
(n) Apply specialized securities law expertise to complex cases
(o) Protect investors from fraud and market abuse
(p) Enforce Securities and Exchange Commission regulations
(q) Address market manipulation damaging investor confidence
(r) Hear appeals from SEC administrative sanctions
(s) Collaborate with SEC on market integrity enforcement
(t) Advance capital market integrity, investor protection and efficient dispute resolution supporting Nigeria's securities industry and public confidence in stock market"
521027001,"551. IRRUA SPECIALIST TEACHING HOSPITAL (ISTH), IRRUA","Irrua Specialist Teaching Hospital (ISTH) Irrua is specialized federal tertiary hospital and teaching institution. Located in Irrua, Edo State in south-south Nigeria, operating under Federal Ministry of Health and affiliated with Ambrose Alli University. Established as specialist hospital focusing on infectious diseases, particularly Lassa fever for which it houses Nigeria's premier Lassa fever treatment center. ISTH is national reference center for viral hemorrhagic fevers including Lassa fever endemic in southern Nigeria. Provides specialized treatment for Lassa fever with isolation facilities and trained staff. Conducts research on Lassa fever epidemiology, treatment and prevention. Offers general tertiary healthcare services including surgery, internal medicine, obstetrics and pediatrics. Provides postgraduate medical training for doctors. Trains healthcare workers on Lassa fever management and infection control. Collaborates with WHO, CDC, NCDC and international partners on viral hemorrhagic fever response. Serves as epidemic response center during Lassa fever outbreaks. Operates virology laboratory conducting diagnostic testing. Critical for Nigeria's Lassa fever control and infectious disease preparedness. Addresses annual Lassa fever epidemics affecting southern Nigeria.

**Core Mandate:** To provide specialized Lassa fever treatment, conduct viral hemorrhagic fever research, deliver tertiary healthcare, train medical professionals and serve as national infectious disease reference center.

**Statutory Functions:**
(a) Provide specialized treatment for Lassa fever patients
(b) Operate national reference center for viral hemorrhagic fevers
(c) Maintain Lassa fever isolation and treatment facilities
(d) Conduct Lassa fever epidemiological research
(e) Research Lassa fever treatment protocols and outcomes
(f) Study Lassa fever prevention and control strategies
(g) Provide general tertiary healthcare services
(h) Deliver surgical, medical, obstetric and pediatric care
(i) Provide postgraduate medical training through residency programs
(j) Train healthcare workers on Lassa fever case management
(k) Train on infection prevention and control measures
(l) Conduct biosafety training for viral hemorrhagic fevers
(m) Operate virology laboratory for Lassa fever diagnosis
(n) Conduct diagnostic testing during Lassa fever outbreaks
(o) Serve as epidemic response center coordinating outbreak investigations
(p) Collaborate with NCDC on surveillance and outbreak response
(q) Coordinate with WHO and CDC on Lassa fever control
(r) Conduct community education on Lassa fever prevention
(s) Research other emerging infectious diseases
(t) Advance infectious disease control, Lassa fever treatment and epidemic preparedness protecting Nigeria from annual Lassa fever outbreaks endemic in southern regions"
517005001,552. JOINT ADMISSIONS AND MATRICULATION BOARD (JAMB),"Joint Admissions and Matriculation Board (JAMB) is federal examination body conducting entrance examinations and managing admissions into Nigerian tertiary institutions. Headquartered in Abuja with offices nationwide, operating under Federal Ministry of Education. Established to standardize admission requirements and conduct common entrance examination (UTME - Unified Tertiary Matriculation Examination) for universities, polytechnics and colleges of education. JAMB registers candidates for UTME annually with over 1.8 million candidates. Conducts computer-based UTME testing nationwide. Sets minimum admission requirements (cutoff marks) for tertiary institutions. Manages Central Admissions Processing System (CAPS) where institutions admit students. Conducts Direct Entry examinations for candidates with advanced qualifications. Regulates admission processes preventing illegal admissions. Promotes merit-based admissions. Introduces policies like uniform cutoff marks and CAPS transparency. Faces challenges from examination malpractice, technical glitches, admission racketeering and tertiary institutions' non-compliance. Remits proceeds to Federal Government. Critical gatekeeper determining tertiary education access for millions of Nigerian youths annually.

**Core Mandate:** To conduct entrance examinations for tertiary institutions, manage admissions processes, ensure merit-based selection and regulate tertiary education access in Nigeria.

**Statutory Functions:**
(a) Conduct Unified Tertiary Matriculation Examination (UTME) annually
(b) Register over 1.8 million candidates yearly for UTME
(c) Administer computer-based testing nationwide in CBT centers
(d) Set subjects and syllabi for UTME examinations
(e) Determine minimum admission requirements and cutoff marks
(f) Conduct Direct Entry examinations for advanced candidates
(g) Manage Central Admissions Processing System (CAPS) for transparent admissions
(h) Regulate admissions into universities, polytechnics and colleges of education
(9) Prevent illegal admissions and admission racketeering
(j) Enforce merit-based admissions policies
(k) Monitor tertiary institutions' admission compliance
(l) Combat examination malpractice and cheating
(m) Verify candidates' credentials and O'Level results
(n) Promote catchment area and Educationally Less Developed States (ELDS) quotas
(o) Enforce 45% merit, 35% catchment, 20% ELDS admission formula
(p) Provide admission statistics and data to government
(q) Remit examination proceeds to Federal Government
(r) Conduct policy research on admissions and access
(s) Collaborate with WAEC, NECO and examination bodies
(t) Advance tertiary education access, merit-based selection and transparent admissions managing gateway to higher education for millions of Nigerian youths annually"
521026008,553. JOS UNIVERSITY TEACHING HOSPITAL (JUTH),"Jos University Teaching Hospital (JUTH) is federal tertiary healthcare institution and teaching hospital. Located in Jos, Plateau State in north-central Nigeria, operating under Federal Ministry of Health and affiliated with University of Jos. Established to provide tertiary/quaternary healthcare services, train medical professionals and conduct clinical research serving Plateau State and wider middle belt region. Provides comprehensive specialist medical services including surgery, internal medicine, obstetrics/gynecology, pediatrics, orthopedics, oncology and subspecialties. Operates as referral center for middle belt states receiving complicated cases. Provides postgraduate medical training through residency programs for doctors pursuing specialist qualifications. Trains medical students from University of Jos during clinical rotations. Conducts clinical research on health challenges affecting northern/middle belt populations. Operates accident and emergency services. Provides specialized services including cancer treatment, renal dialysis and cardiac care. Faces challenges from inadequate funding, equipment shortages, healthcare worker strikes and patient load exceeding capacity. Serves diverse population including managing casualties from Plateau State's periodic ethno-religious conflicts.

**Core Mandate:** To provide tertiary healthcare services, train medical professionals, conduct clinical research and serve as referral hospital for Plateau State and north-central Nigeria.

**Statutory Functions:**
(a) Provide comprehensive tertiary healthcare services in Plateau State
(b) Deliver specialist medical care in surgery, medicine and subspecialties
(c) Operate as referral hospital for north-central Nigeria
(d) Provide accident and emergency services
(e) Deliver obstetric and gynecological care including high-risk pregnancies
(f) Provide pediatric services for children
(g) Operate orthopedic services for trauma and bone conditions
(h) Provide cancer treatment and oncology services
(i) Deliver renal dialysis for kidney failure patients
(j) Provide cardiac care and cardiology services
(k) Train resident doctors through postgraduate programs
(l) Provide clinical training for University of Jos medical students
(m) Train nurses, pharmacists and allied health professionals
(n) Conduct clinical research on regional health challenges
(o) Operate laboratories for diagnostic testing
(p) Provide radiology and imaging services
(q) Manage casualties from Plateau conflicts and emergencies
(r) Address maternal and child mortality through specialized care
(s) Collaborate with NHREC on research ethics
(t) Advance healthcare delivery, medical training and clinical research serving Plateau State's diverse population and north-central Nigeria's tertiary health needs"
535003001,554. KAINJI NATIONAL PARK,"Kainji National Park is federal protected area conserving biodiversity and wildlife in northwestern Nigeria. Located across Niger, Kwara and Kebbi States covering approximately 5,341 square kilometers in two sectors (Borgu and Zugurma), operating under Federal Ministry of Environment. Established in 1979 following creation of Kainji Dam and Lake Kainji requiring wildlife conservation. The park protects savanna ecosystems, woodland and grassland habitats. Houses significant wildlife including elephants, hippopotamus, buffalo, various antelopes (roan, kob, hartebeest), lions, leopards, baboons and over 350 bird species. Borgu sector adjoins Benin's W National Park forming transboundary conservation complex. Faces threats from poaching, cattle grazing, illegal fishing in park waters and human encroachment. Tourism infrastructure limited but includes game viewing and safari camps. Park management involves anti-poaching patrols, habitat conservation, community engagement and sustainable tourism. Collaborates with Benin and Niger on transboundary wildlife conservation. Critical for northwestern Nigeria biodiversity protection and eco-tourism potential.

**Core Mandate:** To protect and conserve wildlife and ecosystems, manage sustainable tourism, conduct conservation research and promote environmental education in northwestern Nigeria.

**Statutory Functions:**
(a) Protect and conserve biodiversity in 5,341 square kilometer national park
(b) Safeguard endangered wildlife including elephants, lions and buffalo
(c) Preserve savanna woodland and grassland ecosystems
(d) Conduct anti-poaching patrols preventing illegal hunting
(e) Protect hippopotamus populations in Kainji Lake waters
(f) Combat illegal fishing within park boundaries
(g) Manage human-wildlife conflict with surrounding communities
(h) Control illegal cattle grazing destroying park vegetation
(i) Maintain park boundaries preventing encroachment
(j) Conduct wildlife population surveys and ecological monitoring
(k) Manage Borgu and Zugurma park sectors
(l) Develop and manage eco-tourism infrastructure
(m) Provide game viewing and safari tourism services
(n) Conduct environmental education for schools and communities
(o) Engage local communities in conservation through participatory approaches
(p) Develop alternative livelihoods reducing pressure on park resources
(q) Collaborate with Benin on transboundary W-Kainji conservation complex
(r) Coordinate with Niger on cross-border wildlife protection
(s) Conduct conservation research on wildlife populations
(t) Advance northwestern Nigeria biodiversity conservation and eco-tourism supporting wildlife protection and sustainable development"
535008001,555. KAMUKU NATIONAL PARK,"Kamuku National Park is federal protected area conserving biodiversity and ecosystems in northwestern Nigeria. Located in Kaduna and Niger States covering approximately 1,121 square kilometers, operating under Federal Ministry of Environment. Established to protect forest and savanna ecosystems in northwestern Nigeria. The park preserves gallery forests, woodland savanna and grassland habitats. Houses wildlife including various antelopes, monkeys, baboons, hyenas and bird species. Protects water catchment areas for rivers feeding communities. Faces severe threats from illegal logging, charcoal production, poaching, farmland encroachment and gold mining activities destroying habitats. Mining activities particularly damaging with illegal miners operating within park. Park management severely constrained by limited resources, inadequate rangers and encroachment pressure from surrounding communities. Requires urgent intervention preventing total degradation. Collaborates with Kaduna and Niger State governments on conservation. Demonstrates challenges facing Nigerian national parks from human pressure and inadequate enforcement. Critical for remaining forest protection in northwestern Nigeria.

**Core Mandate:** To protect biodiversity and forest ecosystems, prevent illegal activities, manage conservation and preserve watersheds in northwestern Nigeria despite severe encroachment threats.

**Statutory Functions:**
(a) Protect biodiversity in 1,121 square kilometer national park
(b) Preserve gallery forest and woodland savanna ecosystems
(c) Safeguard remaining wildlife populations
(d) Protect water catchment areas for regional rivers
(e) Combat illegal logging destroying park forests
(f) Prevent charcoal production depleting tree cover
(g) Conduct anti-poaching patrols against illegal hunting
(h) Address illegal gold mining destroying park habitats
(i) Control farmland encroachment into park boundaries
(j) Maintain park boundaries against human pressure
(k) Conduct wildlife and vegetation surveys
(l) Monitor ecological degradation from mining and logging
(m) Engage communities on conservation awareness
(n) Develop alternative livelihoods reducing park pressure
(o) Coordinate with mining authorities on illegal mining control
(p) Collaborate with Kaduna and Niger State forestry departments
(q) Recruit and train rangers for enforcement
(r) Secure funding for park management and protection
(s) Conduct conservation research on threatened ecosystems
(t) Advance forest conservation and biodiversity protection in severely threatened northwestern Nigeria park requiring urgent intervention against illegal mining, logging and encroachment"
517026100,"556. KING'S COLLEGE, LAGOS","King's College Lagos is prestigious federal government college and unity school. Located on Lagos Island, Lagos State, operating under Federal Ministry of Education. Established in 1909 during colonial period, King's College is among Nigeria's oldest and most prestigious secondary schools. Provides JSS1-SS3 secondary education as Federal Government College (Unity School) admitting students nationally through Common Entrance Examination. Known for academic excellence, discipline and producing notable Nigerian leaders including presidents, governors, ministers, business leaders and professionals. School features strong academic tradition, extensive co-curricular programs and alumni network. Admits students using 60% merit and 40% geographical quota ensuring national representation. Provides boarding education promoting national integration. Prepares students for WAEC and NECO examinations with consistently high performance. Located in commercial Lagos but maintains tradition and standards. Alumni include Nnamdi Azikiwe (first President), numerous state governors and national leaders. Represents Federal Government Colleges' role in nation-building and elite education. Faces challenges from aging infrastructure despite historical prestige.

**Core Mandate:** To provide quality secondary education emphasizing academic excellence, promote national unity and produce future leaders through prestigious federal unity school tradition.

**Statutory Functions:**
(a) Provide JSS1-SS3 secondary education as Federal Government College
(b) Admit students nationally through Common Entrance using merit-quota system
(c) Maintain academic excellence tradition spanning over 110 years
(d) Prepare students for WAEC and NECO examinations
(e) Deliver federal government curriculum
(f) Provide boarding education promoting national integration
(g) Promote national unity among ethnically diverse students
(h) Develop leadership qualities in students
(i) Maintain discipline and character formation tradition
(j) Provide extensive co-curricular programs
(k) Offer sports, arts and cultural activities
(l) Maintain strong alumni association and network
(m) Preserve historical heritage as colonial-era institution
(n) Employ qualified teachers maintaining high standards
(o) Prepare students for tertiary education
(p) Compete in national academic and sports competitions
(q) Maintain King's College traditions and values
(r) Address infrastructure needs in historic buildings
(s) Produce future national leaders and professionals
(t) Advance quality education, national integration and leadership development through Nigeria's premier federal unity school with distinguished history producing presidents and national leaders"
222010001,557. LAGOS INTERNATIONAL TRADE FAIR COMPLEX MANAGEMENT BOARD,"Lagos International Trade Fair Complex Management Board manages Nigeria's premier trade fair venue and exhibition center. Located in Badagry Expressway, Lagos State, operating under Federal Ministry of Industry, Trade and Investment. Established to manage Lagos International Trade Fair Complex hosting annual Lagos International Trade Fair and commercial exhibitions. The Complex provides permanent exhibition halls, outdoor display areas and facilities for trade fairs, exhibitions and commercial events. Hosts annual Lagos International Trade Fair attracting thousands of exhibitors and visitors showcasing products, services and business opportunities. Provides venue for sectoral exhibitions (construction, agriculture, ICT, manufacturing). Manages permanent structures including pavilions, halls and infrastructure. Generates revenue from exhibition space rentals and event hosting. Promotes Nigerian products and ""Made in Nigeria"" campaigns. Facilitates business networking and trade connections. Attracts international exhibitors promoting Nigeria's commercial integration. Faces challenges from infrastructure maintenance, competition from private event centers and declining patronage requiring facility upgrades. Critical for trade promotion, industrial exhibitions and commercial sector engagement in Nigeria's commercial capital.

**Core Mandate:** To manage Lagos International Trade Fair Complex, host trade fairs and exhibitions, promote Nigerian products, facilitate business networking and support commerce and industry development.

**Statutory Functions:**
(a) Manage Lagos International Trade Fair Complex facilities and infrastructure
(b) Host annual Lagos International Trade Fair
(c) Organize sectoral trade exhibitions (manufacturing, agriculture, construction, ICT)
(d) Provide exhibition halls and display spaces for commercial events
(e) Manage outdoor exhibition areas and pavilions
(f) Promote Nigerian manufactured products and services
(g) Advance ""Made in Nigeria"" campaigns showcasing local industries
(h) Facilitate business-to-business networking and connections
(i) Attract international exhibitors and foreign buyers
(j) Generate revenue from exhibition space rentals
(k) Maintain trade fair infrastructure and facilities
(l) Provide utilities, security and services during events
(m) Market Complex for commercial exhibitions and events
(n) Upgrade facilities meeting international exhibition standards
(o) Promote Nigerian exports through exhibition exposure
(p) Support SMEs exhibiting products and services
(q) Facilitate trade information dissemination
(r) Collaborate with manufacturers associations and trade bodies
(s) Coordinate with Lagos State on trade fair logistics
(t) Advance trade promotion, industrial exhibition and business networking supporting Nigeria's commercial and manufacturing sectors through premier trade fair venue in commercial capital Lagos"
161004001,558. LAGOS LIAISON OFFICE (Federal Government),"Lagos Liaison Office is Federal Government's administrative office maintaining federal presence in Lagos, Nigeria's commercial capital. Located in Lagos State, operating under Office of Secretary to Government of the Federation or relevant federal ministry. Established to coordinate federal government activities in Lagos following capital relocation to Abuja in 1991. Serves as administrative link between Federal Government and Lagos operations. Coordinates federal agencies' Lagos operations and activities. Facilitates federal government business in commercial capital. Manages federal government properties and assets in Lagos. Provides liaison services for federal officials visiting Lagos. Coordinates with Lagos State Government on federal-state matters. Supports federal government events and programs in Lagos. Manages protocol for federal dignitaries. Facilitates federal government procurement and logistics in Lagos. Represents federal interests in commercial capital. Lagos remains Nigeria's commercial center despite Abuja being political capital, requiring federal coordination presence. Liaison office ensures federal government effectiveness in most economically important city.

**Core Mandate:** To coordinate federal government operations in Lagos, provide liaison services, manage federal assets and maintain federal presence in Nigeria's commercial capital.

**Statutory Functions:**
(a) Coordinate federal government operations and activities in Lagos
(b) Serve as administrative link between Federal Government and Lagos
(c) Manage federal government properties and assets in Lagos State
(d) Coordinate federal agencies' Lagos-based operations
(e) Facilitate federal government business in commercial capital
(f) Provide liaison services for federal officials visiting Lagos
(g) Coordinate protocol for federal dignitaries in Lagos
(h) Facilitate federal-state government coordination with Lagos
(i) Support federal government events and programs in Lagos
(j) Manage federal government offices in Lagos
(k) Coordinate federal government procurement in Lagos
(l) Facilitate logistics for federal operations
(m) Represent federal interests in commercial capital
(n) Monitor federal programs implementation in Lagos
(o) Coordinate federal agencies on Lagos-related matters
(p) Provide administrative support for federal operations
(q) Manage federal government's Lagos presence
(r) Facilitate federal business in Nigeria's economic hub
(s) Coordinate with commercial sector on federal matters
(t) Advance federal government effectiveness in Lagos commercial capital ensuring coordination and presence in Nigeria's most economically important city"
521026002,559. LAGOS UNIVERSITY TEACHING HOSPITAL (LUTH),"Lagos University Teaching Hospital (LUTH) is premier federal tertiary healthcare institution and teaching hospital. Located in Idi-Araba, Lagos State, operating under Federal Ministry of Health and affiliated with University of Lagos (UNILAG). Established in 1962, LUTH is one of Nigeria's oldest and largest teaching hospitals. Provides comprehensive tertiary/quaternary healthcare services including highly specialized medical care. Operates multiple specialties including surgery, internal medicine, obstetrics/gynecology, pediatrics, cardiology, oncology, neurosurgery, nephrology and others. Serves as major referral hospital for Lagos State (population ~20 million) and southwestern Nigeria. Provides postgraduate medical training through robust residency programs training specialists. Trains UNILAG medical students during clinical years. Conducts extensive clinical research. Operates one of Nigeria's busiest accident and emergency departments. Provides cancer treatment, cardiac surgery, kidney transplant and other advanced services. Faces challenges from overwhelming patient load, inadequate funding, aging infrastructure and periodic healthcare worker strikes. Despite challenges, remains critical tertiary healthcare provider for Africa's largest city.

**Core Mandate:** To provide tertiary/quaternary healthcare, train medical professionals, conduct clinical research and serve as premier referral hospital for Lagos State and southwestern Nigeria.

**Statutory Functions:**
(a) Provide comprehensive tertiary healthcare in Africa's largest city Lagos
(b) Deliver highly specialized medical care across multiple specialties
(c) Operate as major referral hospital for Lagos State (20+ million population)
(d) Provide advanced surgical services including neurosurgery and cardiac surgery
(e) Deliver internal medicine including cardiology, nephrology and gastroenterology
(f) Provide obstetric and gynecological care for high-risk cases
(g) Deliver comprehensive pediatric services
(h) Operate oncology services providing cancer treatment
(i) Provide kidney transplant and renal replacement therapy
(j) Operate one of Nigeria's busiest accident and emergency departments
(k) Train resident doctors through extensive postgraduate programs
(l) Provide clinical training for University of Lagos medical students
(m) Train nurses, pharmacists and allied health professionals
(n) Conduct clinical research on tropical diseases and health challenges
(o) Operate advanced diagnostic laboratories
(p) Provide radiology and medical imaging services
(q) Deliver intensive care and critical care services
(r) Address maternal mortality through specialized obstetric care
(s) Provide HIV/AIDS treatment and research
(t) Advance healthcare delivery, medical education and research serving Lagos metropolis and southwestern Nigeria despite overwhelming patient load and resource constraints"
215056001,"560. LAKE CHAD RESEARCH INSTITUTE (LCRI), MAIDUGURI","Lake Chad Research Institute (LCRI) Maiduguri is federal agricultural research institution conducting research on Lake Chad Basin agriculture, fisheries and natural resources. Located in Maiduguri, Borno State in northeastern Nigeria, operating under Agricultural Research Council of Nigeria and Federal Ministry of Agriculture. Established to address agricultural and environmental challenges in Lake Chad Basin agroecological zone. Conducts research on crops adapted to semi-arid Lake Chad region including sorghum, millet, cowpea, groundnut and wheat. Researches irrigation farming and water management for Lake Chad waters. Conducts fisheries research on Lake Chad fish species, fishing practices and aquaculture. Researches livestock production in pastoral communities. Studies Lake Chad shrinkage impacts on agriculture and livelihoods. Develops climate-resilient farming systems for Sahel environment. Researches flood recession agriculture practiced around Lake Chad. Provides technical advice on Lake Chad Basin management. Faces challenges from Boko Haram insurgency severely disrupting operations and access to research sites. Lake Chad shrinkage from ~25,000 km² to ~1,500 km² creates agricultural crisis requiring research interventions. Collaborates with Lake Chad Basin Commission and regional research centers.

**Core Mandate:** To conduct agricultural research for Lake Chad Basin, develop adapted crop varieties, research fisheries, address lake shrinkage impacts and support Sahel agriculture despite insurgency challenges.

**Statutory Functions:**
(a) Conduct agricultural research for Lake Chad Basin agroecological zone
(b) Develop improved sorghum, millet and cowpea varieties for semi-arid region
(c) Research groundnut, wheat and drought-tolerant crops
(d) Develop irrigation farming systems utilizing Lake Chad waters
(e) Conduct fisheries research on Lake Chad fish stocks and fishing
(f) Research aquaculture development for fish production
(g) Study Lake Chad shrinkage impacts on agriculture and communities
(h) Develop climate-resilient farming systems for Sahel
(i) Research flood recession agriculture around lake margins
(j) Conduct livestock production research for pastoral communities
(k) Research water management and irrigation technologies
(l) Study soil fertility in semi-arid Lake Chad environments
(m) Develop adaptive farming systems for changing lake levels
(n) Research traditional fishing practices and sustainability
(o) Provide technical advice on Lake Chad Basin agricultural development
(p) Train farmers on adapted agricultural practices
(q) Operate research stations despite insurgency constraints
(r) Collaborate with Lake Chad Basin Commission
(s) Coordinate with Chad, Niger and Cameroon research institutes
(t) Advance food security and sustainable agriculture in Lake Chad Basin addressing catastrophic lake shrinkage and Boko Haram disruptions threatening livelihoods of millions dependent on agriculture and fishing"
326003001,# NIGERIAN FEDERAL AGENCY MANDATES: AGENCIES 561-580,"**MDA Code:** 326003001

Legal Aid Council of Nigeria is federal agency providing free legal services to indigent citizens who cannot afford legal representation. Headquartered in Abuja with offices in all 36 states and FCT, operating under Federal Ministry of Justice per Legal Aid Act 2011. Established to ensure access to justice for poor and vulnerable Nigerians unable to pay for lawyers. Provides free legal representation in criminal and civil matters for eligible citizens. Operates Legal Aid clinics in courts, prisons and communities. Represents accused persons facing serious criminal charges who cannot afford lawyers. Provides legal services in civil matters including land disputes, family law, employment and consumer rights. Offers legal advice and counseling to indigent citizens. Conducts public legal education and awareness programs. Provides legal services to women, children, persons with disabilities and vulnerable groups. Operates paralegal training programs. Collaborates with NBA, law firms and pro bono lawyers. Means-tests applicants to determine eligibility based on income. Faces challenges from overwhelming demand, inadequate funding, limited lawyers and public awareness gaps. Critical for constitutional right to legal representation and access to justice.

**Core Mandate:** To provide free legal services to indigent citizens, ensure access to justice, represent poor Nigerians in courts and promote legal rights awareness.

**Statutory Functions:**
(a) Provide free legal representation to indigent citizens unable to afford lawyers
(b) Represent accused persons in criminal matters facing serious charges
(c) Provide legal services in civil matters including land and family disputes
(d) Operate Legal Aid clinics in courts nationwide
(e) Provide legal services in prisons for inmates
(f) Conduct means testing to determine eligibility based on income
(g) Offer free legal advice and counseling to poor citizens
(h) Represent women in domestic violence and family law cases
(i) Provide legal services for children in juvenile courts
(j) Represent persons with disabilities in legal matters
(k) Conduct public legal education and awareness campaigns
(l) Promote legal rights awareness in communities
(m) Train paralegals providing community legal assistance
(n) Collaborate with Nigerian Bar Association on pro bono services
(o) Coordinate with law firms volunteering legal aid
(p) Provide legal representation in employment disputes
(q) Address consumer rights violations for poor citizens
(r) Operate offices in all 36 states and FCT
(s) Monitor access to justice challenges for indigent populations
(t) Advance constitutional right to legal representation, access to justice and rule of law ensuring poor Nigerians receive legal protection regardless of ability to pay"
517027001,562. LIBRARIANS REGISTRATION COUNCIL OF NIGERIA (LRCN),"Librarians Registration Council of Nigeria (LRCN) is professional regulatory body overseeing library and information science profession. Headquartered in Abuja, operating as statutory body established by LRCN Act. Regulates librarians, information scientists and library professionals ensuring professional standards. Registers qualified librarians meeting educational requirements (minimum Bachelor's degree in Library Science from accredited programs). Accredits Library and Information Science degree programs in Nigerian universities. Conducts professional qualifying examinations. Issues practicing licenses to registered librarians. Enforces continuing professional development requirements. Investigates professional misconduct and enforces discipline. Promotes library profession development and public libraries. Provides guidelines for library management and information services. Collaborates with libraries, universities and international library associations. Addresses challenges from inadequate funding for public libraries, technology changes and professional recognition gaps. Critical for library services quality, information management and knowledge access in educational institutions, government and communities.

**Core Mandate:** To regulate library profession, register qualified librarians, ensure professional standards, promote library development and advance information services in Nigeria.

**Statutory Functions:**
(a) Regulate library and information science profession in Nigeria
(b) Register qualified librarians meeting educational requirements
(c) Accredit Library Science degree programs in Nigerian universities
(d) Conduct professional qualifying examinations for librarians
(e) Issue practicing licenses to registered librarians
(6) Enforce continuing professional development for librarians
(g) Investigate professional misconduct in library practice
(h) Impose disciplinary sanctions for violations
(i) Promote professional ethics in library services
(j) Develop standards for library management and operations
(k) Promote public libraries development across Nigeria
(l) Advance school libraries in primary and secondary schools
(m) Support academic libraries in tertiary institutions
(n) Promote digital libraries and information technology in libraries
(o) Develop guidelines for collection management and cataloging
(p) Promote reading culture and library utilization
(q) Collaborate with Nigerian Library Association
(r) Engage international library organizations (IFLA, Commonwealth)
(s) Advocate for library funding and infrastructure
(t) Advance library profession, information access and knowledge management supporting education, research and community development through professional library services"
252042001,563. LOWER BENUE RIVER BASIN DEVELOPMENT AUTHORITY (LBRBDA),"Lower Benue River Basin Development Authority (LBRBDA) is federal agency managing water resources, irrigation and agricultural development in Lower Benue River Basin. Headquartered in Makurdi covering Benue, Kogi, Nasarawa, Cross River, Ebonyi, Enugu and Anambra States, operating under Federal Ministry of Water Resources. Established as one of Nigeria's 12 River Basin Development Authorities. The basin includes Lower Benue River and tributaries. LBRBDA develops irrigation schemes supporting dry season farming. Constructs and operates small/medium dams for irrigation water supply. Manages water distribution to farmers and communities. Supports rice, vegetables and yam production through irrigation. Provides flood control infrastructure. Conducts hydrological studies and water resources assessment. Develops fadama (floodplain) irrigation exploiting seasonal water availability. Provides agricultural extension services to irrigated farmers. Faces challenges from flooding (Benue experiences major floods), inadequate infrastructure maintenance and farmer participation. Benue River's significant discharge creates both irrigation opportunities and flood risks requiring integrated management.

**Core Mandate:** To manage water resources, develop irrigation infrastructure, support agricultural production and provide flood control in Lower Benue River Basin covering seven states.

**Statutory Functions:**
(a) Manage water resources in Lower Benue River Basin across seven states
(b) Develop irrigation schemes for dry season farming
(c) Construct small and medium dams for water storage
(d) Operate irrigation infrastructure distributing water to farmers
(e) Support rice, vegetables and yam production through irrigation
(f) Develop fadama (floodplain) irrigation schemes
(g) Provide flood control and drainage infrastructure
(h) Conduct hydrological monitoring and water resources assessment
(i) Manage seasonal water distribution during dry and wet seasons
(j) Allocate water among competing agricultural and domestic uses
(k) Support fish farming in reservoirs and irrigation canals
(l) Provide agricultural extension services to irrigated farmers
(m) Maintain irrigation canals, drains and water distribution systems
(n) Conduct environmental impact assessments for water projects
(o) Engage communities in participatory water management
(p) Collaborate with Benue, Kogi and other state governments
(q) Address major flooding affecting Benue valley communities
(r) Monitor water quality in rivers and reservoirs
(s) Adapt to climate variability affecting water availability
(t) Advance irrigation agriculture, water security and flood management supporting food production and livelihoods across Lower Benue Basin in Nigeria's food basket region"
252043001,564. LOWER NIGER RIVER BASIN DEVELOPMENT AUTHORITY (LNRBDA),"Lower Niger River Basin Development Authority (LNRBDA) is federal agency managing water resources, irrigation and agricultural development in Lower Niger River Basin. Headquartered in Ilorin covering Kwara, Niger, Edo, Delta, Ondo, Ekiti and Kogi States, operating under Federal Ministry of Water Resources. Established as one of Nigeria's 12 River Basin Development Authorities. The basin includes Lower Niger River and tributaries in southwestern and north-central Nigeria. LNRBDA develops irrigation schemes for agricultural intensification. Constructs dams and water storage facilities. Manages irrigation water distribution. Supports rice, vegetables and sugarcane production. Provides flood control along Niger River. Conducts water resources assessment and hydrological monitoring. Develops small-scale irrigation for fadama farming. Operates demonstration farms. Provides extension services to farmers. Faces challenges from dry season water scarcity, flooding during rainy season, inadequate infrastructure and limited funding. Niger River's flow variability creates seasonal challenges requiring storage and distribution management. Serves agricultural communities across multiple states.

**Core Mandate:** To manage water resources, develop irrigation infrastructure, support agricultural production and provide flood control in Lower Niger River Basin covering seven states.

**Statutory Functions:**
(a) Manage water resources in Lower Niger River Basin across seven states
(b) Develop irrigation schemes for dry season agriculture
(c) Construct and operate dams for water storage and regulation
(d) Distribute irrigation water to farmers and agricultural schemes
(e) Support rice, vegetables and sugarcane cultivation through irrigation
(f) Develop fadama irrigation exploiting seasonal floodplains
(g) Provide flood control infrastructure along Niger River
(h) Conduct hydrological studies and river flow monitoring
(i) Manage seasonal water allocation balancing competing demands
(j) Allocate water for agriculture, domestic use and environmental flows
(k) Support fisheries in reservoirs and irrigation infrastructure
(l) Provide agricultural extension and training to farmers
(m) Maintain irrigation canals, pumps and distribution networks
(n) Operate demonstration farms showcasing irrigation farming
(o) Conduct environmental assessments for water projects
(p) Engage communities in water resources management
(q) Collaborate with Kwara, Niger, Edo, Delta and other states
(r) Address Niger River flooding and erosion challenges
(s) Monitor water quality and pollution control
(t) Advance irrigation development, agricultural productivity and water security supporting food production across Lower Niger Basin serving multiple states' farming communities"
254007001,"565. MARITIME ACADEMY OF NIGERIA, ORON","Maritime Academy of Nigeria Oron is premier federal maritime training institution providing education for seafarers and maritime professionals. Located in Oron, Akwa Ibom State in coastal south-south Nigeria, operating under Nigerian Maritime Administration and Safety Agency (NIMASA) and Federal Ministry of Transportation. Established in 1977 to train Nigerian seafarers, marine engineers, nautical officers and maritime professionals. Offers certificate, diploma and degree programs in nautical science, marine engineering, maritime transport and related fields. Provides Standards of Training, Certification and Watchkeeping (STCW) compliant training meeting International Maritime Organization (IMO) requirements. Trains deck officers (navigators), marine engineers, electro-technical officers and ratings. Operates training vessels for practical sea-going experience. Provides simulator training for navigation, engine room and ship handling. Offers specialized courses in ship security, survival at sea and marine operations. Trains for merchant navy careers. Collaborates with IMO, international maritime academies and shipping companies. Addresses shortage of qualified Nigerian seafarers in global shipping industry. Cabotage Act implementation increases demand for Nigerian seafarers. Faces challenges from inadequate vessels, equipment maintenance and international certification requirements.

**Core Mandate:** To train seafarers and maritime professionals, provide STCW-compliant education, develop Nigerian maritime workforce and support shipping industry manpower needs.

**Statutory Functions:**
(a) Train seafarers and maritime professionals for merchant navy and shipping industry
(b) Provide nautical science education for deck officers and navigators
(c) Train marine engineers for ship engine room operations
(d) Offer electro-technical officer training for ship electrical systems
(e) Provide STCW-compliant training meeting IMO international standards
(f) Conduct practical sea training on training vessels
(g) Operate navigation and ship handling simulators
(h) Provide engine room simulator training
(9) Train ratings and lower-level seafarers
(j) Offer ship security training and ISPS Code compliance
(k) Provide survival at sea and life-saving training
(l) Train in marine safety and emergency response
(m) Offer maritime transport and shipping management programs
(n) Provide continuing education for serving seafarers
(o) Conduct seafarer certification examinations
(p) Collaborate with NIMASA on certification and standards
(q) Engage international maritime academies on best practices
(r) Support Cabotage Act implementation requiring Nigerian seafarers
(s) Address shortage of qualified Nigerians in global shipping
(t) Advance Nigeria's maritime workforce development supporting shipping industry, Cabotage compliance and Nigerian seafarers' employment in international merchant navy"
521013001,566. MEDICAL AND DENTAL COUNCIL OF NIGERIA (MDCN),"Medical and Dental Council of Nigeria (MDCN) is statutory regulatory body overseeing medical and dental professions. Headquartered in Abuja, operating under MDCN Act as independent regulatory authority. Established to regulate medical doctors, dentists and ensure professional standards protecting public health. Registers qualified medical practitioners and dentists. Accredits medical and dental schools ensuring quality training. Conducts professional examinations for foreign-trained doctors. Issues practicing licenses and annual practicing certificates. Enforces medical ethics and professional conduct. Investigates professional misconduct, medical negligence and quackery. Imposes disciplinary sanctions including suspension or deregistration. Monitors continuing medical education for practitioners. Regulates medical practice advertising and professional behavior. Collaborates with health facilities, medical associations (NMA, NDA) and international medical councils. Addresses challenges from quack doctors practicing illegally, medical brain drain and inadequate enforcement capacity. Maintains register of over 90,000 medical doctors and thousands of dentists. Critical for healthcare quality, patient safety and public trust in medical profession.

**Core Mandate:** To regulate medical and dental professions, register practitioners, ensure professional standards, enforce medical ethics and protect public from quackery and negligence.

**Statutory Functions:**
(a) Regulate medical and dental professions in Nigeria
(b) Register qualified medical doctors meeting educational requirements
(c) Register qualified dentists and dental surgeons
(d) Accredit medical schools ensuring quality medical education
(e) Accredit dental schools and dentistry training programs
(f) Conduct assessment examinations for foreign-trained doctors
(g) Issue practicing licenses to qualified practitioners
(h) Issue annual practicing certificates to doctors and dentists
(i) Enforce medical ethics and professional conduct standards
(j) Investigate complaints of medical negligence and malpractice
(k) Investigate professional misconduct by doctors and dentists
(l) Combat quackery and illegal medical practice
(m) Impose disciplinary sanctions including suspension or permanent deregistration
(n) Monitor continuing medical education and professional development
(o) Regulate medical practice advertising and professional marketing
(p) Maintain register of medical and dental practitioners (90,000+ doctors)
(q) Collaborate with Nigerian Medical Association and Nigerian Dental Association
(r) Coordinate with health facilities on practitioner compliance
(s) Engage international medical regulatory bodies
(t) Advance healthcare quality, patient safety and public protection through professional medical regulation combating quackery and enforcing ethical standards"
521034001,"567. MEDICAL LABORATORY SCIENCE COUNCIL OF NIGERIA (MLSCN), YABA","Medical Laboratory Science Council of Nigeria (MLSCN) is statutory regulatory body overseeing medical laboratory science profession. Located in Yaba, Lagos State, operating under MLSCN Act. Established to regulate medical laboratory scientists, technologists and technicians ensuring quality laboratory services. Registers qualified medical laboratory scientists meeting educational requirements (minimum Bachelor's degree in Medical Laboratory Science). Accredits medical laboratory science programs in universities. Conducts professional qualifying examinations. Issues practicing licenses and annual practicing certificates. Enforces professional ethics in laboratory practice. Investigates professional misconduct and enforces discipline. Monitors continuing professional development. Regulates medical laboratories ensuring quality standards. Promotes laboratory safety and biosafety practices. Collaborates with teaching hospitals, diagnostic laboratories and Association of Medical Laboratory Scientists of Nigeria (AMLSN). Addresses challenges from quack laboratory operators, inadequate laboratory standards and limited enforcement. Critical for accurate disease diagnosis, patient safety and public health laboratory services quality.

**Core Mandate:** To regulate medical laboratory science profession, register qualified practitioners, ensure laboratory quality standards and protect public from diagnostic errors and quackery.

**Statutory Functions:**
(a) Regulate medical laboratory science profession in Nigeria
(b) Register qualified medical laboratory scientists meeting educational standards
(c) Register medical laboratory technologists and technicians
(d) Accredit Medical Laboratory Science degree programs in universities
(e) Conduct professional qualifying examinations
(f) Issue practicing licenses to registered laboratory scientists
(g) Issue annual practicing certificates for laboratory practice
(h) Enforce professional ethics and conduct in laboratory services
(i) Investigate professional misconduct in laboratory practice
(j) Combat quackery and illegal laboratory operations
(k) Impose disciplinary sanctions for violations
(l) Monitor continuing professional development for laboratory scientists
(m) Regulate medical laboratories ensuring quality standards
(n) Promote laboratory safety and biosafety practices
(o) Develop laboratory quality assurance guidelines
(p) Enforce infection control in diagnostic laboratories
(q) Promote accurate disease diagnosis and laboratory testing
(r) Collaborate with Association of Medical Laboratory Scientists (AMLSN)
(s) Coordinate with hospitals on laboratory quality control
(t) Advance laboratory services quality, accurate diagnosis and patient safety through professional regulation preventing diagnostic errors from unqualified practitioners"
521015001,568. MEDICAL REHABILITATION THERAPISTS BOARD (MRTB),"Medical Rehabilitation Therapists Board (MRTB) is statutory regulatory body overseeing physiotherapy, occupational therapy and other rehabilitation professions. Headquartered in Nigeria, operating under MRTB Act. Established to regulate physiotherapists, occupational therapists, prosthetists/orthotists and other rehabilitation professionals. Registers qualified rehabilitation therapists meeting educational requirements. Accredits physiotherapy, occupational therapy and rehabilitation training programs. Conducts professional qualifying examinations. Issues practicing licenses. Enforces professional conduct and ethics in rehabilitation services. Investigates professional misconduct. Imposes disciplinary sanctions. Monitors continuing professional development. Promotes quality rehabilitation services for patients with disabilities, injuries and chronic conditions. Collaborates with rehabilitation facilities, teaching hospitals and professional associations. Addresses challenges from inadequate rehabilitation services, limited trained therapists and public awareness gaps. Critical for disability management, post-surgery rehabilitation, stroke recovery and orthopedic care quality.

**Core Mandate:** To regulate medical rehabilitation professions, register qualified therapists, ensure rehabilitation quality standards and promote professional rehabilitation services for disability management.

**Statutory Functions:**
(a) Regulate medical rehabilitation therapy professions in Nigeria
(b) Register qualified physiotherapists meeting educational standards
(c) Register occupational therapists providing disability rehabilitation
(d) Register prosthetists and orthotists providing assistive devices
(e) Register other rehabilitation professionals including speech therapists
(f) Accredit physiotherapy degree programs in universities
(g) Accredit occupational therapy and rehabilitation training programs
(h) Conduct professional qualifying examinations for therapists
(i) Issue practicing licenses to registered rehabilitation therapists
(j) Enforce professional ethics in rehabilitation practice
(k) Investigate professional misconduct in therapy services
(l) Impose disciplinary sanctions for violations
(m) Monitor continuing professional development for therapists
(n) Promote quality rehabilitation services for disabilities
(o) Develop standards for physiotherapy and occupational therapy
(p) Promote rehabilitation for stroke, injuries and orthopedic conditions
(q) Advance disability management and assistive technology use
(r) Collaborate with rehabilitation facilities and teaching hospitals
(s) Engage professional associations (Physiotherapy, Occupational Therapy)
(t) Advance rehabilitation services quality supporting disability management, post-surgery recovery and improving quality of life for Nigerians with physical disabilities and injuries"
233006001,"569. METALLURGICAL TRAINING INSTITUTE, ONITSHA","Metallurgical Training Institute Onitsha is specialized federal technical training institution providing metallurgy and metal working skills education. Located in Onitsha, Anambra State in southeastern Nigeria, operating under Federal Ministry of Mines and Steel Development. Established to train metallurgists, welders, fabricators and metal workers supporting Nigeria's steel and metallurgical industries. Provides certificate and diploma programs in metallurgy, welding technology, metal fabrication and foundry practice. Trains welders in various welding techniques (arc, gas, TIG, MIG). Provides metal fabrication and sheet metal working training. Offers foundry technology and metal casting training. Teaches metallurgical testing, quality control and materials science. Provides practical hands-on training in workshops. Trains technicians for steel plants, fabrication workshops and manufacturing industries. Supports Ajaokuta Steel Company and steel industry manpower needs. Conducts skills training for artisans and technicians. Collaborates with steel companies, manufacturing firms and technical colleges. Faces challenges from limited equipment, inadequate funding and steel industry underdevelopment. Critical for steel sector development and metallurgical skills in southeastern Nigeria's industrial economy.

**Core Mandate:** To provide metallurgical and welding training, develop metal working skills, train technicians for steel industry and support Nigeria's metallurgical sector manpower development.

**Statutory Functions:**
(a) Provide specialized training in metallurgy and metal working
(b) Train welders in arc, gas, TIG and MIG welding techniques
(c) Provide metal fabrication and sheet metal working training
(d) Teach foundry technology and metal casting processes
(e) Train in metallurgical testing and quality control
(f) Provide materials science education for metallurgists
(g) Conduct practical workshop training in welding and fabrication
(h) Train technicians for steel plants and metallurgical industries
(i) Support Ajaokuta Steel Company manpower requirements
(j) Provide skills training for fabrication workshop artisans
(k) Teach metal heat treatment and material properties
(l) Train in welding inspection and non-destructive testing
(m) Provide occupational safety in welding and metal working
(n) Conduct continuing education for welders and fabricators
(o) Certify trainees in welding and metallurgical skills
(p) Collaborate with steel companies on workforce training
(q) Coordinate with manufacturing firms requiring metal workers
(r) Engage technical colleges on metallurgy curriculum
(s) Promote steel industry development through skilled workforce
(t) Advance Nigeria's metallurgical capacity and steel sector through specialized training producing welders, fabricators and technicians for manufacturing and steel industries"
227003001,570. MICHAEL IMODU INSTITUTE OF LABOUR STUDIES,"Michael Imodu Institute of Labour Studies is federal training and research institution for labor studies, industrial relations and trade unionism. Located in Nigeria, operating under Federal Ministry of Labour and Employment. Named after Michael Imoudu, prominent Nigerian labor leader. Established to provide training, research and capacity building for labor movement, trade unions and industrial relations practitioners. Conducts training programs for trade union leaders, shop stewards and labor organizers. Provides industrial relations education for employers, workers and government officials. Conducts research on labor issues, collective bargaining, workers' rights and employment relations. Offers certificate and diploma programs in labor studies. Trains labor inspectors and ministry of labour officials. Provides negotiation and conflict resolution skills training. Conducts workers' education promoting labor rights awareness. Researches Nigerian labor history and trade union movements. Collaborates with ILO, trade unions (NLC, TUC) and international labor education institutions. Addresses challenges from declining union membership, changing work patterns and labor movement fragmentation. Critical for industrial harmony, collective bargaining effectiveness and workers' rights protection.

**Core Mandate:** To provide labor education, train trade unionists, conduct labor research, build industrial relations capacity and support workers' rights and trade union effectiveness.

**Statutory Functions:**
(a) Provide specialized training in labor studies and industrial relations
(b) Train trade union leaders and shop stewards
(c) Provide education for labor organizers and union officials
(d) Train employers and managers in industrial relations
(e) Conduct training for Ministry of Labour officials
(f) Provide labor inspection and workplace compliance training
(g) Teach collective bargaining and negotiation skills
(h) Train in labor dispute resolution and conflict management
(i) Conduct workers' education on labor rights and responsibilities
(j) Provide occupational safety and health training
(k) Conduct research on Nigerian labor issues and employment
(l) Research collective bargaining trends and outcomes
(m) Study workers' rights, labor laws and employment relations
(n) Research trade union movements and labor history
(o) Offer certificate and diploma programs in labor studies
(p) Provide continuing education for labor practitioners
(q) Collaborate with ILO on labor education programs
(r) Coordinate with NLC, TUC and trade unions
(s) Engage international labor education institutions
(t) Advance industrial harmony, effective collective bargaining and workers' rights through labor education strengthening trade unions and industrial relations practice"
215012003,"571. MICHAEL OKPARA UNIVERSITY OF AGRICULTURE, UMUDIKE (MOUAU)","Michael Okpara University of Agriculture Umudike (MOUAU) is specialized federal university focusing on agricultural education, research and development. Located in Umudike, Abia State in southeastern Nigeria, operating under Federal Ministry of Education. Established in 1992 and named after Dr. Michael Okpara, former Premier of Eastern Nigeria and agricultural champion. MOUAU focuses exclusively on agriculture, agricultural sciences and related disciplines. Offers undergraduate and postgraduate programs in agronomy, animal science, soil science, agricultural economics, agricultural engineering, food science, forestry and fisheries. Conducts agricultural research on crop production, livestock, soil management and agricultural technologies. Operates teaching and research farms demonstrating improved agricultural practices. Focuses on southeastern Nigeria agroecological zone crops including cassava, yam, cocoa, oil palm and vegetables. Conducts extension services training farmers. Researches sustainable agriculture, climate-smart farming and agricultural mechanization. Collaborates with IITA, agricultural research institutes and international agricultural universities. Addresses food security, rural development and agricultural transformation. Produces agricultural graduates and expertise supporting Nigeria's agricultural sector development.

**Core Mandate:** To provide specialized agricultural education, conduct agricultural research, train agricultural professionals and support Nigeria's agricultural development and food security.

**Statutory Functions:**
(a) Provide specialized university education in agriculture and agricultural sciences
(b) Offer undergraduate degree programs in agronomy and crop production
(c) Provide animal science and livestock production education
(d) Teach soil science, soil fertility and land management
(e) Offer agricultural economics and agribusiness programs
(6) Provide agricultural engineering and mechanization education
(g) Teach food science, food technology and post-harvest management
(h) Offer forestry, fisheries and aquaculture programs
(i) Provide postgraduate programs (Masters and PhD) in agricultural sciences
(j) Conduct agricultural research on crop improvement and production
(k) Research livestock production systems and animal health
(l) Study soil management and soil conservation techniques
(m) Research agricultural technologies and innovation
(n) Operate teaching and research farms for practical training
(o) Conduct extension services training farmers on improved practices
(p) Research cassava, yam, oil palm and southeastern crops
(q) Study sustainable agriculture and climate-smart farming
(r) Collaborate with IITA, NRCRI and agricultural research institutes
(s) Engage international agricultural universities and CGIAR centers
(t) Advance agricultural education, research and innovation supporting food security, rural development and agricultural transformation through specialized university producing agricultural professionals and technologies"
116021001,572. MILITARY PENSION BOARD,"Military Pension Board is federal agency managing pensions and retirement benefits for Nigerian Armed Forces personnel. Located in Abuja, operating under Federal Ministry of Defence. Established to administer pension payments, gratuities and death benefits for retired military personnel, veterans and dependents of deceased service members. Processes retirement benefits for Army, Navy and Air Force retirees. Calculates pension entitlements based on rank, years of service and retirement conditions. Pays monthly pensions to retired military personnel. Processes gratuities (lump sum retirement benefits) upon discharge. Manages death benefits and pensions for widows/orphans of deceased soldiers. Addresses pension arrears and outstanding payments. Maintains database of military retirees and pensioners. Verifies pensioners through biometric registration preventing fraud. Collaborates with Defense Headquarters, service branches and PenCom. Faces challenges from pension arrears, inadequate funding, verification difficulties and delayed payments affecting veterans' welfare. Military pension is distinct from contributory pension applying to civilian workers. Critical for military morale, retirement security and honoring service to nation.

**Core Mandate:** To administer military pensions, pay retirement benefits, manage gratuities and death benefits, and ensure welfare of retired armed forces personnel and dependents.

**Statutory Functions:**
(a) Administer pension payments for retired Nigerian Armed Forces personnel
(b) Process retirement benefits for Army, Navy and Air Force retirees
(c) Calculate pension entitlements based on rank and service years
(d) Pay monthly pensions to military retirees and veterans
(e) Process gratuities (lump sum payments) upon military retirement
(f) Manage death benefits for families of deceased service members
(g) Pay pensions to widows and orphans of fallen soldiers
(h) Address pension arrears and outstanding payment backlogs
(i) Maintain comprehensive database of military pensioners
(j) Conduct biometric verification preventing pension fraud
(k) Verify identity of pensioners claiming monthly benefits
(l) Process disability pensions for medically discharged personnel
(m) Handle pension adjustments and increases
(n) Coordinate with Defense Headquarters on retiree data
(o) Collaborate with Army, Navy and Air Force on discharge processing
(p) Liaise with PenCom on pension regulatory compliance
(q) Address complaints from military retirees on delayed payments
(r) Manage budget allocation for military pension payments
(s) Promote digital payment systems for pension distribution
(t) Advance military veterans' welfare and retirement security honoring service to nation through timely pension payments despite funding and arrears challenges"
257003001,573. MINING CADASTRAL OFFICE (MCO),"Mining Cadastral Office (MCO) is federal agency managing mining rights, mineral titles and mining cadastre system. Located in Abuja, operating under Federal Ministry of Solid Minerals Development. Established to administer transparent allocation of mineral exploration and mining rights. MCO operates online Mining Cadastre Portal implementing ""first-come-first-served"" principle for mineral title applications. Issues mineral exploration licenses, mining leases, small-scale mining licenses and quarrying permits. Maintains comprehensive database of all mineral titles across Nigeria. Prevents overlapping claims through geographic information system (GIS) mapping. Processes applications for mineral rights electronically. Monitors compliance with mineral title conditions. Collects royalties and fees from mining license holders. Provides transparency in mineral rights allocation preventing corruption. Makes mineral title information publicly accessible. Collaborates with mining companies, artisanal miners and state governments. Addresses challenges from illegal mining, artisanal mining formalization and mineral revenue collection. Critical for mining sector regulation, investor confidence and transparent mineral resource governance. Supports Nigeria's solid minerals sector development beyond oil dependence.

**Core Mandate:** To administer mineral rights, issue mining licenses, manage mining cadastre, ensure transparent allocation and regulate mining title system in Nigeria.

**Statutory Functions:**
(a) Administer mining rights and mineral title allocation in Nigeria
(b) Operate online Mining Cadastre Portal for transparent applications
(c) Issue mineral exploration licenses for prospecting
(d) Grant mining leases for large-scale commercial mining
(e) Issue small-scale mining licenses for artisanal miners
(f) Grant quarrying permits for construction materials
(g) Process mineral title applications electronically
(h) Implement ""first-come-first-served"" principle for mineral rights
(i) Maintain comprehensive database of all mineral titles
(j) Prevent overlapping claims through GIS mapping
(k) Monitor compliance with mineral title terms and conditions
(l) Collect royalties and fees from license holders
(m) Renew mineral titles upon expiration
(n) Revoke licenses for non-compliance or violations
(o) Provide public access to mineral title information
(p) Promote transparency in mineral rights allocation
(q) Collaborate with mining companies on licensing
(r) Support artisanal miners formalization through licensing
(s) Coordinate with state governments on mining regulation
(t) Advance transparent mining governance, investor confidence and mineral sector development through professional cadastre management supporting Nigeria's economic diversification beyond oil"
116001001,574. MINISTRY OF DEFENCE HEADQUARTERS (MOD),"Federal Ministry of Defence Headquarters is apex civilian ministry overseeing Nigerian Armed Forces and defense policy. Located in Abuja, operating under executive branch with Minister of Defence appointed by President. Provides civilian oversight and political direction for military. Formulates national defense policy and military strategy. Coordinates Army, Navy, Air Force and Defense Intelligence Agency. Manages defense budget allocation across service branches. Oversees procurement of military equipment, weapons and platforms. Supervises military operations against Boko Haram, banditry and insurgency. Coordinates defense diplomacy and military cooperation with foreign countries. Manages defense industries and military production. Oversees military training institutions. Coordinates peacekeeping troop contributions to UN and AU missions. Supervises veterans' affairs and military welfare. Coordinates civil-military relations. Collaborates with National Security Adviser and security agencies. Addresses challenges from insurgency, limited defense budget, equipment obsolescence and inter-service coordination. Critical for national security, territorial defense and maintaining constitutional civilian control over military.

**Core Mandate:** To provide civilian oversight of armed forces, formulate defense policy, coordinate military services, manage defense budget and ensure national security and territorial integrity.

**Statutory Functions:**
(a) Provide civilian oversight and political direction for Nigerian Armed Forces
(b) Formulate national defense policy and military strategy
(c) Coordinate Nigerian Army, Navy, Air Force operations
(d) Oversee Defense Intelligence Agency and military intelligence
(e) Manage defense budget allocation across service branches
(f) Procure military equipment, weapons systems and platforms
(g) Supervise counter-insurgency operations against Boko Haram
(h) Coordinate military operations against banditry and kidnapping
(i) Oversee peacekeeping contributions to UN and AU missions
(j) Manage defense diplomacy and bilateral military cooperation
(k) Coordinate military training and professional military education
(l) Oversee defense industries and military production capabilities
(m) Manage veterans' affairs through Military Pension Board
(n) Coordinate civil-military relations and humanitarian operations
(o) Supervise military justice and discipline systems
(p) Manage defense infrastructure and military bases
(q) Coordinate with National Security Adviser on security strategy
(r) Collaborate with DSS, Police and security agencies
(s) Ensure constitutional civilian control over military
(t) Advance national security, territorial defense and military effectiveness through civilian oversight maintaining democratic governance while coordinating armed forces defending Nigeria against insurgency, terrorism and external threats"
119001001,575. MINISTRY OF FOREIGN AFFAIRS HEADQUARTERS,"Federal Ministry of Foreign Affairs Headquarters is apex ministry managing Nigeria's foreign policy, diplomacy and international relations. Located in Abuja, operating under executive branch with Minister of Foreign Affairs appointed by President. Formulates and implements Nigeria's foreign policy. Coordinates Nigeria's 120+ diplomatic missions worldwide. Manages bilateral relations with countries globally. Represents Nigeria in multilateral organizations (UN, AU, ECOWAS, Commonwealth). Conducts treaty negotiations and international agreements. Protects Nigerian citizens abroad through consular services. Promotes Nigeria's economic diplomacy and trade interests. Coordinates development cooperation and foreign aid. Manages diaspora engagement policies. Oversees protocol for foreign dignitaries visiting Nigeria. Coordinates presidential and ministerial foreign visits. Manages Nigeria's UN Security Council participation. Promotes Pan-Africanism and African integration. Addresses challenges from resource constraints, diaspora protection needs and complex international environment. Employs diplomats trained at Foreign Service Academy. Critical for Nigeria's global engagement, protecting national interests and advancing Africa's largest democracy's international agenda.

**Core Mandate:** To formulate foreign policy, manage diplomatic relations, coordinate missions abroad, protect citizens overseas and advance Nigeria's interests in international arena.

**Statutory Functions:**
(a) Formulate and implement Nigeria's foreign policy and international strategy
(b) Coordinate 120+ Nigerian diplomatic missions and consulates worldwide
(c) Manage bilateral relations with countries across all continents
(d) Represent Nigeria in United Nations and specialized agencies
(e) Coordinate Nigeria's African Union participation and Pan-African agenda
(f) Manage ECOWAS engagement and West African regional leadership
(g) Participate in Commonwealth, OIC and multilateral organizations
(h) Negotiate treaties, conventions and international agreements
(i) Protect Nigerian citizens abroad through consular services
(j) Coordinate diaspora engagement and diaspora remittances policy
(k) Promote economic diplomacy advancing trade and investment
(l) Manage development cooperation and foreign aid coordination
(m) Coordinate presidential state visits and foreign travel
(n) Manage protocol for foreign dignitaries visiting Nigeria
(o) Oversee Nigeria's UN Security Council participation
(p) Coordinate peacekeeping troop contributions policy
(q) Promote Nigeria's soft power and cultural diplomacy
(r) Address migration and irregular migration challenges
(s) Train diplomats through Foreign Service Academy
(t) Advance Nigeria's global interests, regional leadership and international influence through professional diplomacy protecting citizens abroad and engaging multilateral institutions"
124001001,576. MINISTRY OF INTERIOR HEADQUARTERS,"Federal Ministry of Interior is ministry overseeing internal security agencies, immigration, prisons and civil defense. Located in Abuja, operating under executive branch with Minister of Interior appointed by President. Supervises Nigeria Immigration Service controlling borders and immigration. Oversees Nigeria Prisons Service (now Nigerian Correctional Service) managing correctional facilities. Coordinates Nigeria Security and Civil Defence Corps providing infrastructure security. Manages Federal Fire Service for firefighting and emergency response. Formulates policies on internal security, immigration, corrections and civil protection. Coordinates border management and immigration control. Oversees prison reforms and correctional rehabilitation programs. Manages national identity cards and civil registration. Coordinates disaster management and emergency response. Supervises passport issuance and visa policies. Addresses challenges from porous borders, prison congestion, inadequate civil defense and security threats. Collaborates with Ministry of Defence, NSA and security architecture. Critical for internal security, border control, corrections and civil protection.

**Core Mandate:** To oversee internal security agencies, manage immigration and borders, supervise correctional services, coordinate civil defense and ensure internal security and civil protection.

**Statutory Functions:**
(a) Supervise Nigeria Immigration Service managing borders and immigration control
(b) Oversee Nigerian Correctional Service (formerly Prisons) and correctional facilities
(c) Coordinate Nigeria Security and Civil Defence Corps protecting infrastructure
(d) Manage Federal Fire Service providing firefighting and emergency response
(e) Formulate policies on internal security and civil protection
(f) Coordinate border management across land, air and sea entry points
(g) Oversee immigration policies, visa requirements and entry regulations
(h) Supervise passport issuance through immigration service
(i) Manage correctional reforms and prison decongestion initiatives
(j) Oversee rehabilitation and reintegration programs for inmates
(k) Coordinate civil defense and critical infrastructure protection
(l) Manage disaster response and emergency management coordination
(m) Supervise national identity card and civil registration systems
(n) Address prison congestion and awaiting trial detainees issues
(o) Combat human trafficking through immigration controls
(p) Prevent irregular migration and border infiltration
(q) Coordinate with customs on border management
(r) Collaborate with Ministry of Defence and NSA on security
(s) Engage neighboring countries on cross-border security
(t) Advance internal security, effective border control and correctional rehabilitation through coordinated management of immigration, prisons and civil defense agencies"
232001001,577. MINISTRY OF PETROLEUM RESOURCES HEADQUARTERS,"Federal Ministry of Petroleum Resources is apex ministry overseeing Nigeria's oil and gas industry and petroleum sector. Located in Abuja, operating under executive branch with Minister of Petroleum Resources (often held by President) and Minister of State. Formulates petroleum policies and regulations. Supervises NNPC Ltd (Nigerian National Petroleum Company Limited). Regulates upstream oil exploration and production. Oversees downstream petroleum refining and distribution. Manages gas sector development and domestic gas supply. Coordinates petroleum revenue collection and management. Issues oil blocks and petroleum licenses. Negotiates Production Sharing Contracts with international oil companies. Manages Nigeria's OPEC participation and oil production quotas. Oversees petroleum industry reforms including Petroleum Industry Act implementation. Addresses fuel subsidy policies and petroleum pricing. Supervises DPR/NUPRC (Nigerian Upstream Petroleum Regulatory Commission). Coordinates environmental remediation in oil-producing areas. Addresses oil theft, pipeline vandalism and crude oil losses. Faces challenges from oil theft ($billions lost annually), aging refineries, subsidy removal politics and Niger Delta conflicts. Critical for national revenue (oil provides ~80% export earnings) and energy security.

**Core Mandate:** To formulate petroleum policies, regulate oil and gas industry, manage petroleum revenues, oversee NNPC and ensure optimal exploitation of Nigeria's hydrocarbon resources.

**Statutory Functions:**
(a) Formulate national petroleum policies and industry regulations
(b) Supervise NNPC Ltd operations and petroleum assets management
(c) Regulate upstream oil exploration and production activities
(d) Oversee downstream petroleum refining, distribution and marketing
(e) Manage natural gas sector development and gas-to-power programs
(f) Coordinate petroleum revenue collection and remittances
(g) Issue oil prospecting licenses and petroleum mining leases
(h) Negotiate Production Sharing Contracts with international oil companies
(i) Allocate oil blocks for exploration and production
(j) Manage Nigeria's OPEC participation and production quota compliance
(k) Coordinate Petroleum Industry Act implementation and reforms
(l) Oversee petroleum pricing and fuel subsidy policies
(m) Supervise Nigerian Upstream Petroleum Regulatory Commission (NUPRC)
(n) Regulate Nigerian Midstream and Downstream Petroleum Regulatory Authority
(o) Address oil theft and pipeline vandalism losing billions in revenue
(p) Manage environmental remediation in oil-producing Niger Delta
(q) Coordinate local content development in petroleum industry
(r) Oversee refineries rehabilitation and new refineries development
(s) Collaborate with Ministry of Finance on petroleum revenues
(t) Advance petroleum sector optimization, revenue generation and energy security managing Nigeria's oil and gas resources providing ~80% export earnings despite oil theft and refinery challenges"
521026025,"578. MODIBBO ADAMA UNIVERSITY TEACHING HOSPITAL (MAUTH), YOLA","Modibbo Adama University Teaching Hospital Yola is federal tertiary healthcare institution and teaching hospital. Located in Yola, Adamawa State in northeastern Nigeria, operating under Federal Ministry of Health and affiliated with Modibbo Adama University (formerly Adamawa State University renamed federal university). Provides tertiary healthcare services for Adamawa State and northeastern Nigeria. Delivers specialist medical care including surgery, internal medicine, obstetrics/gynecology, pediatrics and other specialties. Operates as referral hospital for northeastern states. Provides postgraduate medical training for doctors pursuing specialist qualifications. Trains medical students from Modibbo Adama University during clinical rotations. Conducts clinical research on health challenges in northeastern Nigeria. Operates in region affected by Boko Haram insurgency managing conflict-related injuries and displaced populations' health needs. Provides maternal and child healthcare. Faces challenges from insurgency disruptions, inadequate infrastructure, healthcare worker shortages and overwhelming patient loads from Adamawa and neighboring states. Critical for northeastern Nigeria healthcare where insurgency destroyed health infrastructure.

**Core Mandate:** To provide tertiary healthcare, train medical professionals, conduct clinical research and serve as referral hospital for Adamawa State and northeastern Nigeria despite insurgency challenges.

**Statutory Functions:**
(a) Provide comprehensive tertiary healthcare services in Adamawa State
(b) Deliver specialist medical care in surgery, medicine and subspecialties
(c) Operate as referral hospital for northeastern Nigeria
(d) Provide emergency and trauma care including conflict-related injuries
(e) Manage health needs of populations displaced by Boko Haram insurgency
(f) Deliver obstetric and gynecological services for maternal health
(g) Provide pediatric care addressing child health in northeastern region
(h) Offer surgical services including emergency surgery
(i) Provide internal medicine including communicable disease management
(j) Train resident doctors through postgraduate medical programs
(k) Provide clinical training for Modibbo Adama University medical students
(l) Train nurses and allied health professionals
(m) Conduct clinical research on northeastern Nigeria health challenges
(n) Operate laboratories for diagnostic testing
(o) Provide radiology and imaging services
(p) Address malnutrition in conflict-affected populations
(q) Deliver mental health services for trauma and conflict-related disorders
(r) Operate despite insurgency security challenges
(s) Collaborate with humanitarian organizations on health interventions
(t) Advance healthcare delivery and medical training in insurgency-affected northeastern Nigeria providing critical tertiary services for Adamawa State and region"
517021019,"579. MODIBBO ADAMA UNIVERSITY OF TECHNOLOGY (MAUTECH), YOLA","Modibbo Adama University of Technology Yola is federal university focusing on technology, engineering and applied sciences. Located in Yola, Adamawa State in northeastern Nigeria, operating under Federal Ministry of Education. Originally established as Federal University of Technology Yola in 1981, renamed Modibbo Adama University of Technology honoring Modibbo Adama, founder of Adamawa Emirate. Focuses on technology, engineering, applied sciences and related disciplines. Offers undergraduate and postgraduate programs in engineering (civil, mechanical, electrical, chemical), computer science, applied sciences, agriculture, environmental sciences and management. Operates Schools of Engineering, Technology, Pure and Applied Sciences, Agriculture, Environmental Sciences, Management and Information Technology. Conducts research on engineering solutions, appropriate technology and regional development challenges. Provides practical training through workshops and laboratories. Serves northeastern Nigeria's technology and engineering education needs. Located in region affected by Boko Haram insurgency but maintains operations. Collaborates with industries on practical training and research. Produces engineering graduates and technologists for national development.

**Core Mandate:** To provide technology and engineering education, conduct applied research, train engineers and technologists, and support technological development in northeastern Nigeria.

**Statutory Functions:**
(a) Provide university education in technology, engineering and applied sciences
(b) Offer undergraduate degree programs in engineering disciplines
(c) Teach civil engineering including structures and construction
(d) Provide mechanical engineering education and automotive technology
(e) Offer electrical and electronics engineering programs
(f) Teach chemical engineering and process engineering
(g) Provide computer science and information technology education
(h) Offer applied sciences including physics, chemistry and mathematics
(i) Provide agricultural engineering and mechanization programs
(j) Teach environmental science and environmental engineering
(k) Offer management and entrepreneurship programs
(l) Provide postgraduate programs (Masters and PhD) in technology fields
(m) Conduct engineering research on regional development challenges
(n) Research appropriate technology for northeastern Nigeria
(o) Operate engineering laboratories and workshops for practical training
(p) Provide industrial training and attachments for students
(q) Collaborate with industries on applied research
(r) Operate despite northeastern insurgency challenges
(s) Engage international technology universities
(t) Advance technological education and engineering capacity in northeastern Nigeria producing engineers, technologists and applied scientists for national industrial and infrastructural development"
112001001,580. NATIONAL ASSEMBLY (NASS) MANAGEMENT,"National Assembly Management is administrative arm supporting Nigeria's bicameral legislature. Located in Abuja at National Assembly Complex, operating under National Assembly Service Commission. Provides administrative, financial and technical support for Senate (109 Senators) and House of Representatives (360 members). Manages National Assembly bureaucracy including legislative aides, committee staff and support personnel. Operates legislative library and research services. Manages National Assembly budget and finances. Provides secretariat services for committees. Facilitates plenary sessions and legislative proceedings. Manages National Assembly infrastructure and facilities. Coordinates legislative drafting support. Provides protocol services for legislators. Manages legislative documentation and records. Supports constituency projects oversight. Coordinates public engagement and legislative hearings. Provides security for National Assembly complex. Manages lawmakers' welfare and entitlements. Addresses challenges from bureaucratic inefficiency, perceived excessive expenditure and transparency concerns. Critical for legislative effectiveness, democratic governance and separation of powers enabling lawmakers to perform constitutional oversight and lawmaking functions.

**Core Mandate:** To provide administrative and technical support for National Assembly, facilitate legislative processes, manage National Assembly bureaucracy and enable effective lawmaking and oversight.

**Statutory Functions:**
(a) Provide administrative support for Senate and House of Representatives
(b) Manage National Assembly bureaucracy and civil service
(c) Support legislative committees with secretariat services
(d) Facilitate plenary sessions and legislative proceedings
(e) Operate legislative library and research services
(f) Provide legislative drafting and bill analysis support
(g) Manage National Assembly budget and financial administration
(h) Process lawmakers' salaries, allowances and entitlements
(i) Manage National Assembly infrastructure and facilities
(j) Provide security for National Assembly complex and legislators
(k) Coordinate protocol services for legislators and visitors
(l) Manage legislative documentation, records and archives
(m) Support constituency projects allocation and oversight
(n) Facilitate public hearings and stakeholder engagement
(o) Coordinate legislative training and capacity building
(p) Manage legislative aides recruitment and administration
(q) Provide ICT infrastructure for legislative operations
(r) Coordinate inter-parliamentary exchanges and cooperation
(s) Support constitutional oversight functions
(t) Advance legislative effectiveness and democratic governance through professional administrative support enabling National Assembly to perform lawmaking, appropriation and oversight functions"
517026093,# NIGERIAN FEDERAL AGENCY MANDATES: AGENCIES 521-540,"**MDA Code:** 517026093

Federal Technical College Otobi, Benue State, is a federal technical college providing technical and vocational secondary education. Located in Otobi, Benue State in north-central Nigeria, operating under Federal Ministry of Education. Benue State, known as ""Food Basket of the Nation,"" is major agricultural state producing yam, rice, cassava and soya beans. Otobi is community in Benue State. The college provides technical education including engineering trades, agricultural mechanization, business studies and vocational skills. Admits students through entrance examinations. Prepares students for NABTEB (National Business and Technical Examinations Board) technical examinations alongside WAEC and NECO. Features workshops for carpentry, metalwork, electrical installation, motor vehicle mechanics, building construction, agricultural machinery and other trades. Provides practical hands-on vocational training. Located in agricultural Benue State where farming dominates economy, agricultural mechanization skills are particularly relevant. Technical education supports agricultural processing, rural construction and mechanization needs.

**Core Mandate:** To provide technical and vocational secondary education, develop practical trade skills especially agricultural mechanization, and prepare students for technical careers supporting Benue State agriculture and north-central Nigeria development.

**Statutory Functions:**
(a) Provide technical and vocational secondary education in Benue State
(b) Admit students through entrance examinations for technical programs
(c) Emphasize engineering trades, agricultural mechanization and vocational skills
(d) Provide carpentry and woodwork training workshops
(e) Maintain metalwork, welding and fabrication facilities
(f) Teach electrical installation and electronics
(g) Provide motor vehicle mechanics and agricultural machinery training
(h) Teach building construction, masonry and plumbing
(i) Prepare students for NABTEB technical examinations
(j) Deliver practical hands-on vocational training
(k) Prepare students for polytechnic National Diploma programs
(l) Develop skilled tradesmen for agricultural mechanization
(m) Maintain workshop equipment and agricultural machinery
(n) Employ qualified technical instructors and trade masters
(o) Provide apprenticeship-style practical training
(p) Foster technical craftsmanship and agricultural technology skills
(q) Develop entrepreneurship skills for self-employment
(r) Prepare students for technical certifications
(s) Promote technical and agricultural mechanization careers
(t) Produce skilled technical workers supporting Benue State agricultural processing, mechanization and north-central Nigeria food production technical workforce"
517026094,522. FTC OTUKPO,"Federal Technical College Otukpo, Benue State, is a federal technical college providing technical and vocational secondary education. Located in Otukpo, major commercial town and Local Government headquarters in Benue State, operating under Federal Ministry of Education. Otukpo is significant Idoma ethnic group town in Benue State's Zone C. The college provides comprehensive technical education including engineering trades, business studies and vocational skills. Admits students through entrance examinations. Prepares students for NABTEB and WAEC/NECO technical examinations. Features extensive workshops for carpentry, metalwork, electrical work, motor mechanics, building construction, welding and other trades. Provides practical vocational training. Located in commercial Otukpo town with agricultural hinterland, technical skills support construction, agricultural processing and commercial activities. Benue's agricultural economy requires technical education for mechanization and agro-industrial development.

**Core Mandate:** To provide technical and vocational secondary education, develop practical trade skills and prepare students for technical careers supporting Otukpo commercial activities and Benue State development.

**Statutory Functions:**
(a) Provide technical and vocational secondary education in Otukpo, Benue State
(b) Admit students through entrance examinations
(c) Emphasize engineering trades, vocational skills and business studies
(d) Provide comprehensive carpentry and woodwork workshops
(e) Maintain metalwork, welding and fabrication facilities
(f) Teach electrical installation and wiring
(g) Provide motor vehicle mechanics and automotive technology
(h) Teach building construction and masonry trades
(i) Prepare students for NABTEB technical examinations
(j) Deliver practical hands-on vocational training
(k) Prepare students for polytechnic technical programs
(l) Develop skilled craftsmen for construction and agricultural sectors
(m) Maintain workshop equipment and machinery
(n) Employ qualified technical instructors
(o) Provide apprenticeship training
(p) Foster technical excellence and craftsmanship
(q) Develop entrepreneurship for self-employment in trades
(r) Prepare for technical certifications
(s) Promote technical career opportunities
(t) Produce skilled technical workers supporting Otukpo commercial activities, Benue State agricultural mechanization and north-central Nigeria technical workforce development"
517026095,523. FTC SHIRORO,"Federal Technical College Shiroro, Niger State, is a federal technical college providing technical and vocational secondary education. Located in Shiroro, Niger State in north-central Nigeria, operating under Federal Ministry of Education. Shiroro is area known for Shiroro Hydroelectric Dam on Kaduna River, one of Nigeria's major hydropower stations generating electricity. Niger State is large state with agricultural and hydropower potential. The college provides technical education including engineering trades, electrical/electronics (relevant given hydropower context), business studies and vocational skills. Admits students through entrance examinations. Prepares students for NABTEB and WAEC/NECO examinations. Features workshops for carpentry, metalwork, electrical installation, motor mechanics, building construction and other trades. Provides practical training. Located near hydropower infrastructure, electrical and electronics skills particularly relevant. Technical education supports energy sector, construction and agricultural mechanization needs.

**Core Mandate:** To provide technical and vocational secondary education, develop practical trade skills especially electrical/electronics, and prepare students for technical careers supporting Niger State hydropower, agriculture and development.

**Statutory Functions:**
(a) Provide technical and vocational secondary education in Shiroro, Niger State
(b) Admit students through entrance examinations
(c) Emphasize engineering trades, electrical/electronics and vocational skills
(d) Provide carpentry and woodwork training
(e) Maintain metalwork and welding workshops
(f) Teach electrical installation, wiring and power systems
(g) Provide electronics training relevant to hydropower context
(h) Teach motor vehicle mechanics
(i) Provide building construction and masonry training
(j) Prepare students for NABTEB examinations
(k) Deliver practical vocational training
(l) Prepare students for polytechnic electrical/electronics programs
(m) Develop skilled electrical workers for power sector
(n) Maintain workshop equipment
(o) Employ qualified technical instructors
(p) Provide hands-on training in electrical trades
(q) Foster technical expertise in power systems
(r) Develop entrepreneurship skills
(s) Prepare for electrical technical certifications
(t) Produce skilled workers supporting Shiroro hydropower operations, Niger State energy sector and north-central Nigeria electrical workforce"
517026096,524. FTC UROMI,"Federal Technical College Uromi, Edo State, is a federal technical college providing technical and vocational secondary education. Located in Uromi, Edo State in south-south Nigeria, operating under Federal Ministry of Education. Uromi is major town in Esan region of Edo State. Edo State has diverse economy including agriculture, manufacturing and services. The college provides technical education including engineering trades, business studies and vocational skills. Admits students through entrance examinations. Prepares students for NABTEB and WAEC/NECO technical examinations. Features workshops for various trades including carpentry, metalwork, electrical installation, motor mechanics, building construction, welding and other skills. Provides practical hands-on vocational training. Located in Edo State with manufacturing industries and construction activities creating demand for skilled technical workers.

**Core Mandate:** To provide technical and vocational secondary education, develop practical trade skills and prepare students for technical careers supporting Edo State manufacturing and south-south Nigeria development.

**Statutory Functions:**
(a) Provide technical and vocational secondary education in Uromi, Edo State
(b) Admit students through entrance examinations
(c) Emphasize engineering trades and vocational skills
(d) Provide carpentry and woodwork workshops
(e) Maintain metalwork and welding facilities
(f) Teach electrical installation and electronics
(g) Provide motor vehicle mechanics training
(h) Teach building construction and masonry
(i) Prepare students for NABTEB examinations
(j) Deliver practical vocational training
(k) Prepare students for polytechnic programs
(l) Develop skilled craftsmen for manufacturing sector
(m) Maintain workshop equipment
(n) Employ qualified technical instructors
(o) Provide apprenticeship training
(p) Foster technical craftsmanship
(q) Develop entrepreneurship skills
(r) Prepare for technical certifications
(s) Promote technical careers
(t) Produce skilled workers supporting Edo State manufacturing and south-south Nigeria technical workforce"
517026097,525. FTC UYO,"Federal Technical College Uyo, Akwa Ibom State, is a federal technical college providing technical and vocational secondary education. Located in Uyo, Akwa Ibom State capital in south-south Nigeria, operating under Federal Ministry of Education. Uyo is growing state capital in oil-producing Akwa Ibom State. Akwa Ibom has significant oil and gas industry alongside agriculture and fishing. The college provides technical education including engineering trades, petroleum-related technical skills, business studies and vocational training. Admits students through entrance examinations. Prepares students for NABTEB and WAEC/NECO examinations. Features workshops for carpentry, metalwork, electrical installation, motor mechanics, welding, building construction and other trades. Provides practical training. Located in oil-producing state capital, technical skills support petroleum services, construction boom and industrial development. Niger Delta requires skilled technical workforce for oil industry support services.

**Core Mandate:** To provide technical and vocational secondary education, develop practical trade skills supporting oil industry, and prepare students for technical careers in Akwa Ibom State and Niger Delta.

**Statutory Functions:**
(a) Provide technical and vocational secondary education in Akwa Ibom State capital
(b) Admit students through entrance examinations
(c) Emphasize engineering trades, petroleum services and vocational skills
(d) Provide carpentry and woodwork training
(e) Maintain metalwork, welding and fabrication workshops
(f) Teach electrical installation and industrial electronics
(g) Provide motor vehicle and industrial equipment mechanics
(h) Teach building construction for oil industry infrastructure
(i) Prepare students for NABTEB examinations
(j) Deliver practical vocational training
(k) Prepare students for polytechnic petroleum-related programs
(l) Develop skilled workers for oil services sector
(m) Maintain workshop equipment
(n) Employ qualified technical instructors
(o) Provide hands-on training relevant to oil industry
(p) Foster technical skills for petroleum support services
(q) Develop entrepreneurship in technical trades
(r) Prepare for technical certifications
(s) Promote technical careers in oil sector
(t) Produce skilled technical workers supporting Uyo construction boom, Akwa Ibom oil industry services and Niger Delta petroleum sector technical workforce"
517026098,526. FTC YABA,"Federal Technical College Yaba, Lagos State, is a federal technical college providing technical and vocational secondary education. Located in Yaba, Lagos State in southwestern Nigeria, operating under Federal Ministry of Education. Yaba is major Lagos neighborhood known as technology and education hub (""Yaba Tech"" area). Lagos is Nigeria's commercial capital and economic powerhouse. The college provides comprehensive technical education including engineering trades, electronics, computer technology, business studies and advanced vocational skills. Admits students through entrance examinations. Prepares students for NABTEB and WAEC/NECO examinations. Features well-equipped workshops for carpentry, metalwork, electrical/electronics, motor mechanics, building construction, computer technology and other trades. Provides practical training. Located in commercial Lagos with massive construction, manufacturing, technology and service sectors creating enormous demand for skilled technical workers. Yaba's tech hub status makes technology skills particularly relevant.

**Core Mandate:** To provide technical and vocational secondary education, develop practical trade and technology skills, and prepare students for technical careers in Lagos commercial and technology sectors.

**Statutory Functions:**
(a) Provide technical and vocational secondary education in Lagos commercial capital
(b) Admit students through competitive entrance examinations
(c) Emphasize engineering trades, technology and advanced vocational skills
(d) Provide comprehensive carpentry and woodwork workshops
(e) Maintain advanced metalwork, welding and fabrication facilities
(f) Teach electrical installation, electronics and computer technology
(g) Provide motor vehicle mechanics and automotive technology
(h) Teach building construction for Lagos construction boom
(i) Prepare students for NABTEB examinations
(j) Deliver practical vocational training with technology integration
(k) Prepare students for polytechnic and technology programs
(l) Develop skilled workers for Lagos manufacturing and technology sectors
(m) Maintain modern workshop equipment and technology labs
(n) Employ qualified technical instructors and technology specialists
(o) Provide hands-on training in Yaba tech hub environment
(p) Foster technical innovation and entrepreneurship
(q) Develop skills for technology startups and trades
(r) Prepare for technical and technology certifications
(s) Promote technical and technology careers
(t) Produce highly skilled technical workers supporting Lagos massive construction, manufacturing, technology sectors and serving as Nigeria's premier urban technical education institution"
517026099,527. FTC ZURU,"Federal Technical College Zuru, Kebbi State, is a federal technical college providing technical and vocational secondary education. Located in Zuru, Kebbi State in northwestern Nigeria, operating under Federal Ministry of Education. Zuru is town and Local Government headquarters in Kebbi State. Kebbi State is predominantly agricultural state known for rice production and fishing. The college provides technical education including engineering trades, agricultural mechanization, business studies and vocational skills. Admits students through entrance examinations. Prepares students for NABTEB and WAEC/NECO examinations. Features workshops for carpentry, metalwork, electrical work, motor mechanics, agricultural machinery, building construction and other trades. Provides practical training. Located in agricultural Kebbi State where rice farming dominates, agricultural mechanization and irrigation technology skills particularly relevant. Northwestern Nigeria requires technical education supporting agricultural development.

**Core Mandate:** To provide technical and vocational secondary education, develop practical trade and agricultural mechanization skills, and prepare students for technical careers supporting Kebbi State agriculture and northwestern Nigeria.

**Statutory Functions:**
(a) Provide technical and vocational secondary education in Zuru, Kebbi State
(b) Admit students through entrance examinations
(c) Emphasize engineering trades, agricultural mechanization and vocational skills
(d) Provide carpentry and woodwork training
(e) Maintain metalwork and welding workshops
(f) Teach electrical installation and irrigation systems
(g) Provide agricultural machinery and equipment mechanics
(h) Teach building construction and rural infrastructure
(i) Prepare students for NABTEB examinations
(j) Deliver practical vocational training
(k) Prepare students for agricultural and technical polytechnic programs
(l) Develop skilled workers for agricultural mechanization
(m) Maintain workshop and agricultural equipment
(n) Employ qualified technical instructors
(o) Provide hands-on training in agricultural technology
(p) Foster technical skills for rice farming mechanization
(q) Develop entrepreneurship in agricultural trades
(r) Prepare for technical certifications
(s) Promote agricultural mechanization careers
(t) Produce skilled workers supporting Kebbi State rice production mechanization, irrigation technology and northwestern Nigeria agricultural development"
535006001,528. GASHAKA GUMTI NATIONAL PARK,"Gashaka Gumti National Park is Nigeria's largest national park protecting biodiversity, wildlife and ecosystems. Located across Taraba and Adamawa States in northeastern Nigeria covering approximately 6,731 square kilometers, operating under Federal Ministry of Environment. Established in 1991 by merging Gashaka and Gumti Game Reserves creating Nigeria's premier wildlife conservation area. The park protects montane forests, savanna, grasslands and Nigeria's highest mountain peak (Chappal Waddi at 2,419 meters). Houses significant biodiversity including chimpanzees, elephants, buffalo, hippopotamus, various antelopes, lions (possibly), leopards and over 500 bird species. Provides critical watershed for Taraba and Benue Rivers. Faces threats from poaching, illegal logging, cattle grazing encroachment and human-wildlife conflict. Tourism potential largely undeveloped due to remoteness and infrastructure challenges. Park management involves conservation, anti-poaching patrols, research, community engagement and sustainable tourism development. Collaborates with local communities on conservation and livelihood programs.

**Core Mandate:** To protect and conserve Nigeria's biodiversity, wildlife and ecosystems; manage sustainable tourism; conduct conservation research; and promote environmental education in Nigeria's largest national park.

**Statutory Functions:**
(a) Protect and conserve biodiversity in Nigeria's largest national park covering 6,731 square kilometers
(b) Safeguard endangered and threatened wildlife species including chimpanzees and elephants
(c) Preserve montane forest, savanna and grassland ecosystems
(d) Conduct anti-poaching patrols and law enforcement against illegal hunting
(e) Combat illegal logging and forest destruction within park boundaries
(f) Manage human-wildlife conflict with surrounding communities
(g) Protect critical watershed for Taraba and Benue Rivers
(h) Conduct conservation research on wildlife populations and ecosystem health
(i) Monitor and track wildlife including chimpanzees, elephants and large mammals
(j) Develop and manage sustainable ecotourism infrastructure
(k) Provide environmental education programs for schools and communities
(l) Engage local communities in conservation through participatory approaches
(m) Develop alternative livelihoods reducing pressure on park resources
(n) Manage park infrastructure including ranger stations and tourist facilities
(o) Collaborate with international conservation organizations on biodiversity protection
(p) Control illegal cattle grazing encroachment destroying park vegetation
(q) Maintain park boundaries and prevent encroachment
(r) Conduct biodiversity surveys and ecological monitoring
(s) Promote Nigeria's natural heritage and environmental conservation
(t) Advance Nigeria's biodiversity conservation, protect critical ecosystems and support sustainable development in northeastern Nigeria through Africa's important Afromontane forest protection"
227006001,529. GENEVA LABOUR DESK OFFICE,"Geneva Labour Desk Office is specialized Nigerian government office representing Nigeria's labor interests at International Labour Organization (ILO) and UN agencies in Geneva, Switzerland. Located in Geneva, Switzerland alongside Nigeria's Foreign Mission to UN/international organizations, operating under Federal Ministry of Labour and Employment. Geneva hosts ILO headquarters, primary UN agency addressing labor standards, workers' rights, employment and social protection globally. The office coordinates Nigeria's participation in ILO activities including International Labour Conferences, technical meetings, standard-setting conventions and programs. Represents Nigerian workers, employers and government in tripartite ILO structure. Monitors international labor standards adoption and reports on Nigeria's compliance. Facilitates ILO technical assistance to Nigeria on employment policies, labor legislation, occupational safety and social security. Engages on child labor, forced labor, freedom of association and discrimination issues affecting Nigerian workers. Coordinates with Nigerian missions, labor unions and employers' organizations. Advocates Nigerian positions on global labor issues.

**Core Mandate:** To represent Nigeria's labor interests at International Labour Organization, coordinate ILO engagement, advocate workers' rights, facilitate technical assistance and advance Nigerian labor agenda in global labor governance.

**Statutory Functions:**
(a) Represent Nigeria's labor interests at International Labour Organization headquarters in Geneva
(b) Coordinate Nigeria's participation in International Labour Conference annual sessions
(c) Represent Nigerian government, workers and employers in ILO tripartite structure
(d) Monitor international labor standards, conventions and recommendations
(e) Report on Nigeria's compliance with ratified ILO conventions
(f) Facilitate ILO technical assistance programs to Nigeria on labor issues
(g) Engage ILO on employment policy development for Nigeria
(h) Coordinate technical cooperation on labor legislation modernization
(i) Address child labor issues affecting Nigerian children
(j) Engage on forced labor and trafficking concerns
(k) Advocate freedom of association and collective bargaining rights
(l) Address discrimination in employment affecting Nigerian workers
(m) Coordinate on occupational safety and health standards
(n) Facilitate social protection and social security program development
(o) Engage on youth employment and skills development initiatives
(p) Liaise with Nigerian missions in Geneva on labor matters
(q) Coordinate with Nigerian labor unions and employers' organizations
(r) Participate in ILO technical meetings and expert committees
(s) Advocate Nigerian positions on global labor governance
(t) Advance Nigeria's labor agenda in ILO promoting decent work, workers' rights and social justice globally"
257002001,530. GEOLOGICAL SURVEY OF NIGERIA (GSN),"Geological Survey of Nigeria (GSN) is premier federal geological research institution conducting geological surveys, mineral exploration, geoscience research and providing geological information. Headquartered in Abuja with offices nationwide, operating under Federal Ministry of Solid Minerals Development. Established to systematically map Nigeria's geology, identify mineral resources and provide geoscience data for national development. GSN conducts geological mapping at various scales, geochemical and geophysical surveys, mineral exploration and assessment. Maintains National Geoscience Data Repository holding geological maps, borehole data, geochemical samples and mineral information. Provides technical advice on mining, groundwater, engineering geology, environmental geology and natural hazards. Conducts research on earthquakes, landslides, erosion and geological hazards. Supports mining sector through pre-feasibility studies and mineral potential assessments. Collaborates with universities, international geological surveys and mining companies. Produces and distributes geological maps, reports and databases. Faces challenges from inadequate funding, equipment obsolescence and competition from private sector geological services.

**Core Mandate:** To conduct geological surveys and mapping, explore and assess mineral resources, provide geoscience information, and support mining sector development and national geological knowledge.

**Statutory Functions:**
(a) Conduct systematic geological mapping of Nigeria at various scales (1:50,000 to 1:1,000,000)
(b) Explore and assess Nigeria's mineral resources including metallic and industrial minerals
(c) Conduct geochemical surveys identifying mineralized zones and geochemical anomalies
(d) Perform geophysical surveys using magnetic, electromagnetic and seismic methods
(e) Maintain National Geoscience Data Repository and geological databases
(f) Provide technical advice to Federal Ministry on mining policies and regulations
(g) Conduct groundwater investigations for borehole siting and aquifer assessment
(h) Provide engineering geology services for infrastructure development
(i) Assess geological hazards including earthquakes, landslides and erosion
(j) Monitor seismic activity and earthquake risks across Nigeria
(k) Conduct environmental geology studies on pollution, waste disposal and land degradation
(l) Support mining companies through pre-feasibility mineral assessments
(m) Produce and distribute geological maps, reports and publications
(n) Maintain geochemical sample archive and mineral collections
(o) Conduct petroleum geology research supporting oil/gas exploration
(p) Provide hydrogeology expertise for water resources management
(q) Collaborate with State geological surveys on regional mapping
(r) Train geologists, geophysicists and mineral exploration professionals
(s) Coordinate with international geological surveys and geoscience organizations
(t) Advance Nigeria's geological knowledge, mineral resource base and geoscience capacity supporting mining sector development and evidence-based natural resource management"
252041001,531. HADEJIA-JAMA'ARE RIVER BASIN DEVELOPMENT AUTHORITY (HJRBDA),"Hadejia-Jama'are River Basin Development Authority (HJRBDA) is federal agency managing water resources, irrigation development and agricultural programs in Hadejia-Jama'are river basin. Headquartered in Kano covering Kano, Jigawa, Yobe and Bauchi States in northern Nigeria, operating under Federal Ministry of Water Resources. Established as one of Nigeria's 12 River Basin Development Authorities managing basin water resources. The basin includes Hadejia and Jama'are Rivers flowing into Lake Chad supporting extensive wetlands including Hadejia-Nguru wetlands. HJRBDA develops irrigation schemes, constructs dams, manages water distribution and supports dry season farming. Operates Tiga and Challawa Gorge Dams on Kano River providing irrigation water and flood control. Develops small and medium irrigation schemes for rice, wheat and vegetable production. Manages Hadejia-Nguru wetlands important for fishing, farming and biodiversity. Faces challenges from competing water uses, upstream dam impacts on downstream wetlands, climate variability and inadequate infrastructure maintenance. Supports rice production in Kano-Jigawa-Yobe irrigation schemes.

**Core Mandate:** To manage water resources, develop irrigation infrastructure, support agricultural production and protect wetlands in Hadejia-Jama'are river basin covering northern Nigeria states.

**Statutory Functions:**
(a) Manage water resources in Hadejia-Jama'are river basin across Kano, Jigawa, Yobe, Bauchi States
(b) Develop and operate irrigation schemes for dry season farming
(c) Construct, operate and maintain Tiga and Challawa Gorge Dams
(d) Distribute irrigation water to farmers and agricultural schemes
(e) Support rice, wheat and vegetable production through irrigation
(f) Develop small and medium irrigation infrastructure
(g) Manage Hadejia-Nguru wetlands conservation and sustainable use
(h) Provide flood control and water storage services
(i) Conduct hydrological monitoring and water resources assessment
(j) Allocate water among competing agricultural, domestic and environmental uses
(k) Support fisheries in reservoirs and wetlands
(l) Provide agricultural extension services to irrigated farmers
(m) Maintain irrigation canals, drains and water distribution infrastructure
(n) Conduct environmental impact assessments for water projects
(o) Engage communities in participatory water resources management
(p) Collaborate with State governments on irrigation development
(q) Address upstream-downstream water conflicts and wetland degradation
(r) Monitor water quality in rivers and reservoirs
(s) Adapt to climate variability affecting water availability
(t) Advance irrigation agriculture, water security and wetland conservation supporting rice production and livelihoods in northern Nigeria's critical agricultural basin"
521008001,532. HEALTH RECORDS REGISTRATION BOARD,"Health Records Registration Board is statutory regulatory body overseeing health records and health information management profession in Nigeria. Located in Abuja, operating under Federal Ministry of Health. Established to regulate health information management practitioners ensuring professional standards in medical records, health information systems and data management across healthcare facilities. The Board registers qualified health records officers, accredits health information management training programs and enforces professional conduct standards. Ensures hospitals, clinics and health facilities maintain accurate, confidential patient medical records. Promotes electronic health records adoption and health information technology. Conducts professional examinations and issues practicing licenses. Investigates professional misconduct and enforces disciplinary measures. Collaborates with hospitals, health training institutions and international health information management associations. Addresses challenges from inadequate awareness, paper-based records predominance and limited electronic health records implementation. Critical for healthcare quality, patient safety, medical research and health data management.

**Core Mandate:** To regulate health records and health information management profession, ensure professional standards, promote quality medical records and advance health information systems in Nigeria.

**Statutory Functions:**
(a) Regulate health records and health information management profession in Nigeria
(b) Register qualified health records officers and health information managers
(c) Accredit health information management training programs in universities and polytechnics
(d) Conduct professional qualifying examinations for health records practitioners
(e) Issue practicing licenses to registered health information professionals
(f) Enforce professional conduct and ethical standards in medical records management
(g) Investigate complaints and professional misconduct by health records officers
(h) Impose disciplinary sanctions including suspension or deregistration for violations
(i) Promote accurate, complete and confidential patient medical records
(j) Advance electronic health records (EHR) adoption in healthcare facilities
(k) Develop standards for medical records documentation and management
(l) Promote health information technology and digital health systems
(m) Ensure compliance with medical records regulations across hospitals
(n) Provide continuing professional development for health information managers
(o) Collaborate with hospitals on improving records management systems
(p) Promote patient data privacy and confidentiality standards
(q) Support health research through quality health data management
(r) Coordinate with international health information management associations
(s) Advocate for health information management profession development
(t) Advance healthcare quality, patient safety and evidence-based medicine through professional medical records management and modern health information systems"
341001001,533. INDEPENDENT CORRUPT PRACTICES AND RELATED OFFENCES COMMISSION (ICPC),"Independent Corrupt Practices and Related Offences Commission (ICPC) is federal anti-corruption agency investigating, preventing and prosecuting corruption in public sector. Headquartered in Abuja with zonal offices nationwide, operating as independent statutory body under ICPC Act 2000. Established to combat corruption complementing Economic and Financial Crimes Commission (EFCC). ICPC focuses on corruption prevention, public sector corruption, abuse of office, gratification and system reforms strengthening integrity. Investigates corruption allegations against public officials including bribery, fraud, abuse of office and illicit enrichment. Prosecutes corruption cases in courts. Conducts Corruption Risk Assessments and System Study Reviews identifying corruption vulnerabilities in MDAs. Promotes ethics, integrity and anti-corruption education. Monitors Constituency Projects and capital releases tracking implementation. Receives and investigates petitions from citizens. Operates independently though faces challenges from political interference, inadequate funding, lengthy prosecutions and weak conviction rates. Collaborates with EFCC, CCB, CCT and international anti-corruption agencies.

**Core Mandate:** To prevent, investigate and prosecute corruption in public sector; strengthen integrity systems; promote ethics; and advance anti-corruption reforms in Nigeria.

**Statutory Functions:**
(a) Investigate corruption, bribery and abuse of office allegations in public sector
(b) Prosecute corrupt public officials in courts for corruption offenses
(c) Prevent corruption through system reforms and integrity strengthening
(d) Conduct Corruption Risk Assessments in Ministries, Departments and Agencies
(e) Perform System Study Reviews identifying corruption vulnerabilities
(f) Monitor Constituency Projects and capital releases tracking fund utilization
(g) Receive, investigate and act on corruption petitions from citizens
(h) Investigate gratification, bribery and illicit enrichment by public officials
(i) Prosecute abuse of office, fraud and corruption in procurement
(j) Promote ethics, integrity and anti-corruption values in public service
(k) Conduct anti-corruption education in schools, MDAs and communities
(l) Enforce asset declaration requirements for public officials
(m) Collaborate with EFCC on joint anti-corruption operations
(n) Coordinate with Code of Conduct Bureau on asset verification
(o) Provide technical assistance to MDAs on corruption prevention
(p) Conduct public enlightenment campaigns on corruption reporting
(q) Collaborate with civil society organizations on anti-corruption advocacy
(r) Coordinate with international anti-corruption agencies and conventions
(s) Recommend policy and legislative reforms strengthening anti-corruption frameworks
(t) Advance Nigeria's anti-corruption fight through prevention, investigation, prosecution and systemic reforms reducing corruption in public institutions"
148001001,534. INDEPENDENT NATIONAL ELECTORAL COMMISSION (INEC),"Independent National Electoral Commission (INEC) is Nigeria's electoral management body conducting elections, voter registration and electoral processes. Headquartered in Abuja with offices in all 36 states and 774 Local Governments, operating as constitutionally established independent commission. Mandated by 1999 Constitution and Electoral Act to organize, conduct and supervise elections for President, National Assembly, Governors and State Assemblies. INEC registers voters through Continuous Voter Registration (CVR) maintaining national voter register. Conducts elections including presidential, gubernatorial, National Assembly, State Assembly and Area Council elections. Registers political parties and monitors party activities. Delimits constituencies for electoral purposes. Conducts voter education promoting electoral participation. Procures electoral materials including ballot papers, result sheets and Bimodal Voter Accreditation System (BVAS) technology. Recruits and trains ad hoc election staff. Announces election results and issues Certificates of Return to winners. Faces challenges from electoral violence, logistical difficulties, result manipulation allegations, voter apathy and political interference despite constitutional independence.

**Core Mandate:** To organize, conduct and supervise free, fair and credible elections; register voters and political parties; promote electoral participation; and strengthen Nigeria's democracy through professional electoral management.

**Statutory Functions:**
(a) Organize, conduct and supervise presidential elections every four years
(b) Conduct National Assembly elections for Senate and House of Representatives
(c) Organize gubernatorial elections in 36 states
(d) Conduct State Houses of Assembly elections across Nigeria
(e) Organize Area Council elections in Federal Capital Territory
(f) Register eligible Nigerian citizens as voters through Continuous Voter Registration
(g) Maintain and update National Register of Voters
(h) Register political parties meeting constitutional requirements
(i) Monitor political party activities and campaign finances
(j) Delimit constituencies for National Assembly and State Assemblies
(k) Conduct voter education and public enlightenment on electoral processes
(l) Procure electoral materials including ballot papers and result sheets
(m) Deploy Bimodal Voter Accreditation System (BVAS) for voter authentication
(n) Recruit, train and deploy ad hoc election staff including Presiding Officers
(o) Collate and announce election results at ward, LGA, state and national levels
(p) Issue Certificates of Return to elected officials
(q) Address electoral offenses including vote buying and ballot stuffing
(r) Conduct bye-elections and re-run elections as ordered by courts
(s) Collaborate with security agencies on election security
(t) Advance Nigeria's democracy through credible electoral processes, transparent result management and continuous electoral reforms strengthening public confidence in democratic governance"
227002001,535. INDUSTRIAL ARBITRATION PANEL (IAP),"Industrial Arbitration Panel (IAP) is specialized tribunal adjudicating industrial disputes between employers and workers in Nigeria. Located in Abuja, operating under Federal Ministry of Labour and Employment per Trade Disputes Act. Established to resolve industrial disputes through arbitration avoiding prolonged strikes disrupting economy. IAP hears trade disputes referred by Minister of Labour when conciliation fails. Adjudicates disputes on wages, conditions of employment, termination, unfair labor practices and collective bargaining disagreements. Panel comprises neutral arbitrators with labor law expertise. Conducts hearings, examines evidence, hears parties and issues binding awards. Awards are enforceable in National Industrial Court. Provides faster dispute resolution than courts. Addresses disputes in critical sectors including oil/gas, banking, aviation, health and education. Promotes industrial harmony and peaceful labor relations. Faces challenges from parties' non-compliance with awards, legal challenges to jurisdiction and limited enforcement mechanisms. Complements National Industrial Court and labor ministry conciliation services.

**Core Mandate:** To adjudicate industrial disputes through arbitration, issue binding awards, promote industrial harmony and resolve employer-worker conflicts in Nigerian labor market.

**Statutory Functions:**
(a) Adjudicate industrial disputes referred by Minister of Labour and Employment
(b) Hear trade disputes between employers and workers/unions
(c) Arbitrate disputes on wages, salaries and remuneration
(d) Resolve conflicts over conditions of employment and workplace rights
(e) Adjudicate wrongful termination and unfair dismissal disputes
(f) Address unfair labor practices by employers or unions
(g) Resolve collective bargaining disagreements
(h) Conduct arbitration hearings in industrial dispute cases
(i) Examine evidence, witness testimonies and parties' submissions
(j) Issue binding arbitration awards resolving disputes
(k) Enforce awards through National Industrial Court mechanisms
(l) Prevent or end strikes through binding dispute resolution
(m) Promote industrial peace and harmonious labor relations
(n) Address disputes in critical sectors (oil/gas, banking, aviation, health)
(o) Provide expedited alternative to lengthy court litigation
(p) Protect workers' rights while balancing employers' interests
(q) Interpret collective agreements and employment contracts
(r) Coordinate with Ministry of Labour on labor dispute management
(s) Collaborate with National Industrial Court on enforcement
(t) Advance industrial harmony, prevent disruptive strikes and resolve employer-worker conflicts protecting Nigeria's economic stability and workers' rights"
222005001,536. INDUSTRIAL TRAINING FUND (ITF),"Industrial Training Fund (ITF) is premier federal skills development agency providing vocational training, skills acquisition and human capital development for Nigerian workforce. Headquartered in Jos, Plateau State with Area Offices and Model Skills Training Centres nationwide, operating under Federal Ministry of Industry, Trade and Investment. Established by ITF Act 2011 to promote acquisition of skills in industry and commerce. ITF collects 1% levy from companies with 5+ employees (payroll ≥N50 million annually) financing training programs. Provides skills training in technical trades, industrial skills, entrepreneurship and modern technologies. Operates Model Skills Training Centres offering courses in welding, electrical, automotive, construction, ICT and other trades. Reimburses companies' training costs through levy rebate system. Conducts National Industrial Skills Development Programme (NISDP). Offers entrepreneurship training for unemployed youth. Provides Train-the-Trainer programs for instructors. Conducts apprenticeship programs linking trainees with employers. Addresses youth unemployment, skills mismatch and inadequate technical workforce. Collaborates with industries, training institutions and international skills development agencies.

**Core Mandate:** To promote skills acquisition, provide vocational training, develop industrial workforce, support entrepreneurship and reduce unemployment through comprehensive skills development programs.

**Statutory Functions:**
(a) Promote acquisition of industrial, technical and vocational skills across sectors
(b) Collect 1% training levy from companies with 5+ employees for training funding
(c) Administer levy rebate scheme reimbursing companies' approved training costs
(d) Operate Model Skills Training Centres providing practical vocational training
(e) Conduct National Industrial Skills Development Programme (NISDP)
(f) Provide skills training in welding, fabrication, electrical and mechanical trades
(g) Offer automotive mechanics, building construction and plumbing training
(h) Conduct ICT, computer and digital skills training programs
(i) Provide entrepreneurship training for unemployed youth and graduates
(j) Conduct Train-the-Trainer programs for vocational instructors
(k) Organize apprenticeship programs linking trainees with industries
(l) Provide on-the-job training and industrial attachments
(m) Conduct skills gap analyses identifying workforce training needs
(n) Develop training curricula and competency standards for trades
(o) Certify trainees completing ITF skills programs
(p) Collaborate with industries on customized workforce training
(q) Support women and persons with disabilities skills training
(r) Provide mobile training reaching rural and underserved areas
(s) Coordinate with TVETIs, polytechnics and technical colleges
(t) Advance Nigeria's human capital development, reduce unemployment and build skilled industrial workforce supporting manufacturing, construction and economic diversification"
159001001,537. INFRASTRUCTURE CONCESSION REGULATORY COMMISSION (ICRC),"Infrastructure Concession Regulatory Commission (ICRC) is federal regulatory agency overseeing Public-Private Partnerships (PPPs) and infrastructure concessions in Nigeria. Headquartered in Abuja, operating under Infrastructure Concession Regulatory Commission Act 2005 under Presidency. Established to regulate PPP projects ensuring value for money, fiscal sustainability and public interest protection. ICRC provides technical support to MDAs developing PPP projects. Conducts Outline Business Case (OBC) and Full Business Case (FBC) reviews approving projects. Issues Compliance Certificates for PPP projects meeting regulatory requirements. Monitors concession agreements implementation. Maintains PPP project database. Provides capacity building for MDAs on PPP procurement. Develops guidelines, regulations and standard templates for PPP contracts. Conducts Value for Money assessments ensuring taxpayers benefit from PPPs. Reviews unsolicited proposals from private sector. Addresses fiscal risks from government guarantees in PPPs. Promotes transparent, competitive PPP procurement. Has reviewed major projects including Lekki-Epe Expressway, Murtala Muhammed Airport Terminal 2 and others. Faces challenges from limited PPP financing, capacity gaps and slow project approvals.

**Core Mandate:** To regulate Public-Private Partnerships, ensure value for money, provide technical PPP support to MDAs, monitor concessions and promote sustainable infrastructure delivery through private sector participation.

**Statutory Functions:**
(a) Regulate Public-Private Partnership (PPP) projects across federal MDAs
(b) Review and approve Outline Business Cases (OBC) for PPP projects
(c) Review and approve Full Business Cases (FBC) before PPP procurement
(d) Issue Compliance Certificates to PPP projects meeting regulatory requirements
(e) Monitor implementation of concession agreements and PPP contracts
(f) Provide technical support to MDAs developing PPP projects
(g) Conduct Value for Money (VfM) assessments ensuring public benefits
(h) Review unsolicited proposals from private sector investors
(9) Develop PPP regulations, guidelines and policy frameworks
(j) Create standard PPP contract templates and model agreements
(k) Conduct capacity building training for MDAs on PPP procurement
(l) Assess fiscal risks from government guarantees in PPP projects
(m) Maintain PPP project database and disclosure portal
(n) Promote transparent, competitive PPP procurement processes
(o) Address Public Sector Comparator (PSC) analyses
(p) Review PPP project feasibility studies and financial models
(q) Coordinate with Infrastructure Bank on PPP project financing
(r) Collaborate with Debt Management Office on fiscal sustainability
(s) Engage private sector on improving PPP investment climate
(t) Advance sustainable infrastructure delivery, fiscal prudence and private sector participation in roads, airports, power and other critical infrastructure through professional PPP regulation"
119006001,538. INSTITUTE FOR PEACE AND CONFLICT RESOLUTION (IPCR),"Institute for Peace and Conflict Resolution (IPCR) is federal agency promoting peace, preventing conflicts and mediating disputes across Nigeria. Located in Abuja, operating under Office of Secretary to Government of the Federation. Established in 2000 to address Nigeria's numerous conflicts including ethnic, religious, communal, land and political disputes. IPCR conducts conflict early warning monitoring potential flashpoints. Provides mediation and dialogue facilitation in communal conflicts. Conducts peace education and training on conflict resolution. Develops National Policy on Peacebuilding and Conflict Management. Operates Peace and Conflict Review magazine. Trains security personnel, traditional rulers, religious leaders and youth in conflict prevention. Conducts research on conflict drivers and peace interventions. Mediates farmer-herder conflicts, communal clashes, electoral violence and boundary disputes. Collaborates with ECOWAS Early Warning System. Provides conflict assessments for government interventions. Organizes peace summits and dialogue forums. Faces challenges from proliferation of conflicts, limited resources, enforcement gaps and political interference in conflict mediation.

**Core Mandate:** To promote peace, prevent conflicts, provide mediation services, conduct peace education and support government conflict resolution efforts across Nigeria.

**Statutory Functions:**
(a) Promote peace, stability and conflict prevention across Nigeria
(b) Conduct conflict early warning monitoring potential crisis areas
(c) Provide mediation and dialogue facilitation in communal conflicts
(d) Conduct peace education and conflict resolution training
(e) Train security personnel on conflict-sensitive approaches
(f) Provide peace and conflict training for traditional and religious leaders
(g) Conduct conflict resolution training for youth and civil society
(h) Develop National Policy on Peacebuilding and Conflict Management
(i) Conduct research on conflict drivers, dynamics and peace interventions
(j) Mediate farmer-herder conflicts destroying livelihoods
(k) Address communal clashes and ethnic conflicts
(l) Prevent and mitigate electoral violence during elections
(m) Mediate boundary disputes between communities and states
(n) Coordinate Nigeria's participation in ECOWAS Early Warning System
(o) Provide conflict assessments informing government interventions
(p) Organize peace summits, dialogue forums and reconciliation programs
(q) Publish Peace and Conflict Review journal promoting knowledge
(r) Collaborate with civil society organizations on peacebuilding
(s) Monitor conflict-affected areas for peace process sustainability
(t) Advance peaceful coexistence, conflict prevention and sustainable peace supporting Nigeria's stability amid ethnic, religious and communal tensions"
215015001,"539. INSTITUTE OF AGRICULTURAL RESEARCH AND TRAINING (IAR&T), IBADAN","Institute of Agricultural Research and Training (IAR&T) Ibadan is federal agricultural research institution conducting research on tropical agriculture, crop production and agricultural technologies. Located at Moor Plantation, Ibadan, Oyo State, operating under Agricultural Research Council of Nigeria and Federal Ministry of Agriculture. Established in 1969 focusing on southwestern Nigeria agroecological zone. IAR&T conducts research on major crops including cassava, maize, yam, cocoa, oil palm, plantain, vegetables and tree crops. Develops improved crop varieties with higher yields, disease resistance and climate adaptation. Researches soil fertility management, integrated pest management and sustainable farming systems. Conducts agroforestry and soil conservation research. Develops agricultural technologies and farming practices. Trains farmers, extension agents and agricultural students. Multiplies and distributes improved seeds and planting materials. Operates demonstration farms showcasing research results. Publishes research findings and technical bulletins. Collaborates with IITA, universities and international agricultural research centers. Addresses food security, climate change adaptation and sustainable agriculture in southwestern Nigeria and beyond.

**Core Mandate:** To conduct agricultural research, develop improved crop varieties, generate agricultural technologies and provide training supporting food security and agricultural development in Nigeria.

**Statutory Functions:**
(a) Conduct agricultural research on tropical crop production and farming systems
(b) Develop improved varieties of cassava with higher yields and disease resistance
(c) Research maize, yam, cocoa, oil palm and plantain improvement
(d) Develop climate-resilient crop varieties adapting to changing conditions
(e) Conduct soil fertility management and soil conservation research
(f) Research integrated pest and disease management for major crops
(g) Develop sustainable farming systems and agroecological practices
(h) Conduct agroforestry research integrating trees with crops
(i) Research post-harvest handling, processing and value addition
(j) Develop agricultural mechanization technologies
(k) Multiply and distribute improved seeds and planting materials to farmers
(l) Train farmers on improved agricultural practices and technologies
(m) Provide training for agricultural extension agents
(n) Conduct farmer field schools and demonstration farms
(o) Publish research findings in scientific journals and extension bulletins
(p) Operate research farms across agroecological zones
(q) Collaborate with IITA, CGIAR centers and international research networks
(r) Conduct adaptive research tailoring technologies to local conditions
(s) Address climate change impacts on agriculture through research
(t) Advance food security, agricultural productivity and sustainable farming in southwestern Nigeria and nationally through scientific research and technology generation"
215009001,"540. INSTITUTE FOR AGRICULTURAL RESEARCH (IAR), ZARIA","Institute for Agricultural Research (IAR) Zaria is premier federal agricultural research institution conducting research on crops, livestock and agricultural systems in northern Nigeria. Located at Ahmadu Bello University, Samaru, Zaria, Kaduna State, operating under Agricultural Research Council of Nigeria and Federal Ministry of Agriculture. Established in 1922 (originally as research station), IAR is Nigeria's oldest agricultural research institute. Focuses on savanna agroecology covering northern Nigeria. Conducts research on sorghum, millet, groundnut, cowpea, rice, cotton, sesame and other dryland crops. Develops drought-tolerant crop varieties for semi-arid regions. Researches livestock production including cattle, small ruminants and poultry. Conducts integrated crop-livestock systems research. Develops farming systems for sustainable Sahel agriculture. Researches soil and water conservation for semi-arid environments. Provides technical advice on agricultural policies. Trains farmers, extension workers and students. Multiplies and distributes seeds of improved varieties. Collaborates with ICRISAT, IITA and international dryland agriculture research centers. Addresses food security, drought resilience and poverty in northern Nigeria's agricultural economy.

**Core Mandate:** To conduct agricultural research for savanna agroecology, develop drought-tolerant crop varieties, research livestock systems and support northern Nigeria's agricultural development and food security.

**Statutory Functions:**
(a) Conduct agricultural research for savanna and semi-arid agroecological zones
(b) Develop improved sorghum and millet varieties for dryland agriculture
(c) Research groundnut, cowpea, rice, cotton and sesame improvement
(d) Develop drought-tolerant crop varieties for semi-arid northern regions
(e) Conduct livestock research on cattle, goats, sheep and poultry production
(f) Research integrated crop-livestock farming systems
(g) Develop sustainable farming systems for Sahel agriculture
(h) Conduct soil fertility and water conservation research for drylands
(i) Research climate change adaptation for semi-arid agriculture
(j) Develop agricultural mechanization for savanna farming
(k) Research pest and disease management for dryland crops
(l) Multiply and distribute improved seeds to northern farmers
(m) Train farmers on drought-resilient agricultural practices
(n) Provide extension training for agricultural development workers
(o) Conduct adaptive research tailoring technologies to savanna conditions
(p) Operate research farms across northern agroecological zones
(q) Publish research findings and extension materials
(r) Collaborate with ICRISAT on dryland crops research
(s) Coordinate with IITA and CGIAR centers on agricultural research
(t) Advance food security, drought resilience and sustainable agriculture in northern Nigeria through scientific research addressing semi-arid farming challenges and supporting millions of smallholder farmers"
119009102,# NIGERIAN FEDERAL AGENCY MANDATES: AGENCIES 481-500,"**MDA Code:** 119009102

Nigeria's Foreign Mission in Tunis, Tunisia, is a diplomatic mission representing Federal Republic of Nigeria in Tunisian Republic. Located in Tunis, Tunisia's capital on Mediterranean coast and birthplace of Arab Spring uprisings, operating under Federal Ministry of Foreign Affairs. The mission manages Nigeria's relationship with North African moderate democracy. Tunisia's 2011 Jasmine Revolution sparked Arab Spring across Middle East and North Africa. Limited Nigerian community includes students attracted by Arab-African culture, traders and migrants using Tunisia as transit point attempting Mediterranean crossing to Europe. Tunisia maintained democracy better than other Arab Spring countries but faces severe economic challenges, youth unemployment and political instability. Nigerian migrants detained in Tunisia while attempting European entry. Both countries cooperate in African Union. Tunisia has agricultural expertise particularly olive production and tourism experience. Historic Carthage heritage provides cultural richness. The mission addresses irregular migration transit issues, promotes bilateral trade, coordinates AU engagement, protects limited diaspora and maintains North African presence while supporting Tunisia's fragile democratic experiment.

**Core Mandate:** To represent Nigeria's interests in Tunisia, manage migration transit issues, promote bilateral trade, support democratic transition, protect diaspora and maintain North African diplomatic presence.

**Statutory Functions:**
(a) Represent Federal Republic of Nigeria maintaining diplomatic relations with Tunisia
(b) Address irregular migration with Nigerians transiting Tunisia attempting Mediterranean European entry
(c) Protect Nigerian migrants detained or stranded in Tunisia en route to Europe
(d) Provide consular services to limited Nigerian community including students
(e) Promote bilateral trade and Tunisian investment in Nigerian economy
(f) Coordinate Nigeria-Tunisia cooperation in African Union on continental issues
(g) Support Tunisia's democratic transition as Arab Spring's only remaining success story
(h) Monitor Tunisia's political and economic challenges post-2011 revolution
(i) Report to Federal Ministry of Foreign Affairs on Tunisia and North African developments
(j) Issue emergency travel documents to Nigerians
(k) Facilitate educational cooperation with Tunisian universities
(l) Study Tunisia's agricultural sector particularly olive production for Nigerian application
(m) Address Nigerian migrants using Tunisia as Mediterranean crossing point to Italy/Europe
(n) Coordinate with IOM on voluntary return programs for stranded migrants
(o) Learn from Tunisia's democratic transition challenges and economic difficulties
(p) Liaise with Tunisian government on migration management and bilateral cooperation
(q) Coordinate with North African and European missions on migration issues
(r) Facilitate limited high-level diplomatic visits between both countries
(s) Promote Nigeria's positive image in North Africa and Arab world
(t) Advance Nigeria's interests in North African engagement, migration management and African Union cooperation"
119009116,482. FOREIGN MISSION: VATICAN,"Nigeria's Foreign Mission to Vatican City (Holy See) is a specialized diplomatic mission representing Federal Republic of Nigeria to Vatican City State and global Catholic Church. Located in Vatican City, world's smallest sovereign state within Rome, operating under Federal Ministry of Foreign Affairs. The mission manages Nigeria's religious diplomatic relationship with Catholic Church headquarters and Pope. Nigeria has Africa's largest Catholic population with approximately 30 million Catholics representing about 15% of Nigerian population concentrated in southern regions. Vatican exercises significant influence over Nigerian Catholics and provides humanitarian assistance to Nigeria. Nigerian Cardinals including Francis Arinze participate in Papal elections and Vatican leadership. Vatican addresses Nigerian religious conflicts, Boko Haram persecution of Christians and promotes inter-religious dialogue between Nigerian Christians and Muslims. Pope Francis has condemned Boko Haram attacks on Nigerian Christians. Vatican City hosts Nigerian Catholic pilgrims visiting St. Peter's Basilica. The mission coordinates religious diplomacy, addresses Christian persecution in northern Nigeria, facilitates Vatican humanitarian assistance, protects Nigerian pilgrims and represents Nigerian Catholic interests to global Church leadership.

**Core Mandate:** To represent Nigeria to Vatican/Holy See, coordinate religious diplomacy, address Christian persecution, facilitate Church humanitarian assistance and represent Africa's largest Catholic population to global Church.

**Statutory Functions:**
(a) Represent Federal Republic of Nigeria to Holy See and Vatican City State
(b) Coordinate diplomatic relations with global Catholic Church headquarters and Pope
(c) Represent Nigeria's 30 million Catholics, constituting Africa's largest Catholic population
(d) Address Boko Haram persecution and killing of Nigerian Christians with Vatican
(e) Facilitate Vatican humanitarian assistance and Catholic Church development aid to Nigeria
(f) Coordinate religious dialogue initiatives addressing Nigeria's Christian-Muslim tensions
(g) Support Nigerian Cardinals' participation in Papal elections, Conclaves and Church leadership
(h) Monitor Vatican positions on Nigerian conflicts, humanitarian crises and political developments
(i) Report to Federal Ministry of Foreign Affairs on Vatican diplomacy and religious matters
(j) Provide consular services to Nigerian Catholic pilgrims visiting Vatican City
(k) Facilitate Papal messages, statements and positions on Nigerian issues
(l) Address inter-religious violence affecting Nigerian Christian communities
(m) Issue emergency travel documents to Nigerian pilgrims in Vatican
(n) Coordinate Catholic Church development assistance programs operating in Nigeria
(o) Engage Vatican on Nigerian religious freedom concerns and Christian rights
(p) Support Nigerian Catholic institutions, dioceses and clergy
(q) Liaise with Vatican Secretariat of State and diplomatic service on bilateral issues
(r) Facilitate high-level religious visits including bishops and Papal audiences for Nigerian leaders
(s) Promote Nigerian Catholic interests in global Church policy and governance
(t) Advance Nigeria's religious diplomacy, inter-faith dialogue and Christian protection through Vatican engagement"
119009103,483. FOREIGN MISSION: VIENNA,"Nigeria's Foreign Mission in Vienna, Austria, is a diplomatic mission representing Federal Republic of Nigeria in Republic of Austria with accreditation to international organizations headquartered in Vienna. Located in Vienna, Austria's capital on Danube River hosting major UN agencies and international organizations, operating under Federal Ministry of Foreign Affairs. The mission manages limited Nigeria-Austria bilateral relations but holds strategic importance for international organization engagement. Vienna hosts UN Office (UNOV), International Atomic Energy Agency (IAEA), Organization of Petroleum Exporting Countries (OPEC) headquarters, Organization for Security and Cooperation in Europe (OSCE) and numerous other international bodies. Limited Nigerian diaspora includes students and professionals. Austria is wealthy EU member with strong economy and culture. Nigeria engages IAEA on peaceful nuclear energy development for electricity generation addressing power shortages. OPEC headquarters location makes Vienna absolutely critical for coordinating oil production policies and prices. The mission coordinates OPEC ministerial meetings, participates in IAEA nuclear cooperation programs, engages UN agencies, protects limited diaspora and maintains crucial presence in international organization hub city.

**Core Mandate:** To represent Nigeria in Austria, coordinate critical OPEC engagement at headquarters, participate in IAEA nuclear cooperation, engage international organizations and maintain Vienna diplomatic presence.

**Statutory Functions:**
(a) Represent Federal Republic of Nigeria in Austria with accreditation to Vienna international organizations
(b) Coordinate Nigeria's OPEC participation with organization headquarters permanently in Vienna
(c) Engage International Atomic Energy Agency on Nigerian nuclear energy development programs
(d) Participate in UN Office in Vienna and related specialized agencies
(e) Protect limited Nigerian community including students in Austria
(f) Provide consular services to Nigerians across Austria
(g) Coordinate OPEC ministerial conferences and oil policy discussions in Vienna
(h) Monitor Austria's political and economic developments
(i) Report to Federal Ministry of Foreign Affairs on Austria and international organization matters
(j) Facilitate Nigerian participation in IAEA technical cooperation programs for peaceful nuclear use
(k) Issue emergency travel documents to Nigerians
(l) Engage Organization for Security and Cooperation in Europe on security matters
(m) Promote limited Austrian investment in Nigerian economy
(n) Support Nigerian students in Austrian universities
(o) Coordinate through OPEC on oil production quotas, pricing strategies and market management
(p) Liaise with Austrian government on bilateral cooperation matters
(q) Coordinate with international organizations and diplomatic missions based in Vienna
(r) Facilitate limited high-level diplomatic and ministerial visits
(s) Engage Vienna-based agencies on development cooperation and technical assistance
(t) Advance Nigeria's critical interests in OPEC oil policy coordination, nuclear energy development and international organization engagement"
119009104,484. FOREIGN MISSION: WARSAW,"Nigeria's Foreign Mission in Warsaw, Poland, is a diplomatic mission representing Federal Republic of Nigeria in Republic of Poland. Located in Warsaw, Poland's capital rebuilt after WWII devastation, operating under Federal Ministry of Foreign Affairs. The mission manages limited bilateral engagement with Central European EU member experiencing rapid economic growth. Growing Nigerian community includes students attracted by affordable EU education quality and migrants. Poland played crucial unexpected role during Russia's February 2022 invasion of Ukraine, serving as primary evacuation route for thousands of Nigerian students fleeing Ukraine through Polish border crossings. Polish authorities and citizens provided humanitarian assistance to evacuating Nigerian students. Some Nigerian irregular migrants transit Poland attempting Western European entry. Poland's economic transformation from communism to emerging EU economy creates opportunities. However, Poland has conservative Law and Justice government and some anti-immigrant sentiment in society. Limited Polish investment in Nigeria. The mission protects growing diaspora, coordinates Ukraine border crossing support during evacuations, promotes educational cooperation, facilitates minimal trade and maintains Central European diplomatic presence despite limited bilateral engagement.

**Core Mandate:** To represent Nigeria's interests in Poland, protect diaspora, coordinate Ukraine border evacuation support, promote educational ties and maintain Central European diplomatic presence.

**Statutory Functions:**
(a) Represent Federal Republic of Nigeria maintaining diplomatic relations with Poland
(b) Protect growing Nigerian community including students and migrants
(c) Coordinate with Polish authorities on Ukrainian border crossings during Nigerian student evacuations from war
(d) Provide consular services to Nigerians across Poland
(e) Facilitate educational cooperation with Polish universities offering affordable EU education
(f) Address Nigerian students who fled Ukraine war through Poland requiring temporary support
(g) Monitor Poland's political and economic developments in post-communist context
(h) Report to Federal Ministry of Foreign Affairs on Poland and Central European matters
(i) Address irregular migration and asylum cases involving Nigerian nationals
(j) Issue emergency travel documents to Nigerians including Ukraine evacuees
(k) Promote limited bilateral trade and investment between Nigeria and Poland
(l) Navigate Poland's conservative politics and immigration policy debates
(m) Support Nigerian students enrolled in Polish universities
(n) Coordinate Nigeria's EU engagement through Polish membership
(o) Address anti-immigrant sentiment affecting Nigerian community
(p) Liaise with Polish government on migration management and bilateral issues
(q) Coordinate with Central European diplomatic missions on regional matters
(r) Facilitate limited diplomatic exchanges when opportunities arise
(s) Maintain Nigerian diplomatic presence in emerging Central European economy
(t) Advance Nigeria's interests in Central European engagement, educational cooperation and Ukraine crisis support"
119009105,485. FOREIGN MISSION: WASHINGTON,"Nigeria's Foreign Mission in Washington DC, United States, is one of Nigeria's most strategically critical diplomatic missions representing Federal Republic of Nigeria in United States of America. Located in Washington DC, US capital and global superpower headquarters, operating under Federal Ministry of Foreign Affairs. The mission manages Nigeria's single most important bilateral relationship outside Africa with world's only superpower and largest economy. Massive Nigerian diaspora exceeding 400,000 makes United States home to largest Nigerian community outside Nigeria, concentrated in Texas, Maryland, New York, California and Georgia. US is Nigeria's major trading partner, largest foreign investor and significant development assistance provider through USAID. Hundreds of thousands of Nigerian students study across American universities. US military cooperation includes equipment, training and intelligence support for Nigerian counter-Boko Haram operations. However, relations experience periodic strains from US human rights concerns about Nigerian security forces, visa restrictions affecting Nigerians, terrorism designation debates and President Trump's reported 2018 ""shithole countries"" comment including Nigeria. The mission coordinates vast bilateral relations spanning security cooperation, trade and investment, massive diaspora engagement, development assistance while addressing contentions and managing this crucial superpower relationship affecting Nigerian interests globally.

**Core Mandate:** To represent Nigeria in US superpower, protect massive diaspora exceeding 400,000, coordinate extensive security/trade/investment cooperation, manage human rights tensions and advance most crucial bilateral relationship.

**Statutory Functions:**
(a) Represent Federal Republic of Nigeria maintaining most strategically critical relationship with United States superpower
(b) Protect massive Nigerian diaspora exceeding 400,000 making US home to largest Nigerian community outside Nigeria
(c) Coordinate extensive US military assistance including equipment and training for Nigerian counter-Boko Haram operations
(d) Promote substantial US investment in Nigerian oil, gas, telecommunications, banking and infrastructure sectors
(e) Facilitate bilateral trade making United States Nigeria's major trading partner
(f) Coordinate US development assistance programs through USAID supporting Nigerian development
(g) Address contentious human rights criticisms from US State Department annual reports
(h) Navigate visa restrictions and travel bans periodically affecting Nigerians seeking US entry
(i) Support hundreds of thousands of Nigerian students across American universities nationwide
(j) Report to Federal Ministry of Foreign Affairs on US political developments and bilateral relations
(k) Coordinate with New York Consulate General on diaspora services in northeastern states
(l) Address terrorism designation debates affecting bilateral security cooperation and Nigeria's image
(m) Engage US Congress on Nigeria-related legislation, resolutions and appropriations
(n) Facilitate Nigerian diaspora remittances exceeding billions of dollars annually to Nigeria
(o) Coordinate US-Nigeria military training programs, joint exercises and equipment supplies
(p) Address negative media portrayal and stereotypes about Nigeria in American discourse
(q) Liaise extensively with White House, State Department, Pentagon, USAID and federal agencies
(r) Facilitate high-level presidential, vice-presidential and ministerial visits between both countries
(s) Promote Nigeria's democratic credentials, economic potential and strategic importance
(t) Advance multifaceted Nigeria-US strategic partnership spanning security, economy, democracy and global cooperation despite periodic human rights and policy tensions"
119009106,486. FOREIGN MISSION: WINDHOEK,"Nigeria's Foreign Mission in Windhoek, Namibia, is a diplomatic mission representing Federal Republic of Nigeria in Republic of Namibia. Located in Windhoek, Namibia's capital in Southern African plateau region, operating under Federal Ministry of Foreign Affairs. The mission manages limited bilateral engagement with sparsely populated Southern African country (population 2.5 million). Minimal Nigerian community present. Namibia is stable multi-party democracy with significant mineral wealth including uranium (world's third-largest producer), diamonds, zinc and copper, plus growing tourism sector. Both countries cooperate in African Union and SADC-ECOWAS partnerships linking West and Southern African regional organizations. Nigeria supported Namibia's liberation struggle against South African apartheid occupation during 1970s-1980s when South Africa illegally occupied territory. Namibia gained independence in 1990 following Nigerian diplomatic support in UN and African forums. Namibia demonstrates good governance, low corruption and democratic stability under SWAPO party. The mission leverages historical liberation-era solidarity, promotes minimal bilateral trade, coordinates SADC-ECOWAS regional integration, maintains Southern African diplomatic presence and facilitates limited cooperation with stable well-governed democracy.

**Core Mandate:** To represent Nigeria's interests in Namibia, leverage liberation support legacy, promote bilateral trade, coordinate SACD-ECOWAS integration and maintain Southern African diplomatic presence.

**Statutory Functions:**
(a) Represent Federal Republic of Nigeria maintaining diplomatic relations with Namibia
(b) Leverage Nigeria's historical support for Namibian liberation against South African occupation
(c) Protect minimal Nigerian community in Namibia
(d) Provide consular services to limited number of Nigerians
(e) Promote bilateral trade and investment from negligible current levels
(f) Coordinate SADC-ECOWAS cooperation on regional integration linking Southern and West Africa
(g) Monitor Namibia's political and economic developments
(h) Report to Federal Ministry of Foreign Affairs on Namibia and Southern African matters
(i) Study Namibia's good governance record as African success story
(j) Issue emergency travel documents to Nigerians when needed
(k) Facilitate cooperation in mining and mineral sectors given both countries' resources
(l) Promote Namibian investment opportunities to Nigerian businesses
(m) Assess Namibia's tourism development model for Nigerian tourism sector application
(n) Liaise with Namibian government on bilateral cooperation opportunities
(o) Coordinate with Southern African Development Community on regional integration
(p) Facilitate limited diplomatic visits when opportunities arise
(q) Maintain Nigerian diplomatic presence across Southern African region
(r) Learn from Namibia's anti-corruption successes and democratic stability
(s) Promote Africa-wide cooperation through African Union continental frameworks
(t) Advance Nigeria's interests in Southern African regional engagement and maintaining diplomatic coverage across continent"
119009107,487. FOREIGN MISSION: YAOUNDÉ,"Nigeria's Foreign Mission in Yaoundé, Cameroon, is Nigeria's primary diplomatic mission to Republic of Cameroon serving as embassy headquarters (note: separate consular offices may exist in Buea/Douala). Located in Yaoundé, Cameroon's political capital in central highlands, operating under Federal Ministry of Foreign Affairs. The mission manages absolutely crucial relationship with major eastern neighbor sharing Africa's sixth-longest international border at 1,690 km. Nigeria-Cameroon relations complicated by decades-long Bakassi Peninsula territorial dispute finally resolved by International Court of Justice in 2002 awarding oil-rich peninsula to Cameroon despite Nigerian occupation, creating painful territorial loss. Both countries cooperate extensively on Lake Chad Basin security operations against Boko Haram/ISWAP terrorism threatening both nations. Significant cross-border trade occurs given shared border. Substantial population movement between countries with cross-border ethnic communities. Nigerian refugees fled to Cameroon during 1967-1970 civil war; currently Cameroonian refugees flee anglophone crisis violence to Nigeria reversing flows. Cameroon's anglophone regions (Northwest and Southwest) face separatist armed conflict affecting border security. The mission coordinates vital security cooperation, manages post-Bakassi relations and resettlement, facilitates extensive cross-border trade, protects Nigerian diaspora and maintains crucial neighbor partnership despite complex historical tensions and ongoing challenges.

**Core Mandate:** To represent Nigeria in Cameroon political capital, coordinate security cooperation, manage post-Bakassi relations, facilitate trade, protect diaspora and maintain absolutely crucial eastern neighbor partnership.

**Statutory Functions:**
(a) Represent Federal Republic of Nigeria as primary embassy mission in Cameroon political capital Yaoundé
(b) Manage complex post-Bakassi Peninsula relations following painful ICJ territorial loss to Cameroon
(c) Coordinate extensive Nigeria-Cameroon security cooperation against Boko Haram terrorism in Lake Chad Basin
(d) Protect substantial Nigerian community across Cameroon coordinating with any consular offices in Buea/Douala
(e) Facilitate extensive cross-border trade and economic cooperation across 1,690 km shared border
(f) Monitor Cameroon's anglophone crisis and separatist violence affecting Nigerian border regions
(g) Report to Federal Ministry of Foreign Affairs on Cameroon political developments and border security
(h) Coordinate through Lake Chad Basin Commission and Multinational Joint Task Force on regional security
(i) Address sensitive Nigerian-Cameroonian border management issues and territorial disputes
(j) Provide consular services to substantial Nigerian diaspora throughout Cameroon
(k) Issue emergency travel documents to Nigerians
(l) Facilitate refugee protection and assistance in both directions across border
(m) Coordinate Nigerian-Cameroonian military and intelligence cooperation on counter-terrorism
(n) Promote bilateral trade leveraging extensive shared border and economic complementarities
(o) Monitor Bakassi Peninsula resettlement and rights of Nigerian populations in ceded territory
(p) Liaise closely with Cameroon government on complex bilateral security and political issues
(q) Coordinate with ECCAS (Economic Community of Central African States) and Lake Chad organizations
(r) Facilitate high-level presidential and ministerial visits addressing sensitive bilateral matters
(s) Promote border security, maritime boundary cooperation and offshore oil block development
(t) Advance Nigeria's critical interests in vital eastern neighbor security partnership, managing Bakassi legacy and Lake Chad Basin counterterrorism coordination"
119003001,488. FOREIGN SERVICE ACADEMY (FSA),"Foreign Service Academy (FSA) is Nigeria's premier diplomatic training institution responsible for preparing Nigerian diplomats, foreign service officers and international relations professionals for representing Nigeria globally. Located in Nigeria (specific location may be Abuja or Lagos), operating under Federal Ministry of Foreign Affairs. The Academy provides comprehensive professional training for career diplomats including diplomatic protocol, international law, diplomatic practice, multilateral and bilateral negotiation, consular services, trade and economic diplomacy, public diplomacy and specialized area studies. FSA trains entry-level foreign service officers fresh from recruitment, mid-career diplomats requiring professional development and senior officials preparing for ambassadorial postings across Nigeria's 120+ foreign missions worldwide. Curriculum covers UN system operations, African Union engagement, ECOWAS regional integration, crisis management, diaspora engagement, digital diplomacy and cultural representation. The Academy ensures Nigerian diplomats possess professional competence, ethical standards and skills necessary for effectively representing Nigeria's interests across diverse global contexts from Washington to Windhoek, Beijing to Bamako. Coordinates with international diplomatic training institutions and academies worldwide.

**Core Mandate:** To train Nigerian diplomats and foreign service officers, develop diplomatic skills, ensure professional competence and prepare officials for international representation across Nigeria's global diplomatic network.

**Statutory Functions:**
(a) Train entry-level Foreign Service Officers following recruitment for Nigerian diplomatic service
(b) Provide mid-career professional development courses for serving diplomats requiring skills upgrading
(c) Prepare senior officials for ambassadorial appointments and mission leadership positions
(d) Teach diplomatic protocol, etiquette and international ceremonial practices
(e) Train officers in international law, treaties, conventions and diplomatic legal frameworks
(f) Develop multilateral negotiation skills for UN, AU and international conferences
(g) Provide bilateral diplomacy training for embassy operations and host country relations
(h) Train comprehensively in consular services including passport issuance, visa processing and citizen protection
(i) Develop trade promotion and economic diplomacy capabilities
(j) Train in crisis management, emergency response and evacuation operations
(k) Provide specialized area studies on regions where Nigeria maintains diplomatic missions
(l) Train in public diplomacy, media relations and national image projection
(m) Develop cultural sensitivity, intercultural communication and adaptation skills
(n) Provide extensive language training in French, Arabic, Portuguese, Spanish, Chinese and other languages
(o) Train in diplomatic correspondence, report writing and cable communication
(p) Develop leadership, management and supervisory skills for mission management
(q) Provide training in emerging diplomatic areas including digital diplomacy and cyber issues
(r) Conduct research on Nigerian foreign policy evolution and diplomatic best practices
(s) Coordinate with international diplomatic training institutions for exchange programs
(t) Ensure Nigerian diplomats possess comprehensive competence for representing Nigeria professionally across 120+ missions spanning every continent and diverse political, cultural and economic contexts globally"
535014001,489. FORESTRY MECHANISATION COLLEGE AFAKA,"Forestry Mechanisation College Afaka is a specialized federal technical college providing forestry mechanization, forest engineering and sustainable forest management training. Located in Afaka area, Kaduna State in northern Nigeria, operating under Federal Ministry of Environment or Federal Ministry of Agriculture and Food Security depending on administrative structure. The college trains forestry technicians, forest engineers, forest mechanization specialists and sustainable forestry practitioners addressing Nigeria's critical forestry sector needs. Nigeria faces severe deforestation crisis losing approximately 3.5-4% of forest cover annually, among world's highest deforestation rates. Curriculum covers forestry mechanization equipment operation and maintenance, timber harvesting techniques, sustainable logging operations, forest road construction and engineering, sawmill operations and management, wood processing technology and forest product utilization. Provides practical hands-on training in operating chainsaws, forest tractors, log haulers, sawmills and other forest machinery. Addresses critical shortage of skilled forestry professionals needed for sustainable forest management, reforestation programs and forest conservation. Graduates work in State Forestry Departments, timber companies, environmental agencies, forest conservation NGOs and forest products industries.

**Core Mandate:** To provide specialized forestry mechanization training, develop forest engineering skills and prepare technicians for sustainable forest management, timber industry operations and forest conservation addressing deforestation crisis.

**Statutory Functions:**
(a) Provide specialized technical training in forestry mechanization and forest engineering
(b) Train students in forest machinery operation including chainsaws, tractors and harvesting equipment
(c) Develop skills in sustainable forest management practices and conservation techniques
(d) Teach timber harvesting methods balancing production with environmental sustainability
(e) Train comprehensively in logging operations, log extraction and timber transport
(f) Provide sawmill operations training including saw maintenance and wood processing
(g) Teach forest road construction, planning and engineering for timber access
(h) Develop competence in forest product utilization and value-added processing
(i) Train in forest mechanization equipment maintenance, repair and troubleshooting
(j) Provide practical hands-on training in actual forest operations and timber production
(k) Teach forest industry safety standards, occupational health and accident prevention
(l) Develop skills in reforestation techniques, tree planting and afforestation programs
(m) Train in forest nursery establishment, seedling production and plantation management
(n) Provide training in forest inventory methods, mensuration and resource assessment
(o) Teach woodworking, timber seasoning and wood preservation treatments
(p) Develop competence in forest economics, costing and forest business management
(q) Train in environmental conservation, biodiversity protection and sustainable forestry
(r) Provide education addressing Nigeria's severe deforestation crisis requiring urgent intervention
(s) Coordinate with Forestry Research Institute of Nigeria and State Forestry Departments
(t) Produce skilled forestry mechanization technicians for sustainable forest management, timber industry operations and environmental conservation combating Nigeria's alarming deforestation rates"
535013001,"490. FORESTRY RESEARCH INSTITUTE OF NIGERIA (FRIN), IBADAN","Forestry Research Institute of Nigeria (FRIN) is Nigeria's premier federal forestry research institution conducting comprehensive research on forest resources, forest ecology, conservation and sustainable management. Located in Ibadan, Oyo State in southwestern Nigeria, operating under Federal Ministry of Environment. FRIN conducts cutting-edge research on Nigerian forest ecosystems, indigenous tree species, forest genetics and breeding, forest products development, wildlife conservation and environmental protection. The Institute addresses Nigeria's catastrophic deforestation crisis with Nigeria losing approximately 350,000-400,000 hectares of forest cover annually representing 3.5-4% deforestation rate among world's highest. Research programs cover agroforestry systems integrating trees with agriculture, forest plantation establishment and management, non-timber forest products including mushrooms and honey, forest pests and diseases management, and climate change impacts on Nigerian forests. FRIN maintains valuable germplasm collections preserving endangered tree species, operates research forest stations across ecological zones and manages tree nurseries producing quality seedlings. Provides critical technical advice to Federal Ministry of Environment on national forest policy, legislation and conservation strategies. Trains forestry researchers, technicians and extension officers. Publishes research findings in scientific journals and technical bulletins disseminating forestry knowledge. Collaborates with international forestry organizations including FAO, IUCN and CIFOR.

**Core Mandate:** To conduct forestry research, develop sustainable forest management practices, conserve forest biodiversity, provide scientific basis for Nigeria's forest policy and address catastrophic deforestation crisis through research and innovation.

**Statutory Functions:**
(a) Conduct comprehensive forestry research on Nigerian forest ecosystems across ecological zones
(b) Research indigenous tree species characteristics, distribution, propagation and conservation
(c) Develop tree species improvement programs through genetics, breeding and selection
(4) Study forest ecology, forest dynamics, forest regeneration and succession patterns
(e) Research non-timber forest products including mushrooms, honey, fruits and medicinal plants
(f) Develop agroforestry systems integrating trees with crops for sustainable land use
(g) Research forest plantation establishment techniques, species selection and management practices
(h) Study forest pests and diseases developing integrated pest management strategies
(i) Research climate change impacts on Nigerian forests including carbon sequestration
(j) Develop sustainable forest management practices balancing conservation with utilization
(k) Maintain germplasm collections and gene banks preserving endangered Nigerian tree species
(l) Operate research forest stations across savanna, rainforest and montane ecological zones
(m) Research forest products processing, wood technology and value addition methods
(n) Study wildlife conservation, forest-wildlife interactions and habitat management
(o) Research forest soil science, forest nutrition and site productivity
(p) Provide technical advisory services to Federal Ministry of Environment on forest policy
(q) Train forestry researchers, technicians, extension officers and forestry students
(r) Publish scientific research findings, technical bulletins and forestry extension materials
(s) Disseminate forestry research knowledge to stakeholders including farmers and communities
(t) Collaborate with international forestry research organizations advancing scientific solutions to Nigeria's deforestation crisis threatening biodiversity, climate and livelihoods"
517021026,"491. FRENCH LANGUAGE VILLAGE BADAGRY, LAGOS","French Language Village Badagry is a specialized federal institution providing immersive French language education and francophone cultural training. Located in Badagry, Lagos State near Nigeria-Benin border approximately 60 km west of Lagos, operating under Federal Ministry of Education. The Village creates total immersion learning environment where students, trainees and participants live and learn French language through intensive instruction, cultural experiences and constant interaction with francophone culture and native speakers. Addresses critical need for French language proficiency given Nigeria's anglophone status completely surrounded by francophone neighbors: Benin Republic to west, Niger Republic to north, Chad to northeast and Cameroon (partially francophone) to east. ECOWAS regional integration agenda requires French-English bilingual capacity for Nigerian leadership. The Village provides intensive French language courses from beginner to advanced proficiency, francophone cultural immersion programs, French teacher training for Nigerian secondary schools and specialized French courses for diplomats, military officers, business people and government officials preparing for engagement with francophone Africa. Promotes Nigeria-francophone West Africa mutual understanding addressing language barriers limiting Nigerian regional influence. Badagry's strategic location near Benin border facilitates authentic francophone cultural exposure and cross-border educational exchanges.

**Core Mandate:** To provide immersive French language education, promote francophone cultural understanding, develop French-English bilingual Nigerians and support regional integration and francophone Africa engagement.

**Statutory Functions:**
(a) Provide immersive French language learning through scientifically-proven total immersion methodology
(b) Create authentic francophone cultural environment facilitating natural language acquisition
(c) Train students in French language proficiency from beginner (A1) to advanced (C2) CEFR levels
(d) Promote deep understanding of francophone African cultures, societies, history and traditions
(e) Prepare Nigerian diplomats for Foreign Ministry postings in francophone countries worldwide
(f) Train Nigerian military and security officers for operations in francophone Sahel and West Africa
(g) Develop French-English bilingual capacity essential for Nigerian ECOWAS regional leadership
(h) Provide comprehensive French teacher training for Nigerian secondary school French teachers
(i) Offer intensive cultural immersion programs exposing participants to francophone African life
(j) Teach French literature, francophone history, French civilization and cultural studies
(k) Facilitate student exchange programs with francophone African educational institutions
(l) Provide internationally-recognized French language certification including DELF/DALF testing
(m) Train Nigerian government officials for engagement with francophone neighbors and international organizations
(n) Organize French language competitions, cultural festivals and francophone celebration events
(o) Develop French language teaching materials, textbooks and pedagogical resources
(p) Provide short-term intensive French crash courses for business people and professionals
(q) Promote Nigeria-francophone West Africa relations through linguistic and cultural bridges
(r) Address critical language barriers severely hindering Nigeria's West African regional leadership aspirations
(s) Coordinate with francophone embassies, Alliance Française and francophone cultural centers
(t) Advance Nigeria's ECOWAS leadership effectiveness and francophone Africa diplomatic engagement through systematic French language capacity development addressing anglophone isolation"
517026080,492. FSTC AHOADA,"Federal Science and Technical College Ahoada, Rivers State, is a federal unity school providing science, technology and technical secondary education. Located in Ahoada, Rivers State capital of Ahoada West Local Government in Niger Delta oil-producing region, operating under Federal Ministry of Education. Established as Federal Science and Technical College emphasizing STEM (Science, Technology, Engineering, Mathematics) education and technical/vocational skills. Admits students nationally through National Common Entrance Examination using 60% merit-based and 40% geographical quota system ensuring national representation. Provides JSS1 to SS3 secondary education with enhanced focus on sciences (Biology, Chemistry, Physics), mathematics, technical subjects, computer studies and practical vocational training. Students receive boarding education promoting national integration among youth from diverse Nigerian ethnic, religious and regional backgrounds. Prepares students for WAEC (WASSCE) and NECO (SSCE) national examinations with emphasis on science/technical subjects. School features science laboratories, technical workshops, computer labs and vocational training facilities. Located in Niger Delta region where oil industry creates demand for technically skilled workforce in petroleum, engineering and industrial sectors.

**Core Mandate:** To provide science and technical secondary education emphasizing STEM skills, promote national unity and prepare students for science/engineering careers serving Rivers State and Niger Delta region.

**Statutory Functions:**
(a) Provide JSS1 to SS3 secondary education emphasizing sciences, technology and technical subjects
(b) Admit students nationally through Common Entrance Examination using 60% merit and 40% quota system
(c) Emphasize sciences (Biology, Chemistry, Physics), mathematics and technical subjects in curriculum
(d) Provide comprehensive technical workshops for practical vocational skills training
(e) Maintain well-equipped science laboratories for practical Biology, Chemistry and Physics experiments
(f) Prepare students thoroughly for WAEC (WASSCE) and NECO (SSCE) national examinations
(g) Deliver federal government STEM-focused curriculum preparing students for science/technology careers
(h) Provide boarding facilities for students promoting national integration and unity
(i) Develop vocational and technical skills including carpentry, metalwork, electrical installation
(j) Prepare students specifically for science and engineering tertiary education programs
(k) Promote national unity among students from diverse ethnic, religious and regional backgrounds
(l) Maintain high academic standards befitting Federal Unity School status
(m) Employ qualified science teachers, technical instructors and vocational trainers
(n) Provide practical hands-on technical training through workshop practice
(o) Foster innovation, creativity and technical problem-solving capabilities
(p) Develop analytical thinking and scientific inquiry skills through laboratory work
(q) Prepare students for JAMB/UTME entrance examinations for science/engineering university programs
(r) Promote technical career awareness and STEM field opportunities
(s) Provide character, moral and civic education alongside technical training
(t) Organize science competitions, technical exhibitions and innovation showcases producing technically skilled graduates for Niger Delta oil industry, engineering sectors and national technological development"
517026110,"493. FSTC AMUZU TOWN, EBONYI STATE","Federal Science and Technical College Amuzu Town, Ebonyi State, is a federal unity school providing science, technology and technical secondary education. Located in Amuzu Town, Ebonyi State in southeastern Nigeria, operating under Federal Ministry of Education. Established as Federal Science and Technical College emphasizing STEM education and technical skills development. Ebonyi State, created in 1996, is relatively young state known as ""Salt of the Nation"" for salt mining heritage. The college admits students nationally through Common Entrance using merit-quota system ensuring geographical diversity. Provides JSS1-SS3 education with strong emphasis on sciences, mathematics, technical subjects and vocational training. Students receive boarding education promoting national integration. Prepares students for WAEC and NECO examinations emphasizing science/technical performance. Features science laboratories, technical workshops and vocational training facilities. Located in Ebonyi State where agriculture dominates economy, technical skills support agricultural mechanization, processing and rural development needs.

**Core Mandate:** To provide science and technical secondary education emphasizing STEM skills, promote national unity and prepare technically skilled graduates for Ebonyi State and southeastern Nigeria development.

**Statutory Functions:**
(a) Provide JSS1-SS3 science-focused secondary education in Ebonyi State
(b) Admit students nationally through Common Entrance Examination ensuring state representation
(c) Emphasize STEM subjects including sciences, mathematics, computer studies and technology
(d) Provide technical training facilities including workshops for practical skills
(e) Prepare students thoroughly for WAEC and NECO national examinations
(f) Deliver technical curriculum developing vocational and practical skills
(g) Provide boarding facilities promoting integration among diverse Nigerian students
(h) Develop vocational skills supporting agricultural mechanization and rural development
(i) Prepare students for science and engineering tertiary education careers
(j) Promote national unity among students from different regions and ethnic groups
(k) Maintain Federal Unity School academic excellence standards
(l) Employ qualified science teachers and technical instructors
(m) Provide practical hands-on training through laboratory and workshop sessions
(n) Foster innovation and technical creativity among students
(o) Develop problem-solving and analytical thinking through scientific inquiry
(p) Prepare students for JAMB entrance to science/engineering university programs
(q) Promote awareness of technical careers and STEM opportunities
(r) Provide character education and moral development alongside technical training
(s) Organize science fairs, technical competitions and innovation exhibitions
(t) Produce technically skilled graduates supporting Ebonyi State agricultural development, southeastern Nigeria industrialization and national STEM workforce needs"
517026081,494. FSTC AWKA,"Federal Science and Technical College Awka, Anambra State, is a federal unity school providing science, technology and technical secondary education. Located in Awka, Anambra State capital in southeastern Nigeria, operating under Federal Ministry of Education. Established as Federal Science and Technical College with STEM education mandate. Awka serves as Anambra capital, state known for commercial entrepreneurship and high educational achievement. The college admits students nationally using Common Entrance merit-quota system. Provides JSS1-SS3 education emphasizing sciences, mathematics, technical subjects and vocational skills. Boarding education promotes national unity among students. Prepares students for WAEC and NECO examinations with science/technical focus. Features laboratories, workshops and technical training facilities. Located in educationally competitive Anambra State producing many Nigerian professionals, FSTC Awka contributes technical education to state's human capital development. Southeastern Nigeria's commercial and industrial activities create demand for technically skilled graduates.

**Core Mandate:** To provide science and technical secondary education emphasizing STEM, promote national unity and prepare technically skilled graduates for Anambra State capital and southeastern Nigeria.

**Statutory Functions:**
(a) Provide JSS1-SS3 science and technical secondary education in Anambra State capital
(b) Admit students nationally through Common Entrance using merit-quota system
(c) Emphasize sciences, mathematics, technology and technical subjects
(d) Provide technical workshops for practical vocational training
(e) Maintain science laboratories for practical experimental learning
(f) Prepare students for WAEC and NECO examinations emphasizing science performance
(g) Deliver STEM-focused federal curriculum
(h) Provide boarding facilities promoting national integration
(i) Develop vocational skills including technical trades
(j) Prepare students for science/engineering tertiary education
(k) Promote national unity among ethnically diverse students
(l) Maintain high academic standards in competitive Anambra educational environment
(m) Employ qualified science and technical teachers
(n) Provide hands-on practical technical training
(o) Foster innovation and technical problem-solving
(p) Develop analytical and scientific thinking skills
(q) Prepare students for JAMB science/engineering programs
(r) Promote technical career awareness
(s) Provide character and moral education
(t) Organize competitions and exhibitions producing technically competent graduates for southeastern Nigeria's commercial and industrial sectors"
517026104,495. FSTC DAYI,"Federal Science and Technical College Dayi is a federal unity school providing science, technology and technical secondary education. Located in Dayi (specific state location requires confirmation), operating under Federal Ministry of Education. Established as Federal Science and Technical College with STEM education mandate. The college admits students nationally through Common Entrance Examination using merit-quota system ensuring geographical diversity. Provides JSS1-SS3 secondary education with emphasis on sciences, mathematics, technical subjects and vocational training. Students receive boarding education promoting national unity and integration. Prepares students for WAEC and NECO examinations with focus on science/technical subjects. Features science laboratories, technical workshops and training facilities. FSTC Dayi contributes to national STEM education goals producing technically skilled graduates.

**Core Mandate:** To provide science and technical secondary education emphasizing STEM skills, promote national unity and prepare technically skilled graduates for national development.

**Statutory Functions:**
(a) Provide JSS1-SS3 science and technical secondary education
(b) Admit students nationally through Common Entrance merit-quota system
(c) Emphasize STEM subjects in curriculum delivery
(d) Provide technical workshops for vocational skills training
(e) Maintain science laboratories for practical learning
(f) Prepare students for WAEC and NECO examinations
(g) Deliver federal STEM-focused curriculum
(h) Provide boarding promoting national integration
(i) Develop vocational and technical skills
(j) Prepare students for science/engineering careers
(k) Promote national unity among diverse students
(l) Maintain Federal Unity School standards
(m) Employ qualified science and technical teachers
(n) Provide practical hands-on training
(o) Foster innovation and creativity
(p) Develop analytical thinking skills
(q) Prepare for JAMB science programs
(r) Promote technical career awareness
(s) Provide character education
(t) Produce technically skilled graduates for national STEM workforce"
517026109,"496. FSTC GANDUJE TOWN, KANO STATE","Federal Science and Technical College Ganduje Town, Kano State, is a federal unity school providing science, technology and technical secondary education. Located in Ganduje Town, Kano State in northern Nigeria, operating under Federal Ministry of Education. Established as Federal Science and Technical College emphasizing STEM education. Kano is Nigeria's second most populous state and major commercial center of northern Nigeria. The college admits students nationally through Common Entrance using merit-quota system. Provides JSS1-SS3 education emphasizing sciences, mathematics, technical subjects and vocational training. Boarding education promotes national unity bringing together students from across Nigeria. Prepares students for WAEC and NECO examinations with science/technical focus. Features laboratories, workshops and technical facilities. Located in Kano State where textile, tanning, manufacturing and commercial activities create demand for technically skilled workforce. FSTC Ganduve promotes STEM education in northern Nigeria addressing regional educational gaps.

**Core Mandate:** To provide science and technical secondary education emphasizing STEM, promote national unity and prepare technically skilled graduates for Kano State and northern Nigeria development.

**Statutory Functions:**
(a) Provide JSS1-SS3 science and technical education in Kano State
(b) Admit students nationally through Common Entrance ensuring national representation
(c) Emphasize sciences, mathematics and technical subjects
(d) Provide technical workshops for vocational skills
(e) Maintain science laboratories for practical experiments
(f) Prepare students for WAEC and NECO examinations
(g) Deliver STEM-focused federal curriculum
(h) Provide boarding promoting national integration
(i) Develop vocational skills supporting northern industries
(j) Prepare students for science/engineering tertiary education
(k) Promote national unity among diverse students
(l) Maintain Federal Unity School academic standards
(m) Employ qualified science and technical teachers
(n) Provide practical technical training
(o) Foster innovation and technical creativity
(p) Develop analytical and problem-solving skills
(q) Prepare students for JAMB science/engineering programs
(r) Promote technical career awareness in northern context
(s) Provide character and moral education
(t) Produce technically skilled graduates supporting Kano's commercial, textile and manufacturing sectors and northern Nigeria industrial development"
517026108,"497. FSTC IGANGAN TOWN, OYO STATE","Federal Science and Technical College Igangan Town, Oyo State, is a federal unity school providing science, technology and technical secondary education. Located in Igangan Town, Oyo State in southwestern Nigeria, operating under Federal Ministry of Education. Established as Federal Science and Technical College with STEM mandate. Igangan is agricultural town in Oyo State's Ibarapa region. The college admits students nationally through Common Entrance merit-quota system. Provides JSS1-SS3 education emphasizing sciences, mathematics, technical subjects and vocational skills. Boarding education promotes national unity. Prepares students for WAEC and NECO examinations with science/technical emphasis. Features laboratories, workshops and training facilities. Located in agricultural Oyo State region, technical skills support agricultural mechanization, processing and agro-industrial development.

**Core Mandate:** To provide science and technical secondary education emphasizing STEM, promote national unity and prepare technically skilled graduates for Oyo State agricultural and industrial development.

**Statutory Functions:**
(a) Provide JSS1-SS3 science and technical education in Oyo State
(b) Admit students nationally using Common Entrance merit-quota system
(c) Emphasize STEM subjects in curriculum
(d) Provide technical workshops for vocational training
(e) Maintain science laboratories for practical learning
(f) Prepare students for WAEC and NECO examinations
(g) Deliver federal STEM curriculum
(h) Provide boarding promoting national integration
(i) Develop vocational skills supporting agricultural mechanization
(j) Prepare students for science/engineering careers
(k) Promote national unity among diverse students
(l) Maintain Unity School academic standards
(m) Employ qualified science and technical teachers
(n) Provide practical technical training
(o) Foster innovation in agricultural technology
(p) Develop problem-solving skills
(q) Prepare for JAMB science programs
(r) Promote technical career awareness
(s) Provide character education
(t) Produce technically skilled graduates supporting Oyo State agricultural development and southwestern Nigeria industrialization"
517026082,498. FSTC JUBU-IMUSHIN,"Federal Science and Technical College Jubu-Imushin is a federal unity school providing science, technology and technical secondary education. Located in Jubu-Imushin (specific state requires confirmation), operating under Federal Ministry of Education. Established as Federal Science and Technical College emphasizing STEM education. The college admits students nationally through Common Entrance using merit-quota system ensuring geographical diversity. Provides JSS1-SS3 secondary education with emphasis on sciences, mathematics, technical subjects and vocational training. Students receive boarding education promoting national integration among diverse backgrounds. Prepares students for WAEC and NECO examinations focusing on science/technical performance. Features science laboratories, technical workshops and vocational training facilities.

**Core Mandate:** To provide science and technical secondary education emphasizing STEM skills, promote national unity and prepare technically competent graduates for national development.

**Statutory Functions:**
(a) Provide JSS1-SS3 science and technical secondary education
(b) Admit students nationally through Common Entrance merit-quota system
(c) Emphasize sciences, mathematics, technology and technical subjects
(d) Provide technical workshops for practical vocational training
(e) Maintain well-equipped science laboratories
(f) Prepare students for WAEC and NECO examinations
(g) Deliver federal STEM-focused curriculum
(h) Provide boarding facilities promoting national unity
(i) Develop vocational and technical skills
(j) Prepare students for science/engineering tertiary programs
(k) Promote national integration among diverse students
(l) Maintain Federal Unity School standards
(m) Employ qualified science and technical teachers
(n) Provide hands-on practical technical training
(o) Foster innovation and technical problem-solving
(p) Develop analytical and scientific thinking
(q) Prepare students for JAMB science/engineering entrance
(r) Promote technical career awareness
(s) Provide character and moral education
(t) Produce technically skilled graduates for national STEM workforce development"
517026083,499. FSTC MICHIKA,"Federal Science and Technical College Michika, Adamawa State, is a federal unity school providing science, technology and technical secondary education. Located in Michika, Adamawa State in northeastern Nigeria, operating under Federal Ministry of Education. Established as Federal Science and Technical College emphasizing STEM education. Michika has experienced significant impact from Boko Haram/ISWAP insurgency affecting northeastern Nigeria. The college demonstrates federal government commitment to maintaining education despite security challenges. Admits students nationally through Common Entrance merit-quota system. Provides JSS1-SS3 education emphasizing sciences, mathematics, technical subjects despite operational challenges. Boarding education promotes national unity. Prepares students for WAEC and NECO examinations. Features laboratories and workshops though security situation affects operations. FSTC Michika's continued operation represents resilience and federal commitment to education even in conflict-affected regions.

**Core Mandate:** To provide science and technical secondary education emphasizing STEM, promote national unity and maintain educational operations in conflict-affected northeastern Nigeria.

**Statutory Functions:**
(a) Provide JSS1-SS3 science and technical education despite regional security challenges
(b) Admit students nationally through Common Entrance ensuring access to education
(c) Emphasize STEM subjects maintaining educational quality despite constraints
(d) Provide technical workshops with enhanced security measures
(e) Maintain science laboratories for practical learning
(f) Prepare students for WAEC and NECO examinations
(g) Deliver federal curriculum despite operational disruptions
(h) Provide boarding with enhanced security protocols
(i) Develop vocational skills for post-conflict reconstruction
(j) Prepare students for science/engineering careers
(k) Promote national unity amid conflict
(l) Maintain standards under challenging circumstances
(m) Employ teachers willing to serve in conflict zone
(n) Provide practical training with security considerations
(o) Foster resilience and educational hope
(p) Develop skills for northeastern reconstruction
(q) Prepare for tertiary education
(r) Promote peace education
(s) Provide character education emphasizing resilience
(t) Demonstrate federal commitment to education in insurgency-affected northeastern Nigeria producing graduates contributing to regional recovery"
517026084,500. FSTC TUNGBO - YENAGOA,"Federal Science and Technical College Tungbo-Yenagoa, Bayelsa State, is a federal unity school providing science, technology and technical secondary education. Located in Tungbo area, Yenagoa, Bayelsa State capital in Niger Delta oil-producing region, operating under Federal Ministry of Education. Established as Federal Science and Technical College emphasizing STEM education. Bayelsa State, created in 1996, is small riverine state producing significant oil. The college admits students nationally through Common Entrance merit-quota system. Provides JSS1-SS3 education emphasizing sciences, mathematics, technical subjects and vocational training. Boarding education promotes national unity. Prepares students for WAEC and NECO examinations with science/technical focus. Features laboratories, workshops and technical facilities. Located in Niger Delta oil-producing region creating demand for technically skilled workforce in petroleum, engineering and maritime sectors. Addresses educational needs in riverine environment.

**Core Mandate:** To provide science and technical secondary education emphasizing STEM, promote national unity and prepare technically skilled graduates for Bayelsa State and Niger Delta oil industry.

**Statutory Functions:**
(a) Provide JSS1-SS3 science and technical education in Bayelsa State capital
(b) Admit students nationally through Common Entrance merit-quota system
(c) Emphasize sciences, mathematics and technical subjects preparing for oil industry
(d) Provide technical workshops for vocational skills training
(e) Maintain science laboratories for practical experiments
(f) Prepare students thoroughly for WAEC and NECO examinations
(g) Deliver federal STEM-focused curriculum
(h) Provide boarding facilities promoting national integration
(i) Develop vocational skills supporting Niger Delta petroleum and maritime industries
(j) Prepare students specifically for science/engineering tertiary education
(k) Promote national unity among students from diverse regions
(l) Maintain Federal Unity School academic excellence standards
(m) Employ qualified science teachers and technical instructors
(n) Provide practical technical training relevant to oil-producing region
(o) Foster innovation and technical problem-solving
(p) Develop analytical thinking through scientific inquiry
(q) Prepare students for JAMB entrance to petroleum engineering and related programs
(r) Promote technical career awareness in Niger Delta context
(s) Provide character education and moral development
(t) Produce technically skilled graduates supporting Bayelsa State development, Niger Delta oil and gas industry and national technological advancement in riverine environment"
517026107,# NIGERIAN FEDERAL AGENCY MANDATES: AGENCIES 501-520,"**MDA Code:** 517026107

Federal Science and Technical College Umuaka, Imo State, is a federal unity school providing science, technology and technical secondary education. Located in Umuaka, Imo State in southeastern Nigeria, operating under Federal Ministry of Education. Established as Federal Science and Technical College emphasizing STEM (Science, Technology, Engineering, Mathematics) education and technical skills development. Umuaka is town in Njaba Local Government Area of Imo State. Imo State, created in 1976, has strong educational traditions and commercial entrepreneurship. The college admits students nationally through National Common Entrance Examination using 60% merit-based and 40% geographical quota system ensuring representation from all Nigerian states. Provides JSS1 (Junior Secondary School 1) to SS3 (Senior Secondary 3) secondary education with enhanced focus on sciences including Biology, Chemistry, Physics, mathematics, technical subjects, computer studies and practical vocational training. Students receive boarding education in hostels promoting national integration among youth from diverse Nigerian ethnic, religious and regional backgrounds. Prepares students for WAEC (West African Examinations Council - WASSCE) and NECO (National Examinations Council - SSCE) national examinations with emphasis on science and technical subject performance. School features well-equipped science laboratories for practical experiments, technical workshops for vocational training and computer labs. Located in southeastern Nigeria where commercial activities and light manufacturing create demand for technically skilled workforce.

**Core Mandate:** To provide science and technical secondary education emphasizing STEM skills, promote national unity and integration, and prepare technically competent graduates for Imo State and southeastern Nigeria development.

**Statutory Functions:**
(a) Provide JSS1 to SS3 secondary education emphasizing sciences, mathematics, technology and technical subjects
(b) Admit students nationally through Common Entrance Examination using 60% merit and 40% geographical quota system
(c) Emphasize core sciences (Biology, Chemistry, Physics), mathematics and technical subjects in curriculum delivery
(d) Provide comprehensive technical workshops for practical vocational skills training in trades
(e) Maintain well-equipped science laboratories for practical Biology, Chemistry and Physics experiments
(f) Prepare students thoroughly for WAEC (WASSCE) and NECO (SSCE) national examinations
(g) Deliver federal government STEM-focused curriculum preparing students for science and technology careers
(h) Provide boarding facilities and hostels for students promoting national integration and unity
(i) Develop vocational and technical skills including carpentry, metalwork, electrical installation and other trades
(j) Prepare students specifically for science and engineering tertiary education programs at universities and polytechnics
(k) Promote national unity and integration among students from diverse ethnic, religious and regional backgrounds
(l) Maintain high academic standards befitting Federal Unity School status
(m) Employ qualified science teachers, mathematics teachers, technical instructors and vocational trainers
(n) Provide practical hands-on technical training through workshop practice and laboratory sessions
(o) Foster innovation, creativity and technical problem-solving capabilities among students
(p) Develop analytical thinking, scientific inquiry and research skills through laboratory work
(q) Prepare students for JAMB/UTME entrance examinations for science and engineering university programs
(r) Promote technical career awareness and expose students to STEM field opportunities
(s) Provide character, moral and civic education alongside academic and technical training
(t) Organize science competitions, technical exhibitions, innovation showcases and academic events producing technically skilled graduates for Imo State commercial sectors, southeastern Nigeria light manufacturing and national technological workforce development"
517026085,502. FSTC USI-EKITI,"Federal Science and Technical College Usi-Ekiti, Ekiti State, is a federal unity school providing science, technology and technical secondary education. Located in Usi-Ekiti town, Ekiti State in southwestern Nigeria, operating under Federal Ministry of Education. Established as Federal Science and Technical College emphasizing STEM education and technical competence. Ekiti State, created in 1996 from Ondo State, is known as ""Fountain of Knowledge"" for its strong educational culture and high literacy rates. Usi-Ekiti is community in Ekiti State. The college admits students nationally through Common Entrance Examination using merit-quota system ensuring geographical diversity. Provides JSS1-SS3 secondary education with enhanced focus on sciences, mathematics, technical subjects and vocational skills. Students receive boarding education promoting national integration among diverse Nigerian youth. Prepares students for WAEC and NECO examinations with emphasis on science and technical performance. Features science laboratories for practical experiments, technical workshops for vocational training and computer facilities. Located in educationally competitive Ekiti State known for producing many Nigerian professionals, academics and civil servants. Ekiti's agricultural economy creates demand for agricultural mechanization and agro-processing technical skills.

**Core Mandate:** To provide science and technical secondary education emphasizing STEM skills, promote national unity and prepare technically competent graduates for Ekiti State's educational advancement and southwestern Nigeria development.

**Statutory Functions:**
(a) Provide JSS1-SS3 science and technical secondary education in Ekiti State
(b) Admit students nationally through Common Entrance using 60% merit and 40% quota system
(c) Emphasize sciences, mathematics, technology and technical subjects in curriculum
(d) Provide technical workshops for practical vocational skills training
(e) Maintain science laboratories for hands-on experimental learning in Biology, Chemistry, Physics
(f) Prepare students thoroughly for WAEC and NECO national examinations
(g) Deliver federal STEM-focused curriculum
(h) Provide boarding facilities promoting national integration
(i) Develop vocational skills supporting agricultural mechanization and agro-processing
(j) Prepare students for science and engineering tertiary education
(k) Promote national unity among ethnically diverse students
(l) Maintain high academic standards in educationally competitive Ekiti environment
(m) Employ qualified science teachers and technical instructors
(n) Provide hands-on practical technical training
(o) Foster innovation and technical creativity
(p) Develop analytical and scientific thinking skills
(q) Prepare students for JAMB entrance to science/engineering university programs
(r) Promote technical career awareness
(s) Provide character and moral education
(t) Organize science competitions and technical exhibitions producing technically skilled graduates for Ekiti State agricultural development, southwestern Nigeria agro-industries and national STEM workforce"
517026117,"503. FSTC, EKE, ENUGU STATE","Federal Science and Technical College Eke, Enugu State, is a federal unity school providing science, technology and technical secondary education. Located in Eke, Enugu State in southeastern Nigeria, operating under Federal Ministry of Education. Established as Federal Science and Technical College emphasizing STEM education. Enugu State, created in 1991, is known as ""Coal City State"" for historical coal mining industry. Enugu served as former Eastern Region capital and has strong educational and commercial traditions. Eke is community in Enugu State. The college admits students nationally through Common Entrance merit-quota system ensuring national representation. Provides JSS1-SS3 education emphasizing sciences, mathematics, technical subjects and vocational training. Boarding education promotes national unity. Prepares students for WAEC and NECO examinations with science/technical focus. Features laboratories, workshops and technical training facilities. Located in Enugu State where coal mining heritage, manufacturing and commercial activities create demand for technically skilled workforce. Southeastern Nigeria's industrial and commercial development requires technical education.

**Core Mandate:** To provide science and technical secondary education emphasizing STEM skills, promote national unity and prepare technically competent graduates for Enugu State and southeastern Nigeria industrial development.

**Statutory Functions:**
(a) Provide JSS1-SS3 science and technical secondary education in Enugu State
(b) Admit students nationally through Common Entrance merit-quota system
(c) Emphasize STEM subjects including sciences, mathematics and technology
(d) Provide technical workshops for vocational skills training
(e) Maintain science laboratories for practical experimental learning
(f) Prepare students for WAEC and NECO national examinations
(g) Deliver federal STEM-focused curriculum
(h) Provide boarding facilities promoting national integration
(i) Develop vocational skills supporting manufacturing and industrial sectors
(j) Prepare students for science/engineering tertiary education
(k) Promote national unity among diverse students
(l) Maintain Federal Unity School academic standards
(m) Employ qualified science and technical teachers
(n) Provide practical hands-on technical training
(o) Foster innovation in industrial and manufacturing contexts
(p) Develop problem-solving and analytical skills
(q) Prepare students for JAMB science/engineering programs
(r) Promote technical career awareness
(s) Provide character education
(t) Produce technically skilled graduates supporting Enugu State industrial sectors and southeastern Nigeria manufacturing development"
517026112,"504. FSTC, GASHUA, YOBE STATE","Federal Science and Technical College Gashua, Yobe State, is a federal unity school providing science, technology and technical secondary education. Located in Gashua town, Yobe State in northeastern Nigeria, operating under Federal Ministry of Education. Established as Federal Science and Technical College emphasizing STEM education. Gashua is major town and Local Government headquarters in Yobe State. Yobe State, created in 1991, has experienced significant impact from Boko Haram/ISWAP insurgency affecting northeastern Nigeria security and education. The college demonstrates federal government commitment to maintaining education despite security challenges in insurgency-affected regions. Admits students nationally through Common Entrance merit-quota system. Provides JSS1-SS3 education emphasizing sciences, mathematics and technical subjects despite operational challenges from regional insecurity. Boarding education promotes national unity. Prepares students for WAEC and NECO examinations. Features laboratories and workshops though security situation affects normal operations. FSTC Gashua's continued operation represents educational resilience and federal commitment to northeastern Nigeria despite Boko Haram targeting schools.

**Core Mandate:** To provide science and technical secondary education emphasizing STEM skills, promote national unity and maintain educational operations in insurgency-affected northeastern Nigeria.

**Statutory Functions:**
(a) Provide JSS1-SS3 science and technical education despite northeastern regional security challenges
(b) Admit students nationally through Common Entrance ensuring educational access amid conflict
(c) Emphasize STEM subjects maintaining educational quality despite operational constraints
(d) Provide technical workshops with enhanced security measures
(e) Maintain science laboratories for practical learning
(f) Prepare students for WAEC and NECO examinations
(g) Deliver federal curriculum despite security-related disruptions
(h) Provide boarding with enhanced security protocols
(i) Develop vocational skills for post-conflict reconstruction needs
(j) Prepare students for science/engineering careers
(k) Promote national unity amid regional conflict
(l) Maintain academic standards under challenging security circumstances
(m) Employ teachers willing to serve in conflict-affected zone
(n) Provide practical training with security considerations
(o) Foster educational resilience and hope
(p) Develop skills contributing to northeastern reconstruction
(q) Prepare students for tertiary education
(r) Promote peace education
(s) Provide character education emphasizing resilience
(t) Demonstrate federal commitment to education in Boko Haram-affected Yobe State producing graduates contributing to northeastern Nigeria recovery and development"
517026115,"505. FSTC, GWANARA, KWARA STATE","Federal Science and Technical College Gwanara, Kwara State, is a federal unity school providing science, technology and technical secondary education. Located in Gwanara, Kwara State in north-central Nigeria, operating under Federal Ministry of Education. Established as Federal Science and Technical College emphasizing STEM education and technical skills. Kwara State, meaning ""State of Harmony,"" is middle belt state bridging northern and southern Nigeria with diverse ethnic composition. Gwanara is community in Kwara State. The college admits students nationally through Common Entrance merit-quota system ensuring geographical diversity. Provides JSS1-SS3 education emphasizing sciences, mathematics, technical subjects and vocational training. Boarding education promotes national unity among students from across Nigeria. Prepares students for WAEC and NECO examinations with science/technical focus. Features laboratories, workshops and technical facilities. Located in middle belt Kwara State where agriculture, trade and emerging industries create demand for technically skilled workforce. Kwara's strategic location linking northern and southern Nigeria makes technical education important for regional development.

**Core Mandate:** To provide science and technical secondary education emphasizing STEM skills, promote national unity and prepare technically competent graduates for Kwara State and north-central Nigeria development.

**Statutory Functions:**
(a) Provide JSS1-SS3 science and technical secondary education in Kwara State
(b) Admit students nationally through Common Entrance merit-quota system
(c) Emphasize sciences, mathematics and technical subjects
(d) Provide technical workshops for vocational skills training
(e) Maintain science laboratories for practical experiments
(f) Prepare students for WAEC and NECO examinations
(g) Deliver federal STEM curriculum
(h) Provide boarding promoting national integration
(i) Develop vocational skills supporting agriculture and emerging industries
(j) Prepare students for science/engineering tertiary education
(k) Promote national unity in middle belt diversity
(l) Maintain Federal Unity School standards
(m) Employ qualified science and technical teachers
(n) Provide practical technical training
(o) Foster innovation and technical problem-solving
(p) Develop analytical thinking skills
(q) Prepare students for JAMB science/engineering programs
(r) Promote technical career awareness
(s) Provide character education
(t) Produce technically skilled graduates supporting Kwara State development and north-central Nigeria agricultural and industrial advancement"
517026106,"506. FSTC, HADEJIA-KIRIKASAMMA ROAD, JIGAWA STATE","Federal Science and Technical College Hadejia-Kirikasamma Road, Jigawa State, is a federal unity school providing science, technology and technical secondary education. Located on Hadejia-Kirikasamma Road, Jigawa State in northwestern Nigeria, operating under Federal Ministry of Education. Established as Federal Science and Technical College emphasizing STEM education. Jigawa State, created in 1991 from Kano State, is predominantly agricultural state. Hadejia is major town and emirate headquarters in Jigawa with Hadejia-Nguru wetlands important for agriculture and fishing. The college admits students nationally through Common Entrance merit-quota system. Provides JSS1-SS3 education emphasizing sciences, mathematics, technical subjects and vocational training. Boarding education promotes national unity. Prepares students for WAEC and NECO examinations with science/technical focus. Features laboratories, workshops and technical facilities. Located in agricultural Jigawa State where irrigation farming, fishing and rural development create demand for agricultural mechanization and technical skills. Northern Nigeria requires technical education for agricultural and rural development.

**Core Mandate:** To provide science and technical secondary education emphasizing STEM skills, promote national unity and prepare technically competent graduates for Jigawa State agricultural development and northwestern Nigeria.

**Statutory Functions:**
(a) Provide JSS1-SS3 science and technical education in Jigawa State
(b) Admit students nationally through Common Entrance merit-quota system
(c) Emphasize sciences, mathematics and technical subjects
(d) Provide technical workshops for agricultural mechanization and vocational skills
(e) Maintain science laboratories for practical learning
(f) Prepare students for WAEC and NECO examinations
(g) Deliver federal STEM curriculum
(h) Provide boarding promoting national integration
(i) Develop vocational skills supporting irrigation agriculture and fishing
(j) Prepare students for science/engineering and agricultural tertiary education
(k) Promote national unity among diverse students
(l) Maintain Federal Unity School standards
(m) Employ qualified science and technical teachers
(n) Provide practical training in agricultural mechanization
(o) Foster innovation in agricultural technology
(p) Develop problem-solving skills for rural development
(q) Prepare students for JAMB science/agricultural programs
(r) Promote technical and agricultural career awareness
(s) Provide character education
(t) Produce technically skilled graduates supporting Jigawa State irrigation farming, Hadejia wetlands agriculture and northwestern Nigeria rural development"
517026116,"507. FSTC, MANGU, PLATEAU STATE","Federal Science and Technical College Mangu, Plateau State, is a federal unity school providing science, technology and technical secondary education. Located in Mangu, Plateau State in north-central Nigeria, operating under Federal Ministry of Education. Established as Federal Science and Technical College emphasizing STEM education. Plateau State, known as ""Home of Peace and Tourism,"" features Jos Plateau highland region with cooler climate and scenic landscapes. Mangu is Local Government Area in Plateau State. Plateau State has experienced ethno-religious conflicts requiring peace-building. The college admits students nationally through Common Entrance merit-quota system promoting integration. Provides JSS1-SS3 education emphasizing sciences, mathematics, technical subjects and vocational training. Boarding education particularly important for promoting national unity and peaceful coexistence. Prepares students for WAEC and NECO examinations. Features laboratories, workshops and technical facilities. Located in Plateau State where mining (tin historically), agriculture and tourism sectors create demand for technically skilled workforce. Peace education important given regional conflicts.

**Core Mandate:** To provide science and technical secondary education emphasizing STEM skills, promote national unity and peaceful coexistence, and prepare technically competent graduates for Plateau State development.

**Statutory Functions:**
(a) Provide JSS1-SS3 science and technical education in Plateau State
(b) Admit students nationally through Common Entrance promoting integration
(c) Emphasize sciences, mathematics and technical subjects
(d) Provide technical workshops for vocational training
(e) Maintain science laboratories for practical experiments
(f) Prepare students for WAEC and NECO examinations
(g) Deliver federal STEM curriculum
(h) Provide boarding promoting national unity and peaceful coexistence
(i) Develop vocational skills supporting mining, agriculture and tourism
(j) Prepare students for science/engineering tertiary education
(k) Promote national unity amid ethno-religious diversity
(l) Maintain Federal Unity School standards
(m) Employ qualified science and technical teachers
(n) Provide practical technical training
(o) Foster innovation and peace education
(p) Develop conflict resolution and analytical skills
(q) Prepare students for JAMB science programs
(r) Promote technical career awareness
(s) Provide character and peace education
(t) Produce technically skilled graduates supporting Plateau State mining, agriculture, tourism and contributing to peaceful coexistence in north-central Nigeria"
517026111,"508. FSTC, MISAU, BAUCHI STATE","Federal Science and Technical College Misau, Bauchi State, is a federal unity school providing science, technology and technical secondary education. Located in Misau, Bauchi State in northeastern Nigeria, operating under Federal Ministry of Education. Established as Federal Science and Technical College emphasizing STEM education. Bauchi State, created in 1976, is predominantly agricultural state in northeastern region. Misau is emirate town and Local Government headquarters in Bauchi State. The college admits students nationally through Common Entrance merit-quota system ensuring geographical representation. Provides JSS1-SS3 education emphasizing sciences, mathematics, technical subjects and vocational training. Boarding education promotes national unity among students. Prepares students for WAEC and NECO examinations with science/technical focus. Features laboratories, workshops and technical training facilities. Located in agricultural Bauchi State where farming, livestock and rural development create demand for agricultural mechanization technical skills. Northeastern Nigeria requires technical education for agricultural development and poverty reduction.

**Core Mandate:** To provide science and technical secondary education emphasizing STEM skills, promote national unity and prepare technically competent graduates for Bauchi State agricultural development and northeastern Nigeria.

**Statutory Functions:**
(a) Provide JSS1-SS3 science and technical education in Bauchi State
(b) Admit students nationally through Common Entrance merit-quota system
(c) Emphasize sciences, mathematics and technical subjects
(d) Provide technical workshops for agricultural mechanization and vocational training
(e) Maintain science laboratories for practical learning
(f) Prepare students for WAEC and NECO examinations
(g) Deliver federal STEM curriculum
(h) Provide boarding promoting national integration
(i) Develop vocational skills supporting agriculture and livestock
(j) Prepare students for science/engineering and agricultural tertiary education
(k) Promote national unity among diverse students
(l) Maintain Federal Unity School standards
(m) Employ qualified science and technical teachers
(n) Provide practical training in agricultural technology
(o) Foster innovation for rural development
(p) Develop problem-solving skills
(q) Prepare students for JAMB science/agricultural programs
(r) Promote technical and agricultural career awareness
(s) Provide character education
(t) Produce technically skilled graduates supporting Bauchi State agricultural development and northeastern Nigeria rural advancement"
517026118,"509. FSTC, OBUDU, CROSS RIVER STATE","Federal Science and Technical College Obudu, Cross River State, is a federal unity school providing science, technology and technical secondary education. Located in Obudu, Cross River State in southeastern Nigeria, operating under Federal Ministry of Education. Established as Federal Science and Technical College emphasizing STEM education. Cross River State is coastal state known for tourism including Obudu Mountain Resort (formerly Obudu Cattle Ranch) on plateau with cool climate attracting tourists. Obudu is Local Government headquarters and tourist destination. The college admits students nationally through Common Entrance merit-quota system. Provides JSS1-SS3 education emphasizing sciences, mathematics, technical subjects and vocational training. Boarding education promotes national unity. Prepares students for WAEC and NECO examinations with science/technical emphasis. Features laboratories, workshops and technical facilities. Located in Obudu tourist region where tourism, agriculture and hospitality industries create demand for technically skilled workforce. Cross River State's tourism potential requires technical education supporting hospitality and infrastructure development.

**Core Mandate:** To provide science and technical secondary education emphasizing STEM skills, promote national unity and prepare technically competent graduates for Cross River State tourism, agriculture and southeastern Nigeria development.

**Statutory Functions:**
(a) Provide JSS1-SS3 science and technical education in Cross River State
(b) Admit students nationally through Common Entrance merit-quota system
(c) Emphasize sciences, mathematics and technical subjects
(d) Provide technical workshops for hospitality and vocational training
(e) Maintain science laboratories for practical experiments
(f) Prepare students for WAEC and NECO examinations
(g) Deliver federal STEM curriculum
(h) Provide boarding promoting national integration
(i) Develop vocational skills supporting tourism and hospitality industries
(j) Prepare students for science/engineering and hospitality tertiary education
(k) Promote national unity among diverse students
(l) Maintain Federal Unity School standards
(m) Employ qualified science and technical teachers
(n) Provide practical training relevant to tourism sector
(o) Foster innovation in tourism and hospitality
(p) Develop technical problem-solving skills
(q) Prepare students for JAMB science programs
(r) Promote technical and hospitality career awareness
(s) Provide character education
(t) Produce technically skilled graduates supporting Obudu tourism, Cross River State hospitality industry and southeastern Nigeria development"
517026105,"510. FSTC, OGUGU TOWN, KOGI STATE","Federal Science and Technical College Ogugu Town, Kogi State, is a federal unity school providing science, technology and technical secondary education. Located in Ogugu Town, Kogi State in north-central Nigeria, operating under Federal Ministry of Education. Established as Federal Science and Technical College emphasizing STEM education. Kogi State, created in 1991, is confluence state where Niger and Benue rivers meet. Ogugu is town in Kogi State. The college admits students nationally through Common Entrance merit-quota system ensuring geographical diversity. Provides JSS1-SS3 education emphasizing sciences, mathematics, technical subjects and vocational training. Boarding education promotes national unity among students from across Nigeria. Prepares students for WAEC and NECO examinations with science/technical focus. Features laboratories, workshops and technical facilities. Located in middle belt Kogi State where agriculture, mining (iron ore, coal) and riverine economic activities create demand for technically skilled workforce. Kogi's strategic location and natural resources require technical education for development.

**Core Mandate:** To provide science and technical secondary education emphasizing STEM skills, promote national unity and prepare technically competent graduates for Kogi State mining, agriculture and north-central Nigeria development.

**Statutory Functions:**
(a) Provide JSS1-SS3 science and technical education in Kogi State
(b) Admit students nationally through Common Entrance merit-quota system
(c) Emphasize sciences, mathematics and technical subjects
(d) Provide technical workshops for mining and vocational training
(e) Maintain science laboratories for practical learning
(f) Prepare students for WAEC and NECO examinations
(g) Deliver federal STEM curriculum
(h) Provide boarding promoting national integration
(i) Develop vocational skills supporting mining and agriculture
(j) Prepare students for science/engineering and mining tertiary education
(k) Promote national unity in middle belt diversity
(l) Maintain Federal Unity School standards
(m) Employ qualified science and technical teachers
(n) Provide practical training in mining and agricultural technology
(o) Foster innovation for natural resource development
(p) Develop technical problem-solving skills
(q) Prepare students for JAMB science/engineering programs
(r) Promote technical and mining career awareness
(s) Provide character education
(t) Produce technically skilled graduates supporting Kogi State mining, confluence agriculture and north-central Nigeria natural resource development"
517026114,"511. FSTC, WURNO, SOKOTO STATE","Federal Science and Technical College Wurno, Sokoto State, is a federal unity school providing science, technology and technical secondary education. Located in Wurno, Sokoto State in northwestern Nigeria, operating under Federal Ministry of Education. Established as Federal Science and Technical College emphasizing STEM education. Sokoto State is seat of Sokoto Caliphate, important Islamic institution in northern Nigeria. Wurno is town in Sokoto State. The college admits students nationally through Common Entrance merit-quota system. Provides JSS1-SS3 education emphasizing sciences, mathematics, technical subjects and vocational training. Boarding education promotes national unity. Prepares students for WAEC and NECO examinations with science/technical emphasis. Features laboratories, workshops and technical facilities. Located in predominantly Muslim Sokoto State where agriculture, livestock (famous for leather) and traditional industries create demand for technical skills. Northwestern Nigeria requires technical education for agricultural and industrial development while respecting Islamic educational values.

**Core Mandate:** To provide science and technical secondary education emphasizing STEM skills, promote national unity and prepare technically competent graduates for Sokoto State agricultural/industrial development and northwestern Nigeria.

**Statutory Functions:**
(a) Provide JSS1-SS3 science and technical education in Sokoto State
(b) Admit students nationally through Common Entrance merit-quota system
(c) Emphasize sciences, mathematics and technical subjects
(d) Provide technical workshops for leather work and vocational training
(e) Maintain science laboratories for practical learning
(f) Prepare students for WAEC and NECO examinations
(g) Deliver federal STEM curriculum respecting Islamic values
(h) Provide boarding promoting national integration
(i) Develop vocational skills supporting livestock and leather industries
(j) Prepare students for science/engineering and agricultural tertiary education
(k) Promote national unity among diverse students
(l) Maintain Federal Unity School standards
(m) Employ qualified science and technical teachers
(n) Provide practical training in leather technology and agriculture
(o) Foster innovation in traditional industries
(p) Develop technical problem-solving skills
(q) Prepare students for JAMB science/agricultural programs
(r) Promote technical and agricultural career awareness
(s) Provide character and moral education
(t) Produce technically skilled graduates supporting Sokoto State leather industry, livestock development and northwestern Nigeria agricultural advancement"
517026113,"512. FSTC, ZAMBUK, GOMBE STATE","Federal Science and Technical College Zambuk, Gombe State, is a federal unity school providing science, technology and technical secondary education. Located in Zambuk, Gombe State in northeastern Nigeria, operating under Federal Ministry of Education. Established as Federal Science and Technical College emphasizing STEM education. Gombe State, created in 1996 from Bauchi State, is predominantly agricultural state. Zambuk is community in Gombe State. The college admits students nationally through Common Entrance merit-quota system ensuring national representation. Provides JSS1-SS3 education emphasizing sciences, mathematics, technical subjects and vocational training. Boarding education promotes national unity among students. Prepares students for WAEC and NECO examinations with science/technical focus. Features laboratories, workshops and technical training facilities. Located in agricultural Gombe State where farming, livestock and rural industries create demand for agricultural mechanization and technical skills. Northeastern Nigeria requires technical education for agricultural development, poverty reduction and economic advancement.

**Core Mandate:** To provide science and technical secondary education emphasizing STEM skills, promote national unity and prepare technically competent graduates for Gombe State agricultural development and northeastern Nigeria.

**Statutory Functions:**
(a) Provide JSS1-SS3 science and technical education in Gombe State
(b) Admit students nationally through Common Entrance merit-quota system
(c) Emphasize sciences, mathematics and technical subjects
(d) Provide technical workshops for agricultural mechanization and vocational training
(e) Maintain science laboratories for practical experiments
(f) Prepare students for WAEC and NECO examinations
(g) Deliver federal STEM curriculum
(h) Provide boarding promoting national integration
(i) Develop vocational skills supporting agriculture and livestock
(j) Prepare students for science/engineering and agricultural tertiary education
(k) Promote national unity among diverse students
(l) Maintain Federal Unity School standards
(m) Employ qualified science and technical teachers
(n) Provide practical training in agricultural technology
(o) Foster innovation for rural development
(p) Develop technical problem-solving skills
(q) Prepare students for JAMB science/agricultural programs
(r) Promote technical and agricultural career awareness
(s) Provide character education
(t) Produce technically skilled graduates supporting Gombe State agricultural development and northeastern Nigeria rural economic advancement"
517026103,"513. FSTC, DOMA","Federal Science and Technical College Doma is a federal unity school providing science, technology and technical secondary education. Located in Doma (specific state requires confirmation, likely Nasarawa State based on Doma Local Government in Nasarawa), operating under Federal Ministry of Education. Established as Federal Science and Technical College emphasizing STEM education. If located in Doma, Nasarawa State, it serves north-central Nigeria region. Nasarawa State, created in 1996, is agricultural state with mining potential. The college admits students nationally through Common Entrance merit-quota system. Provides JSS1-SS3 education emphasizing sciences, mathematics, technical subjects and vocational training. Boarding education promotes national unity. Prepares students for WAEC and NECO examinations with science/technical focus. Features laboratories, workshops and technical facilities. Technical education supports regional agricultural and mining development.

**Core Mandate:** To provide science and technical secondary education emphasizing STEM skills, promote national unity and prepare technically competent graduates for regional development.

**Statutory Functions:**
(a) Provide JSS1-SS3 science and technical secondary education
(b) Admit students nationally through Common Entrance merit-quota system
(c) Emphasize sciences, mathematics and technical subjects
(d) Provide technical workshops for vocational training
(e) Maintain science laboratories for practical learning
(f) Prepare students for WAEC and NECO examinations
(g) Deliver federal STEM curriculum
(h) Provide boarding promoting national integration
(i) Develop vocational skills supporting local economic activities
(j) Prepare students for science/engineering tertiary education
(k) Promote national unity among diverse students
(l) Maintain Federal Unity School standards
(m) Employ qualified science and technical teachers
(n) Provide practical technical training
(o) Foster innovation and technical problem-solving
(p) Develop analytical thinking skills
(q) Prepare students for JAMB science programs
(r) Promote technical career awareness
(s) Provide character education
(t) Produce technically skilled graduates for regional development and national STEM workforce"
517026086,514. FTC IKARE,"Federal Technical College Ikare, Ondo State, is a federal technical college providing technical and vocational secondary education. Located in Ikare, Ondo State in southwestern Nigeria, operating under Federal Ministry of Education. Different from Federal Science and Technical Colleges (FSTCs), Federal Technical Colleges (FTCs) focus more exclusively on technical/vocational education and trades. Ikare is major town and traditional headquarters in Akoko region of Ondo State. Ondo State has agricultural and industrial economy. The college provides technical education including engineering trades, business studies and vocational skills. Admits students through entrance examinations. Prepares students for technical examinations including NABTEB (National Business and Technical Examinations Board) alongside WAEC/NECO. Features workshops for carpentry, metalwork, electrical installation, motor vehicle mechanics, building construction and other trades. Provides practical hands-on vocational training. Graduates pursue further technical education at polytechnics or enter skilled workforce. Located in Akoko agricultural region supporting mechanization needs.

**Core Mandate:** To provide technical and vocational secondary education, develop practical trade skills and prepare students for technical careers and skilled workforce in Ondo State and southwestern Nigeria.

**Statutory Functions:**
(a) Provide technical and vocational secondary education focusing on practical trades
(b) Admit students through entrance examinations for technical programs
(c) Emphasize technical subjects including engineering trades and business studies
(d) Provide comprehensive workshops for carpentry, metalwork, welding and fabrication
(e) Maintain workshops for electrical installation and electronics
(f) Teach motor vehicle mechanics and automotive technology
(g) Provide building construction and masonry training
(h) Prepare students for NABTEB technical examinations alongside WAEC/NECO
(i) Deliver practical hands-on vocational training in trades
(j) Prepare students for National Diploma programs at polytechnics
(k) Develop skilled tradesmen for construction, manufacturing and service sectors
(l) Maintain technical workshop equipment and machinery
(m) Employ qualified technical instructors and trade masters
(n) Provide apprenticeship-style practical training
(o) Foster craftsmanship and technical excellence
(p) Develop entrepreneurship skills for self-employment
(q) Prepare students for City and Guilds technical certifications
(r) Promote technical career opportunities
(s) Provide character and workplace ethics education
(t) Produce skilled technical workers supporting Ondo State construction, Akoko agricultural mechanization and southwestern Nigeria technical workforce development"
517026087,515. FTC ILESA,"Federal Technical College Ilesa, Osun State, is a federal technical college providing technical and vocational secondary education. Located in Ilesa (Ijesha), Osun State in southwestern Nigeria, operating under Federal Ministry of Education. Ilesa is major commercial and industrial town in Osun State, traditional capital of Ijeshaland known for gold mining historically. Osun State has strong educational traditions and cultural heritage. The college provides technical education focusing on engineering trades, vocational skills and business studies. Admits students through entrance process. Prepares students for NABTEB technical examinations and WAEC/NECO. Features comprehensive workshops for various trades including carpentry, metalwork, electrical work, motor mechanics, building construction, welding and other technical skills. Provides practical hands-on training preparing students for skilled workforce or further technical education. Ilesa's industrial and commercial activities create demand for technical skills in manufacturing, construction and services.

**Core Mandate:** To provide technical and vocational secondary education, develop practical trade skills and prepare students for technical careers in Osun State and southwestern Nigeria.

**Statutory Functions:**
(a) Provide technical and vocational secondary education in Osun State
(b) Admit students through entrance examinations for technical programs
(c) Emphasize engineering trades, vocational skills and business studies
(d) Provide carpentry and woodwork workshops
(e) Maintain metalwork, welding and fabrication facilities
(f) Teach electrical installation and electronics
(g) Provide motor vehicle mechanics and automotive training
(h) Teach building construction, masonry and plumbing
(i) Prepare students for NABTEB, WAEC and NECO examinations
(j) Deliver practical vocational training
(k) Prepare students for polytechnic National Diploma programs
(l) Develop skilled craftsmen for construction and manufacturing
(m) Maintain workshop tools and equipment
(n) Employ qualified technical instructors
(o) Provide hands-on apprenticeship training
(p) Foster technical craftsmanship
(q) Develop entrepreneurship for self-employment
(r) Prepare for technical certifications
(s) Promote skilled trades careers
(t) Produce technical workers supporting Ilesa industries, Osun State manufacturing and southwestern Nigeria skilled workforce"
517026088,516. FTC JALINGO,"Federal Technical College Jalingo, Taraba State, is a federal technical college providing technical and vocational secondary education. Located in Jalingo, Taraba State capital in northeastern Nigeria, operating under Federal Ministry of Education. Established to provide technical education in Taraba State. Jalingo is state capital located in middle belt transitional zone. Taraba State, created in 1991, has diverse ethnic composition and agricultural economy. The college provides technical education including engineering trades, business studies and vocational skills. Admits students through entrance examinations. Prepares students for NABTEB and WAEC/NECO technical examinations. Features workshops for various trades including carpentry, metalwork, electrical work, motor mechanics, building construction and other skills. Provides practical vocational training. Located in agricultural Taraba State requiring agricultural mechanization and rural construction skills. Northeastern location requires technical education for regional development.

**Core Mandate:** To provide technical and vocational secondary education, develop practical trade skills and prepare students for technical careers in Taraba State and northeastern Nigeria.

**Statutory Functions:**
(a) Provide technical and vocational secondary education in Taraba State capital
(b) Admit students through entrance examinations
(c) Emphasize engineering trades and vocational skills
(d) Provide carpentry and woodwork training workshops
(e) Maintain metalwork and welding facilities
(f) Teach electrical installation and wiring
(g) Provide motor vehicle mechanics training
(h) Teach building construction and masonry
(i) Prepare students for NABTEB technical examinations
(j) Deliver practical hands-on training
(k) Prepare students for polytechnic programs
(l) Develop skilled tradesmen for construction sector
(m) Maintain workshop equipment
(n) Employ qualified technical instructors
(o) Provide apprenticeship-style training
(p) Foster technical excellence
(q) Develop entrepreneurship skills
(r) Prepare for technical certifications
(s) Promote technical careers
(t) Produce skilled workers supporting Taraba State agricultural mechanization and northeastern Nigeria technical workforce development"
517026089,517. FTC KAFANCHAN,"Federal Technical College Kafanchan, Kaduna State, is a federal technical college providing technical and vocational secondary education. Located in Kafanchan, Kaduna State in north-central Nigeria, operating under Federal Ministry of Education. Kafanchan is major commercial town in southern Kaduna State serving diverse ethnic communities. Kaduna State has significant industrial and manufacturing sectors. The college provides comprehensive technical education including engineering trades, business studies and vocational skills. Admits students through entrance examinations. Prepares students for NABTEB and WAEC/NECO technical examinations. Features extensive workshops for carpentry, metalwork, electrical installation, motor mechanics, building construction, welding, fabrication and other trades. Provides practical hands-on vocational training. Located in industrial Kaduna State with manufacturing, textiles and construction industries creating strong demand for skilled technical workers. Kafanchan's diverse community benefits from technical education promoting integration.

**Core Mandate:** To provide technical and vocational secondary education, develop practical trade skills and prepare students for technical careers in Kaduna State and northern Nigeria industrial sectors.

**Statutory Functions:**
(a) Provide comprehensive technical and vocational education in Kaduna State
(b) Admit students through entrance examinations
(c) Emphasize engineering trades, vocational skills and technical subjects
(d) Provide extensive carpentry and woodwork workshops
(e) Maintain metalwork, welding and fabrication facilities
(f) Teach electrical installation, wiring and electronics
(g) Provide motor vehicle mechanics and automotive technology
(h) Teach building construction, masonry and plumbing
(i) Prepare students for NABTEB technical examinations
(j) Deliver practical vocational training in industrial context
(k) Prepare students for polytechnic technical programs
(l) Develop skilled craftsmen for Kaduna manufacturing industries
(m) Maintain comprehensive workshop equipment
(n) Employ qualified technical instructors and trade masters
(o) Provide hands-on apprenticeship training
(p) Foster technical craftsmanship and excellence
(q) Develop entrepreneurship for self-employment
(r) Prepare for technical certifications
(s) Promote technical and industrial careers
(t) Produce skilled technical workers supporting Kaduna State manufacturing, textiles, construction and northern Nigeria industrial workforce development"
517026090,518. FTC LASSA,"Federal Technical College Lassa is a federal technical college providing technical and vocational secondary education. Located in Lassa (specific state requires confirmation), operating under Federal Ministry of Education. The college provides technical education focusing on engineering trades, vocational skills and business studies. Admits students through entrance examinations. Prepares students for NABTEB technical examinations alongside WAEC/NECO. Features workshops for various trades including carpentry, metalwork, electrical work, motor mechanics, building construction and other technical skills. Provides practical hands-on vocational training preparing students for skilled workforce or further technical education at polytechnics. Technical education supports regional development needs.

**Core Mandate:** To provide technical and vocational secondary education, develop practical trade skills and prepare students for technical careers and skilled workforce.

**Statutory Functions:**
(a) Provide technical and vocational secondary education
(b) Admit students through entrance examinations
(c) Emphasize engineering trades and vocational skills
(d) Provide carpentry and woodwork training
(e) Maintain metalwork and welding workshops
(f) Teach electrical installation
(g) Provide motor vehicle mechanics training
(h) Teach building construction trades
(i) Prepare students for NABTEB examinations
(j) Deliver practical hands-on training
(k) Prepare students for polytechnic programs
(l) Develop skilled tradesmen
(m) Maintain workshop equipment
(n) Employ qualified technical instructors
(o) Provide apprenticeship training
(p) Foster technical craftsmanship
(q) Develop entrepreneurship skills
(r) Prepare for technical certifications
(s) Promote technical careers
(t) Produce skilled technical workers for regional development"
517026091,519. FTC OHANSO,"Federal Technical College Ohanso is a federal technical college providing technical and vocational secondary education. Located in Ohanso (specific state requires confirmation), operating under Federal Ministry of Education. The college provides technical education including engineering trades, business studies and vocational skills. Admits students through entrance examinations. Prepares students for NABTEB technical examinations and WAEC/NECO. Features workshops for various trades including carpentry, metalwork, electrical installation, motor mechanics, building construction, welding and other technical skills. Provides practical hands-on vocational training. Graduates pursue further technical education at polytechnics or enter skilled workforce in construction, manufacturing and service sectors.

**Core Mandate:** To provide technical and vocational secondary education, develop practical trade skills and prepare students for technical careers and skilled workforce.

**Statutory Functions:**
(a) Provide technical and vocational secondary education
(b) Admit students through entrance examinations
(c) Emphasize engineering trades and vocational skills
(d) Provide carpentry and woodwork workshops
(e) Maintain metalwork and welding facilities
(f) Teach electrical installation and electronics
(g) Provide motor vehicle mechanics training
(h) Teach building construction and masonry
(i) Prepare students for NABTEB examinations
(j) Deliver practical vocational training
(k) Prepare students for polytechnic programs
(l) Develop skilled craftsmen
(m) Maintain workshop equipment and tools
(n) Employ qualified technical instructors
(o) Provide hands-on apprenticeship training
(p) Foster technical excellence
(q) Develop entrepreneurship skills
(r) Prepare for technical certifications
(s) Promote skilled trades careers
(t) Produce technical workers for construction, manufacturing and service sectors"
517026092,520. FTC OROZO,"Federal Technical College Orozo is a federal technical college providing technical and vocational secondary education. Located in Orozo (likely Orozo area near Abuja, FCT or Niger State), operating under Federal Ministry of Education. The college provides technical education focusing on engineering trades, vocational skills and business studies. Admits students through entrance examinations. Prepares students for NABTEB technical examinations alongside WAEC/NECO. Features comprehensive workshops for various trades including carpentry, metalwork, electrical installation, motor mechanics, building construction, welding, plumbing and other technical skills. Provides practical hands-on vocational training. If located near Abuja, benefits from proximity to capital city's construction and infrastructure development creating demand for skilled technical workers.

**Core Mandate:** To provide technical and vocational secondary education, develop practical trade skills and prepare students for technical careers supporting regional construction and infrastructure development.

**Statutory Functions:**
(a) Provide technical and vocational secondary education
(b) Admit students through entrance examinations for technical programs
(c) Emphasize engineering trades, vocational skills and technical subjects
(d) Provide comprehensive carpentry and woodwork workshops
(e) Maintain metalwork, welding and fabrication facilities
(f) Teach electrical installation, wiring and electronics
(g) Provide motor vehicle mechanics and automotive training
(h) Teach building construction, masonry and plumbing
(i) Prepare students for NABTEB technical examinations
(j) Deliver practical hands-on vocational training
(k) Prepare students for National Diploma polytechnic programs
(l) Develop skilled tradesmen for construction and infrastructure sectors
(m) Maintain comprehensive workshop equipment and machinery
(n) Employ qualified technical instructors and trade masters
(o) Provide apprenticeship-style practical training
(p) Foster craftsmanship and technical excellence
(q) Develop entrepreneurship skills for self-employment in trades
(r) Prepare students for technical certifications
(s) Promote technical and construction career opportunities
(t) Produce skilled technical workers supporting regional construction, infrastructure development and technical workforce needs"
