mda_code,mda_name,mandate_description
119009021,401. FOREIGN MISSION : BRUSSELS,"**MDA Code:** 119009021

Nigeria's Foreign Mission in Brussels, Belgium, is one of Nigeria's most strategic diplomatic missions representing Federal Republic of Nigeria in Belgium with concurrent accreditation to European Union and Luxembourg. Located in Brussels, Belgium's capital and de facto capital of European Union hosting EU institutions, NATO headquarters and numerous international organizations. Operating under Federal Ministry of Foreign Affairs, the mission holds dual importance managing bilateral Nigeria-Belgium relations and serving as Nigeria's mission to European Union. EU is collectively Nigeria's major trading partner and development cooperation provider. The mission negotiates EU-Nigeria relations including Economic Partnership Agreements, migration management, development aid through European Development Fund, and security cooperation. Belgium itself has colonial history with Congo and expertise in diamond trade relevant to Nigeria. Substantial Nigerian diaspora lives in Belgium including asylum seekers. The mission coordinates Nigeria's engagement with EU institutions on trade, migration, security and development.

**Core Mandate:** To represent Nigeria's interests in Belgium and European Union, coordinate EU engagement, manage migration issues, promote trade and advance Nigeria's European policy.

**Statutory Functions:**
(a) Represent Federal Republic of Nigeria to Belgium, European Union and Luxembourg
(b) Serve as Nigeria's primary mission to European Union institutions in Brussels
(c) Negotiate Economic Partnership Agreements and trade relations with EU
(d) Protect rights and interests of Nigerian citizens in Belgium and Luxembourg
(e) Provide consular services to Nigerian diaspora including migrants and asylum seekers
(f) Coordinate EU development cooperation and European Development Fund assistance to Nigeria
(g) Negotiate migration management agreements with EU
(h) Implement Nigeria's European Union engagement strategy
(i) Monitor EU political, economic and policy developments affecting Nigeria
(j) Report to Federal Ministry of Foreign Affairs on EU matters and Belgium
(k) Engage EU institutions (European Commission, Parliament, Council) on Nigeria's interests
(l) Address irregular migration while promoting legal migration pathways with EU
(m) Provide assistance to Nigerian migrants facing deportation from EU countries
(n) Issue emergency travel documents to Nigerians
(o) Promote Nigeria's image within EU institutions and Belgium
(p) Liaise with Belgian government and EU institutions on bilateral and multilateral issues
(q) Coordinate with NATO headquarters on security cooperation
(r) Facilitate high-level visits between Nigerian leadership and EU officials
(s) Promote cooperation on counter-terrorism, maritime security and development
(t) Advance Nigeria's interests in EU-Africa relations, EU-ECOWAS cooperation and multilateral forums"
119009022,402. FOREIGN MISSION: BUCHAREST,"Nigeria's Foreign Mission in Bucharest, Romania, is a diplomatic mission representing Federal Republic of Nigeria in Romania. Located in Bucharest, Romania's capital and largest city, operating under Federal Ministry of Foreign Affairs. The mission manages Nigeria's relationship with Eastern European EU member state. Romania has experienced significant Nigerian irregular migration with many Nigerians seeking EU entry through Romania before Schengen accession. Romanian authorities have deported numerous Nigerians. Some Nigerian students study in Romanian universities attracted by lower costs. Small Nigerian trading community operates in Bucharest. Romania has agricultural expertise and oil refining capacity relevant to Nigeria. As EU member, Romania participates in EU-Africa relations. The mission addresses primarily consular issues and migration management while promoting limited trade ties. Romania's experience with democratic transition and EU accession interests Nigerian governance reforms.

**Core Mandate:** To represent Nigeria's interests in Romania, manage migration issues, protect Nigerian citizens, promote educational cooperation and advance EU engagement through Romania.

**Statutory Functions:**
(a) Represent Federal Republic of Nigeria maintaining diplomatic relations with Romania
(b) Manage migration issues including irregular migration and deportations
(c) Protect rights and interests of Nigerian citizens in Romania
(d) Provide consular services to Nigerians including students and migrants
(e) Assist Nigerian irregular migrants and those facing deportation
(f) Promote educational cooperation with Romanian universities
(g) Implement Nigeria's Eastern European engagement strategy
(h) Monitor Romanian political and economic developments
(i) Report to Federal Ministry of Foreign Affairs on Romania and Eastern Europe
(j) Facilitate limited trade and investment between Nigeria and Romania
(k) Promote cooperation in agriculture and oil refining sectors
(l) Provide assistance to Nigerian students in Romanian universities
(m) Issue emergency travel documents to Nigerians
(n) Address trafficking in persons cases involving Nigerians
(o) Engage Romania as EU member on EU-Nigeria relations
(p) Liaise with Romanian government on migration management
(q) Coordinate with IOM and international organizations in Bucharest
(r) Facilitate diplomatic exchanges when needed
(s) Learn from Romania's EU accession experience for Nigerian reforms
(t) Advance Nigeria's interests through Romania's EU membership and regional connections"
119009023,403. FOREIGN MISSION: BUDAPEST,"Nigeria's Foreign Mission in Budapest, Hungary, is a diplomatic mission representing Federal Republic of Nigeria in Hungary. Located in Budapest, Hungary's capital on Danube River, operating under Federal Ministry of Foreign Affairs. The mission manages Nigeria's relationship with Hungary, EU member state in Central Europe. Hungary has become transit point for Nigerian irregular migrants seeking Western Europe. Hungarian government under Viktor Orban has strict anti-immigration policies complicating migration management. Some Nigerian students study in Hungarian universities particularly medical schools. Small Nigerian community exists in Budapest. Hungary has agricultural and water management expertise relevant to Nigeria. As EU member, Hungary participates in EU-Africa policies though often takes more restrictive positions. The mission primarily addresses consular and migration issues while promoting limited educational and economic ties. Hungary's nationalist government presents unique diplomatic challenges.

**Core Mandate:** To represent Nigeria's interests in Hungary, manage migration challenges, protect Nigerian citizens, promote educational ties and engage EU through Hungary despite political constraints.

**Statutory Functions:**
(a) Represent Federal Republic of Nigeria maintaining diplomatic relations with Hungary
(b) Manage complex migration issues under Hungary's strict immigration policies
(c) Protect rights and interests of Nigerian citizens facing challenging environment
(d) Provide consular services to Nigerian students and migrants
(e) Assist Nigerian irregular migrants detained or facing deportation
(f) Promote educational cooperation particularly in medical education
(g) Implement Nigeria's Central European engagement strategy
(h) Monitor Hungarian political developments and nationalist policies
(i) Report to Federal Ministry of Foreign Affairs on Hungary and migration issues
(j) Facilitate limited trade and investment despite political constraints
(k) Promote cooperation in agriculture and water management
(l) Provide assistance to Nigerian students in Hungarian universities
(m) Issue emergency travel documents to Nigerians
(n) Address human trafficking cases involving Nigerians
(o) Engage Hungary cautiously as restrictive EU member on migration
(p) Liaise with Hungarian government navigating nationalist rhetoric
(q) Coordinate with UN agencies and diplomatic missions in Budapest
(r) Maintain diplomatic relations despite challenging political environment
(s) Address anti-immigrant sentiment affecting Nigerian community
(t) Advance Nigeria's limited interests through Hungary's EU membership"
119009024,404. FOREIGN MISSION: BUEA,"Nigeria's Foreign Mission in Buea, Cameroon, is a diplomatic mission representing Federal Republic of Nigeria in Republic of Cameroon. Located in Buea, Cameroon's Southwest Region (though Yaoundé is capital), operating under Federal Ministry of Foreign Affairs. Note: Most sources indicate Nigeria's mission to Cameroon is in Yaoundé, not Buea. However, Buea's location in anglophone Southwest Region connects to Nigeria's concerns about Cameroon's anglophone crisis. The mission manages Nigeria's crucial relationship with major eastern neighbor sharing 1,690 km border. Nigeria-Cameroon relations have experienced tensions over Bakassi Peninsula maritime boundary dispute resolved by ICJ in Cameroon's favor. Both countries cooperate extensively on Lake Chad Basin security against Boko Haram. Significant cross-border trade and population movement occurs. Nigerian refugees fled to Cameroon during civil war; Cameroonian refugees flee anglophone crisis to Nigeria. Both countries are ECCAS and Lake Chad Basin Commission members.

**Core Mandate:** To represent Nigeria's interests in Cameroon, manage complex border relations, coordinate security cooperation, protect Nigerian citizens and monitor anglophone crisis.

**Statutory Functions:**
(a) Represent Federal Republic of Nigeria maintaining diplomatic relations with Cameroon
(b) Manage complex bilateral relations post-Bakassi Peninsula dispute resolution
(c) Protect rights and interests of Nigerian citizens in Cameroon
(d) Provide consular services to substantial Nigerian population
(e) Coordinate Nigeria-Cameroon security cooperation against Boko Haram in Lake Chad region
(f) Monitor Cameroon's anglophone crisis affecting cross-border populations
(g) Implement Nigeria's policy toward major eastern neighbor
(h) Monitor political, security and border developments in Cameroon
(i) Report to Federal Ministry of Foreign Affairs on Cameroon and border issues
(j) Facilitate cross-border trade and economic cooperation
(k) Coordinate through Lake Chad Basin Commission on regional security
(l) Provide assistance to Nigerians affected by Bakassi resettlement
(m) Issue emergency travel documents to Nigerians
(n) Monitor refugee flows in both directions across border
(o) Promote trade despite historical tensions
(p) Liaise with Cameroonian government on border management and security
(q) Coordinate with Lake Chad Basin Commission and ECCAS in region
(r) Facilitate high-level diplomatic engagement on sensitive bilateral issues
(s) Promote cooperation on border security, counter-terrorism and maritime boundaries
(t) Advance Nigeria's interests in Lake Chad Basin security, ECCAS and Central Africa relations"
119009025,405. FOREIGN MISSION: BUENOS AIRES,"Nigeria's Foreign Mission in Buenos Aires, Argentina, is a diplomatic mission representing Federal Republic of Nigeria in Argentine Republic. Located in Buenos Aires, Argentina's capital and largest city, operating under Federal Ministry of Foreign Affairs. The mission manages Nigeria's relationship with South America's third-largest economy. Argentina is major agricultural exporter with expertise in beef production, soy cultivation and agricultural technology relevant to Nigeria. Both countries are G77 members advocating for developing countries' interests. Limited Nigerian community exists in Argentina. Argentina has historically supported African liberation struggles. Trade between countries remains minimal below potential. Argentina's experience with economic crises and IMF relations interests Nigeria. Both cooperate in UN and South-South cooperation forums. The mission has lower priority given geographic distance and limited bilateral engagement but maintains diplomatic presence in Southern Cone.

**Core Mandate:** To represent Nigeria's interests in Argentina, promote South-South cooperation, facilitate agricultural technology transfer and maintain diplomatic presence in South America.

**Statutory Functions:**
(a) Represent Federal Republic of Nigeria maintaining diplomatic relations with Argentina
(b) Promote bilateral cooperation on agriculture, trade and South-South partnerships
(c) Protect rights and interests of limited Nigerian community in Argentina
(d) Provide consular services to Nigerians in Argentina
(e) Promote Argentine agricultural technology transfer to Nigeria
(f) Facilitate partnerships in beef production, soy cultivation and agro-processing
(g) Implement Nigeria's South American engagement strategy
(h) Monitor Argentine political and economic developments
(i) Report to Federal Ministry of Foreign Affairs on Argentina and Southern Cone
(j) Promote bilateral trade expansion from minimal current levels
(k) Learn from Argentina's experience with economic crises and debt restructuring
(l) Provide assistance to Nigerian citizens in Argentina
(m) Issue emergency travel documents to Nigerians
(n) Facilitate educational cooperation with Argentine universities
(o) Promote Nigeria-Argentina cooperation in G77 and developing countries forums
(p) Liaise with Argentine government on bilateral issues
(q) Coordinate with Latin American embassies on regional issues
(r) Facilitate limited high-level diplomatic exchanges
(s) Promote cooperation in UN, WTO and multilateral development forums
(t) Advance Nigeria's interests in South-South cooperation and Latin America-Africa relations"
119009026,406. FOREIGN MISSION: BUJUMBURA,"Nigeria's Foreign Mission in Bujumbura, Burundi, is a diplomatic mission representing Federal Republic of Nigeria in Republic of Burundi. Located in Bujumbura, Burundi's largest city and former capital (capital moved to Gitega in 2019), operating under Federal Ministry of Foreign Affairs. The mission operates in challenging environment given Burundi's political crisis, human rights concerns and isolation from Western donors. Burundi experienced ethnic conflict between Hutu and Tutsi populations resulting in civil war. Political crisis intensified in 2015 when President Nkurunziza sought unconstitutional third term. Nigeria has provided peacekeepers to past regional missions in Burundi. Small Nigerian presence mainly missionaries and development workers. Burundi's poverty, political instability and regional tensions create difficult operating environment. The mission maintains diplomatic presence monitoring Great Lakes region security dynamics.

**Core Mandate:** To represent Nigeria's interests in Burundi, monitor Great Lakes security, support stability efforts, protect Nigerian citizens and maintain diplomatic presence despite challenges.

**Statutory Functions:**
(a) Represent Federal Republic of Nigeria maintaining diplomatic relations with Burundi
(b) Monitor Burundi's political crisis and human rights situation
(c) Protect rights and interests of limited Nigerian community mainly missionaries
(d) Provide consular services to Nigerians despite operational challenges
(e) Monitor Great Lakes region security dynamics affecting broader African stability
(f) Report to Federal Ministry of Foreign Affairs on Burundi and regional tensions
(g) Support international efforts toward Burundi's stability and reconciliation
(h) Implement Nigeria's African conflict resolution and peacebuilding policies
(i) Monitor ethnic tensions and potential spillover effects in region
(j) Facilitate limited development cooperation
(k) Provide assistance to Nigerian citizens working in challenging environment
(l) Issue emergency travel documents and facilitate evacuations when needed
(m) Monitor refugee situations in Great Lakes region
(n) Maintain minimal commercial engagement given crisis environment
(o) Promote Nigeria's peacekeeping experience in Great Lakes context
(p) Liaise with Burundian government despite international isolation
(q) Coordinate with AU, UN and regional organizations on Burundi crisis
(r) Maintain diplomatic presence as African solidarity gesture
(s) Support regional stability efforts through East African Community
(t) Advance Nigeria's interests in Great Lakes security, African peace and conflict resolution"
119009027,407. FOREIGN MISSION: CAIRO,"Nigeria's Foreign Mission in Cairo, Egypt, is one of Nigeria's most important diplomatic missions representing Federal Republic of Nigeria in Arab Republic of Egypt. Located in Cairo, Egypt's capital, Africa's largest city and Arab world's cultural center, operating under Federal Ministry of Foreign Affairs. The mission manages Nigeria's strategic relationship with Egypt, Africa's third most populous country and Arab world leader. Nigeria and Egypt are Africa's most influential countries often cooperating on continental issues. Thousands of Nigerian students study in Egyptian universities particularly Al-Azhar University for Islamic studies. Cairo hosts African Union headquarters temporarily and Arab League headquarters permanently. Egypt has construction, engineering and agricultural expertise. Both countries cooperate extensively in African Union. Historical Nasser-era Egypt supported African liberation. The mission coordinates Nigeria's engagement with Arab world through Egypt, manages substantial student population, and promotes bilateral cooperation.

**Core Mandate:** To represent Nigeria's interests in Egypt, coordinate Arab-African engagement, protect large student population, promote bilateral cooperation and advance continental leadership partnership.

**Statutory Functions:**
(a) Represent Federal Republic of Nigeria maintaining strategic partnership with Egypt
(b) Coordinate Nigeria's engagement with Arab world through Egypt as Arab leader
(c) Protect rights and welfare of thousands of Nigerian students in Egyptian universities
(d) Provide extensive consular services to large Nigerian student and resident population
(e) Facilitate Nigerian students' education particularly at Al-Azhar University for Islamic studies
(f) Promote Egyptian investment in Nigerian construction and infrastructure sectors
(g) Implement Nigeria's North African and Arab engagement strategy
(h) Monitor Egyptian political, religious and regional developments
(i) Report to Federal Ministry of Foreign Affairs on Egypt and Arab League matters
(j) Coordinate Nigeria-Egypt cooperation in African Union on continental issues
(k) Engage Arab League headquarters in Cairo on Arab-African relations
(l) Provide assistance to Nigerian students facing academic, financial or legal issues
(m) Issue emergency travel documents to Nigerians
(n) Facilitate technology transfer in agriculture, construction and engineering
(o) Promote bilateral trade expansion leveraging Egypt's regional trade networks
(p) Liaise with Egyptian government on student welfare and bilateral cooperation
(q) Coordinate with AU organs temporarily in Cairo and Arab League headquarters
(r) Facilitate high-level presidential and diplomatic visits between continental leaders
(s) Promote cooperation in counter-terrorism, religious education and regional security
(t) Advance Nigeria-Egypt continental leadership partnership in AU, Arab-African cooperation and global South advocacy"
119009028,408. FOREIGN MISSION: CANBERRA,"Nigeria's Foreign Mission in Canberra, Australia, is a diplomatic mission representing Federal Republic of Nigeria in Commonwealth of Australia. Located in Canberra, Australia's purpose-built capital, operating under Federal Ministry of Foreign Affairs. The mission manages Nigeria's relationship with developed Commonwealth nation in Pacific. Growing Nigerian diaspora in Australia includes skilled professionals, students and permanent residents attracted by Australian immigration system. Many Nigerian medical doctors, engineers and IT professionals migrate to Australia. Some Nigerian students study in Australian universities. Australia provides development assistance to Nigeria. Both countries are Commonwealth members. Australia has expertise in mining, agriculture and education relevant to Nigeria. The mission facilitates skilled migration, protects diaspora rights, promotes educational links and commercial ties. However, mission also handles cases of Nigerian irregular migrants arriving by boat and detained in offshore processing centers.

**Core Mandate:** To represent Nigeria's interests in Australia, facilitate skilled migration, protect growing diaspora, promote educational and commercial ties and manage Commonwealth relations.

**Statutory Functions:**
(a) Represent Federal Republic of Nigeria maintaining diplomatic relations with Australia
(b) Facilitate skilled Nigerian migration to Australia through official channels
(c) Protect rights and interests of growing Nigerian diaspora including skilled professionals
(d) Provide consular services to Nigerians including students and permanent residents
(e) Support Nigerian students in Australian universities
(f) Promote Australian investment in Nigerian mining and agriculture sectors
(g) Implement Nigeria's Pacific and Commonwealth engagement strategy
(h) Monitor Australian immigration policies affecting Nigerian skilled workers
(i) Report to Federal Ministry of Foreign Affairs on Australia and Pacific region
(j) Coordinate Australian development assistance to Nigeria
(k) Engage Commonwealth networks through Australia
(l) Provide assistance to Nigerians including those in immigration detention
(m) Issue emergency travel documents and handle deportation cases
(n) Facilitate educational partnerships between Nigerian and Australian universities
(o) Promote diaspora engagement with Nigerian development
(p) Liaise with Australian government on migration, education and bilateral issues
(q) Coordinate with Commonwealth organizations and Pacific diplomatic missions
(r) Facilitate high-level diplomatic and business visits
(s) Address cases of Nigerian asylum seekers in offshore detention facilities
(t) Advance Nigeria's interests in Commonwealth, skilled migration and development cooperation"
119009029,409. FOREIGN MISSION: CARACAS,"Nigeria's Foreign Mission in Caracas, Venezuela, is a diplomatic mission representing Federal Republic of Nigeria in Bolivarian Republic of Venezuela. Located in Caracas, Venezuela's capital, operating under Federal Ministry of Foreign Affairs. The mission manages Nigeria's relationship with Venezuela amid Venezuela's severe economic collapse, political crisis and humanitarian emergency. Both countries are major oil exporters and OPEC members providing common ground. Venezuela under Chavez and Maduro supported developing countries causes. However, Venezuela's crisis has devastated its economy despite vast oil reserves creating cautionary tale for oil-dependent Nigeria. Small Nigerian community exists mainly students and traders. Venezuela's refining expertise historically relevant to Nigeria. The mission operates under difficult conditions given hyperinflation, shortages, political instability and international sanctions on Venezuelan government. Maintaining diplomatic presence despite challenges demonstrates South-South solidarity.

**Core Mandate:** To represent Nigeria's interests in Venezuela, coordinate OPEC cooperation, monitor oil sector lessons, maintain South-South solidarity and protect Nigerian citizens despite crisis conditions.

**Statutory Functions:**
(a) Represent Federal Republic of Nigeria maintaining diplomatic relations with Venezuela despite crisis
(b) Coordinate Nigeria-Venezuela cooperation in OPEC on oil production
(c) Protect rights and interests of limited Nigerian community in crisis environment
(d) Provide consular services to Nigerians amid hyperinflation and shortages
(e) Monitor Venezuela's oil sector collapse for lessons on petroleum over-dependence
(f) Learn from Venezuela's economic mismanagement to inform Nigerian policy
(g) Implement Nigeria's Latin American engagement despite Venezuelan isolation
(h) Monitor Venezuelan political crisis, humanitarian emergency and regional implications
(i) Report to Federal Ministry of Foreign Affairs on Venezuela crisis and OPEC matters
(j) Maintain minimal bilateral cooperation given crisis constraints
(k) Support Nigerian students facing severe hardship from economic collapse
(l) Provide assistance and potential evacuation for Nigerians in crisis
(m) Issue emergency travel documents amid banking system collapse
(n) Monitor Venezuelan refining sector despite operational difficulties
(o) Maintain South-South solidarity despite Venezuelan government's isolation
(p) Liaise with Venezuelan government amid international sanctions
(q) Coordinate with remaining diplomatic missions and international organizations
(r) Operate mission under difficult conditions (hyperinflation, shortages, security risks)
(s) Balance solidarity with Venezuelan people while noting governance failures
(t) Advance limited Nigerian interests in OPEC, oil producers cooperation and Latin America-Africa relations"
119009030,410. FOREIGN MISSION: CONAKRY,"Nigeria's Foreign Mission in Conakry, Guinea, is a diplomatic mission representing Federal Republic of Nigeria in Republic of Guinea (Guinea-Conakry, distinct from Guinea-Bissau and Equatorial Guinea). Located in Conakry, Guinea's capital and Atlantic port city, operating under Federal Ministry of Foreign Affairs. The mission manages Nigeria's relationship with francophone West African neighbor and ECOWAS member. Guinea has vast mineral wealth including bauxite (world's largest reserves), iron ore, gold and diamonds. Nigerian traders operate in Guinean markets. Both countries cooperate in ECOWAS, Mano River Union and West African regional integration. Guinea has experienced political instability including 2021 military coup. Nigeria has role in ECOWAS mediation. Historical ties exist through shared opposition to colonialism. Guinea's mining sector development interests Nigeria. The mission promotes regional integration, monitors political developments and protects Nigerian commercial interests in minerals-rich but politically unstable country.

**Core Mandate:** To represent Nigeria's interests in Guinea, promote bilateral trade in minerals, monitor political stability, coordinate ECOWAS mediation and protect Nigerian citizens.

**Statutory Functions:**
(a) Represent Federal Republic of Nigeria maintaining diplomatic relations with Guinea
(b) Promote bilateral cooperation on mining, trade and regional integration
(c) Protect rights and interests of Nigerian traders in Guinean markets
(d) Provide consular services to Nigerian diaspora
(e) Monitor Guinea's bauxite, iron ore and mineral sector developments
(f) Facilitate Nigerian investment in Guinean mining and minerals sector
(g) Implement Nigeria's West African regional integration policy
(h) Monitor Guinean political developments including military coups and transitions
(i) Report to Federal Ministry of Foreign Affairs on Guinea and Mano River region
(j) Support ECOWAS mediation efforts following Guinea's 2021 coup
(k) Coordinate Nigeria-Guinea cooperation in ECOWAS and West African organizations
(l) Promote bilateral trade despite political instability
(m) Provide assistance to Nigerian traders and citizens
(n) Issue emergency travel documents to Nigerians
(o) Monitor Ebola and disease outbreak risks in Guinea as regional epicenter
(p) Promote Nigeria's leadership in ECOWAS responses to Guinea's political crises
(q) Liaise with Guinean authorities on bilateral issues and constitutional order
(r) Coordinate with ECOWAS, AU and international partners in Conakry
(s) Facilitate diplomatic engagement on democratic governance and stability
(t) Advance Nigeria's interests in ECOWAS, Mano River Union, West African stability and mineral resources cooperation"
119009031,411. FOREIGN MISSION: COTONOU,"Nigeria's Foreign Mission in Cotonou, Benin Republic, is one of Nigeria's most important diplomatic missions managing relationship with immediate western neighbor. Located in Cotonou, Benin's largest city and economic capital on Atlantic coast, operating under Federal Ministry of Foreign Affairs. Nigeria-Benin share 773 km border with intense economic and cultural ties. Benin's economy depends heavily on transit trade to Nigeria often involving smuggling. Massive informal cross-border trade occurs including petroleum products smuggled from Nigeria and goods smuggled into Nigeria avoiding customs. Nigerian government periodically closes borders with Benin to combat smuggling affecting Benin's economy significantly. Large Nigerian community lives in Benin including traders, students and residents. Both are ECOWAS members. Benin has stable democracy. Border management, customs cooperation and smuggling are constant bilateral issues. The mission has critical importance given economic interdependence and border management challenges.

**Core Mandate:** To represent Nigeria's interests in Benin, manage border relations, combat smuggling, coordinate customs cooperation, protect large Nigerian diaspora and advance regional integration.

**Statutory Functions:**
(a) Represent Federal Republic of Nigeria maintaining crucial relationship with western neighbor Benin
(b) Manage complex border relations and address smuggling of goods and petroleum products
(c) Protect rights and interests of large Nigerian community in Benin
(d) Provide extensive consular services to substantial Nigerian diaspora population
(e) Coordinate Nigeria-Benin customs cooperation and border security
(f) Address petroleum smuggling from Nigeria into Benin and re-export
(g) Implement Nigeria's border management and security policies toward Benin
(h) Monitor Benin's transit trade dependency on Nigerian market
(i) Report to Federal Ministry of Foreign Affairs on border issues and Benin
(j) Negotiate during periodic Nigerian border closures affecting Benin's economy
(k) Promote legitimate bilateral trade beyond informal smuggling
(l) Provide assistance to Nigerian traders and residents in Benin
(m) Issue emergency travel documents to Nigerians
(n) Coordinate on security issues including cross-border crime and terrorism threats
(o) Facilitate Nigerian students' education in Beninese universities
(p) Liaise with Benin government on sensitive border and economic issues
(q) Coordinate through ECOWAS on regional integration and border management
(r) Facilitate high-level visits addressing bilateral challenges
(s) Promote cooperation on border security, customs integration and combating smuggling
(t) Advance Nigeria's interests in ECOWAS, West African border management and economic integration"
119009032,412. FOREIGN MISSION: DAKAR,"Nigeria's Foreign Mission in Dakar, Senegal, is a diplomatic mission representing Federal Republic of Nigeria in Republic of Senegal. Located in Dakar, Senegal's capital and West Africa's westernmost Atlantic port, operating under Federal Ministry of Foreign Affairs. The mission manages Nigeria's relationship with francophone West African leader. Senegal is West Africa's most stable democracy and francophone influence leader. Both countries are ECOWAS founding members cooperating extensively on regional integration. Nigerian traders operate in Dakar's markets. Senegal often mediates West African conflicts. President Macky Sall served as African Union chairman. Both countries cooperate on regional security, maritime issues and economic integration. However, Nigeria and Senegal sometimes compete for West African francophone-anglophone leadership. Dakar hosts regional organizations and conferences. Senegal's democratic stability contrasts with instability elsewhere in Sahel making it important diplomatic hub.

**Core Mandate:** To represent Nigeria's interests in Senegal, coordinate ECOWAS cooperation, engage francophone West Africa leadership, promote bilateral trade and advance regional stability partnerships.

**Statutory Functions:**
(a) Represent Federal Republic of Nigeria maintaining strategic partnership with Senegal
(b) Coordinate Nigeria-Senegal leadership in ECOWAS on regional integration
(c) Protect rights and interests of Nigerian traders and citizens in Senegal
(d) Provide consular services to Nigerian diaspora in Dakar
(e) Promote bilateral trade and investment between West Africa's largest economies
(f) Engage Senegal as francophone West Africa democratic leader
(g) Implement Nigeria's West African francophone engagement strategy
(h) Monitor Senegalese political and economic developments
(i) Report to Federal Ministry of Foreign Affairs on Senegal and francophone West Africa
(j) Coordinate on regional security including Sahel stability and maritime security
(k) Engage Senegal's mediation efforts in West African conflicts
(l) Provide assistance to Nigerian traders in Senegalese markets
(m) Issue emergency travel documents to Nigerians
(n) Promote Senegal-Nigeria cooperation on regional organizations and summits
(o) Balance cooperation with competition for West African leadership
(p) Liaise with Senegalese government on bilateral and regional issues
(q) Coordinate with ECOWAS, West African organizations and diplomatic missions in Dakar
(r) Facilitate high-level presidential and diplomatic visits
(s) Promote cooperation in ECOWAS, maritime security and West African stability
(t) Advance Nigeria's interests in ECOWAS leadership, West African integration and francophone-anglophone cooperation"
119009033,413. FOREIGN MISSION: DAMASCUS,"Nigeria's Foreign Mission in Damascus, Syria, is a diplomatic mission representing Federal Republic of Nigeria in Syrian Arab Republic. Located in Damascus, Syria's capital and world's oldest continuously inhabited city, operating under Federal Ministry of Foreign Affairs. The mission operates in one of world's most dangerous environments given Syria's devastating civil war since 2011. Syrian conflict has killed over 500,000 people and displaced millions creating regional refugee crisis. Most countries closed Damascus embassies; Nigeria maintaining presence demonstrates solidarity with Syrian people. Limited Nigerian community remains mainly those unable to evacuate. Mission operates under severe security constraints. Syria's conflict connects to broader Middle East instability, terrorism concerns and great power rivalries relevant to Nigerian foreign policy understanding. The mission provides critical observation post for Middle East dynamics despite operational difficulties.

**Core Mandate:** To represent Nigeria's interests in Syria, monitor devastating civil war, maintain diplomatic presence during conflict, protect remaining Nigerians and observe Middle East security dynamics.

**Statutory Functions:**
(a) Represent Federal Republic of Nigeria maintaining diplomatic presence during Syrian civil war
(b) Protect remaining Nigerian citizens unable or unwilling to evacuate from Syria
(c) Provide limited consular services amid active conflict
(d) Monitor Syrian civil war dynamics, humanitarian catastrophe and regional implications
(e) Report to Federal Ministry of Foreign Affairs on Syria conflict and Middle East security
(f) Maintain solidarity with Syrian people while monitoring complex conflict
(g) Operate mission under extraordinary security constraints
(h) Facilitate evacuation of Nigerians requesting assistance
(i) Issue emergency travel documents when possible
(j) Monitor terrorism groups including ISIS operating in Syria
(k) Observe regional power rivalries (Russia, Iran, Turkey, US) in Syrian conflict
(l) Track refugee crisis affecting regional stability
(m) Maintain minimal bilateral relations with Syrian government
(n) Coordinate with remaining diplomatic missions and humanitarian organizations
(o) Assess conflict lessons for Nigerian security challenges
(p) Liaise carefully with Syrian government amid international isolation
(q) Operate with extreme security protocols
(r) Demonstrate Nigerian commitment to Arab world despite Western embassy closures
(s) Monitor chemical weapons use and international responses
(t) Maintain Nigerian diplomatic presence as observation post for Middle East conflicts despite severe operational challenges"
119009034,414. FOREIGN MISSION: DAR ES SALAAM,"Nigeria's Foreign Mission in Dar es Salaam, Tanzania, is a diplomatic mission representing Federal Republic of Nigeria in United Republic of Tanzania. Located in Dar es Salaam, Tanzania's largest city and former capital (capital moved to Dodoma), operating under Federal Ministry of Foreign Affairs. The mission manages Nigeria's relationship with East African stable democracy. Tanzania under Nyerere strongly supported African liberation movements including helping Nigeria during civil war. Both countries are major African nations cooperating in AU and UN. Nigerian traders increasingly operate in Tanzanian markets. Tanzania has agricultural potential, tourism expertise and stable governance. As East African Community member, Tanzania provides Nigeria gateway to East African market. Zanzibar's semi-autonomous status creates unique context. Tanzania's Swahili culture and peaceful multi-ethnic coexistence offers lessons for Nigeria. Both countries cooperate on South-South development.

**Core Mandate:** To represent Nigeria's interests in Tanzania, promote bilateral trade, facilitate East African market access, leverage historical solidarity and advance South-South cooperation.

**Statutory Functions:**
(a) Represent Federal Republic of Nigeria maintaining friendly relations with Tanzania
(b) Leverage historical Tanzania support for Nigeria during civil war
(c) Protect rights and interests of growing Nigerian trading community in Tanzania
(d) Provide consular services to Nigerian diaspora and traders
(e) Promote Nigerian access to East African Community market through Tanzania
(f) Facilitate bilateral trade and investment expansion
(g) Implement Nigeria's East African engagement strategy
(h) Monitor Tanzanian political and economic developments
(i) Report to Federal Ministry of Foreign Affairs on Tanzania and East Africa
(j) Promote Nigerian investment in Tanzanian agriculture, mining and tourism
(k) Learn from Tanzania's multi-ethnic peaceful coexistence for Nigerian context
(l) Provide assistance to Nigerian traders and citizens
(m) Issue emergency travel documents to Nigerians
(n) Facilitate educational cooperation between Nigerian and Tanzanian institutions
(o) Promote cultural exchanges leveraging Swahili culture
(p) Liaise with Tanzanian government and Zanzibar authorities
(q) Coordinate with East African Community organizations and diplomatic missions
(r) Facilitate high-level visits and presidential diplomacy
(s) Promote cooperation in AU, UN and South-South development forums
(t) Advance Nigeria's interests in East African market access, pan-African cooperation and South-South solidarity"
119009120,"415. FOREIGN MISSION: DOHA, QATAR","Nigeria's Foreign Mission in Doha, Qatar, is a diplomatic mission representing Federal Republic of Nigeria in State of Qatar. Located in Doha, Qatar's capital and modern Gulf city, operating under Federal Ministry of Foreign Affairs. The mission manages Nigeria's relationship with wealthy Gulf state and major gas producer. Qatar has world's third-largest natural gas reserves making it globally significant LNG exporter with expertise Nigeria seeks for its gas sector. Qatar Airways operates Nigerian routes. Qatar provides Islamic humanitarian assistance to Nigeria. Some Nigerian Muslims perform Hajj through Qatar connections. Qatar Investment Authority is sovereign wealth fund with global reach potentially investing in Nigeria. However, Qatar faced Gulf crisis (2017-2021) when Saudi Arabia and UAE blockaded it affecting regional dynamics. The mission promotes gas sector cooperation, attracts Qatari investment and facilitates Islamic cooperation.

**Core Mandate:** To represent Nigeria's interests in Qatar, promote gas sector cooperation, attract Qatari investment, facilitate Islamic humanitarian assistance and engage Gulf relations.

**Statutory Functions:**
(a) Represent Federal Republic of Nigeria maintaining diplomatic relations with Qatar
(b) Promote Nigeria-Qatar cooperation on gas sector development and LNG technology
(c) Protect rights and interests of Nigerian citizens in Qatar
(d) Provide consular services to Nigerians including workers and visitors
(e) Attract Qatar Investment Authority sovereign wealth fund investments to Nigeria
(f) Facilitate partnerships in gas infrastructure, LNG and petrochemicals
(g) Implement Nigeria's Gulf engagement strategy
(h) Monitor Qatari political, economic and energy developments
(i) Report to Federal Ministry of Foreign Affairs on Qatar and Gulf region
(j) Navigate Qatar's position in Gulf regional dynamics and relations with Saudi Arabia
(k) Promote Qatar Airways expansion of Nigerian routes
(l) Facilitate Islamic humanitarian assistance from Qatari organizations to Nigeria
(m) Provide assistance to Nigerian workers and citizens in Qatar
(n) Issue emergency travel documents to Nigerians
(o) Promote Nigerian participation in Qatar-hosted conferences and events
(p) Liaise with Qatari government on bilateral investment and cooperation
(q) Coordinate with Gulf diplomatic missions and organizations in Doha
(r) Facilitate high-level visits and business delegations
(s) Promote cooperation in gas technology, Islamic cooperation and infrastructure investment
(t) Advance Nigeria's interests in Gulf relations, gas producers cooperation and Islamic development partnerships"
119009035,416. FOREIGN MISSION: DOUALA,"Nigeria's Foreign Mission in Douala, Cameroon, is a consular mission representing Federal Republic of Nigeria in Cameroon's economic capital. Located in Douala, Cameroon's largest city, major port and commercial center, operating under Federal Ministry of Foreign Affairs and Embassy (likely in Yaoundé). Douala is Cameroon's economic hub and gateway port handling most of country's trade. The mission serves significant Nigerian business community engaged in cross-border trade. Nigeria-Cameroon share extensive border with major commercial flows. Douala's port importance for Central Africa trade makes it strategic for Nigerian commercial interests. Large numbers of Nigerians transit through or reside in Douala for business. The consulate focuses primarily on commercial and consular services supporting Nigerian traders and business community rather than political functions handled by embassy.

**Core Mandate:** To provide consular services to Nigerians in Cameroon's economic capital, support Nigerian business community, facilitate trade and protect commercial interests in Douala.

**Statutory Functions:**
(a) Provide consular services to large Nigerian community in Douala commercial hub
(b) Issue and renew Nigerian passports for diaspora in Douala region
(c) Process visa applications for Cameroonians seeking entry to Nigeria
(d) Protect rights and interests of Nigerian traders and business community
(e) Support Nigerian commercial activities in Douala and Littoral Region
(f) Facilitate cross-border trade between Nigeria and Cameroon through Douala
(g) Register Nigerian citizens residing in Douala and surrounding areas
(h) Provide assistance to distressed Nigerian business people
(i) Issue emergency travel certificates to Nigerians
(j) Coordinate with Nigerian embassy on political and security matters
(k) Monitor commercial developments in Cameroon's economic capital
(l) Report to embassy on economic, trade and consular issues in Douala
(m) Liaise with Douala port authorities on Nigerian cargo interests
(n) Support Nigerian exporters and importers using Douala port
(o) Provide notarial services and legal documentation for Nigerian businesses
(p) Address commercial disputes involving Nigerians
(q) Coordinate with Cameroonian authorities in Littoral Region
(r) Facilitate business networking between Nigerian and Cameroonian traders
(s) Handle death, marriage and birth registration for Nigerian diaspora in region
(t) Advance Nigeria's commercial interests in Cameroon's economic heartland"
119009036,417. FOREIGN MISSION: DUBAI TRADE MISSION,"Nigeria's Trade Mission in Dubai, United Arab Emirates, is a specialized diplomatic mission representing Federal Republic of Nigeria's commercial interests in Dubai. Located in Dubai, UAE's commercial capital and Middle East's business hub, operating under Federal Ministry of Foreign Affairs alongside Embassy in Abu Dhabi. Dubai is global trading, logistics, aviation and financial center. Thousands of Nigerian traders operate in Dubai's markets, free zones and commercial districts. Dubai serves as trade gateway for Nigerian imports from Asia and Middle East. Some Nigerians misuse Dubai as base for illicit trade and money laundering requiring mission attention. Emirates Airlines hub in Dubai connects Nigeria to global destinations. Dubai's Jebel Ali Port handles significant Nigerian-bound cargo. The mission focuses specifically on trade promotion, commercial services, and supporting Nigerian business community rather than broader political diplomacy handled by Abu Dhabi embassy.

**Core Mandate:** To promote Nigeria-UAE trade, support Nigerian business community in Dubai, facilitate commercial partnerships, combat illicit trade and advance Nigerian commercial interests in Middle East business hub.

**Statutory Functions:**
(a) Promote bilateral trade between Nigeria and UAE through Dubai commercial hub
(b) Support thousands of Nigerian traders operating in Dubai markets and free zones
(c) Provide commercial and limited consular services to Nigerian business community
(d) Facilitate Nigerian exports to UAE and re-export markets
(e) Promote Nigerian imports from Asia and Middle East through Dubai gateway
(f) Combat illicit trade, smuggling and money laundering by some Nigerians
(g) Coordinate with UAE authorities on commercial regulations and compliance
(h) Monitor Nigerian traders' activities ensuring legal commercial practices
(i) Report to Federal Ministry of Foreign Affairs on trade and commercial matters
(j) Facilitate partnerships between Nigerian and UAE businesses
(k) Promote Nigerian products in Dubai trade fairs and exhibitions
(l) Support Nigerian participation in Dubai's massive trade infrastructure
(m) Coordinate with Abu Dhabi embassy on political matters while focusing on commerce
(n) Liaise with Jebel Ali Port and Dubai airports on Nigerian cargo
(o) Address commercial disputes involving Nigerian traders
(p) Provide trade information and market intelligence to Nigerian exporters
(q) Coordinate with Dubai free zone authorities where many Nigerians operate
(r) Facilitate business networking and commercial delegations
(s) Monitor and combat Nigerian involvement in illicit financial flows
(t) Advance Nigeria's trade interests in UAE, Middle East commercial gateway and global trade hub"
119009037,418. FOREIGN MISSION: DUBLIN,"Nigeria's Foreign Mission in Dublin, Ireland, is a diplomatic mission representing Federal Republic of Nigeria in Republic of Ireland. Located in Dublin, Ireland's capital, operating under Federal Ministry of Foreign Affairs. The mission manages Nigeria's relationship with EU member state. Significant Nigerian community lives in Ireland including healthcare workers, students and families. Many Nigerian nurses work in Irish healthcare system addressing Ireland's medical workforce needs. Ireland has become destination for Nigerian asylum seekers with contentious debates about immigration. Some Nigerian students study in Irish universities. Ireland provides development assistance to Nigeria. Both countries are UN members cooperating on development issues. Ireland's experience with diaspora management (Irish global diaspora) interests Nigeria's diaspora engagement. The mission addresses primarily consular and migration issues while promoting limited commercial ties.

**Core Mandate:** To represent Nigeria's interests in Ireland, protect Nigerian diaspora particularly healthcare workers, manage migration and asylum issues, promote educational ties and coordinate EU engagement through Ireland.

**Statutory Functions:**
(a) Represent Federal Republic of Nigeria maintaining diplomatic relations with Ireland
(b) Protect rights and welfare of significant Nigerian community particularly healthcare workers
(c) Provide consular services to substantial Nigerian diaspora population
(d) Support Nigerian nurses and healthcare professionals working in Irish health system
(e) Manage migration issues including asylum applications and immigration debates
(f) Promote educational cooperation with Irish universities
(g) Implement Nigeria's EU engagement through Ireland as member state
(h) Monitor Irish immigration policies and public debates about Nigerian asylum seekers
(i) Report to Federal Ministry of Foreign Affairs on Ireland and migration issues
(j) Coordinate Irish development assistance to Nigeria
(k) Facilitate skilled healthcare worker migration through official channels
(l) Provide assistance to Nigerian asylum seekers and migrants
(m) Issue emergency travel documents to Nigerians
(n) Address trafficking in persons cases involving Nigerians
(o) Learn from Ireland's diaspora engagement for Nigerian diaspora policy
(p) Liaise with Irish government on immigration, healthcare workforce and bilateral issues
(q) Coordinate with EU institutions and international organizations through Ireland
(r) Facilitate limited diplomatic and business exchanges
(s) Promote Nigeria's positive image amid contentious immigration debates
(t) Advance Nigeria's interests in Irish healthcare partnerships, diaspora engagement and EU relations"
119009038,419. FOREIGN MISSION: FREETOWN,"Nigeria's Foreign Mission in Freetown, Sierra Leone, is a diplomatic mission representing Federal Republic of Nigeria in Republic of Sierra Leone. Located in Freetown, Sierra Leone's capital and Atlantic coastal city, operating under Federal Ministry of Foreign Affairs. The mission manages Nigeria's crucial relationship with ECOWAS member that Nigeria helped stabilize. Nigeria led ECOMOG peacekeeping intervention in Sierra Leone's devastating civil war (1991-2002) making supreme sacrifice with Nigerian soldiers' lives lost. This intervention ended brutal RUF rebellion known for amputations and child soldiers. Strong Nigerian troops presence brought peace. Grateful Sierra Leoneans remember Nigerian sacrifice. Both countries have deep historical ties through Creole population's connections and regional cooperation. Significant Nigerian trading community operates in Freetown. The mission enjoys special status given Nigeria's peacekeeping legacy and Sierra Leone's appreciation.

**Core Mandate:** To represent Nigeria's interests in Sierra Leone, maintain special relationship from peacekeeping legacy, protect Nigerian traders, promote bilateral cooperation and advance regional stability.

**Statutory Functions:**
(a) Represent Federal Republic of Nigeria maintaining special relationship with Sierra Leone
(b) Leverage Nigeria's ECOMOG peacekeeping legacy and sacrifice in Sierra Leone civil war
(c) Protect rights and interests of substantial Nigerian trading community in Freetown
(d) Provide consular services to Nigerian diaspora
(e) Promote bilateral trade between grateful Sierra Leone and Nigeria
(f) Maintain strong people-to-people ties from peacekeeping era
(g) Implement Nigeria's West African peacekeeping and stability policies
(h) Monitor Sierra Leone's post-conflict reconstruction and democratic development
(i) Report to Federal Ministry of Foreign Affairs on Sierra Leone and Mano River region
(j) Coordinate Nigeria-Sierra Leone cooperation in ECOWAS and Mano River Union
(k) Support Sierra Leone's continued stability and development
(l) Provide assistance to Nigerian traders and citizens
(m) Issue emergency travel documents to Nigerians
(n) Promote Nigerian investment in Sierra Leone's reconstruction
(o) Facilitate educational and cultural cooperation
(p) Liaise with Sierra Leonean government maintaining warm bilateral relations
(q) Coordinate with ECOWAS, UN and international organizations in Freetown
(r) Facilitate high-level visits celebrating peacekeeping legacy
(s) Promote cooperation in regional security and ECOWAS integration
(t) Advance Nigeria's interests in West African peacekeeping legacy, regional stability and special bilateral relationship"
119009039,420. FOREIGN MISSION: GABORONE,"Nigeria's Foreign Mission in Gaborone, Botswana, is a diplomatic mission representing Federal Republic of Nigeria in Republic of Botswana. Located in Gaborone, Botswana's capital, operating under Federal Ministry of Foreign Affairs. The mission manages Nigeria's relationship with Southern African stable democracy. Botswana is Africa's success story with diamond wealth managed prudently creating prosperity unlike many resource-rich but poor African states. Botswana's good governance, economic management and diamond industry expertise interests Nigeria seeking lessons. Limited Nigerian community exists mainly students and business people. Both countries cooperate in AU and Southern African Development Community (SADC)-ECOWAS partnerships. Botswana's experience with managing mineral wealth sustainably contrasts with Nigeria's oil curse providing governance lessons. The mission promotes South-South cooperation, investment and learning from Botswana's development model.

**Core Mandate:** To represent Nigeria's interests in Botswana, learn from successful resource management model, promote bilateral investment, facilitate SADC-ECOWAS cooperation and advance Southern African engagement.

**Statutory Functions:**
(a) Represent Federal Republic of Nigeria maintaining diplomatic relations with Botswana
(b) Study Botswana's successful management of diamond wealth for Nigerian lessons
(c) Protect rights and interests of limited Nigerian community in Botswana
(d) Provide consular services to Nigerians including students
(e) Promote bilateral trade and investment between Nigeria and Botswana
(f) Facilitate Nigerian investment in Botswana's stable economy
(g) Implement Nigeria's Southern African engagement strategy
(h) Monitor Botswanan political and economic developments
(i) Report to Federal Ministry of Foreign Affairs on Botswana development model
(j) Learn from Botswana's good governance and anti-corruption successes
(k) Promote Botswana investment in Nigerian economy
(l) Provide assistance to Nigerian citizens in Botswana
(m) Issue emergency travel documents to Nigerians
(n) Facilitate educational cooperation with Botswanan universities
(o) Study Botswana's resource management avoiding ""resource curse""
(p) Liaise with Botswanan government on bilateral cooperation
(q) Coordinate SADC-ECOWAS cooperation on regional integration
(r) Facilitate limited high-level diplomatic exchanges
(s) Promote cooperation in AU, SADC-ECOWAS partnerships and mining sector governance
(t) Advance Nigeria's interests in learning from Africa's development success stories and Southern African regional cooperation"
119009040,421. FOREIGN MISSION: GENEVA,"Nigeria's Foreign Mission in Geneva, Switzerland, is one of Nigeria's most strategic diplomatic missions representing Federal Republic of Nigeria to United Nations and international organizations in Geneva. Located in Geneva, Switzerland's second-largest city and global multilateral diplomacy hub hosting UN European headquarters, WTO, WHO, ILO, UNHCR and numerous international organizations. Operating under Federal Ministry of Foreign Affairs, the mission's importance stems from Geneva's role as multilateral center. Nigeria engages UN Human Rights Council, WTO trade negotiations, WHO health assemblies, ILO labor standards and humanitarian agencies. The mission defends Nigeria's positions on human rights, trade, health, labor and humanitarian issues. Geneva hosts more international organizations than any city except New York. The mission requires highly skilled diplomats for complex multilateral negotiations affecting Nigerian interests globally.

**Core Mandate:** To represent Nigeria's interests at UN and international organizations in Geneva, engage multilateral diplomacy, defend Nigerian positions and advance interests in global governance.

**Statutory Functions:**
(a) Represent Federal Republic of Nigeria to United Nations office and agencies in Geneva
(b) Engage UN Human Rights Council defending Nigeria against human rights criticisms
(c) Participate in World Trade Organization negotiations on trade rules affecting Nigeria
(d) Represent Nigeria at World Health Organization assemblies on global health
(e) Engage International Labour Organization on labor standards and employment
(f) Coordinate with UNHCR on refugee issues and humanitarian responses
(g) Participate in UN Conference on Trade and Development affecting developing countries
(h) Engage World Intellectual Property Organization on patent and IP issues
(i) Report to Federal Ministry of Foreign Affairs on multilateral developments
(j) Defend Nigeria's sovereignty and interests in UN human rights mechanisms
(k) Negotiate trade agreements and dispute settlement at WTO
(l) Advance Nigeria's positions on climate change, disarmament and humanitarian law
(m) Coordinate with other African missions on continental positions
(n) Engage in complex multilateral negotiations requiring diplomatic expertise
(o) Promote Nigeria's development agenda in Geneva-based organizations
(p) Monitor and report on global governance developments affecting Nigeria
(q) Coordinate with permanent missions of other countries on shared interests
(r) Facilitate Nigerian participation in specialized UN conferences and meetings
(s) Defend against potential international sanctions or resolutions targeting Nigeria
(t) Advance Nigeria's interests in UN system, WTO, global health governance and multilateral diplomacy"
119009124,"422. FOREIGN MISSION: GUANGZHOU, CHINA","Nigeria's Consulate General in Guangzhou, China, is a specialized consular mission representing Federal Republic of Nigeria in southern China's commercial capital. Located in Guangzhou (Canton), Guangdong Province's capital and major trading city, operating under Federal Ministry of Foreign Affairs and Embassy in Beijing. Guangzhou hosts Africa's largest diaspora community in China with tens of thousands of African traders predominantly West Africans including massive Nigerian community. Nigerian traders dominate certain market districts importing Chinese goods for re-export to Nigeria and Africa. However, the community faces challenges including discrimination, police raids, visa issues and alleged racial profiling. The mission deals primarily with protecting Nigerian traders' rights, addressing discrimination, providing consular services and managing commercial disputes rather than political diplomacy handled by Beijing embassy.

**Core Mandate:** To protect massive Nigerian trading community in Guangzhou, address discrimination and rights violations, provide consular services, facilitate trade and defend Nigerian traders' interests in China's commercial hub.

**Statutory Functions:**
(a) Provide consular services to tens of thousands of Nigerian traders in Guangzhou
(b) Protect rights of Nigerian community facing discrimination and racial profiling
(c) Address police raids, detentions and deportations targeting Nigerian traders
(d) Issue and renew Nigerian passports for large diaspora community
(e) Process visa applications for Chinese visiting Nigeria
(f) Provide assistance to Nigerian traders facing legal challenges
(g) Address cases of Nigerian traders detained on immigration violations
(h) Register massive Nigerian community in Guangzhou and surrounding areas
(i) Report to Beijing embassy on consular, trade and discrimination issues
(j) Facilitate legitimate trade between Nigerian importers and Chinese exporters
(k) Combat illegal activities by minority of Nigerian community damaging reputation
(l) Liaise with Guangdong provincial and Guangzhou municipal authorities
(m) Address health issues including African community COVID-19 targeting incidents
(n) Issue emergency travel documents during raids and deportation sweeps
(o) Coordinate with Chinese police on community security and relations
(p) Provide welfare assistance to distressed Nigerian traders
(q) Address commercial disputes between Nigerian traders and Chinese suppliers
(r) Promote legal trade while combating drug trafficking and other crimes
(s) Handle death, marriage and birth registration for diaspora
(t) Defend Nigerian community against discrimination while ensuring lawful conduct and commercial interests"
119009042,423. FOREIGN MISSION: HANOI,"Nigeria's Foreign Mission in Hanoi, Vietnam, is a diplomatic mission representing Federal Republic of Nigeria in Socialist Republic of Vietnam. Located in Hanoi, Vietnam's capital, operating under Federal Ministry of Foreign Affairs. The mission manages Nigeria's relationship with rapidly developing Southeast Asian economy. Vietnam has transformed from war-torn country to major manufacturing hub with expertise in rice production, textile manufacturing and infrastructure development. Some Nigerian students study in Vietnamese universities attracted by scholarships and affordable costs. Limited trade exists between countries below potential. Vietnam's experience with post-war reconstruction and economic reforms (Doi Moi) interests Nigeria. Both are developing countries cooperating in UN and South-South forums. Vietnam's manufacturing competitiveness threatens Nigerian textile industry but offers partnership opportunities. The mission promotes Vietnamese investment in Nigerian infrastructure and facilitates South-South cooperation.

**Core Mandate:** To represent Nigeria's interests in Vietnam, promote trade and investment, learn from Vietnamese development model, facilitate educational cooperation and advance South-South partnerships.

**Statutory Functions:**
(a) Represent Federal Republic of Nigeria maintaining diplomatic relations with Vietnam
(b) Promote Vietnamese investment in Nigerian infrastructure and manufacturing
(c) Protect rights and interests of limited Nigerian community including students
(d) Provide consular services to Nigerians in Vietnam
(e) Facilitate bilateral trade addressing trade imbalance favoring Vietnam
(f) Learn from Vietnam's post-war reconstruction and economic reform success
(g) Implement Nigeria's Southeast Asian engagement strategy
(h) Monitor Vietnamese economic development and manufacturing sector
(i) Report to Federal Ministry of Foreign Affairs on Vietnam and lessons for Nigeria
(j) Promote educational cooperation supporting Nigerian students in Vietnam
(k) Address competition from Vietnamese textile exports to Nigerian market
(l) Provide assistance to Nigerian students and business people
(m) Issue emergency travel documents to Nigerians
(n) Facilitate technology transfer in agriculture particularly rice production
(o) Study Vietnam's Doi Moi economic reforms for Nigerian policy lessons
(p) Liaise with Vietnamese government on bilateral cooperation
(q) Coordinate with ASEAN member states missions on regional issues
(r) Facilitate limited high-level diplomatic exchanges
(s) Promote cooperation in UN, South-South development and developing countries forums
(t) Advance Nigeria's interests in Vietnamese manufacturing partnerships, infrastructure development and learning from successful development models"
119009043,424. FOREIGN MISSION: HARARE,"Nigeria's Foreign Mission in Harare, Zimbabwe, is a diplomatic mission representing Federal Republic of Nigeria in Republic of Zimbabwe. Located in Harare, Zimbabwe's capital, operating under Federal Ministry of Foreign Affairs. The mission manages Nigeria's relationship with troubled Southern African state. Zimbabwe under Robert Mugabe (1980-2017) was liberation hero turned authoritarian ruler presiding over economic collapse. Despite vast agricultural and mineral resources, Zimbabwe suffered hyperinflation, land reform chaos and economic mismanagement. Nigerian traders have operated in Zimbabwe despite economic challenges. Both countries cooperate in AU and SADC-ECOWAS partnerships. Zimbabwe's decline from ""breadbasket"" to basket case provides cautionary governance lessons for Nigeria. Post-Mugabe Zimbabwe under Mnangagwa still struggles with economic crisis. The mission operates in difficult environment maintaining diplomatic presence.

**Core Mandate:** To represent Nigeria's interests in Zimbabwe, maintain diplomatic presence despite economic crisis, protect Nigerian traders, monitor political developments and facilitate limited cooperation.

**Statutory Functions:**
(a) Represent Federal Republic of Nigeria maintaining diplomatic relations with Zimbabwe
(b) Protect rights and interests of Nigerian traders operating in crisis economy
(c) Provide consular services to Nigerians despite operational challenges
(d) Monitor Zimbabwe's continued economic crisis and political developments
(e) Report to Federal Ministry of Foreign Affairs on Zimbabwe and lessons on governance failures
(f) Maintain limited bilateral cooperation given Zimbabwe's constraints
(g) Implement Nigeria's Southern African engagement strategy
(h) Study Zimbabwe's economic collapse as cautionary governance tale
(i) Facilitate minimal trade given Zimbabwe's foreign currency crisis
(j) Provide assistance to Nigerian citizens facing economic hardships
(k) Issue emergency travel documents amid cash shortages
(l) Monitor post-Mugabe political transition and continued authoritarian governance
(m) Maintain diplomatic solidarity with Zimbabwe despite governance concerns
(n) Coordinate SADC-ECOWAS cooperation on regional integration
(o) Balance support for Zimbabwean people with critique of governance failures
(p) Liaise with Zimbabwe government amid international isolation
(q) Coordinate with remaining diplomatic missions in Harare
(r) Operate mission under difficult conditions (currency crisis, shortages)
(s) Learn from Zimbabwe's land reform disaster for Nigerian agricultural policy
(t) Advance limited Nigerian interests in AU, SADC-ECOWAS cooperation and Southern African relations"
119009044,425. FOREIGN MISSION: HAVANA,"Nigeria's Foreign Mission in Havana, Cuba, is a diplomatic mission representing Federal Republic of Nigeria in Republic of Cuba. Located in Havana, Cuba's capital, operating under Federal Ministry of Foreign Affairs. The mission manages Nigeria's relationship with Caribbean communist state under US embargo. Cuba historically supported African liberation movements including Angola where Cuban troops fought. Nigeria and Cuba maintain South-South solidarity ties. Cuban medical professionals have worked in Nigeria and other African countries. Cuba has healthcare and biotechnology expertise despite poverty from US sanctions and economic mismanagement. Some Nigerian students study medicine in Cuba attracted by free or low-cost education. Both countries cooperate in UN and Non-Aligned Movement. Cuba's experience with sanctions and economic survival strategies interests Nigeria. The mission maintains limited engagement focused on healthcare cooperation and South-South solidarity.

**Core Mandate:** To represent Nigeria's interests in Cuba, maintain South-South solidarity, promote healthcare cooperation, support Nigerian medical students and coordinate developing countries cooperation.

**Statutory Functions:**
(a) Represent Federal Republic of Nigeria maintaining diplomatic relations with Cuba
(b) Maintain South-South solidarity with Cuba despite US sanctions
(c) Protect rights and welfare of Nigerian students studying medicine in Cuba
(d) Provide consular services to limited Nigerian community
(e) Promote Cuban healthcare expertise deployment to Nigeria
(f) Facilitate medical education cooperation for Nigerian students
(g) Implement Nigeria's Caribbean and Latin American solidarity policies
(h) Monitor Cuban political and economic situation under continued US embargo
(i) Report to Federal Ministry of Foreign Affairs on Cuba and Caribbean
(j) Learn from Cuba's survival under sanctions for Nigerian economic resilience
(k) Promote limited bilateral cooperation given Cuba's economic constraints
(l) Provide assistance to Nigerian medical students
(m) Issue emergency travel documents to Nigerians
(n) Facilitate Cuban medical professionals' deployment to Nigeria
(o) Coordinate developing countries positions in UN and NAM
(p) Liaise with Cuban government on healthcare cooperation
(q) Maintain symbolic presence demonstrating Nigeria's South-South solidarity
(r) Facilitate limited diplomatic exchanges
(s) Study Cuba's healthcare system achievements despite economic poverty
(t) Advance Nigeria's interests in South-South cooperation, NAM, developing countries solidarity and healthcare partnerships"
119009045,426. FOREIGN MISSION: HONG KONG,"Nigeria's Consulate General in Hong Kong is a specialized mission representing Federal Republic of Nigeria in Hong Kong Special Administrative Region of China. Located in Hong Kong, global financial center and Asian trading hub, operating under Federal Ministry of Foreign Affairs and Embassy in Beijing. Hong Kong has unique status as Chinese territory with separate customs, legal system and autonomy (until recent Chinese restrictions). Nigerian traders operate in Hong Kong using it as gateway for Asian imports. Hong Kong serves as financial center for Nigerian businesses' Asian operations. Some Nigerians transit through Hong Kong. However, Hong Kong's special status eroded after 2019 protests and China's imposition of national security law changing political dynamics. The mission focuses on commercial services, protecting Nigerian traders and maintaining presence in strategic financial center now under tighter Chinese control.

**Core Mandate:** To provide consular services to Nigerians in Hong Kong, support Nigerian business community, facilitate Asian trade gateway access, promote commercial ties and navigate Hong Kong's changing status.

**Statutory Functions:**
(a) Provide consular services to Nigerian traders and visitors in Hong Kong
(b) Issue and renew Nigerian passports for diaspora and visitors
(c) Process visa applications for Hong Kong residents visiting Nigeria
(d) Protect rights and interests of Nigerian business community
(e) Support Nigerian traders using Hong Kong as Asian imports gateway
(f) Facilitate financial services for Nigerian businesses' Asian operations
(g) Monitor Hong Kong's changing political status under tighter Chinese control
(h) Report to Beijing embassy on Hong Kong developments affecting Nigerian interests
(i) Coordinate with Embassy in Beijing on policy matters
(j) Facilitate trade between Nigeria and Hong Kong/Asian markets
(k) Provide assistance to Nigerian traders and business people
(l) Issue emergency travel documents to Nigerians
(m) Address commercial disputes involving Nigerians
(n) Monitor impact of national security law on Nigerian business operations
(o) Navigate Hong Kong's reduced autonomy and China's increasing control
(p) Liaise with Hong Kong SAR authorities and Chinese officials
(q) Coordinate with other consulates on commercial matters
(r) Facilitate business networking and commercial delegations
(s) Promote Nigerian exports through Hong Kong trading networks
(t) Advance Nigeria's commercial interests in Asian financial hub despite Hong Kong's political transition"
119009046,427. FOREIGN MISSION: ISLAMABAD,"Nigeria's Foreign Mission in Islamabad, Pakistan, is a diplomatic mission representing Federal Republic of Nigeria in Islamic Republic of Pakistan. Located in Islamabad, Pakistan's purpose-built capital, operating under Federal Ministry of Foreign Affairs. The mission manages Nigeria's relationship with major South Asian Muslim country. Significant Nigerian community in Pakistan includes students studying in Pakistani universities, Islamic scholars at madrasas, and pilgrims. Pakistan provides affordable higher education attracting Nigerian students. Both countries cooperate extensively in Organization of Islamic Cooperation and Islamic Development Bank. Pakistan's nuclear program, defense industry and military expertise interests Nigeria. Some Nigerian students have been radicalized in Pakistani madrasas raising security concerns. Pakistan-India tensions, terrorism challenges and political instability affect regional context. The mission promotes Islamic cooperation, protects students and facilitates defense sector collaboration.

**Core Mandate:** To represent Nigeria's interests in Pakistan, protect substantial student population, promote Islamic cooperation, facilitate defense ties and monitor radicalization concerns.

**Statutory Functions:**
(a) Represent Federal Republic of Nigeria maintaining strategic partnership with Pakistan
(b) Protect rights and welfare of substantial Nigerian student population in Pakistan
(c) Provide consular services to thousands of Nigerian students and Islamic scholars
(d) Monitor Nigerian students in Pakistani madrasas for radicalization risks
(e) Promote educational cooperation with Pakistani universities
(f) Coordinate Nigeria-Pakistan cooperation in Organization of Islamic Cooperation
(g) Facilitate defense sector cooperation leveraging Pakistan's military industry
(h) Implement Nigeria's South Asian and Islamic world engagement strategy
(i) Monitor Pakistani political developments, terrorism and regional tensions
(j) Report to Federal Ministry of Foreign Affairs on Pakistan, radicalization and regional security
(k) Address cases of Nigerian students facing difficulties
(l) Provide assistance to Nigerian citizens including religious scholars
(m) Issue emergency travel documents to Nigerians
(n) Monitor and prevent radicalization of Nigerian students in extremist madrasas
(o) Promote trade and investment between Nigeria and Pakistan
(p) Liaise with Pakistani government on student welfare and security concerns
(q) Coordinate through OIC and Islamic Development Bank on development cooperation
(r) Facilitate high-level military and diplomatic visits
(s) Monitor Pakistan-India tensions and terrorism affecting regional stability
(t) Advance Nigeria's interests in OIC, Islamic cooperation, defense partnerships and South Asian engagement"
119009047,428. FOREIGN MISSION: JAKARTA,"Nigeria's Foreign Mission in Jakarta, Indonesia, is a diplomatic mission representing Federal Republic of Nigeria in Republic of Indonesia. Located in Jakarta, Indonesia's capital and Southeast Asian megacity, operating under Federal Ministry of Foreign Affairs. The mission manages Nigeria's relationship with world's largest Muslim-majority country and fourth most populous nation. Both Nigeria and Indonesia are developing countries, major oil producers, and leaders in Muslim world. Indonesian experience with democracy, Islamic moderation and economic development interests Nigeria. Some Nigerian students study in Indonesian universities. Both countries cooperate in Organization of Islamic Cooperation, D-8 developing countries, and Non-Aligned Movement. Indonesia is ASEAN leader providing Nigeria gateway to Southeast Asian market. Palm oil competition exists as both produce palm oil. The mission promotes South-South cooperation, Islamic partnership and economic ties between continental giants.

**Core Mandate:** To represent Nigeria's interests in Indonesia, promote South-South cooperation between continental powers, facilitate Islamic partnership, learn from Indonesian development and advance bilateral ties.

**Statutory Functions:**
(a) Represent Federal Republic of Nigeria maintaining strategic partnership with Indonesia
(b) Promote bilateral cooperation between Africa's and Asia's largest Muslim nations
(c) Protect rights and interests of limited Nigerian community including students
(d) Provide consular services to Nigerians in Indonesia
(e) Learn from Indonesia's democratic transition and Islamic moderation
(f) Facilitate economic cooperation between developing country giants
(g) Implement Nigeria's Southeast Asian and Islamic world engagement
(h) Monitor Indonesian political, economic and Islamic developments
(i) Report to Federal Ministry of Foreign Affairs on Indonesia and lessons for Nigeria
(j) Coordinate Nigeria-Indonesia cooperation in OIC, D-8 and NAM
(k) Promote access to ASEAN market through Indonesia
(l) Provide assistance to Nigerian students in Indonesian universities
(m) Issue emergency travel documents to Nigerians
(n) Address palm oil competition while seeking cooperation opportunities
(o) Study Indonesia's approach to Islamic governance and pluralism
(p) Liaise with Indonesian government on bilateral cooperation
(q) Coordinate with ASEAN embassies and OIC missions in Jakarta
(r) Facilitate high-level visits between African and Asian continental leaders
(s) Promote cooperation in UN, OIC, NAM and developing countries forums
(t) Advance Nigeria's interests in South-South cooperation, Islamic partnership and learning from successful large Muslim democracy"
119009048,429. FOREIGN MISSION: JEDDAH,"Nigeria's Consulate General in Jeddah, Saudi Arabia, is a critical consular mission representing Federal Republic of Nigeria in Saudi Arabia's commercial capital. Located in Jeddah on Red Sea coast, operating under Federal Ministry of Foreign Affairs alongside Embassy in Riyadh. Jeddah is gateway to Mecca and Medina making it crucial for Nigerian pilgrims performing Hajj and Umrah. Hundreds of thousands of Nigerian Muslims visit Saudi Arabia annually for pilgrimage. The mission provides essential consular services to massive pilgrim flows, addresses deaths and medical emergencies during Hajj, and protects Nigerian workers in Saudi Arabia. Some Nigerians work in Saudi Arabia facing labor rights issues. Jeddah also hosts Nigerian students at Islamic universities. The mission's primary focus is pilgrim welfare, consular services to large temporary populations, and protecting Nigerian workers rather than political diplomacy handled by Riyadh embassy.

**Core Mandate:** To provide consular services to hundreds of thousands of Nigerian pilgrims, protect pilgrim welfare, assist Nigerian workers, facilitate Hajj operations and handle emergencies.

**Statutory Functions:**
(a) Provide critical consular services to massive Nigerian pilgrim population during Hajj and Umrah
(b) Coordinate with Saudi authorities on Nigerian pilgrims' welfare and logistics
(c) Handle deaths, medical emergencies and accidents involving Nigerian pilgrims
(4) Issue emergency travel documents to pilgrims losing documents
(e) Protect rights of Nigerian workers in Saudi Arabia facing labor exploitation
(f) Assist Nigerian workers facing arrest, detention or deportation
(g) Coordinate with Nigerian Hajj Commission on pilgrimage operations
(h) Register Nigerian citizens residing in Jeddah region
(i) Report to Riyadh embassy on consular, pilgrim and labor issues
(j) Provide 24-hour emergency services during Hajj season
(k) Address cases of missing pilgrims during Hajj
(l) Handle repatriation of deceased Nigerian pilgrims
(m) Facilitate medical treatment for sick pilgrims
(n) Liaise with Saudi authorities in Makkah Province on pilgrim matters
(o) Coordinate with Nigerian state pilgrim boards operating during Hajj
(p) Provide welfare assistance to distressed pilgrims
(q) Address commercial disputes involving Nigerian traders
(r) Support Nigerian students at Jeddah Islamic universities
(s) Coordinate with Makkah and Madinah authorities on pilgrim security
(t) Advance Nigeria's interests in facilitating safe, smooth Hajj operations for millions of Nigerian Muslims"
119009049,430. FOREIGN MISSION: JOHANNESBURG,"Nigeria's Consulate General in Johannesburg, South Africa, is one of Nigeria's most important consular missions representing Federal Republic of Nigeria in South Africa's economic capital. Located in Johannesburg, Africa's economic powerhouse and financial center, operating under Federal Ministry of Foreign Affairs alongside Embassy in Pretoria. Johannesburg hosts large Nigerian diaspora including traders, students, professionals and families. However, Nigeria-South Africa relations are complicated by xenophobic attacks targeting Nigerian nationals, business rivalry between African giants, and competing continental leadership. Periodic xenophobic violence has killed Nigerians and destroyed Nigerian businesses. Nigerian traders dominate certain commercial sectors angering South Africans. Both countries are Africa's largest economies with natural rivalry. The mission's critical role involves protecting Nigerian community from violence, providing emergency services during xenophobic attacks, addressing commercial disputes and managing complex bilateral tensions.

**Core Mandate:** To protect large Nigerian diaspora from xenophobic violence, provide emergency consular services, address commercial disputes, manage complex Nigeria-South Africa relations and defend Nigerian interests in African economic capital.

**Statutory Functions:**
(a) Provide consular services to large Nigerian community in South Africa's economic center
(b) Protect Nigerian diaspora from periodic xenophobic attacks and violence
(c) Issue and renew Nigerian passports for substantial diaspora population
(d) Provide emergency assistance during xenophobic violence targeting Nigerians
(e) Coordinate evacuations of Nigerian nationals during severe xenophobic attacks
(f) Support Nigerian traders whose businesses are destroyed in xenophobic violence
(g) Register Nigerian citizens in Johannesburg and surrounding provinces
(h) Report to Pretoria embassy on consular issues, xenophobia and commercial matters
(i) Address murders and assaults of Nigerian nationals
(j) Liaise with South African police on protecting Nigerian community
(k) Coordinate with Gauteng provincial government on Nigerian community issues
(l) Provide assistance to Nigerian traders facing harassment
(m) Issue emergency travel documents during xenophobic crises
(n) Handle death, injury and property destruction cases
(o) Support Nigerian businesses targeted in attacks
(p) Address commercial disputes between Nigerian traders and South Africans
(q) Provide welfare assistance to distressed Nigerians
(r) Coordinate with South African authorities on community security
(s) Navigate complex Nigeria-South Africa rivalry affecting diaspora
(t) Defend Nigerian community interests while managing continental giants' difficult relationship in Africa's economic hub"
119009110,# NIGERIAN FEDERAL AGENCY MANDATES: AGENCIES 380-400 (FOREIGN MISSIONS),"**MDA Code:** 119009110

Nigeria's Foreign Mission in Abu Dhabi, United Arab Emirates, is a diplomatic mission representing Federal Republic of Nigeria in UAE. Located in Abu Dhabi, UAE's capital and political center, operating under Federal Ministry of Foreign Affairs. The mission manages Nigeria's strategic relationship with UAE, major oil-producing nation and Middle East economic powerhouse. UAE is significant investor in Nigeria across oil and gas, aviation, real estate, and infrastructure sectors. Emirates Airlines operates extensive Nigerian routes. UAE hosts substantial Nigerian diaspora including businesspeople, students and professionals. The mission facilitates Nigeria's engagement with UAE sovereign wealth funds, coordinates on OPEC matters, and promotes investment attraction. Abu Dhabi hosts numerous international organizations and serves as diplomatic hub for Middle East region.

**Core Mandate:** To represent Nigeria's interests in UAE, promote bilateral relations focusing on investment and energy cooperation, protect Nigerian citizens and advance foreign policy objectives in Middle East.

**Statutory Functions:**
(a) Represent Federal Republic of Nigeria maintaining diplomatic relations with UAE government
(b) Promote bilateral political, economic and energy cooperation between Nigeria and UAE
(c) Protect rights and interests of Nigerian citizens in UAE
(d) Provide consular services including passport services, visa processing and citizen registration
(e) Promote UAE investment in Nigerian oil and gas, aviation, real estate and infrastructure sectors
(f) Facilitate partnerships between Nigerian businesses and UAE companies and sovereign wealth funds
(g) Implement Nigeria's foreign policy objectives in Middle East and Gulf region
(h) Monitor political, economic and energy sector developments in UAE
(i) Report to Federal Ministry of Foreign Affairs on UAE developments affecting Nigeria
(j) Coordinate Nigeria-UAE cooperation within OPEC on oil production and pricing
(k) Promote educational and cultural exchanges between Nigeria and UAE
(l) Provide assistance to distressed Nigerian citizens including those facing legal issues
(m) Issue emergency travel documents to Nigerians
(n) Facilitate educational opportunities for Nigerian students in UAE universities
(o) Promote Nigeria's investment opportunities to UAE sovereign wealth funds and investors
(p) Liaise with UAE federal and Abu Dhabi emirate government authorities
(q) Coordinate with international organizations and diplomatic missions in Abu Dhabi
(r) Facilitate high-level visits between Nigerian and UAE leadership
(s) Promote cooperation on security, counter-terrorism financing and intelligence sharing
(t) Advance Nigeria's interests in Arab League, Islamic Cooperation Organization and multilateral forums"
119009002,382. FOREIGN MISSION: ACCRA,"Nigeria's Foreign Mission in Accra, Ghana, is a diplomatic mission representing Federal Republic of Nigeria in Ghana, one of Nigeria's most important bilateral relationships in West Africa. Located in Accra, Ghana's capital, operating under Federal Ministry of Foreign Affairs. Nigeria-Ghana relations date to both countries' independence with deep historical, cultural and economic ties. Nigeria played crucial role supporting Ghana's independence and post-independence development. Both countries are ECOWAS founding members cooperating extensively on regional integration. However, relations have experienced tensions over treatment of Nigerian traders in Ghana, periodic expulsions, and business competition. The mission serves very large Nigerian diaspora including major trading community at Accra's markets. Both countries share borders through maritime boundaries in Gulf of Guinea.

**Core Mandate:** To represent Nigeria's interests in Ghana, promote bilateral relations, protect large Nigerian diaspora community and advance regional integration objectives in West Africa.

**Statutory Functions:**
(a) Represent Federal Republic of Nigeria maintaining diplomatic relations with Ghana government
(b) Promote and strengthen bilateral political, economic and cultural relations between Nigeria and Ghana
(c) Protect rights, interests and welfare of large Nigerian community in Ghana including traders
(d) Provide consular services to substantial Nigerian diaspora population
(e) Promote bilateral trade addressing trade disputes and protecting Nigerian business interests
(f) Facilitate business partnerships and address commercial disputes between Nigerian and Ghanaian entities
(g) Implement Nigeria's foreign policy priorities in West Africa
(h) Monitor political, economic and social developments in Ghana
(i) Report on Ghana developments and Nigeria-Ghana relations to Federal Ministry of Foreign Affairs
(j) Coordinate Nigeria-Ghana cooperation within ECOWAS on regional integration initiatives
(k) Promote cultural exchanges leveraging shared historical and cultural ties
(l) Provide assistance to distressed Nigerians including those facing harassment or legal issues
(m) Issue emergency travel documents during periodic tensions or expulsions
(n) Facilitate educational cooperation between Nigerian and Ghanaian universities
(o) Promote Nigeria's positive image countering negative stereotypes about Nigerians in Ghana
(p) Liaise with Ghana government on protecting Nigerian citizens' rights and business interests
(q) Mediate disputes between Nigerian community and Ghanaian authorities or citizens
(r) Facilitate high-level diplomatic visits and presidential summits
(s) Promote cooperation on Gulf of Guinea security, illegal migration and border management
(t) Advance Nigeria's leadership role in ECOWAS and West African regional affairs"
119009003,383. FOREIGN MISSION: ADDIS ABABA,"Nigeria's Foreign Mission in Addis Ababa, Ethiopia, is a diplomatic mission representing Federal Republic of Nigeria in Ethiopia with concurrent accreditation to Djibouti. Located in Addis Ababa, Ethiopia's capital and Africa's diplomatic capital hosting African Union headquarters and UN Economic Commission for Africa. Operating under Federal Ministry of Foreign Affairs, the mission holds strategic importance as Nigeria's primary engagement point with African Union. Nigeria and Ethiopia are Africa's two most populous countries with significant continental influence. Both countries cooperate on pan-African issues, peacekeeping, and continental integration. Nigeria maintains significant presence in AU Peace and Security Council and various AU specialized agencies headquartered in Addis Ababa. The mission coordinates Nigeria's multilateral diplomacy across African Union institutions.

**Core Mandate:** To represent Nigeria's interests in Ethiopia, coordinate engagement with African Union institutions, promote bilateral relations and advance pan-African objectives.

**Statutory Functions:**
(a) Represent Federal Republic of Nigeria maintaining diplomatic relations with Ethiopia government
(b) Serve as Nigeria's primary liaison with African Union headquarters and institutions
(c) Protect rights and interests of Nigerian citizens in Ethiopia and Djibouti
(d) Provide consular services including passport and visa processing
(e) Coordinate Nigeria's participation in African Union summits, councils and specialized agencies
(f) Promote bilateral political and economic cooperation between Nigeria and Ethiopia
(g) Implement Nigeria's pan-African foreign policy agenda and AU leadership role
(h) Monitor political, economic and security developments in Horn of Africa
(i) Report to Federal Ministry of Foreign Affairs on AU developments and Ethiopia
(j) Represent Nigeria in AU Peace and Security Council and continental peace initiatives
(k) Promote Nigeria's candidacies for AU positions and continental leadership roles
(l) Provide assistance to Nigerian citizens in Ethiopia and Djibouti
(m) Issue emergency travel documents to Nigerians
(n) Facilitate partnerships with UN Economic Commission for Africa based in Addis Ababa
(o) Promote Nigeria's continental leadership on democracy, good governance and development
(p) Liaise with Ethiopian government and Djibouti authorities on bilateral issues
(q) Coordinate with international organizations, diplomatic missions and AU agencies in Addis Ababa
(r) Facilitate high-level visits between Nigerian leadership and AU/Ethiopia
(s) Promote cooperation on counter-terrorism, peacekeeping and regional security in Africa
(t) Advance Nigeria's interests in African Union, IGAD and multilateral African forums"
119009004,384. FOREIGN MISSION: ALGIERS,"Nigeria's Foreign Mission in Algiers, Algeria, is a diplomatic mission representing Federal Republic of Nigeria in Algeria, North Africa's largest country by area. Located in Algiers, Algeria's capital and Mediterranean port city, operating under Federal Ministry of Foreign Affairs. Nigeria-Algeria relations are significant within African context, both being major oil and gas producers and OPEC members. Algeria has supported Nigeria on various international issues and both cooperate on counter-terrorism in Sahel region. Algeria played role mediating Tuareg issues affecting northern Nigeria indirectly. The mission engages Algeria on trans-Saharan security threats including Boko Haram's regional connections. Both countries cooperate in African Union and advocate for African interests globally. Algeria's experience with gas infrastructure development interests Nigeria's gas sector expansion plans.

**Core Mandate:** To represent Nigeria's interests in Algeria, promote bilateral relations focusing on energy cooperation and Sahel security, and advance shared African interests.

**Statutory Functions:**
(a) Represent Federal Republic of Nigeria maintaining diplomatic relations with Algeria government
(b) Promote bilateral political, economic and energy cooperation between Nigeria and Algeria
(c) Protect rights and interests of Nigerian citizens in Algeria
(d) Provide consular services to Nigerians in Algeria
(e) Promote cooperation on oil and gas production coordination within OPEC framework
(f) Facilitate partnerships in gas infrastructure development and technology transfer
(g) Implement Nigeria's foreign policy objectives in North Africa and Maghreb region
(h) Monitor political, security and economic developments in Algeria and Sahel region
(i) Report to Federal Ministry of Foreign Affairs on Algeria and trans-Saharan security issues
(j) Coordinate Nigeria-Algeria cooperation on Sahel security and counter-terrorism
(k) Promote educational and technical cooperation leveraging Algeria's experience
(l) Provide assistance to Nigerian citizens including students in Algerian universities
(m) Issue emergency travel documents to Nigerians
(n) Facilitate exchange of expertise on gas sector development and petrochemicals
(o) Promote Nigeria's positions in African Union where both countries are influential
(p) Liaise with Algerian government on regional security and bilateral issues
(q) Coordinate with diplomatic missions and international organizations in Algiers
(r) Facilitate high-level diplomatic exchanges and state visits
(s) Promote cooperation on combating terrorism, trans-Saharan trafficking and regional stability
(t) Advance shared Nigeria-Algeria interests in AU, Arab League and multilateral forums"
119009123,"385. FOREIGN MISSION: AMMAN, JORDAN","Nigeria's Foreign Mission in Amman, Jordan, is a diplomatic mission representing Federal Republic of Nigeria in Hashemite Kingdom of Jordan. Located in Amman, Jordan's capital and largest city, operating under Federal Ministry of Foreign Affairs. The mission manages Nigeria's relationship with Jordan, moderate Arab state and Middle East stability anchor. Jordan hosts Nigerian students in medical schools and universities known for quality education at reasonable costs. The mission facilitates educational cooperation and protects Nigerian students. Jordan has expertise in water management, solar energy and agricultural technology relevant to Nigeria's development needs. Both countries cooperate in Organization of Islamic Cooperation. Jordan's strategic location bordering Israel, Syria, Iraq and Saudi Arabia makes it important diplomatic observation post for Middle East developments affecting Nigerian interests.

**Core Mandate:** To represent Nigeria's interests in Jordan, promote bilateral relations focusing on education and technical cooperation, protect Nigerian students and advance foreign policy in Middle East.

**Statutory Functions:**
(a) Represent Federal Republic of Nigeria maintaining diplomatic relations with Jordan government
(b) Promote bilateral political, educational and technical cooperation between Nigeria and Jordan
(c) Protect rights and interests of Nigerian citizens particularly students in Jordan
(d) Provide consular services including passport services and student welfare assistance
(e) Promote educational cooperation facilitating Nigerian students' admission to Jordanian universities
(f) Facilitate technical cooperation in water management, renewable energy and agriculture
(g) Implement Nigeria's foreign policy objectives in Middle East region
(h) Monitor political, security and economic developments in Jordan and broader Middle East
(i) Report to Federal Ministry of Foreign Affairs on Middle East developments
(j) Coordinate Nigeria-Jordan cooperation in Organization of Islamic Cooperation
(k) Promote cultural and people-to-people exchanges
(l) Provide assistance to Nigerian students facing academic, financial or legal difficulties
(m) Issue emergency travel documents and handle student welfare cases
(n) Facilitate partnerships in medical education and healthcare training
(o) Promote Nigeria-Jordan trade and investment opportunities
(p) Liaise with Jordanian government ministries and education authorities
(q) Coordinate with diplomatic missions and international organizations in Amman
(r) Facilitate high-level visits and diplomatic exchanges
(s) Monitor regional security developments affecting Nigerian interests including Israeli-Palestinian conflict
(t) Advance Nigeria's interests in Arab League, OIC and Middle East multilateral forums"
119009005,386. FOREIGN MISSION: ANKARA,"Nigeria's Foreign Mission in Ankara, Turkey, is a diplomatic mission representing Federal Republic of Nigeria in Republic of Turkey. Located in Ankara, Turkey's capital and political center, operating under Federal Ministry of Foreign Affairs. Nigeria-Turkey relations have expanded significantly since 2000s with growing Turkish investment in Nigeria's construction, telecommunications and manufacturing sectors. Turkish companies have executed major infrastructure projects in Nigeria. Turkey is emerging education destination for Nigerian students. Both countries cooperate in Organization of Islamic Cooperation and D-8 developing countries grouping. The mission facilitates Nigeria's engagement with Turkey's growing African economic expansion. Turkey provides development assistance and technical cooperation to Nigeria. Bilateral trade has grown though remains below potential given both countries' economic sizes.

**Core Mandate:** To represent Nigeria's interests in Turkey, promote bilateral relations focusing on infrastructure development and trade, protect Nigerian citizens and advance cooperation in Islamic and developing countries forums.

**Statutory Functions:**
(a) Represent Federal Republic of Nigeria maintaining diplomatic relations with Turkey government
(b) Promote bilateral political, economic and infrastructural cooperation between Nigeria and Turkey
(c) Protect rights and interests of Nigerian citizens in Turkey
(d) Provide consular services including passport and visa processing
(e) Promote Turkish investment in Nigerian infrastructure, construction and telecommunications sectors
(f) Facilitate partnerships between Nigerian and Turkish companies in construction and manufacturing
(g) Implement Nigeria's foreign policy objectives toward Turkey and broader Eurasia
(h) Monitor political, economic and regional developments in Turkey
(i) Report to Federal Ministry of Foreign Affairs on Turkey-Africa relations and Nigeria implications
(j) Coordinate Nigeria-Turkey cooperation in Organization of Islamic Cooperation and D-8
(k) Promote educational cooperation and protect Nigerian students in Turkish universities
(l) Provide assistance to Nigerian citizens including businesspeople and students
(m) Issue emergency travel documents to Nigerians
(n) Facilitate Turkish development assistance and technical cooperation to Nigeria
(o) Promote bilateral trade expansion beyond current levels
(p) Liaise with Turkish government ministries and development agencies
(q) Coordinate with diplomatic missions and international organizations in Ankara
(r) Facilitate high-level state visits and business delegations
(s) Promote cooperation on counter-terrorism and security intelligence sharing
(t) Advance Nigeria's interests in OIC, D-8 and multilateral developing countries groupings"
119009006,387. FOREIGN MISSION: ATHENS,"Nigeria's Foreign Mission in Athens, Greece, is a diplomatic mission representing Federal Republic of Nigeria in Hellenic Republic. Located in Athens, Greece's capital and largest city, operating under Federal Ministry of Foreign Affairs. The mission manages Nigeria's relationship with Greece, EU member state and gateway to Balkans. Greece is important for Nigeria's shipping interests as major maritime nation. Nigerian crude oil is transported by Greek-owned tankers. Some Nigerian students study in Greek universities. The mission addresses issues of Nigerian irregular migrants using Greece as transit point to Europe. Greece has experience in tourism development, maritime industry and shipping that Nigeria seeks to leverage. Both countries cooperate in UN and international forums. The mission also monitors developments in Balkans and Eastern Mediterranean affecting broader Nigerian interests in Europe.

**Core Mandate:** To represent Nigeria's interests in Greece, promote bilateral relations focusing on maritime cooperation, address migration issues and advance European engagement.

**Statutory Functions:**
(a) Represent Federal Republic of Nigeria maintaining diplomatic relations with Greece government
(b) Promote bilateral political, maritime and economic cooperation between Nigeria and Greece
(c) Protect rights and interests of Nigerian citizens in Greece
(d) Provide consular services to Nigerians including migrants
(e) Promote cooperation in maritime shipping industry leveraging Greek shipping expertise
(f) Facilitate partnerships in shipping, port management and maritime technology
(g) Implement Nigeria's foreign policy toward Greece and Balkans region
(h) Monitor political, economic and migration developments in Greece
(i) Report to Federal Ministry of Foreign Affairs on Greece and EU matters
(j) Address irregular migration issues and assist stranded Nigerian migrants
(k) Promote educational cooperation with Greek universities
(l) Provide assistance to distressed Nigerian citizens including migrants in detention
(m) Issue emergency travel documents and facilitate voluntary repatriation when needed
(n) Facilitate technical cooperation in tourism development and maritime industry
(o) Promote Nigeria-Greece trade and investment
(p) Liaise with Greek government on migration management and bilateral issues
(q) Coordinate with EU institutions, IOM and international organizations in Athens
(r) Facilitate diplomatic exchanges and business visits
(s) Promote cooperation on combating human trafficking and irregular migration
(t) Advance Nigeria's interests in UN, EU relations and Mediterranean regional forums"
119009007,388. FOREIGN MISSION: ATLANTA,"Nigeria's Consulate General in Atlanta, United States, is a consular mission representing Federal Republic of Nigeria in southeastern United States. Located in Atlanta, Georgia's capital and major business hub, operating under Federal Ministry of Foreign Affairs and Embassy in Washington DC. The mission serves substantial Nigerian diaspora across southeastern states including Georgia, Alabama, Tennessee, North Carolina, South Carolina and Florida. Atlanta hosts large Nigerian community including professionals, academics, and business owners. The region includes historically Black colleges and universities attended by Nigerian students. Atlanta is home to major US corporations (Coca-Cola, Delta Airlines, UPS) with Nigerian operations. The mission provides consular services, promotes Nigeria's image, and facilitates diaspora engagement. It coordinates with Nigerian embassy for policy implementation in southeastern region.

**Core Mandate:** To provide consular services to Nigerians in southeastern US, protect diaspora interests, promote Nigeria-US relations in region and facilitate diaspora engagement.

**Statutory Functions:**
(a) Provide consular services to Nigerian citizens in southeastern United States
(b) Issue and renew Nigerian passports for diaspora in jurisdictional states
(c) Process visa applications for Americans visiting Nigeria
(d) Protect rights and interests of Nigerian diaspora community
(e) Register Nigerian citizens residing in southeastern states
(f) Provide assistance to distressed Nigerian citizens
(g) Issue emergency travel certificates to Nigerians
(h) Facilitate diaspora engagement with Nigerian government initiatives
(i) Promote Nigeria's positive image in American South
(j) Report to Embassy in Washington DC on regional developments
(k) Facilitate remittance flows from diaspora to Nigeria
(l) Promote trade and investment between Nigeria and southeastern US businesses
(m) Support Nigerian students in regional universities and HBCUs
(n) Coordinate with Nigerian community associations and diaspora organizations
(o) Facilitate business partnerships between Nigerian and American companies in region
(p) Liaise with state governments and local authorities in jurisdictional area
(q) Provide notarial services and legal documentation for Nigerians
(r) Coordinate Nigerian cultural events and independence celebrations
(s) Handle death, marriage and birth registration for Nigerian diaspora
(t) Support Nigeria's interests through engagement with regional political, business and academic leaders"
119009009,389. FOREIGN MISSION: BAMAKO,"Nigeria's Foreign Mission in Bamako, Mali, is a diplomatic mission representing Federal Republic of Nigeria in Republic of Mali. Located in Bamako, Mali's capital on Niger River, operating under Federal Ministry of Foreign Affairs. The mission manages Nigeria's relationship with Mali, important Sahel partner facing security challenges from terrorist groups, military coups and political instability. Nigeria has contributed troops to UN peacekeeping mission in Mali (MINUSMA). Both countries are ECOWAS members cooperating on regional security. Mali's instability affects Nigeria through weapons flow, terrorist network connections, and irregular migration. The mission monitors Sahel security dynamics relevant to northern Nigeria's security. Nigerian traders operate in Mali despite security challenges. Both countries share concerns about desertification, trans-Saharan trafficking and regional terrorism.

**Core Mandate:** To represent Nigeria's interests in Mali, promote bilateral relations, monitor Sahel security developments, protect Nigerian citizens and advance regional stability objectives.

**Statutory Functions:**
(a) Represent Federal Republic of Nigeria maintaining diplomatic relations with Mali government
(b) Promote bilateral political and security cooperation between Nigeria and Mali
(c) Protect rights and interests of Nigerian citizens in Mali despite security challenges
(d) Provide consular services to Nigerians in Mali
(e) Coordinate Nigeria's peacekeeping contributions to UN mission in Mali
(f) Monitor Sahel security developments affecting northern Nigeria
(g) Implement Nigeria's foreign policy objectives in Sahel region
(h) Report to Federal Ministry of Foreign Affairs on Mali political and security situation
(i) Support ECOWAS mediation efforts during Mali's political crises
(j) Coordinate Nigeria-Mali cooperation on counter-terrorism in Sahel
(k) Promote trade despite security constraints
(l) Provide assistance to Nigerian citizens including security evacuations when necessary
(m) Issue emergency travel documents during security incidents
(n) Monitor terrorist groups' activities potentially affecting Nigeria
(o) Promote Nigeria's leadership in ECOWAS responses to Mali crises
(p) Liaise with Mali authorities on security cooperation and bilateral issues
(q) Coordinate with MINUSMA, UN agencies and international partners in Bamako
(r) Facilitate diplomatic exchanges when security permits
(s) Promote cooperation on combating terrorism, trafficking and cross-border crime
(t) Advance Nigeria's interests in ECOWAS, G5 Sahel and West African security architecture"
119009010,390. FOREIGN MISSION: BANGKOK,"Nigeria's Foreign Mission in Bangkok, Thailand, is a diplomatic mission representing Federal Republic of Nigeria in Kingdom of Thailand with concurrent accreditation to Cambodia, Laos and Myanmar. Located in Bangkok, Thailand's capital and Southeast Asian business hub, operating under Federal Ministry of Foreign Affairs. The mission manages Nigeria's engagement with dynamic Southeast Asian economies. Thailand is important for Nigeria's diversification of trade and investment partnerships beyond traditional Western and African focus. Nigerian students study in Thai universities particularly in medicine, engineering and agriculture. Some Nigerian traders operate in Bangkok's markets. Thailand has expertise in rice production, food processing and tourism development relevant to Nigeria. The mission facilitates South-South cooperation and Nigeria's Asian economic partnerships. However, mission also handles cases of Nigerian drug trafficking suspects detained in Thailand's strict legal system.

**Core Mandate:** To represent Nigeria's interests in Thailand and mainland Southeast Asia, promote bilateral economic cooperation, protect Nigerian citizens and facilitate Asian partnerships.

**Statutory Functions:**
(a) Represent Federal Republic of Nigeria in Thailand, Cambodia, Laos and Myanmar
(b) Promote bilateral economic, agricultural and technical cooperation with Thailand
(c) Protect rights and interests of Nigerian citizens in Thailand and Southeast Asian countries
(d) Provide consular services including passport services and legal assistance
(e) Promote Thailand-Nigeria trade and investment partnerships
(f) Facilitate agricultural technology transfer particularly in rice production and food processing
(g) Implement Nigeria's Look East policy and Asian economic partnerships
(h) Monitor political and economic developments in Southeast Asia
(i) Report to Federal Ministry of Foreign Affairs on Southeast Asian developments
(j) Promote educational cooperation and protect Nigerian students in Thai universities
(k) Provide assistance to Nigerian citizens including those facing legal issues
(l) Provide consular assistance to Nigerians arrested on drug-related charges
(m) Issue emergency travel documents to Nigerians
(n) Facilitate tourism development cooperation learning from Thailand's tourism success
(o) Promote Nigeria-ASEAN economic engagement
(p) Liaise with Thai government and governments of concurrently accredited countries
(q) Coordinate with ASEAN secretariat and international organizations in Bangkok
(r) Facilitate high-level visits and business delegations
(s) Monitor and report on Nigerian criminal suspects detained in region
(t) Advance Nigeria's interests in South-South cooperation and Asian-African partnerships"
119009011,391. FOREIGN MISSION: BANGUI,"Nigeria's Foreign Mission in Bangui, Central African Republic, is a diplomatic mission representing Federal Republic of Nigeria in CAR. Located in Bangui, CAR's capital, operating under Federal Ministry of Foreign Affairs. The mission operates in one of world's most challenging environments given CAR's protracted conflict, humanitarian crisis, and state fragility. Nigeria contributes troops to UN peacekeeping mission in CAR (MINUSCA) making the mission important for coordinating peacekeeping efforts. CAR's instability affects regional security and humanitarian situation. The mission monitors conflict dynamics, facilitates humanitarian assistance, and coordinates Nigeria's peacekeeping role. Nigerian citizens in CAR are primarily peacekeepers and humanitarian workers. The mission operates under difficult security conditions requiring close coordination with UN and security forces.

**Core Mandate:** To represent Nigeria's interests in CAR, coordinate peacekeeping operations, monitor humanitarian crisis, protect Nigerian citizens and support conflict resolution efforts.

**Statutory Functions:**
(a) Represent Federal Republic of Nigeria in Central African Republic
(b) Coordinate Nigeria's significant troop contributions to UN peacekeeping mission MINUSCA
(c) Protect Nigerian peacekeepers, humanitarian workers and citizens in CAR
(d) Provide consular services to Nigerian nationals despite security challenges
(e) Monitor CAR conflict dynamics, humanitarian situation and political developments
(f) Report to Federal Ministry of Foreign Affairs on CAR crisis and regional implications
(g) Implement Nigeria's peacekeeping and conflict resolution policies
(h) Support international efforts toward CAR peace, stability and reconciliation
(i) Liaise with CAR transitional authorities on peacekeeping and bilateral issues
(j) Coordinate with MINUSCA leadership on Nigerian peacekeepers' deployment and welfare
(k) Facilitate humanitarian assistance to CAR population
(l) Provide emergency assistance and security evacuations for Nigerian citizens when needed
(m) Issue emergency travel documents in crisis situations
(n) Monitor human rights situation and protection of civilians
(o) Promote Nigeria's peacekeeping contributions and continental leadership
(p) Coordinate with UN agencies, humanitarian organizations and diplomatic missions
(q) Facilitate visits by Nigerian military and government officials
(r) Support disarmament, demobilization and reintegration programs
(s) Promote regional cooperation on CAR crisis within Central African framework
(t) Advance Nigeria's interests in UN peacekeeping, African Union and regional stability efforts"
119009012,392. FOREIGN MISSION: BANJUL,"Nigeria's Foreign Mission in Banjul, The Gambia, is a diplomatic mission representing Federal Republic of Nigeria in Republic of The Gambia. Located in Banjul, Gambia's capital and Atlantic coastal city, operating under Federal Ministry of Foreign Affairs. Nigeria-Gambia relations are historically strong despite Gambia's small size. Nigeria played crucial role in ECOWAS intervention that restored democracy in Gambia ending Yahya Jammeh's dictatorship in 2017. Nigerian troops formed core of ECOWAS military force (ECOMIG) that ensured peaceful transition. The mission coordinates Nigeria's ongoing peacekeeping presence in Gambia. Significant Nigerian trading community operates in Banjul and Serrekunda. Both countries cooperate extensively in ECOWAS. Gambia is surrounded by Senegal except coastal Atlantic side, creating unique geographic context. The mission promotes Nigeria's democratic values and regional leadership.

**Core Mandate:** To represent Nigeria's interests in Gambia, coordinate peacekeeping operations, promote bilateral relations, protect Nigerian diaspora and advance democratic governance in West Africa.

**Statutory Functions:**
(a) Represent Federal Republic of Nigeria maintaining diplomatic relations with Gambia government
(b) Coordinate Nigeria's peacekeeping troop presence in ECOWAS mission ECOMIG
(c) Protect rights and interests of Nigerian trading community in Gambia
(d) Provide consular services to Nigerian diaspora population
(e) Promote bilateral trade and economic cooperation
(f) Support Gambia's democratic consolidation following transition from dictatorship
(g) Implement Nigeria's foreign policy promoting democracy and good governance in West Africa
(h) Monitor political, economic and security developments in Gambia
(i) Report to Federal Ministry of Foreign Affairs on Gambia situation
(j) Coordinate with Gambia government on peacekeeping and bilateral issues
(k) Promote cultural and educational cooperation
(l) Provide assistance to Nigerian citizens including traders
(m) Issue emergency travel documents to Nigerians
(n) Facilitate Nigerian business operations in Gambian markets
(o) Promote Nigeria's leadership role in ECOWAS democratic interventions
(p) Liaise with Gambian authorities on protecting Nigerian citizens' interests
(q) Coordinate with ECOWAS, UN and diplomatic missions in Banjul
(r) Facilitate high-level visits and diplomatic exchanges
(s) Support security sector reform and democratic institution building
(t) Advance Nigeria's interests in ECOWAS and West African regional stability"
119009013,393. FOREIGN MISSION: BATA,"Nigeria's Foreign Mission in Bata, Equatorial Guinea, is a diplomatic mission representing Federal Republic of Nigeria in Republic of Equatorial Guinea. Located in Bata, Equatorial Guinea's largest city and economic capital on mainland Rio Muni, operating under Federal Ministry of Foreign Affairs. Note that Equatorial Guinea's political capital is Malabo on Bioko Island, but mission is in commercial center Bata. The mission manages Nigeria's relationship with fellow Gulf of Guinea oil producer. Both countries are major crude oil exporters and cooperate on maritime security. Equatorial Guinea is small but wealthy from oil revenues. Some Nigerian oil workers and traders operate in Equatorial Guinea. Both countries work together in Gulf of Guinea Commission on maritime boundary management and security. The mission also addresses irregular migration issues. Spanish and Portuguese are official languages presenting communication context different from anglophone and francophone Africa.

**Core Mandate:** To represent Nigeria's interests in Equatorial Guinea, promote bilateral relations focusing on oil sector cooperation and Gulf of Guinea security, and protect Nigerian citizens.

**Statutory Functions:**
(a) Represent Federal Republic of Nigeria maintaining diplomatic relations with Equatorial Guinea
(b) Promote bilateral cooperation on oil production, maritime security and economic relations
(c) Protect rights and interests of Nigerian citizens working in Equatorial Guinea
(d) Provide consular services to Nigerians in Equatorial Guinea
(e) Promote cooperation between Nigerian and Equatoguinean oil companies
(f) Facilitate partnerships in petroleum sector and oil services industry
(g) Implement Nigeria's foreign policy in Central Africa and Gulf of Guinea
(h) Monitor political, economic and oil sector developments
(i) Report to Federal Ministry of Foreign Affairs on Equatorial Guinea
(j) Coordinate Nigeria-Equatorial Guinea cooperation in Gulf of Guinea Commission
(k) Promote Gulf of Guinea maritime security cooperation
(l) Provide assistance to Nigerian oil workers and traders
(m) Issue emergency travel documents to Nigerians
(n) Address irregular migration issues affecting both countries
(o) Promote trade despite language barriers (Spanish/Portuguese vs English)
(p) Liaise with Equatoguinean authorities in Bata and Malabo
(q) Coordinate with diplomatic missions and Gulf of Guinea Commission in region
(r) Facilitate high-level visits between oil sector officials
(s) Promote cooperation on maritime boundary management and offshore oil development
(t) Advance Nigeria's interests in ECCAS, Gulf of Guinea security and regional oil producers cooperation"
119009014,394. FOREIGN MISSION: BEIJING,"Nigeria's Foreign Mission in Beijing, People's Republic of China, is one of Nigeria's most strategic diplomatic missions representing Federal Republic of Nigeria in China. Located in Beijing, China's capital and political center, operating under Federal Ministry of Foreign Affairs. The mission manages Nigeria's most important Asian relationship. China is Nigeria's largest trading partner and major infrastructure financier. Chinese companies dominate Nigerian construction, telecommunications, railways and power sectors. China provides billions in loans for Nigerian infrastructure through Belt and Road Initiative. The mission coordinates massive Chinese investment flows, manages growing trade imbalance favoring China, and oversees large Chinese expatriate community in Nigeria. Thousands of Nigerian traders operate in Guangzhou's African trading hubs. Nigerian students attend Chinese universities on scholarships. The mission facilitates Forum on China-Africa Cooperation (FOCAC) implementation. However, mission also addresses challenges including debt sustainability, technology transfer, and protecting Nigerian traders facing discrimination.

**Core Mandate:** To represent Nigeria's interests in China, manage strategic partnership, coordinate massive infrastructure cooperation, promote balanced trade and protect Nigerian citizens.

**Statutory Functions:**
(a) Represent Federal Republic of Nigeria maintaining strategic partnership with China
(b) Promote bilateral political, economic and infrastructural cooperation
(c) Protect rights and interests of Nigerian traders in Guangzhou and across China
(d) Provide consular services to substantial Nigerian population
(e) Coordinate Chinese infrastructure financing and construction projects in Nigeria
(f) Negotiate terms of Chinese loans ensuring debt sustainability
(g) Implement Nigeria's Look East policy and China partnership strategy
(h) Monitor Chinese economic, political and technological developments
(i) Report to Federal Ministry of Foreign Affairs on China-Africa relations
(j) Promote technology transfer in Chinese-Nigerian partnership projects
(k) Address growing trade imbalance favoring Chinese exports
(l) Provide assistance to Nigerian traders facing discrimination or legal issues
(m) Issue emergency travel documents and handle detained Nigerians cases
(n) Facilitate Nigerian students' welfare in Chinese universities
(o) Coordinate Forum on China-Africa Cooperation (FOCAC) implementation
(p) Liaise with Chinese central government and provincial authorities
(q) Coordinate with Chinese embassies of African countries on continental issues
(r) Facilitate high-level state visits and business delegations
(s) Promote cooperation while ensuring terms favorable to Nigeria's development
(t) Advance Nigeria's interests in China-Africa relations, South-South cooperation and multilateral forums"
119009015,395. FOREIGN MISSION: BEIRUT,"Nigeria's Foreign Mission in Beirut, Lebanon, is a diplomatic mission representing Federal Republic of Nigeria in Lebanese Republic. Located in Beirut, Lebanon's capital and Mediterranean port city, operating under Federal Ministry of Foreign Affairs. The mission operates in complex Middle Eastern environment marked by Lebanon's sectarian politics, economic crisis, Syrian refugee crisis, and Hezbollah's influence. Some Nigerian students attend Lebanese universities known for medical and business education. Lebanon has significant African diaspora. The mission monitors Middle East developments particularly Lebanese-Israeli tensions and Syrian crisis affecting regional stability. Lebanon's experience with sectarian conflict resolution interests Nigeria facing ethnic and religious tensions. However, Lebanon's severe economic collapse since 2019 and political dysfunction create challenging operating environment. Mission provides important observation post for Levant region developments.

**Core Mandate:** To represent Nigeria's interests in Lebanon, protect Nigerian citizens, monitor Middle East developments and promote bilateral relations despite Lebanese crisis.

**Statutory Functions:**
(a) Represent Federal Republic of Nigeria maintaining diplomatic relations with Lebanon
(b) Protect rights and interests of Nigerian citizens particularly students in Lebanon
(c) Provide consular services to Nigerians amid Lebanon's economic crisis
(d) Monitor Lebanese political crisis, economic collapse and sectarian tensions
(e) Report to Federal Ministry of Foreign Affairs on Lebanon and Levant developments
(f) Provide assistance to Nigerian students facing financial difficulties from currency crisis
(g) Issue emergency travel documents and facilitate evacuations during crises
(h) Monitor Syrian refugee crisis and regional humanitarian situation
(i) Assess Lebanese experience with sectarian conflict resolution for Nigerian context
(j) Promote limited bilateral trade given Lebanon's economic constraints
(k) Facilitate educational cooperation with Lebanese universities
(l) Liaise with Lebanese government amid political paralysis
(m) Coordinate with UN agencies and diplomatic missions in Beirut
(n) Monitor Israeli-Lebanese tensions and regional security implications
(o) Facilitate evacuation of Nigerians during security emergencies
(p) Promote Nigeria's positions in Arab League where Lebanon participates
(q) Monitor Hezbollah and regional terrorism financing affecting Nigeria
(r) Support Nigerian students affected by banking crisis and currency devaluation
(s) Maintain diplomatic presence despite challenging operating environment
(t) Advance Nigeria's interests in Middle East and Arab-African relations"
119009016,396. FOREIGN MISSION: BERLIN,"Nigeria's Foreign Mission in Berlin, Federal Republic of Germany, is one of Nigeria's most important diplomatic missions in Europe representing Federal Republic of Nigeria in Germany. Located in Berlin, Germany's capital and Europe's political center, operating under Federal Ministry of Foreign Affairs. The mission manages Nigeria's relationship with Europe's largest economy and leading EU member state. Germany is major trading partner, development cooperation provider, and destination for Nigerian professionals and students. Thousands of Nigerian diaspora live in Germany including highly skilled professionals, students and asylum seekers. German companies invest in Nigerian manufacturing, automotive and engineering sectors. Germany provides significant development assistance through GIZ and KfW. The mission addresses irregular migration, facilitates skilled migration, promotes trade and investment, and coordinates development cooperation. Germany's approach to renewable energy and technical education interests Nigerian development planning.

**Core Mandate:** To represent Nigeria's interests in Germany, promote bilateral relations with Europe's largest economy, manage migration issues, coordinate development cooperation and protect Nigerian diaspora.

**Statutory Functions:**
(a) Represent Federal Republic of Nigeria maintaining strategic partnership with Germany
(b) Promote bilateral political, economic and development cooperation
(c) Protect rights and interests of substantial Nigerian diaspora in Germany
(d) Provide consular services including passport services to large Nigerian community
(e) Promote German investment in Nigerian manufacturing and industrial sectors
(f) Facilitate technology transfer particularly in renewable energy and automotive sectors
(g) Implement Nigeria's European Union engagement strategy through Germany
(h) Monitor German political and economic developments affecting Nigeria
(i) Report to Federal Ministry of Foreign Affairs on Germany and EU matters
(j) Coordinate development cooperation with German government agencies GIZ and KfW
(k) Address irregular migration while promoting legal skilled migration pathways
(l) Provide assistance to Nigerian asylum seekers and migrants facing deportation
(m) Issue emergency travel documents and handle migration cases
(n) Facilitate Nigerian students' welfare in German universities
(o) Promote Nigeria's image countering negative migration-focused perceptions
(p) Liaise with German federal and state governments on bilateral issues
(q) Coordinate with EU institutions, international organizations and embassies in Berlin
(r) Facilitate high-level state visits and business delegations
(s) Promote cooperation on climate change, renewable energy and sustainable development
(t) Advance Nigeria's interests in EU-Africa relations, development cooperation and multilateral forums"
119009017,397. FOREIGN MISSION: BERNE,"Nigeria's Foreign Mission in Berne (Bern), Switzerland, is a diplomatic mission representing Federal Republic of Nigeria in Swiss Confederation. Located in Berne, Switzerland's capital and administrative center, operating under Federal Ministry of Foreign Affairs. The mission manages Nigeria's relationship with Switzerland, global financial center and humanitarian hub. Switzerland hosts Nigerian assets in banking sector requiring mission attention. Berne hosts numerous international organizations though Geneva has more UN agencies. Some Nigerian students study in Swiss universities. Swiss companies invest in Nigerian commodity trading and manufacturing. Switzerland provides humanitarian assistance to Nigeria. The mission also handles cases of illicit Nigerian financial flows and asset recovery issues. Switzerland's neutrality makes it venue for international mediation potentially useful for Nigerian conflicts. Swiss expertise in banking, pharmaceuticals and precision manufacturing interests Nigeria.

**Core Mandate:** To represent Nigeria's interests in Switzerland, engage financial sector on asset issues, promote bilateral relations, coordinate humanitarian cooperation and protect Nigerian citizens.

**Statutory Functions:**
(a) Represent Federal Republic of Nigeria maintaining diplomatic relations with Switzerland
(b) Engage Swiss banking sector on Nigerian asset recovery and illicit financial flows
(c) Protect rights and interests of Nigerian citizens in Switzerland
(d) Provide consular services to Nigerians including students
(e) Promote Swiss investment in Nigerian commodity trading and manufacturing
(f) Facilitate partnerships in pharmaceutical, banking and technology sectors
(g) Implement Nigeria's foreign policy toward Switzerland and Alpine region
(h) Monitor Swiss political and financial sector developments
(i) Report to Federal Ministry of Foreign Affairs on Swiss banking matters affecting Nigeria
(j) Coordinate Nigerian government efforts on asset recovery and financial crime
(k) Promote Swiss humanitarian assistance to Nigeria
(l) Provide assistance to Nigerian citizens in Switzerland
(m) Issue emergency travel documents to Nigerians
(n) Facilitate educational cooperation with Swiss universities
(o) Engage Switzerland on international humanitarian law and conflict mediation
(p) Liaise with Swiss federal government in Berne on bilateral issues
(q) Coordinate with international organizations headquartered in Switzerland
(r) Facilitate high-level diplomatic and financial sector visits
(s) Promote cooperation on financial transparency and combating money laundering
(t) Advance Nigeria's interests through Swiss good offices in international mediation"
119009018,398. FOREIGN MISSION: BISSAU,"Nigeria's Foreign Mission in Bissau, Guinea-Bissau, is a diplomatic mission representing Federal Republic of Nigeria in Republic of Guinea-Bissau. Located in Bissau, Guinea-Bissau's capital and port city, operating under Federal Ministry of Foreign Affairs. The mission manages Nigeria's relationship with small lusophone West African state. Guinea-Bissau faces chronic political instability, military coups, and narco-trafficking making it world's first ""narco-state"" with South American cartels using it as trans-shipment point to Europe. This security situation directly affects West African region including Nigeria. Both countries are ECOWAS members. Nigeria has participated in ECOWAS stabilization efforts in Guinea-Bissau. Some Nigerian traders operate despite security risks. The mission monitors drug trafficking networks potentially connecting to Nigerian criminal groups. Portuguese is official language. The mission operates under challenging security environment requiring close coordination with ECOWAS and UN.

**Core Mandate:** To represent Nigeria's interests in Guinea-Bissau, monitor narco-trafficking and security threats, promote stability, protect Nigerian citizens and advance ECOWAS objectives.

**Statutory Functions:**
(a) Represent Federal Republic of Nigeria maintaining diplomatic relations with Guinea-Bissau
(b) Monitor narco-trafficking, organized crime and political instability affecting West African security
(c) Protect rights and interests of Nigerian citizens in Guinea-Bissau
(d) Provide consular services to Nigerians despite security challenges
(e) Monitor drug trafficking networks and connections to Nigerian criminal elements
(f) Support ECOWAS stabilization efforts and political mediation
(g) Implement Nigeria's foreign policy promoting stability in West Africa
(h) Report to Federal Ministry of Foreign Affairs on Guinea-Bissau security situation
(i) Coordinate Nigeria's participation in ECOWAS responses to Guinea-Bissau crises
(j) Promote bilateral cooperation on counter-narcotics efforts
(k) Facilitate limited trade given security constraints
(l) Provide assistance and security information to Nigerian citizens
(m) Issue emergency travel documents and facilitate evacuations when needed
(n) Monitor military coup risks and political violence
(o) Promote Nigeria's leadership in ECOWAS conflict prevention
(p) Liaise with Guinea-Bissau authorities on security and bilateral issues
(q) Coordinate with ECOWAS mission, UN and international partners in Bissau
(r) Support democratic governance and constitutional rule
(s) Promote cooperation on combating transnational organized crime affecting region
(t) Advance Nigeria's interests in ECOWAS, West African security and counter-narcotics cooperation"
119009019,399. FOREIGN MISSION: BRASILIA,"Nigeria's Foreign Mission in Brasilia, Brazil, is a diplomatic mission representing Federal Republic of Nigeria in Federative Republic of Brazil. Located in Brasilia, Brazil's purpose-built capital city, operating under Federal Ministry of Foreign Affairs. The mission manages Nigeria's relationship with largest South American economy and fellow BRICS aspirant nation. Nigeria and Brazil share significant cultural ties through transatlantic slave trade history connecting Brazilian and Nigerian populations particularly Yoruba influences in Brazilian culture. Both are major developing countries, oil producers, and advocates for South-South cooperation. Brazil has expertise in tropical agriculture, biofuels (ethanol), off-shore oil drilling and social programs (Bolsa Familia model) relevant to Nigeria. Growing Brazilian diaspora of Yoruba descent visits Nigeria reconnecting with roots. The mission promotes South-South cooperation, technology transfer and commercial ties. Both countries cooperate in UN, WTO and developing country forums.

**Core Mandate:** To represent Nigeria's interests in Brazil, promote South-South cooperation, facilitate technology transfer in agriculture and oil, leverage cultural ties and advance shared developing country interests.

**Statutory Functions:**
(a) Represent Federal Republic of Nigeria maintaining strategic partnership with Brazil
(b) Promote bilateral political, economic and cultural cooperation leveraging historical ties
(c) Protect rights and interests of Nigerian citizens in Brazil
(d) Provide consular services to Nigerians including diaspora and students
(e) Promote Brazilian investment in Nigerian agriculture, oil and infrastructure
(f) Facilitate technology transfer in ethanol production, deep-water oil drilling and tropical agriculture
(g) Implement Nigeria's South-South cooperation strategy
(h) Monitor Brazilian political, economic and agricultural developments
(i) Report to Federal Ministry of Foreign Affairs on Brazil-Africa relations
(j) Promote cultural cooperation leveraging Yoruba influences in Brazilian culture
(k) Facilitate visits by Brazilian diaspora of Yoruba descent to Nigeria
(l) Provide assistance to Nigerian citizens in Brazil
(m) Issue emergency travel documents to Nigerians
(n) Learn from Brazilian social programs like Bolsa Familia for Nigerian policy
(o) Promote Nigeria-Brazil trade expansion and investment partnerships
(p) Liaise with Brazilian federal government in Brasilia
(q) Coordinate with BRICS countries' embassies on emerging economies cooperation
(r) Facilitate high-level state visits and business delegations
(s) Promote cooperation in UN, WTO, G77 and developing countries forums
(t) Advance shared Nigeria-Brazil interests in South-South cooperation, global South advocacy and multilateral reform"
119009020,400. FOREIGN MISSION: BRAZZAVILLE,"Nigeria's Foreign Mission in Brazzaville, Republic of Congo, is a diplomatic mission representing Federal Republic of Nigeria in Republic of Congo (Congo-Brazzaville, distinct from Democratic Republic of Congo). Located in Brazzaville, Congo's capital on Congo River across from Kinshasa, operating under Federal Ministry of Foreign Affairs. The mission manages Nigeria's relationship with fellow oil-producing Central African state. Both countries cooperate in Gulf of Guinea Commission on maritime security. Nigeria has interests in Congo's oil sector. Some Nigerian traders and oil workers operate in Congo. Congo has experienced civil conflicts affecting regional stability. The mission monitors Central African security dynamics including tensions between Congo-Brazzaville and Congo-Kinshasa across river. Both countries cooperate in OPEC and oil producers forums. Geographic proximity to DRC and location on Congo River provides strategic observation post for Central Africa. French is predominant language.

**Core Mandate:** To represent Nigeria's interests in Congo-Brazzaville, promote bilateral relations focusing on oil sector cooperation, monitor Central African security and protect Nigerian citizens.

**Statutory Functions:**
(a) Represent Federal Republic of Nigeria maintaining diplomatic relations with Republic of Congo
(b) Promote bilateral cooperation on oil production, maritime security and economic relations
(c) Protect rights and interests of Nigerian citizens working in Congo
(d) Provide consular services to Nigerians in Congo
(e) Promote cooperation between Nigerian and Congolese oil companies
(f) Facilitate partnerships in petroleum sector and energy cooperation
(g) Implement Nigeria's foreign policy in Central Africa
(h) Monitor political, security and oil sector developments in Congo
(i) Report to Federal Ministry of Foreign Affairs on Congo and Central African situation
(j) Coordinate Nigeria-Congo cooperation in Gulf of Guinea Commission
(k) Promote Gulf of Guinea maritime security cooperation
(l) Provide assistance to Nigerian oil workers and traders
(m) Issue emergency travel documents to Nigerians
(n) Monitor Central African security including Congo-Kinshasa tensions
(o) Promote trade between Nigeria and Congo
(p) Liaise with Congolese government on bilateral issues
(q) Coordinate with diplomatic missions and regional organizations in Brazzaville
(r) Facilitate high-level visits between oil sector officials and leadership
(s) Promote cooperation in OPEC and oil producers forums
(t) Advance Nigeria's interests in ECCAS, Gulf of Guinea security and Central African regional stability"
119009068,# NIGERIAN FEDERAL AGENCY MANDATES: AGENCIES 451-480 (FOREIGN MISSIONS),"**MDA Code:** 119009068

Nigeria's Foreign Mission in Mexico City, Mexico, is a diplomatic mission representing Federal Republic of Nigeria in United Mexican States. Located in Mexico City, Mexico's capital and Latin America's second-largest economy, operating under Federal Ministry of Foreign Affairs. The mission manages limited bilateral engagement with major Latin American country and NAFTA/USMCA member providing gateway to North American market. Small Nigerian community includes students, business people and diaspora. Mexico is major oil producer with state company PEMEX providing potential cooperation despite recent production declines. Both countries are developing economies and G20 members. However, Mexico faces severe drug cartel violence, corruption and security challenges. Some Nigerian asylum seekers transit through Mexico attempting to reach United States creating migration dynamics. Limited bilateral trade exists below potential given both countries' economic sizes. The mission promotes trade expansion, facilitates North American market access through Mexico, coordinates oil sector cooperation and maintains diplomatic presence in strategic Latin American power.

**Core Mandate:** To represent Nigeria's interests in Mexico, promote bilateral trade, facilitate North American market access, coordinate oil cooperation and maintain presence in major Latin American economy.

**Statutory Functions:**
(a) Represent Federal Republic of Nigeria maintaining diplomatic relations with Mexico
(b) Promote bilateral trade expansion from current minimal levels leveraging economic complementarities
(c) Protect limited Nigerian community including students and business people
(d) Provide consular services to Nigerians in Mexico
(e) Facilitate Nigerian access to North American market through Mexico's USMCA membership
(f) Coordinate oil sector cooperation with PEMEX state oil company
(g) Promote Mexican investment in Nigerian economy and vice versa
(h) Implement Nigeria's Latin American engagement strategy
(i) Monitor Mexico's political, economic and security developments including cartel violence
(j) Report to Federal Ministry of Foreign Affairs on Mexico, Latin America and North American integration
(k) Address Nigerian asylum seekers transiting Mexico en route to United States
(l) Study PEMEX operations and Mexico's petroleum sector management for Nigerian lessons
(m) Issue emergency travel documents to Nigerians
(n) Promote educational cooperation with Mexican universities
(o) Monitor Mexico-US border dynamics affecting global migration patterns
(p) Liaise with Mexican government on bilateral cooperation and commercial opportunities
(q) Coordinate with Latin American diplomatic missions on regional issues
(r) Facilitate limited high-level visits and business delegations
(s) Promote South-South cooperation between major developing economies
(t) Advance Nigeria's interests in Latin American engagement, North American market access and oil producers cooperation"
119009069,452. FOREIGN MISSION: MONROVIA,"Nigeria's Foreign Mission in Monrovia, Liberia, is one of Nigeria's most important diplomatic missions managing special relationship with West African neighbor. Located in Monrovia, Liberia's capital named after US President Monroe, operating under Federal Ministry of Foreign Affairs. Nigeria holds extraordinary status in Liberia stemming from Nigerian-led ECOMOG peacekeeping intervention that ended Liberia's devastating civil wars (1989-1996, 1999-2003). Nigerian soldiers made supreme sacrifice with thousands of casualties bringing peace and ending Charles Taylor's brutal regime. Grateful Liberians remember Nigerian peacekeeping heroism. Nigerian traders now dominate Liberian commercial sectors creating economic dependence. Both are English-speaking ECOWAS members with deep ties. Ellen Johnson Sirleaf's presidency (2006-2018) rebuilt Liberia; George Weah (former footballer) leads currently. Post-war reconstruction continues with Nigerian business involvement. Historical ties date to freed American slaves founding Liberia. The mission enjoys privileged status leveraging peacekeeping legacy, protects dominant Nigerian trader community and advances regional integration.

**Core Mandate:** To represent Nigeria's special relationship with Liberia, leverage peacekeeping sacrifice legacy, protect dominant trader community, support reconstruction and advance regional integration.

**Statutory Functions:**
(a) Represent Federal Republic of Nigeria maintaining extraordinarily close relationship with Liberia
(b) Leverage Nigerian ECOMOG peacekeeping sacrifice that ended Liberia's civil wars
(c) Protect dominant Nigerian trading community controlling major Liberian commercial sectors
(d) Provide extensive consular services to substantial Nigerian diaspora in Liberia
(e) Support Liberia's post-conflict reconstruction and democratic consolidation
(f) Promote Nigerian investment dominating Liberian economy across multiple sectors
(g) Facilitate bilateral trade where Nigeria is Liberia's major partner
(h) Monitor Liberia's democratic development under Presidents Sirleaf and Weah
(i) Report to Federal Ministry of Foreign Affairs on Liberia and West African stability
(j) Coordinate ECOWAS regional integration efforts linking Nigeria and Liberia
(k) Maintain warm bilateral relations reflecting grateful Liberian appreciation for Nigerian peacekeeping
(l) Address commercial disputes involving Nigerian businesses' dominance
(m) Issue emergency travel documents to Nigerians
(n) Facilitate educational cooperation with Nigerian students in Liberian institutions
(o) Monitor Liberian security sector reform and governance improvements
(p) Support Liberian development leveraging Nigerian economic strength
(q) Liaise closely with Liberian government enjoying special relationship status
(r) Coordinate with UN Mission in Liberia and international development partners
(s) Facilitate frequent high-level visits between Nigerian and Liberian leadership
(t) Advance Nigeria's interests in peacekeeping legacy recognition, regional stability and ECOWAS leadership through special Liberia relationship"
119009070,453. FOREIGN MISSION: MOSCOW,"Nigeria's Foreign Mission in Moscow, Russian Federation, is a diplomatic mission representing Federal Republic of Nigeria in Russia. Located in Moscow, Russia's capital and global power center, operating under Federal Ministry of Foreign Affairs. The mission manages complex Nigeria-Russia relationship with Soviet-era historical ties. Significant Nigerian student population studies in Russian universities continuing Soviet scholarship traditions. Russia supplies military equipment, weapons and training to Nigerian armed forces making defense cooperation important. Russia's renewed Africa engagement under Putin seeks influence competing with Western powers. However, Russia's February 2022 invasion of Ukraine strained global relations creating diplomatic challenges. Some Nigerian traders operate in Russia. Both countries are BRICS partners (Nigeria aspires BRICS membership). Russia votes in UN Security Council affecting Nigerian interests. The mission protects students, coordinates arms supplies, navigates Ukraine war tensions, engages Russia's Africa strategy and balances strategic partnership with Western relations.

**Core Mandate:** To represent Nigeria's interests in Russia, protect students, navigate Ukraine war tensions, coordinate defense cooperation, engage Russia's Africa return and manage complex partnership.

**Statutory Functions:**
(a) Represent Federal Republic of Nigeria maintaining strategic partnership with Russian Federation
(b) Protect substantial Nigerian student population in Russian universities
(c) Navigate diplomatic challenges from Russia's invasion of Ukraine straining global relations
(d) Coordinate Russian military equipment supplies, arms sales and training for Nigerian forces
(e) Engage Russia's renewed Africa strategy seeking influence across continent
(f) Monitor Russian political developments under Putin government
(g) Report to Federal Ministry of Foreign Affairs on Russia-Africa relations and global tensions
(h) Provide consular services to Nigerian students and traders
(i) Facilitate educational cooperation continuing Soviet-era scholarship programs
(j) Balance Nigeria's Russia partnership with Western relationships strained by Ukraine war
(k) Issue emergency travel documents to Nigerians
(l) Coordinate defense sector cooperation including weapons procurement and military training
(m) Promote energy sector cooperation leveraging both countries' petroleum production
(n) Monitor Russia's UN Security Council positions affecting Nigerian interests
(o) Engage BRICS framework supporting Nigeria's potential membership aspirations
(p) Address Nigerian students facing difficulties in Russian education system
(q) Liaise with Russian government on bilateral cooperation and arms supplies
(r) Coordinate with African embassies in Moscow on continental Russia relations
(s) Facilitate high-level defense and diplomatic visits between both countries
(t) Advance Nigeria's strategic partnership with Russia while navigating global tensions from Ukraine invasion"
119009072,454. FOREIGN MISSION: N'DJAMENA,"Nigeria's Foreign Mission in N'Djamena, Chad, is one of Nigeria's most strategically critical diplomatic missions representing Federal Republic of Nigeria in Republic of Chad. Located in N'Djamena, Chad's capital, operating under Federal Ministry of Foreign Affairs. The mission manages absolutely crucial security relationship with northern neighbor. Chad is Nigeria's indispensable partner in fighting Boko Haram/ISWAP terrorism around Lake Chad Basin. Multinational Joint Task Force (MNJTF) headquarters in N'Djamena coordinates regional counterterrorism with Nigerian, Chadian, Nigerien, Cameroonian forces. Chad's military strength (arguably Sahel's best army) provides critical support against insurgents. Déby dynasty ruled Chad (Idriss Déby 1990-2021, Mahamat Déby since 2021 coup) with military prowess. Nigeria and Chad share Lake Chad waters and borders. Nigerian refugees fled to Chad from Boko Haram violence. Chad is oil producer and Sahel security anchor despite chronic instability. French military presence in Chad affects regional dynamics. The mission coordinates vital counterterrorism, manages Lake Chad Basin security, facilitates MNJTF operations and maintains critical security partnership.

**Core Mandate:** To represent Nigeria's interests in Chad, coordinate critical Boko Haram counterterrorism, manage Lake Chad Basin security, facilitate MNJTF operations and maintain vital security partnership.

**Statutory Functions:**
(a) Represent Federal Republic of Nigeria maintaining absolutely critical security partnership with Chad
(b) Coordinate Multinational Joint Task Force (MNJTF) operations headquartered in N'Djamena
(c) Facilitate Nigeria-Chad military cooperation against Boko Haram and ISWAP terrorism
(d) Manage Lake Chad Basin security cooperation across four-country region
(e) Protect Nigerian refugees who fled Boko Haram violence into Chad
(f) Monitor Chad's political instability including Déby dynasty's military rule
(g) Report to Federal Ministry of Foreign Affairs on Sahel security and counterterrorism operations
(h) Provide consular services to Nigerian refugees and limited diaspora
(i) Coordinate with MNJTF Force Headquarters on operational planning and intelligence sharing
(j) Facilitate Chadian military support for Nigerian counterinsurgency operations
(k) Issue emergency travel documents to Nigerians
(l) Monitor French military presence in Chad affecting regional security dynamics
(m) Coordinate through Lake Chad Basin Commission on water resources and regional cooperation
(n) Address humanitarian needs of Nigerian refugees in eastern Chad camps
(o) Promote limited bilateral trade despite security focus dominating relationship
(p) Navigate Chad's chronic political instability and military coups
(q) Liaise closely with Chadian military government on security cooperation
(r) Coordinate with UN agencies and humanitarian organizations on refugee support
(s) Facilitate high-level military and intelligence cooperation visits
(t) Advance Nigeria's critical interests in counterterrorism, Lake Chad Basin security and maintaining indispensable Chadian military partnership against Boko Haram"
119009071,455. FOREIGN MISSION: NAIROBI,"Nigeria's Foreign Mission in Nairobi, Kenya, is a diplomatic mission representing Federal Republic of Nigeria in East Africa's diplomatic and business hub. Located in Nairobi, Kenya's capital and regional center, operating under Federal Ministry of Foreign Affairs. The mission holds strategic importance as Nairobi hosts UN Africa headquarters including UNEP (UN Environment Programme) and UN-Habitat making it multilateral diplomacy center. Growing Nigerian diaspora includes traders dominating commercial sectors, professionals and students. Kenya is East African Community's economic leader and regional power under recent Presidents Kenyatta and Ruto. Nairobi hosts numerous international conferences, organizations and businesses. Both countries face terrorism threats - Nigeria from Boko Haram, Kenya from al-Shabaab Somali militants who attacked Nairobi's Westgate Mall (2013) and Garissa University (2015). Kenya provides model for devolution and regional integration. The mission coordinates UN engagement, protects substantial diaspora, promotes trade, leverages Nairobi's regional hub status and facilitates East African market access.

**Core Mandate:** To represent Nigeria in East Africa's diplomatic capital, coordinate UN engagement, protect diaspora, promote trade, leverage Nairobi hub status and facilitate EAC access.

**Statutory Functions:**
(a) Represent Federal Republic of Nigeria in East Africa's diplomatic and business capital
(b) Coordinate Nigeria's engagement with UN agencies headquartered in Nairobi (UNEP, UN-Habitat)
(c) Protect substantial Nigerian diaspora including traders dominating Nairobi commercial districts
(d) Provide extensive consular services to Nigerian community and business people
(e) Promote bilateral trade and investment between Nigeria and Kenya
(f) Facilitate Nigerian access to East African Community market through Kenyan gateway
(g) Leverage Nairobi's status as regional conference center for Nigerian participation
(h) Monitor Kenya's political and economic developments under devolved governance
(i) Report to Federal Ministry of Foreign Affairs on East Africa, Kenya and UN matters
(j) Coordinate on counterterrorism cooperation addressing Boko Haram and al-Shabaab threats
(k) Facilitate Nigerian business expansion into East African markets
(l) Issue emergency travel documents to Nigerians
(m) Address security concerns for Nigerian diaspora from terrorism risks
(n) Study Kenya's devolution model for Nigerian federal system lessons
(o) Promote educational cooperation with Kenyan universities
(p) Liaise with Kenya government on bilateral cooperation and commercial matters
(q) Coordinate with UN agencies, international organizations and regional diplomatic missions
(r) Facilitate high-level visits leveraging Nairobi's diplomatic hub status
(s) Promote IGAD-ECOWAS cooperation linking East and West African regional organizations
(t) Advance Nigeria's interests in East African engagement, UN system coordination and leveraging Nairobi as Africa's diplomatic capital"
119009074,456. FOREIGN MISSION: NEW DELHI,"Nigeria's Foreign Mission in New Delhi, India, is one of Nigeria's most strategic diplomatic missions representing Federal Republic of Nigeria in rising global power. Located in New Delhi, India's capital, operating under Federal Ministry of Foreign Affairs. The mission manages increasingly important Nigeria-India strategic partnership between developing country giants. Thousands of Nigerian students study in Indian universities attracted by quality affordable education. Substantial Indian investment in Nigerian telecommunications, pharmaceuticals, manufacturing and infrastructure. Bharti Airtel operates major Nigerian mobile network. India supplies 15-20% of Nigerian pharmaceutical imports. Bollywood films enjoy popularity in Nigeria providing cultural connections. Both countries are Commonwealth members, developing economies and democracy practitioners. India's technology sector and development experience interest Nigeria. However, Nigerian students face racism and discrimination incidents in India requiring mission intervention. Modi government pursues India-Africa partnership. The mission protects large student population, promotes trade/investment, coordinates South-South cooperation and facilitates learning from Indian development success.

**Core Mandate:** To represent Nigeria in strategic India partnership, protect thousands of students, promote trade/investment, coordinate South-South cooperation and leverage India-Africa relations.

**Statutory Functions:**
(a) Represent Federal Republic of Nigeria maintaining strategic partnership with India
(b) Protect thousands of Nigerian students studying in Indian universities across multiple cities
(c) Address racism and discrimination cases against Nigerian students in India
(d) Provide extensive consular services to large Nigerian student population
(e) Promote substantial Indian investment in Nigerian telecommunications, pharmaceuticals and infrastructure
(f) Coordinate pharmaceutical sector cooperation with India supplying significant Nigerian drug imports
(g) Facilitate India-Nigeria trade expansion addressing trade imbalance favoring India
(h) Implement Nigeria's South-South cooperation strategy through India partnership
(i) Monitor India's rapid political and economic development under Modi government
(j) Report to Federal Ministry of Foreign Affairs on India, India-Africa relations and development lessons
(k) Coordinate Nigeria's participation in India-Africa Forum and bilateral summits
(l) Issue emergency travel documents to Nigerians
(m) Learn from India's technology sector development, particularly IT services and software
(n) Study India's development experience as democratic developing country giant
(o) Facilitate Bollywood-Nollywood cultural exchanges and film industry cooperation
(p) Promote educational partnerships with Indian universities and technical institutions
(q) Liaise with Indian government on student welfare, investment and bilateral cooperation
(r) Coordinate with BRICS countries' missions on emerging economies cooperation
(s) Facilitate high-level visits between continental leaders and business delegations
(t) Advance Nigeria's strategic India partnership spanning education, trade, investment and South-South development cooperation"
119009075,457. FOREIGN MISSION: NEW YORK (CONSULATE GENERAL),"Nigeria's Consulate General in New York, United States, is a major consular mission representing Federal Republic of Nigeria serving Nigerian diaspora in northeastern United States. Located in New York City, operating under Federal Ministry of Foreign Affairs and Embassy in Washington DC. The mission provides consular services distinct from Permanent Mission to United Nations focusing on diaspora needs. Large Nigerian community in New York tri-state area (New York, New Jersey, Connecticut) includes professionals, students, business owners and families. New York hosts significant Nigerian cultural presence, professional associations and community organizations. Nigerian diaspora contributes substantially through remittances. The mission issues passports, processes visas, handles emergencies, registers citizens and provides welfare services. Separate from UN diplomatic mission, the Consulate focuses on day-to-day diaspora needs including deaths, births, marriages, business documentation and community support in America's largest city.

**Core Mandate:** To provide consular services to large Nigerian diaspora in northeastern US, issue passports/visas, protect community, facilitate diaspora engagement and support tri-state area Nigerians.

**Statutory Functions:**
(a) Provide comprehensive consular services to large Nigerian diaspora in New York tri-state area
(b) Issue and renew Nigerian passports for substantial community in New York, New Jersey, Connecticut
(c) Process US visitor visa applications from Americans seeking to visit Nigeria
(d) Protect rights and interests of Nigerian community in northeastern United States
(e) Register Nigerian citizens residing in consular jurisdiction states
(f) Provide emergency assistance to distressed Nigerian nationals
(g) Issue emergency travel certificates to Nigerians who lost travel documents
(h) Handle death, marriage and birth registration for Nigerian diaspora
(i) Coordinate with Permanent Mission to UN on diaspora policy matters
(j) Support Nigerian community organizations, professional associations and cultural groups
(k) Facilitate diaspora remittances flowing billions of dollars to Nigeria annually
(l) Provide notarial services and legal documentation for Nigerians
(m) Coordinate Nigerian cultural events and national day celebrations in New York
(n) Address community disputes and welfare issues affecting Nigerian diaspora
(o) Support Nigerian students in universities across northeastern states
(p) Facilitate business networking among Nigerian professionals and entrepreneurs
(q) Liaise with state and local governments in New York, New Jersey, Connecticut
(r) Promote Nigeria's positive image in American media and public discourse
(s) Coordinate diaspora engagement with Nigerian government development initiatives
(t) Advance Nigeria's interests in diaspora welfare, remittance facilitation and community engagement in northeastern United States"
119009076,458. FOREIGN MISSION: NEW YORK (PERMANENT MISSION),"Nigeria's Permanent Mission to United Nations in New York is one of Nigeria's most critical diplomatic missions representing Federal Republic of Nigeria at United Nations headquarters. Located in New York City at UN headquarters, operating under Federal Ministry of Foreign Affairs. The mission's importance stems from UN's role as primary multilateral diplomacy platform. Nigeria has served on UN Security Council more times than most African countries demonstrating continental leadership. The mission participates in UN General Assembly, Security Council (when elected), specialized agencies and UN programs. Nigeria contributes significantly to UN peacekeeping with troops in multiple missions. The mission defends Nigerian interests in human rights mechanisms, votes on critical resolutions, negotiates multilateral agreements and advocates for African positions. Coordinates with African Group at UN. Engages global governance on development, security, climate and human rights. The mission advances Nigeria's multilateral diplomacy, continental leadership and global governance participation.

**Core Mandate:** To represent Nigeria at UN headquarters, advance multilateral interests, coordinate Security Council participation, engage global governance and defend Nigerian positions in UN system.

**Statutory Functions:**
(a) Represent Federal Republic of Nigeria as Permanent Mission to United Nations
(b) Participate in UN Security Council when Nigeria is elected member
(c) Vote and negotiate at UN General Assembly on behalf of Nigeria
(d) Coordinate Nigeria's extensive peacekeeping troop contributions to UN missions globally
(e) Defend Nigeria against criticism in UN Human Rights Council and human rights mechanisms
(f) Advance African positions through coordination with African Group at UN
(g) Negotiate multilateral treaties, conventions and agreements at UN
(h) Monitor and report on global governance developments affecting Nigerian interests
(i) Vote on UN resolutions addressing international peace, security and development
(j) Participate in UN specialized agencies (WHO, ILO, UNESCO) New York offices
(k) Coordinate with UN Secretariat on peacekeeping, development and humanitarian matters
(l) Engage UN Security Council debates even when not elected member
(m) Advocate for UN reform including Security Council expansion with African representation
(n) Address global challenges including climate change, terrorism, pandemics through UN
(o) Facilitate Nigerian participation in UN summits, conferences and high-level meetings
(p) Liaise with UN Secretary-General and senior UN officials
(q) Coordinate with diplomatic missions of other countries on shared multilateral interests
(r) Defend against potential UN sanctions, resolutions or actions targeting Nigeria
(s) Promote Nigeria's continental leadership and African Union positions in UN
(t) Advance Nigeria's interests in UN Security Council participation, peacekeeping leadership and global multilateral diplomacy"
119009077,459. FOREIGN MISSION: NIAMEY,"Nigeria's Foreign Mission in Niamey, Niger Republic, is one of Nigeria's most strategically critical diplomatic missions representing Federal Republic of Nigeria in immediate northern neighbor. Located in Niamey, Niger's capital on Niger River, operating under Federal Ministry of Foreign Affairs. The mission manages absolutely vital relationship given 1,497 km shared border and security interdependence. Both countries face existential terrorism threat from Boko Haram/ISWAP and Islamic State affiliates in Lake Chad Basin and Sahel. Multinational Joint Task Force coordinates counterterrorism with Niger as critical partner. Nigerian refugees fled Boko Haram violence into Niger. Cross-border ethnic ties connect Nigerian and Nigerien communities. Niger is Sahel's poorest country but strategically located. Recent military coups (2023) ended democratic governance complicating relations. French military operated from Niger bases. Uranium production makes Niger significant. ECOWAS and regional integration links both countries. The mission coordinates critical counterterrorism, manages border security, facilitates MNJTF operations and maintains vital security partnership despite Niger's political instability.

**Core Mandate:** To represent Nigeria in strategic northern neighbor Niger, coordinate counterterrorism, manage vital 1,497 km border security, protect refugees and maintain critical security partnership.

**Statutory Functions:**
(a) Represent Federal Republic of Nigeria maintaining critical security partnership with Niger
(b) Coordinate counterterrorism operations against Boko Haram, ISWAP and Islamic State affiliates
(c) Manage security across 1,497 km shared border facing terrorist infiltration
(d) Cooperate through Multinational Joint Task Force on Lake Chad Basin security
(e) Protect Nigerian refugees who fled Boko Haram/ISWAP violence into Niger
(f) Monitor Niger's political instability including 2023 military coup ending democracy
(g) Report to Federal Ministry of Foreign Affairs on Sahel security and Niger developments
(h) Provide consular services to Nigerians in Niger including refugees
(i) Coordinate military and intelligence cooperation on border security
(j) Facilitate cross-border economic cooperation between interconnected communities
(k) Issue emergency travel documents to Nigerians
(l) Monitor French military presence and withdrawal affecting regional security
(m) Coordinate through Lake Chad Basin Commission and ECOWAS on regional issues
(n) Address humanitarian needs of Nigerian refugees in Niger camps
(o) Navigate Niger's military government and democratic backsliding
(p) Facilitate limited trade despite security challenges dominating relationship
(q) Liaise with Niger military authorities on border management and counterterrorism
(r) Coordinate with UN agencies and humanitarian organizations
(s) Facilitate high-level security cooperation and military visits
(t) Advance Nigeria's critical interests in counterterrorism, border security and maintaining vital northern neighbor partnership against shared terrorism threat"
119009078,460. FOREIGN MISSION: NNJC - NIAMEY,"Nigeria-Niger Joint Commission (NNJC) in Niamey represents specialized bilateral cooperation mechanism between Nigeria and Niger. Located in Niamey alongside main embassy, operating under Federal Ministry of Foreign Affairs. The Joint Commission coordinates specific bilateral programs and agreements implementation beyond regular diplomatic functions. Manages technical cooperation in border management, water resources (Lake Chad, Niger River), security coordination, trade facilitation and development projects. Joint Commission institutionalizes Nigeria-Niger partnership addressing cross-border challenges requiring coordinated responses. Facilitates ministerial-level meetings and specialized working groups on sectors like agriculture, security, customs, energy and infrastructure. The facility ensures continuous coordination on shared interests between neighbors with deeply interconnected populations, security challenges and economic systems requiring dedicated cooperation mechanisms beyond standard diplomatic channels.

**Core Mandate:** To coordinate Nigeria-Niger Joint Commission activities, facilitate bilateral cooperation mechanisms, manage specialized programs and ensure agreement implementation between neighbors.

**Statutory Functions:**
(a) Coordinate Nigeria-Niger Joint Commission activities and bilateral cooperation programs
(b) Facilitate implementation of bilateral agreements and memoranda of understanding
(c) Manage technical cooperation programs in border management and security
(d) Coordinate water resources management affecting Lake Chad and Niger River basins
(e) Facilitate trade cooperation and customs harmonization initiatives
(f) Monitor joint development projects and infrastructure cooperation
(g) Organize ministerial-level Joint Commission meetings and working groups
(h) Address specific cross-border challenges requiring coordinated responses
(i) Coordinate agricultural cooperation and food security initiatives
(j) Facilitate energy sector cooperation on regional power projects
(k) Manage joint border patrol and security coordination programs
(l) Monitor agreement implementation and report to both governments
(m) Coordinate economic integration initiatives between neighbors
(n) Facilitate cultural exchanges and people-to-people cooperation
(o) Address cross-border community issues affecting interconnected populations
(p) Coordinate humanitarian responses to shared challenges
(q) Liaise with main embassy on diplomatic and political matters
(r) Facilitate specialized technical visits and expert exchanges
(s) Monitor progress on joint infrastructure projects
(t) Advance Nigeria's interests in institutionalized bilateral cooperation, effective agreement implementation and managing complex neighbor relationship through dedicated coordination mechanism"
119009080,461. FOREIGN MISSION: OTTAWA,"Nigeria's Foreign Mission in Ottawa, Canada, is a diplomatic mission representing Federal Republic of Nigeria in Canada. Located in Ottawa, Canada's capital, operating under Federal Ministry of Foreign Affairs. The mission manages Nigeria's relationship with G7 developed country and Commonwealth member. Substantial Nigerian diaspora (over 100,000) includes highly skilled professionals, students, permanent residents and refugees. Canada's immigration system attracts Nigerian doctors, engineers, IT professionals and academics. Many Nigerian students study in Canadian universities. Canada provides development assistance to Nigeria. Both countries are Commonwealth members and major oil producers. Canadian mining companies invest in Nigerian mineral sector. However, mission also handles irregular migration cases and asylum claims. Canada's multiculturalism policy creates welcoming environment. The mission facilitates skilled migration, protects large diaspora, promotes trade/investment, coordinates development cooperation and leverages Commonwealth connections.

**Core Mandate:** To represent Nigeria in Canada, facilitate skilled migration, protect large diaspora, promote trade/investment, coordinate development cooperation and leverage Commonwealth partnership.

**Statutory Functions:**
(a) Represent Federal Republic of Nigeria maintaining friendly relations with Canada
(b) Facilitate skilled Nigerian migration to Canada through official immigration channels
(c) Protect substantial Nigerian diaspora exceeding 100,000 including professionals and families
(d) Provide extensive consular services to Nigerian community across Canadian provinces
(e) Support Nigerian students in Canadian universities nationwide
(f) Promote Canadian investment in Nigerian mining, oil and gas sectors
(g) Coordinate Canadian development assistance to Nigeria
(h) Monitor Canadian immigration policies affecting Nigerian skilled workers
(i) Report to Federal Ministry of Foreign Affairs on Canada and North American issues
(j) Engage Commonwealth networks through Canada's active Commonwealth membership
(k) Issue passports and travel documents to large diaspora population
(l) Address asylum and refugee claims by Nigerian nationals in Canada
(m) Facilitate educational partnerships with Canadian universities and technical colleges
(n) Promote Nigerian exports to Canadian market
(o) Study Canada's multiculturalism model for Nigerian diversity management
(p) Liaise with Canadian federal and provincial governments on bilateral cooperation
(q) Coordinate with Commonwealth organizations and G7 on development matters
(r) Facilitate high-level visits and business delegations
(s) Promote diaspora engagement with Nigerian development initiatives
(t) Advance Nigeria's interests in skilled migration, Commonwealth cooperation and Canada's development assistance"
119009081,462. FOREIGN MISSION: OUAGADOUGOU,"Nigeria's Foreign Mission in Ouagadougou, Burkina Faso, is a diplomatic mission representing Federal Republic of Nigeria in Burkina Faso. Located in Ouagadougou, Burkina Faso's capital, operating under Federal Ministry of Foreign Affairs. The mission manages Nigeria's relationship with Sahel neighbor facing severe terrorism crisis. Burkina Faso under military government (2022 coups) battles jihadist insurgency from multiple groups including JNIM (al-Qaeda affiliate) and Islamic State affiliates controlling large territories. Over 2 million displaced by violence. Nigerian traders operate despite insecurity. Thomas Sankara's revolutionary legacy (1983-1987) remains influential. Both are ECOWAS members. French military presence ended. Russia's Wagner Group entered creating geopolitical competition. Burkina's crisis affects regional stability and Nigeria's Sahel security concerns. The mission monitors terrorism spillover risks, protects Nigerian traders, coordinates regional security, facilitates ECOWAS mediation and maintains presence despite deteriorating security.

**Core Mandate:** To represent Nigeria in Burkina Faso, monitor terrorism crisis, protect traders, coordinate Sahel security, support ECOWAS mediation and maintain presence despite severe insecurity.

**Statutory Functions:**
(a) Represent Federal Republic of Nigeria maintaining diplomatic presence in crisis-affected Burkina Faso
(b) Monitor severe jihadist insurgency threatening Burkina Faso's survival as state
(c) Protect Nigerian traders operating in increasingly dangerous environment
(d) Provide consular services despite deteriorating security conditions
(e) Assess terrorism spillover risks to Nigeria from Sahel jihadist expansion
(f) Report to Federal Ministry of Foreign Affairs on Burkina Faso crisis and Sahel security
(g) Support ECOWAS mediation efforts following military coups ending democracy
(h) Coordinate regional counterterrorism cooperation addressing shared threats
(i) Monitor humanitarian catastrophe with over 2 million displaced persons
(j) Issue emergency travel documents and facilitate evacuations when necessary
(k) Navigate Burkina's multiple military coups and political instability
(l) Monitor Russian Wagner Group activities replacing French military presence
(m) Assess Burkina's jihadist groups (JNIM, Islamic State) for Nigerian security implications
(n) Facilitate limited trade despite security crisis
(o) Liaise with Burkina Faso military government amid democratic backsliding
(p) Coordinate with ECOWAS, UN agencies and remaining diplomatic missions
(q) Operate mission under challenging security protocols
(r) Monitor regional geopolitical competition between France, Russia and others
(s) Support Burkina's counter-insurgency efforts through regional frameworks
(t) Advance Nigeria's interests in Sahel security, regional stability and ECOWAS crisis management despite Burkina Faso's near state collapse"
119009082,463. FOREIGN MISSION: PARIS,"Nigeria's Foreign Mission in Paris, France, is one of Nigeria's most important diplomatic missions representing Federal Republic of Nigeria in major European power. Located in Paris, France's capital and global cultural center, operating under Federal Ministry of Foreign Affairs. The mission manages Nigeria's relationship with France, permanent UN Security Council member and former colonial power in francophone West/Central Africa. Substantial Nigerian diaspora includes students, professionals and migrants. France is major EU power, G7 member and significant investor. French companies (Total Energies, Bolloré, Orange) invest heavily in Nigerian oil, ports and telecommunications. France provides development assistance and military training. However, France's dominant influence in francophone Africa creates complex dynamics with anglophone Nigeria competing for West African leadership. France supported Biafran secession historically creating tensions. Paris hosts major international organizations. The mission coordinates EU engagement through France, promotes trade/investment, protects diaspora, navigates francophone-anglophone regional dynamics and leverages France's global influence.

**Core Mandate:** To represent Nigeria in France, coordinate EU engagement, promote trade/investment, navigate francophone-anglophone dynamics, protect diaspora and leverage France's global influence.

**Statutory Functions:**
(a) Represent Federal Republic of Nigeria maintaining important relationship with France
(b) Navigate historical tensions from French support for Biafran secession during Nigeria's civil war
(c) Protect substantial Nigerian diaspora including students and professionals in France
(d) Provide extensive consular services to Nigerian community across French regions
(e) Promote French investment in Nigerian oil, infrastructure and telecommunications sectors
(f) Coordinate Nigeria's engagement with European Union through French EU leadership
(g) Navigate France's dominant influence in francophone West Africa competing with Nigerian anglophone leadership
(h) Monitor French political and economic developments
(i) Report to Federal Ministry of Foreign Affairs on France, EU and francophone Africa matters
(j) Support Nigerian students in French universities including prestigious grandes écoles
(k) Issue emergency travel documents to Nigerians
(l) Address irregular migration and asylum cases involving Nigerians in France
(m) Promote bilateral trade leveraging France's G7 economy
(n) Engage French development assistance programs in Nigeria
(o) Study France's francophone Africa relationships for Nigerian regional strategy
(p) Liaise with French government ministries on bilateral cooperation
(q) Coordinate with francophone African missions on regional dynamics
(r) Facilitate high-level state visits between Nigerian and French leadership
(s) Promote cultural exchanges leveraging Paris's cultural center status
(t) Advance Nigeria's interests in EU engagement, West African leadership and managing complex France relationship balancing cooperation with francophone-anglophone regional competition"
119009083,464. FOREIGN MISSION: PORT OF SPAIN,"Nigeria's Foreign Mission in Port of Spain, Trinidad and Tobago, is a diplomatic mission representing Federal Republic of Nigeria in Trinidad and Tobago with concurrent accreditation to eastern Caribbean nations. Located in Port of Spain, Trinidad's capital, operating under Federal Ministry of Foreign Affairs. The mission manages Nigeria's Caribbean engagement where oil-producing Trinidad shares petroleum industry connections with Nigeria. Historical African diaspora ties through transatlantic slavery connect populations. Trinidad's carnival culture and Nigeria's cultural vibrancy create artistic connections. Limited Nigerian community includes students and professionals. Both countries are Commonwealth members and oil producers. Trinidad hosts Caribbean Court of Justice and regional organizations. However, bilateral engagement remains limited despite potential. The mission coordinates CARICOM relations, promotes oil sector cooperation, maintains Commonwealth connections and facilitates limited trade while serving small diaspora.

**Core Mandate:** To represent Nigeria in Trinidad and Caribbean, coordinate CARICOM engagement, promote oil sector cooperation, maintain Commonwealth ties and serve limited diaspora.

**Statutory Functions:**
(a) Represent Federal Republic of Nigeria in Trinidad and Tobago with Caribbean concurrent accreditation
(b) Coordinate Nigeria's engagement with Caribbean Community (CARICOM) regional organization
(c) Promote oil sector cooperation between petroleum producers Nigeria and Trinidad
(d) Protect limited Nigerian community in Trinidad and concurrent Caribbean nations
(e) Provide consular services across eastern Caribbean accreditation area
(f) Leverage historical African diaspora connections from transatlantic slavery heritage
(g) Facilitate cultural exchanges linking Trinidad's carnival and Nigerian festivals
(h) Monitor Trinidad and Caribbean political and economic developments
(i) Report to Federal Ministry of Foreign Affairs on Caribbean and CARICOM matters
(j) Coordinate Commonwealth relations through Trinidad's active membership
(k) Issue emergency travel documents to Nigerians in region
(l) Promote bilateral trade from current minimal levels
(m) Study Trinidad's petroleum industry for Nigerian lessons
(n) Engage Caribbean Court of Justice and regional institutions in Port of Spain
(o) Facilitate educational cooperation with University of West Indies
(p) Liaise with Trinidad government and CARICOM secretariat
(q) Coordinate with Caribbean diplomatic missions on regional issues
(r) Facilitate limited high-level visits when opportunities arise
(s) Promote Africa-Caribbean cooperation leveraging diaspora heritage
(t) Advance Nigeria's interests in Caribbean engagement, oil cooperation and maintaining diplomatic presence across eastern Caribbean region"
119009115,"465. FOREIGN MISSION: PRAGUE, CZECH REPUBLIC","Nigeria's Foreign Mission in Prague, Czech Republic, is a diplomatic mission representing Federal Republic of Nigeria in Czech Republic. Located in Prague, Czech capital and Central European cultural center, operating under Federal Ministry of Foreign Affairs. The mission manages limited bilateral engagement with Eastern European EU member. Small Nigerian community includes students and business people attracted by affordable EU education. Czech Republic (former Czechoslovakia) transitioned from communism to democracy and EU membership. Some Nigerian students study in Czech universities. Limited Czech investment in Nigeria. Both countries cooperate through EU-Africa frameworks. Prague's central European location provides gateway to region. However, Czech Republic faces migration debates and some anti-immigrant sentiment. The mission protects limited diaspora, promotes educational cooperation, facilitates minimal trade and maintains diplomatic presence in Central Europe.

**Core Mandate:** To represent Nigeria in Czech Republic, protect limited diaspora, promote educational cooperation, coordinate EU engagement and maintain Central European presence.

**Statutory Functions:**
(a) Represent Federal Republic of Nigeria maintaining diplomatic relations with Czech Republic
(b) Protect limited Nigerian community including students and business people
(c) Provide consular services to Nigerians in Czech Republic
(d) Promote educational cooperation with Czech universities offering affordable EU education
(e) Facilitate minimal bilateral trade and investment
(6) Coordinate Nigeria's EU engagement through Czech EU membership
(g) Monitor Czech political and economic developments in post-communist context
(h) Report to Federal Ministry of Foreign Affairs on Czech Republic and Central Europe
(i) Address migration issues and anti-immigrant sentiment affecting Nigerians
(j) Issue emergency travel documents to Nigerians
(k) Study Czech transition from communism to democracy for governance lessons
(l) Facilitate Czech investment opportunities in Nigeria
(m) Promote Nigeria's image in Central Europe
(n) Liaise with Czech government on bilateral cooperation
(o) Coordinate with Central European missions on regional issues
(p) Facilitate limited diplomatic exchanges
(q) Support Nigerian students in Czech universities
(r) Address minimal commercial disputes
(s) Maintain diplomatic coverage in Central Europe
(t) Advance Nigeria's interests in EU engagement and Central European regional presence"
119009084,466. FOREIGN MISSION: PRETORIA,"Nigeria's Foreign Mission in Pretoria, South Africa, is one of Nigeria's most important but contentious diplomatic missions representing Federal Republic of Nigeria in South Africa. Located in Pretoria, South Africa's administrative capital, operating under Federal Ministry of Foreign Affairs. The mission manages complex relationship between Africa's two largest economies and continental rival powers. South Africa experiences periodic xenophobic violence specifically targeting Nigerian nationals, killing dozens and destroying Nigerian businesses. Nigerian traders dominate certain sectors angering South Africans facing unemployment. Rivalry exists over continental leadership, with Nigeria leading West Africa/ECOWAS while South Africa leads Southern Africa/SADC. Both compete for African Union influence. However, substantial economic complementarities exist. South African companies (MTN, Shoprite) invest heavily in Nigeria. The mission coordinates on xenophobia protection, manages continental rivalry, promotes economic cooperation, facilitates BRICS engagement and navigates Nigeria-South Africa tensions while maintaining Africa's two largest economies partnership.

**Core Mandate:** To represent Nigeria in South Africa, protect diaspora from xenophobic violence, manage continental rivalry, promote economic cooperation despite tensions and coordinate SADC-ECOWAS relations.

**Statutory Functions:**
(a) Represent Federal Republic of Nigeria managing complex relationship with continental rival South Africa
(b) Protect Nigerian diaspora from periodic xenophobic violence killing Nigerians and destroying businesses
(c) Coordinate emergency responses during xenophobic attacks requiring evacuations
(d) Provide extensive consular services to Nigerian community under threat
(e) Address murders, assaults and property destruction targeting Nigerian nationals
(f) Navigate Nigeria-South Africa rivalry over African continental leadership
(g) Promote substantial economic cooperation despite political tensions
(h) Monitor South African political developments including xenophobia drivers
(i) Report to Federal Ministry of Foreign Affairs on xenophobia and bilateral tensions
(j) Coordinate SADC-ECOWAS cooperation between regional powers
(k) Facilitate South African investment in Nigeria despite bilateral friction
(l) Address negative stereotyping of Nigerians in South African media
(m) Issue emergency travel documents during xenophobic crises
(n) Engage BRICS framework where both Nigeria (aspirant) and South Africa participate
(o) Negotiate with South African government on protecting Nigerian community
(p) Coordinate with law enforcement on preventing xenophobic attacks
(q) Liaise with South African government on continental leadership cooperation
(r) Facilitate high-level visits attempting to reduce tensions
(s) Promote people-to-people reconciliation and economic partnerships
(t) Advance Nigeria's interests in diaspora protection, continental leadership and maintaining complex partnership with Africa's other giant economy"
119009085,467. FOREIGN MISSION: PYONGYANG,"Nigeria's Foreign Mission in Pyongyang, North Korea, is a diplomatic mission representing Federal Republic of Nigeria in Democratic People's Republic of Korea. Located in Pyongyang, North Korea's capital, operating under Federal Ministry of Foreign Affairs. The mission maintains presence in one of world's most isolated authoritarian states under Kim dynasty (Kim Il-sung, Kim Jong-il, Kim Jong-un). Minimal Nigerian community exists given North Korea's extreme isolation. Limited historical cooperation from Cold War era. North Korea faces comprehensive UN sanctions for nuclear weapons program. The mission provides observation post for Korean Peninsula developments, maintains diplomatic coverage, coordinates minimal cooperation and represents Nigeria in isolated hermit kingdom. Operating under severe restrictions, surveillance and limited movement. Mission has symbolic presence demonstrating Nigeria's global diplomatic reach even to most isolated states.

**Core Mandate:** To represent Nigeria in North Korea, maintain diplomatic presence, observe Korean Peninsula developments and coordinate minimal cooperation despite extreme isolation.

**Statutory Functions:**
(a) Represent Federal Republic of Nigeria maintaining diplomatic presence in isolated North Korea
(b) Monitor North Korea's nuclear weapons program and Korean Peninsula security
(c) Protect virtually non-existent Nigerian community
(d) Provide limited consular services under extreme restrictions
(e) Observe North Korean political developments under Kim Jong-un dictatorship
(f) Report to Federal Ministry of Foreign Affairs on North Korea and Korean Peninsula
(g) Maintain minimal bilateral cooperation within UN sanctions constraints
(h) Monitor North Korea's weapons proliferation activities
(i) Operate under severe surveillance and movement restrictions
(j) Issue emergency travel documents if needed
(k) Coordinate on UN matters including sanctions compliance
(l) Maintain symbolic diplomatic presence in hermit kingdom
(m) Navigate North Korea's totalitarian control and information restrictions
(n) Monitor Korean reunification prospects and inter-Korean relations
(o) Liaise with North Korean government under difficult conditions
(p) Coordinate with limited diplomatic missions operating in Pyongyang
(q) Observe North Korea's economic system and humanitarian situation
(r) Maintain diplomatic channel despite minimal practical engagement
(s) Monitor North Korea's international relations and defiance of sanctions
(t) Advance Nigeria's interests in maintaining global diplomatic coverage and Korean Peninsula observation despite North Korea's extreme isolation"
119009086,468. FOREIGN MISSION: RABAT,"Nigeria's Foreign Mission in Rabat, Morocco, is a diplomatic mission representing Federal Republic of Nigeria in Kingdom of Morocco. Located in Rabat, Morocco's capital, operating under Federal Ministry of Foreign Affairs. The mission manages Nigeria's relationship with North African gateway to Europe and Arab world. Morocco is stable monarchy under King Mohammed VI with growing economy. Nigerian students study in Moroccan universities. Some Nigerian migrants transit Morocco attempting irregular entry to Europe creating migration issues. Morocco has agricultural expertise, phosphate wealth and tourism industry. Both countries are African Union members though Morocco rejoined only in 2017 after decades of absence over Western Sahara dispute. Morocco seeks African economic expansion competing with South Africa and Nigeria. Spanish enclaves Ceuta/Melilla make Morocco EU border. The mission addresses migration, promotes trade, coordinates AU engagement, protects students and facilitates Morocco's African integration while managing competition.

**Core Mandate:** To represent Nigeria in Morocco, manage irregular migration transit, promote trade, coordinate AU engagement, protect students and navigate Morocco's African integration and competition.

**Statutory Functions:**
(a) Represent Federal Republic of Nigeria maintaining diplomatic relations with Morocco
(b) Address irregular migration with Nigerians transiting Morocco attempting European entry
(c) Protect Nigerian students in Moroccan universities
(d) Provide consular services to Nigerian diaspora
(e) Promote bilateral trade and Moroccan investment in Nigeria
(f) Coordinate Nigeria-Morocco cooperation in African Union after Morocco's 2017 return
(g) Navigate Morocco's expanding African economic presence competing with Nigerian interests
(h) Monitor Morocco's political and economic developments
(i) Report to Federal Ministry of Foreign Affairs on Morocco and North Africa
(j) Address Nigerian migrants detained or stranded in Morocco
(k) Issue emergency travel documents to Nigerians
(l) Facilitate educational cooperation with Moroccan universities
(m) Study Morocco's agriculture and water management for Nigerian application
(n) Monitor Western Sahara dispute affecting AU dynamics
(o) Engage Morocco's gateway role to Europe and Arab world
(p) Liaise with Morocco government on migration management and bilateral cooperation
(q) Coordinate with Spanish and European missions on migration issues
(r) Facilitate high-level visits between North and West African powers
(s) Promote economic cooperation balancing collaboration with competition
(t) Advance Nigeria's interests in migration management, AU cooperation and engaging Morocco's African integration while protecting Nigerian continental leadership"
119009087,469. FOREIGN MISSION: RIYADH,"Nigeria's Foreign Mission in Riyadh, Saudi Arabia, is one of Nigeria's most important diplomatic missions representing Federal Republic of Nigeria in Kingdom of Saudi Arabia. Located in Riyadh, Saudi Arabia's capital, operating under Federal Ministry of Foreign Affairs. The mission coordinates Nigeria's relationship with Islam's birthplace and custodian of Mecca and Medina. Hundreds of thousands of Nigerian Muslims perform Hajj annually requiring massive coordination. Some Nigerian workers employed in Saudi Arabia. Saudi Arabia is major oil producer and OPEC member. Both countries cooperate in Organization of Islamic Cooperation. Saudi investment through sovereign wealth funds potential for Nigeria. However, Nigerian pilgrims face challenges including deaths, arrests and difficulties. Mission distinct from Jeddah Consulate focusing on Hajj. Riyadh handles political relations while Jeddah manages pilgrims. The mission coordinates Islamic cooperation, facilitates investments, protects workers and manages bilateral relations with Islamic world's most powerful state.

**Core Mandate:** To represent Nigeria in Saudi Arabia, coordinate Islamic cooperation, facilitate Hajj operations through Jeddah, promote investment, protect workers and manage relationship with Islam's center.

**Statutory Functions:**
(a) Represent Federal Republic of Nigeria maintaining crucial relationship with Saudi Arabia
(b) Coordinate overall Saudi-Nigeria relations on political level distinct from Jeddah's Hajj focus
(c) Facilitate Islamic cooperation through Organization of Islamic Cooperation
(d) Promote Saudi sovereign wealth fund investment in Nigerian economy
(e) Coordinate OPEC cooperation between major oil producers
(f) Protect Nigerian workers employed across Saudi Arabia
(g) Monitor Saudi political and economic developments under Crown Prince Mohammed bin Salman
(h) Report to Federal Ministry of Foreign Affairs on Saudi Arabia and Gulf region
(i) Coordinate with Jeddah Consulate on Hajj operations and pilgrim welfare
(j) Provide consular services to Nigerians in Riyadh region
(k) Issue emergency travel documents to Nigerians
(l) Facilitate bilateral cooperation on security and counter-terrorism
(m) Promote Nigerian exports to Saudi market
(n) Address labor rights issues affecting Nigerian workers
(o) Coordinate through OIC on Islamic world cooperation
(p) Study Saudi Arabia's Vision 2030 economic diversification for Nigerian lessons
(q) Liaise with Saudi government on political, economic and Islamic cooperation
(r) Coordinate with Gulf Cooperation Council countries on regional relations
(s) Facilitate high-level visits between Islamic powers
(t) Advance Nigeria's interests in Islamic cooperation, Hajj operations, OPEC coordination and Saudi investment attraction"
119009088,470. FOREIGN MISSION: ROME,"Nigeria's Foreign Mission in Rome, Italy, is a diplomatic mission representing Federal Republic of Nigeria in Italian Republic. Located in Rome, Italy's capital hosting UN food agencies (FAO, WFP, IFAD), operating under Federal Ministry of Foreign Affairs. The mission manages Nigeria's relationship with G7 member and major EU power. Substantial Nigerian diaspora includes migrants, students and professionals. Italy is major destination for Nigerian irregular migrants crossing Mediterranean creating contentious migration issues. Many Nigerian trafficking victims exploited in Italy. Rome hosts UN Food and Agriculture Organization, World Food Programme and agricultural agencies where Nigeria engages. Italian companies invest in Nigerian infrastructure. Both countries are Mediterranean partners through Rome's North African connections. The mission addresses highly contentious irregular migration and trafficking, coordinates UN food agency engagement, promotes trade/investment, protects diaspora and manages complex Italy relationship strained by migration.

**Core Mandate:** To represent Nigeria in Italy, manage contentious Mediterranean irregular migration, combat trafficking, coordinate UN food agencies, protect diaspora and promote cooperation despite migration tensions.

**Statutory Functions:**
(a) Represent Federal Republic of Nigeria maintaining strained relationship with Italy over migration
(b) Address highly contentious irregular migration with thousands of Nigerians crossing Mediterranean
(c) Combat trafficking in persons with Nigerian women exploited in Italian sex industry
(d) Protect substantial Nigerian diaspora facing discrimination and anti-immigrant sentiment
(e) Provide extensive consular services including to detained and trafficked Nigerians
(f) Coordinate Nigeria's engagement with UN food agencies headquartered in Rome (FAO, WFP, IFAD)
(g) Promote Italian investment in Nigerian infrastructure and manufacturing
(h) Monitor Italy's political developments and anti-immigration policies
(i) Report to Federal Ministry of Foreign Affairs on migration crisis and Italy-EU matters
(j) Address deportation flights and repatriation of Nigerian irregular migrants
(k) Issue emergency travel documents to stranded and detained Nigerians
(l) Facilitate voluntary return programs for Nigerian migrants
(m) Combat negative Nigerian stereotypes in Italian media linking migration and crime
(n) Support Nigerian students in Italian universities
(o) Engage Rome-based UN agencies on Nigerian agriculture and food security
(p) Liaise with Italian government on migration management and trafficking prevention
(q) Coordinate with EU agencies and Mediterranean countries on migration crisis
(r) Facilitate limited high-level visits amid migration tensions
(s) Promote legal migration pathways while combating irregular migration
(t) Advance Nigeria's interests in managing Mediterranean migration crisis, combating trafficking and engaging UN food agencies despite strained Italy relations"
119009091,471. FOREIGN MISSION: SÃO TOMÉ AND PRÍNCIPE,"Nigeria's Foreign Mission in São Tomé, São Tomé and Príncipe, is a diplomatic mission representing Federal Republic of Nigeria in Democratic Republic of São Tomé and Príncipe. Located in São Tomé city, capital of tiny Portuguese-speaking island nation, operating under Federal Ministry of Foreign Affairs. The mission manages Nigeria's relationship with Africa's second-smallest country (population 220,000) in Gulf of Guinea. São Tomé strategically located in Gulf of Guinea shares maritime boundaries with Nigeria. Oil exploration in Joint Development Zone between both countries creates economic cooperation. Nigerian traders and workers present on islands. Both countries cooperate on Gulf of Guinea maritime security. Portuguese colonial legacy creates language challenges. São Tomé's small size but strategic location makes mission important for maritime boundaries and oil development. The mission coordinates oil sector cooperation, promotes maritime security, manages Joint Development Zone and maintains presence in strategically located micro-state.

**Core Mandate:** To represent Nigeria in São Tomé and Príncipe, coordinate Joint Development Zone oil operations, manage maritime boundaries, promote Gulf of Guinea security and maintain island nation relations.

**Statutory Functions:**
(a) Represent Federal Republic of Nigeria in tiny island nation São Tomé and Príncipe
(b) Coordinate Nigeria-São Tomé Joint Development Zone oil exploration and production
(c) Manage maritime boundary agreements and offshore oil block development
(d) Protect Nigerian traders and workers on São Tomé islands
(e) Provide consular services to limited Nigerian community
(f) Promote Gulf of Guinea maritime security cooperation
(g) Navigate Portuguese language requirements
(h) Monitor São Tomé political and economic developments
(i) Report to Federal Ministry of Foreign Affairs on São Tomé and maritime issues
(j) Coordinate through Gulf of Guinea Commission
(k) Issue emergency travel documents to Nigerians
(l) Facilitate bilateral trade with micro-state
(m) Address oil revenue sharing from Joint Development Zone
(n) Monitor São Tomé's political stability affecting oil operations
(o) Promote Nigerian investment in São Tomé economy
(p) Liaise with São Tomé government on maritime and oil cooperation
(q) Coordinate with lusophone African missions
(r) Facilitate limited diplomatic exchanges
(s) Promote regional maritime security initiatives
(t) Advance Nigeria's interests in Joint Development Zone oil production, maritime boundaries and Gulf of Guinea security through strategic island nation"
119009092,472. FOREIGN MISSION: SEOUL,"Nigeria's Foreign Mission in Seoul, South Korea, is a diplomatic mission representing Federal Republic of Nigeria in Republic of Korea. Located in Seoul, South Korea's capital and Asian economic powerhouse, operating under Federal Ministry of Foreign Affairs. The mission manages Nigeria's relationship with Asia's advanced economy and technological leader. Growing Nigerian student population attracted by quality education and scholarships. South Korean companies (Samsung, LG, Hyundai) invest in Nigerian telecommunications, manufacturing and infrastructure. South Korea's rapid development from poverty to prosperity (Han River Miracle) provides development model for Nigeria. K-pop cultural influence growing globally. Both countries cooperate on development and trade. South Korea provides development assistance and technical cooperation. The mission promotes investment, protects students, facilitates technology transfer, learns from Korean development success and coordinates South-South cooperation with advanced developing country graduate.

**Core Mandate:** To represent Nigeria in South Korea, promote investment and technology transfer, protect students, learn from Korean development miracle and facilitate economic cooperation.

**Statutory Functions:**
(a) Represent Federal Republic of Nigeria maintaining growing relationship with South Korea
(b) Promote South Korean investment in Nigerian telecommunications, manufacturing and infrastructure
(c) Protect growing Nigerian student population in Korean universities
(d) Provide consular services to Nigerians in South Korea
(e) Facilitate technology transfer from Korean companies to Nigerian economy
(f) Learn from South Korea's remarkable development from poverty to prosperity (Han River Miracle)
(g) Promote Samsung, LG, Hyundai and other Korean corporate investments in Nigeria
(h) Monitor South Korean political and economic developments
(i) Report to Federal Ministry of Foreign Affairs on South Korea and lessons for Nigerian development
(j) Coordinate South Korean development assistance and technical cooperation to Nigeria
(k) Issue emergency travel documents to Nigerians
(l) Study Korea's industrialization strategy for Nigerian economic transformation
(m) Facilitate educational partnerships with Korean universities and technical institutes
(n) Promote bilateral trade addressing trade imbalance favoring Korea
(o) Engage Korean companies on manufacturing partnerships and job creation in Nigeria
(p) Liaise with South Korean government on investment and cooperation
(q) Coordinate with Asian missions on regional economic integration
(r) Facilitate high-level visits and business delegations
(s) Study Korean innovation and technology policies
(t) Advance Nigeria's strategic interests in Korean investment, technology transfer and learning from Asian development success story"
119009093,473. FOREIGN MISSION: SHANGHAI,"Nigeria's Consulate General in Shanghai, China, is a consular mission representing Federal Republic of Nigeria in China's commercial capital and economic powerhouse. Located in Shanghai, China's largest city and financial center, operating under Federal Ministry of Foreign Affairs and Embassy in Beijing. The mission serves Nigerian business community in Shanghai financial district and Yangtze River Delta manufacturing hub. Some Nigerian traders operate in Shanghai markets. Mission focuses on commercial services, investment facilitation and business partnerships distinct from Beijing's political diplomacy. Shanghai hosts major Chinese corporations, financial institutions and international businesses. Yangtze Delta is China's manufacturing heartland producing Nigerian imports. The mission promotes Nigeria-China trade, facilitates Shanghai investment in Nigeria, supports Nigerian businesses and provides consular services in commercial capital separate from diplomatic capital Beijing.

**Core Mandate:** To provide consular services in Shanghai, facilitate commercial partnerships, promote trade/investment, support Nigerian businesses and serve China's commercial capital.

**Statutory Functions:**
(a) Provide consular services to Nigerians in Shanghai and Yangtze River Delta region
(b) Issue and renew Nigerian passports for diaspora and business visitors
(c) Facilitate commercial partnerships between Nigerian and Shanghai businesses
(d) Promote Shanghai financial sector investment in Nigerian economy
(e) Support Nigerian traders and businesspeople in Shanghai markets
(f) Coordinate with Beijing embassy on policy while focusing on commercial matters
(g) Monitor Shanghai's economic developments and business opportunities
(h) Report to Beijing embassy on commercial and consular matters in region
(i) Facilitate Nigerian exports through Shanghai port and markets
(j) Issue emergency travel documents to Nigerians
(k) Promote Nigerian participation in Shanghai trade fairs and exhibitions
(l) Engage Yangtze Delta manufacturers on partnerships and sourcing
(m) Provide business documentation and notarial services
(n) Address commercial disputes involving Nigerian traders
(o) Liaise with Shanghai municipal authorities on business matters
(p) Coordinate with Chinese businesses on investment in Nigeria
(q) Facilitate business delegations and commercial visits
(r) Promote Nigeria's trade interests in China's commercial hub
(s) Support Nigerian companies establishing Shanghai presence
(t) Advance Nigeria's commercial interests in China's financial capital and manufacturing heartland"
119009094,474. FOREIGN MISSION: SINGAPORE,"Nigeria's Foreign Mission in Singapore, Republic of Singapore, is a diplomatic mission representing Federal Republic of Nigeria in Singapore with concurrent accreditation to Southeast Asian countries. Located in Singapore, Asian financial and business hub, operating under Federal Ministry of Foreign Affairs. The mission manages relationship with remarkably successful city-state transformed from poverty to first-world prosperity under Lee Kuan Yew. Growing Nigerian community includes students, professionals and traders. Singapore's development model interests Nigeria - from third world to first world in one generation through good governance, anti-corruption, rule of law and economic planning. Singapore is major financial center, shipping hub and Asian gateway. Limited bilateral trade below potential. Nigerian students study in Singapore's world-class universities. Singapore's experience managing ethnic diversity (Chinese, Malay, Indian) relevant to Nigerian challenges. The mission promotes investment, learns from Singapore success story, facilitates trade, protects diaspora and coordinates ASEAN engagement through strategic hub.

**Core Mandate:** To represent Nigeria in Singapore, learn from remarkable development success, promote investment, facilitate financial sector partnerships, protect diaspora and leverage regional hub status.

**Statutory Functions:**
(a) Represent Federal Republic of Nigeria in Singapore with Southeast Asian concurrent accreditation
(b) Learn from Singapore's remarkable transformation from poverty to prosperity in one generation
(c) Study Singapore's good governance, anti-corruption and rule of law for Nigerian application
(d) Protect growing Nigerian community including students and professionals
(e) Provide consular services to Nigerians in Singapore and concurrent countries
(f) Promote Singapore investment in Nigerian economy leveraging financial sector
(g) Facilitate Nigeria's engagement with Singapore as regional financial hub
(h) Monitor Singapore's political and economic developments under PAP government
(i) Report to Federal Ministry of Foreign Affairs on Singapore and development lessons
(j) Study Singapore's ethnic diversity management (Chinese-Malay-Indian) for Nigerian context
(k) Issue emergency travel documents to Nigerians
(l) Facilitate educational cooperation with world-class Singaporean universities
(m) Learn from Singapore's economic planning and development strategy
(n) Promote bilateral trade from current minimal levels
(o) Engage Singapore's port and shipping industry for Nigerian maritime development
(p) Liaise with Singapore government on bilateral cooperation and investment
(q) Coordinate with ASEAN missions on Southeast Asian engagement
(r) Facilitate high-level visits and business delegations
(s) Study Singapore's corruption eradication for Nigerian anti-corruption efforts
(t) Advance Nigeria's interests in learning from world's most successful development model and accessing Asian financial hub"
119009095,475. FOREIGN MISSION: STOCKHOLM,"Nigeria's Foreign Mission in Stockholm, Sweden, is a diplomatic mission representing Federal Republic of Nigeria in Kingdom of Sweden with concurrent accreditation to Nordic countries. Located in Stockholm, Sweden's capital, operating under Federal Ministry of Foreign Affairs. The mission manages limited bilateral engagement with Scandinavian welfare state. Small Nigerian diaspora includes asylum seekers, students and professionals. Sweden provides development assistance to Nigeria through SIDA. Swedish companies (Ericsson, Volvo) have limited Nigerian operations. Sweden known for social welfare model, gender equality and environmental sustainability. Both countries cooperate on development, climate and human rights though Sweden criticizes Nigerian rights record. Sweden accepts Nigerian asylum seekers creating migration dimension. The mission addresses human rights criticisms, coordinates development assistance, protects limited diaspora, promotes cooperation and maintains Nordic presence despite limited engagement.

**Core Mandate:** To represent Nigeria in Sweden and Nordics, coordinate development assistance, address human rights issues, protect diaspora and maintain Scandinavian presence.

**Statutory Functions:**
(a) Represent Federal Republic of Nigeria in Sweden with Nordic concurrent accreditation
(b) Coordinate Swedish development assistance to Nigeria through SIDA
(c) Protect limited Nigerian diaspora including asylum seekers and refugees
(d) Provide consular services to Nigerians across Nordic countries
(e) Address Swedish criticism of Nigerian human rights record
(f) Promote limited bilateral trade and investment
(g) Monitor Sweden's political and social developments
(h) Report to Federal Ministry of Foreign Affairs on Sweden, Nordics and development cooperation
(i) Facilitate educational cooperation with Swedish universities
(j) Issue emergency travel documents to Nigerians
(k) Study Sweden's welfare state model for social policy lessons
(l) Address Nigerian asylum seekers in Sweden
(m) Learn from Swedish gender equality policies
(n) Coordinate on climate change and environmental cooperation
(o) Engage Swedish companies on limited investment opportunities
(p) Liaise with Swedish government on human rights and development
(q) Coordinate with Nordic missions on regional matters
(r) Facilitate limited diplomatic visits
(s) Defend Nigeria against human rights criticisms while acknowledging challenges
(t) Advance Nigeria's interests in development assistance and Nordic engagement despite limited bilateral relations"
119009096,476. FOREIGN MISSION: TEHRAN,"Nigeria's Foreign Mission in Tehran, Iran, is a diplomatic mission representing Federal Republic of Nigeria in Islamic Republic of Iran. Located in Tehran, Iran's capital, operating under Federal Ministry of Foreign Affairs. The mission operates in complex environment given US sanctions on Iran and regional tensions. Limited Nigerian community mainly students studying in Iranian universities. Both countries are oil producers and Organization of Islamic Cooperation members. Iran has technical expertise in oil refining, petrochemicals and agriculture. Historical ties from anti-colonial solidarity. However, Iran's support for Shia Islam, regional proxy conflicts and nuclear program create international isolation. Some Nigerian students radicalized in Iran raising security concerns. US sanctions restrict bilateral cooperation. The mission coordinates Islamic cooperation, facilitates limited trade within sanctions, protects students, monitors Iranian activities and maintains presence despite Iran's international isolation.

**Core Mandate:** To represent Nigeria in Iran, coordinate Islamic cooperation despite sanctions, protect students, monitor Iranian activities and maintain presence in isolated but strategic state.

**Statutory Functions:**
(a) Represent Federal Republic of Nigeria maintaining diplomatic presence in sanctioned Iran
(b) Protect Nigerian students in Iranian universities and Islamic institutions
(c) Monitor potential radicalization of Nigerian students exposed to Iranian ideology
(d) Coordinate Nigeria-Iran cooperation in Organization of Islamic Cooperation
(e) Navigate US sanctions restricting bilateral trade and cooperation
(f) Monitor Iran's nuclear program and regional activities
(g) Report to Federal Ministry of Foreign Affairs on Iran and Middle East tensions
(h) Provide consular services to limited Nigerian community
(i) Facilitate limited oil sector cooperation within sanctions constraints
(j) Issue emergency travel documents to Nigerians
(k) Study Iranian petroleum refining technology despite sanctions limitations
(l) Address security concerns from Iranian ideological influence
(m) Monitor Iran's proxy activities in Middle East and Africa
(n) Maintain minimal bilateral cooperation given international isolation
(o) Navigate Iran's Shia ideology potentially conflicting with Nigerian Sunni majority
(p) Liaise cautiously with Iranian government under sanctions
(q) Coordinate with remaining diplomatic missions in Tehran
(r) Operate mission under sanctions and international pressure
(s) Monitor Iranian-US tensions affecting global oil markets
(t) Advance Nigeria's limited interests in Islamic cooperation while monitoring security concerns from Iranian activities"
119009097,477. FOREIGN MISSION: TEL AVIV,"Nigeria's Foreign Mission in Tel Aviv, Israel, is a diplomatic mission representing Federal Republic of Nigeria in State of Israel. Located in Tel Aviv (most embassies remain there despite Israel declaring Jerusalem capital), operating under Federal Ministry of Foreign Affairs. The mission manages sensitive Nigeria-Israel relationship balancing Israeli technology partnerships with solidarity with Palestinians. Nigeria recognizes Israel but maintains pro-Palestinian positions. Limited Nigerian community includes students and workers. Israel has advanced agricultural technology, water management, security expertise and tech sector relevant to Nigeria. Israeli companies invest in Nigerian agriculture and security. However, Nigeria's large Muslim population and African Union positions require careful balancing. Nigeria votes for Palestinian rights at UN while maintaining Israel ties. The mission promotes Israeli technology transfer especially agriculture, facilitates security cooperation, maintains cautious balance and protects limited diaspora while navigating Israeli-Palestinian conflict sensitivities.

**Core Mandate:** To represent Nigeria in Israel, facilitate technology transfer in agriculture/security, balance Palestinian solidarity with Israeli cooperation and maintain sensitive diplomatic relationship.

**Statutory Functions:**
(a) Represent Federal Republic of Nigeria maintaining cautious relationship with Israel
(b) Balance Israeli technology partnerships with Nigerian solidarity for Palestinian cause
(c) Protect limited Nigerian community including students and workers
(d) Provide consular services to Nigerians in Israel
(e) Facilitate Israeli agricultural technology transfer to Nigeria's farming sector
(f) Promote Israeli water management expertise for Nigerian application
(g) Coordinate security sector cooperation and counter-terrorism training
(h) Navigate Nigeria's large Muslim population sensitivity to Israeli relations
(i) Monitor Israeli-Palestinian conflict affecting Nigeria's Middle East policy
(j) Report to Federal Ministry of Foreign Affairs on Israel and regional tensions
(k) Promote Israeli technology and innovation partnerships
(l) Issue emergency travel documents to Nigerians
(m) Study Israeli agricultural innovations for Nigerian farming
(n) Balance Nigerian votes supporting Palestinians at UN with bilateral Israel cooperation
(o) Engage Israeli tech companies on cybersecurity and innovation
(p) Liaise carefully with Israeli government on bilateral cooperation
(q) Coordinate with African missions on shared positions regarding Palestine
(r) Facilitate limited high-level visits maintaining quiet cooperation
(s) Promote water technology and irrigation partnerships
(t) Advance Nigeria's interests in Israeli technology access while maintaining Palestinian solidarity and navigating Muslim-Christian sensitivities in Nigerian domestic politics"
119009099,478. FOREIGN MISSION: THE HAGUE,"Nigeria's Foreign Mission in The Hague, Netherlands, is a diplomatic mission representing Federal Republic of Nigeria in Netherlands. Located in The Hague, Dutch seat of government and international justice center, operating under Federal Ministry of Foreign Affairs. The mission holds special importance as The Hague hosts International Criminal Court, International Court of Justice and numerous international legal institutions. Growing Nigerian diaspora includes asylum seekers, students and professionals. Netherlands is major EU economy, port nation (Rotterdam) and development cooperation provider. Dutch companies invest in Nigerian oil services and agriculture. However, Netherlands receives substantial Nigerian asylum applications creating migration tensions. The Hague's international courts occasionally address cases involving Nigeria or Nigerian nationals. The mission coordinates with international courts, manages migration issues, promotes trade/investment, protects diaspora and engages international justice institutions while representing Nigerian interests in global legal capital.

**Core Mandate:** To represent Nigeria in Netherlands, coordinate with international courts in The Hague, manage migration, promote trade, protect diaspora and engage global justice institutions.

**Statutory Functions:**
(a) Represent Federal Republic of Nigeria in Netherlands with special focus on international courts
(b) Coordinate Nigeria's engagement with International Criminal Court in The Hague
(c) Engage International Court of Justice on matters affecting Nigerian interests
(d) Protect substantial Nigerian diaspora including asylum seekers
(e) Provide consular services to Nigerians across Netherlands
(f) Address Nigerian asylum applications and migration to Netherlands
(g) Monitor cases at international courts potentially involving Nigeria or Nigerians
(h) Promote Dutch investment in Nigerian oil services and agriculture
(i) Monitor Netherlands political and economic developments
(j) Report to Federal Ministry of Foreign Affairs on Netherlands, ICC and migration issues
(k) Facilitate trade through Rotterdam port for Nigerian cargo
(l) Issue emergency travel documents to Nigerians
(m) Coordinate Dutch development assistance to Nigeria
(n) Address trafficking in persons affecting Nigerian victims in Netherlands
(o) Defend Nigerian interests in international legal proceedings
(p) Study Dutch water management for Nigerian flood control
(q) Liaise with Dutch government on migration management and bilateral cooperation
(r) Coordinate with international courts and legal institutions
(s) Facilitate limited high-level visits
(t) Advance Nigeria's interests in international justice engagement, migration management and Dutch economic cooperation"
119009100,479. FOREIGN MISSION: TOKYO,"Nigeria's Foreign Mission in Tokyo, Japan, is a diplomatic mission representing Federal Republic of Nigeria in Japan. Located in Tokyo, Japan's capital and world's third-largest economy, operating under Federal Ministry of Foreign Affairs. The mission manages Nigeria's relationship with major Asian economic power and technology leader. Limited but growing Nigerian community includes students, professionals and traders. Japan provides significant development assistance through JICA and investment in Nigerian infrastructure. Japanese companies invest in automotive, manufacturing and infrastructure sectors. Both countries are G20 members. Japan's post-war economic miracle and technological advancement provide development lessons for Nigeria. However, bilateral engagement remains below potential despite Japan's economic power. The mission promotes Japanese investment, coordinates development assistance, facilitates technology transfer, protects diaspora and learns from Japanese development success while expanding strategic partnership with Asia's developed economy.

**Core Mandate:** To represent Nigeria in Japan, promote investment and development assistance, facilitate technology transfer, protect diaspora and learn from Japanese economic success.

**Statutory Functions:**
(a) Represent Federal Republic of Nigeria maintaining important relationship with Japan
(b) Promote Japanese investment in Nigerian infrastructure, automotive and manufacturing sectors
(c) Protect limited but growing Nigerian community in Japan
(d) Provide consular services to Nigerians including students
(e) Coordinate substantial Japanese development assistance through JICA to Nigeria
(f) Facilitate Japanese technology transfer to Nigerian economy
(g) Promote Toyota, Honda and other Japanese automotive companies' Nigerian operations
(h) Monitor Japan's political and economic developments
(i) Report to Federal Ministry of Foreign Affairs on Japan and Asian economic lessons
(j) Study Japan's post-war economic miracle for Nigerian development strategy
(k) Issue emergency travel documents to Nigerians
(l) Facilitate educational cooperation with Japanese universities and technical institutes
(m) Promote bilateral trade addressing massive trade imbalance favoring Japan
(n) Learn from Japanese manufacturing and quality control practices
(o) Coordinate on G20 matters and development cooperation
(p) Engage Japanese companies on manufacturing partnerships and technology transfer
(q) Liaise with Japanese government on investment and development assistance
(r) Coordinate with Asian missions on regional economic integration
(s) Facilitate high-level visits and business delegations
(t) Advance Nigeria's strategic interests in Japanese investment, JICA assistance, technology transfer and learning from Asia's developed economy success"
119009101,480. FOREIGN MISSION: TRIPOLI,"Nigeria's Foreign Mission in Tripoli, Libya, is a diplomatic mission representing Federal Republic of Nigeria in Libya (specifically recognized Tripoli-based government). Located in Tripoli, Libya's capital, operating under Federal Ministry of Foreign Affairs. The mission operates in extraordinarily dangerous environment given Libya's complete state collapse after 2011 NATO intervention ending Gaddafi dictatorship. Libya fractured into rival governments, militias and chaos. Thousands of Nigerian migrants trapped in Libya face slavery, torture, rape and murder by traffickers and militias. Horrific CNN footage (2017) showed Nigerian migrants sold as slaves in Libya. Nigerian irregular migrants transit Libya attempting Mediterranean crossing to Europe, many drowning. IOM facilitates voluntary returns. Mission coordinates emergency evacuations, addresses slavery and human rights abuses, facilitates repatriations and operates under extreme security constraints. Libya's oil wealth and Nigeria's historical ties under Gaddafi now overshadowed by humanitarian catastrophe.

**Core Mandate:** To represent Nigeria in collapsed Libya, evacuate migrants from slavery/abuse, coordinate repatriations, protect Nigerians from traffickers and operate in state failure environment.

**Statutory Functions:**
(a) Represent Federal Republic of Nigeria maintaining presence in collapsed Libyan state
(b) Coordinate emergency evacuations of Nigerian migrants facing slavery, torture and murder
(c) Address Nigerian migrant slavery revealed by CNN 2017 footage shocking world
(d) Protect thousands of Nigerian migrants trapped in Libyan detention centers and trafficker control
(e) Facilitate voluntary repatriation of Nigerian migrants through IOM cooperation
(f) Monitor Libya's complete state failure with rival governments and militia chaos
(g) Report to Federal Ministry of Foreign Affairs on humanitarian catastrophe affecting Nigerians
(h) Provide emergency consular services under extreme danger
(i) Coordinate with IOM and humanitarian organizations on migrant protection
(j) Address sexual violence, torture and human rights abuses against Nigerian migrants
(k) Issue emergency travel documents for repatriation
(l) Operate mission under severe security threats from militias and chaos
(m) Navigate Libya's rival governments (Tripoli vs Tobruk)
(n) Monitor Mediterranean crossings by Nigerian migrants, many drowning
(o) Facilitate rescue operations for Nigerian migrants in distress
(p) Coordinate with Nigerian embassy in Tunisia on evacuation logistics
(q) Liaise with internationally recognized Tripoli government amid state collapse
(r) Coordinate with European missions on migration crisis
(s) Document human rights abuses against Nigerians for accountability
(t) Advance Nigeria's urgent interests in migrant evacuation, ending slavery and protecting citizens from human rights catastrophe in failed Libyan state"
119009109,# NIGERIAN FEDERAL AGENCY MANDATES: AGENCIES 431-450 (FOREIGN MISSIONS),"**MDA Code:** 119009109

Nigeria's Foreign Mission in Juba, South Sudan, is a diplomatic mission representing Federal Republic of Nigeria in world's newest country (independent July 2011). Located in Juba, South Sudan's capital on White Nile, operating under Federal Ministry of Foreign Affairs. The mission operates in one of world's most challenging environments characterized by active civil war, humanitarian catastrophe, state failure and extreme poverty despite vast oil reserves. South Sudan's independence from Sudan followed decades of civil war in which Nigeria supported mediation efforts. Nigeria has provided significant peacekeeping troops to UN Mission in South Sudan (UNMISS) making the mission critical for coordinating peacekeeping operations. South Sudan descended into brutal civil war in 2013 between President Kiir and Vice President Machar factions, killing hundreds of thousands and displacing millions. Oil-rich but devastated by conflict, South Sudan faces famine, displacement and complete state collapse. Limited Nigerian community consists primarily of peacekeepers and few humanitarian workers. The mission operates under extraordinary security constraints requiring UN protection.

**Core Mandate:** To represent Nigeria's interests in South Sudan, coordinate peacekeeping operations, monitor humanitarian catastrophe, support state-building efforts and protect Nigerian citizens in world's newest and most fragile state.

**Statutory Functions:**
(a) Represent Federal Republic of Nigeria in Republic of South Sudan
(b) Coordinate Nigeria's significant peacekeeping troop contributions to UN Mission in South Sudan (UNMISS)
(c) Protect Nigerian peacekeepers deployed in dangerous conflict zones across South Sudan
(d) Monitor South Sudan's brutal civil war dynamics and conflict developments
(e) Report to Federal Ministry of Foreign Affairs on humanitarian catastrophe and state failure
(f) Support international efforts toward South Sudan peace, reconciliation and state-building
(g) Provide limited consular services to Nigerian peacekeepers and humanitarian workers
(h) Monitor South Sudan's oil sector operations despite conflict disruptions
(i) Coordinate with UNMISS Force Headquarters on Nigerian troops' deployment, welfare and security
(j) Address casualties, injuries and deaths of Nigerian peacekeepers in combat
(k) Monitor regional security implications of South Sudan conflict for East Africa and Sudan
(l) Facilitate humanitarian assistance delivery to conflict-affected populations
(m) Issue emergency travel documents when needed under conflict conditions
(n) Monitor human rights violations and protection of civilians mandate
(o) Operate mission under extreme security constraints requiring UN compound protection
(p) Liaise with South Sudan government factions amid political chaos and violence
(q) Coordinate with UN agencies, humanitarian organizations and diplomatic missions in Juba
(r) Support peace process negotiations and ceasefire monitoring
(s) Monitor refugee and IDP crisis affecting millions of South Sudanese
(t) Advance Nigeria's peacekeeping mission, continental stability responsibilities and support for world's newest state"
119009050,432. FOREIGN MISSION: KAMPALA,"Nigeria's Foreign Mission in Kampala, Uganda, is a diplomatic mission representing Federal Republic of Nigeria in Republic of Uganda. Located in Kampala, Uganda's capital on Lake Victoria shores, operating under Federal Ministry of Foreign Affairs. The mission manages historically complex Nigeria-Uganda relations. Uganda under Idi Amin supported Biafran secession during Nigeria's civil war creating lasting tension, though relations have improved significantly since. Uganda is East African Community's political center and regional military power under President Museveni's long rule since 1986. Growing Nigerian diaspora includes traders dominating commercial sectors and students in Ugandan universities. Uganda has discovered significant oil reserves prompting Nigerian interest in petroleum sector cooperation. Kampala serves as base for engaging broader East African Community market. Uganda's military interventions in South Sudan, Somalia (AMISOM) and DRC demonstrate regional security role. The mission promotes trade, manages historical tensions, coordinates EAC engagement and protects expanding Nigerian community.

**Core Mandate:** To represent Nigeria's interests in Uganda, manage historical tensions, promote bilateral trade, facilitate East African market access, protect diaspora and coordinate regional cooperation.

**Statutory Functions:**
(a) Represent Federal Republic of Nigeria maintaining diplomatic relations with Uganda
(b) Manage historical tensions from Uganda's support for Biafran secession during Nigeria's civil war
(c) Protect growing Nigerian diaspora including traders dominating Kampala's commercial districts
(d) Provide consular services to substantial Nigerian community and students
(e) Promote bilateral trade addressing Nigerian traders' dominance of Ugandan markets
(f) Facilitate Nigerian access to East African Community market through Uganda
(g) Coordinate oil sector cooperation following Uganda's petroleum discoveries
(h) Implement Nigeria's East African engagement strategy
(h) Monitor Uganda's political developments under Museveni's long authoritarian rule
(j) Report to Federal Ministry of Foreign Affairs on Uganda and East African Community
(k) Coordinate regional security cooperation on terrorism and cross-border threats
(l) Facilitate educational cooperation with Ugandan universities hosting Nigerian students
(m) Provide assistance to Nigerian traders facing business challenges
(n) Issue emergency travel documents to Nigerians
(o) Monitor Uganda's regional military interventions in South Sudan, Somalia and DRC
(p) Promote Nigeria-Uganda cooperation in African Union and regional forums
(q) Liaise with Uganda government on commercial, political and bilateral issues
(r) Coordinate with East African Community organizations and IGAD on regional integration
(s) Facilitate high-level diplomatic visits rebuilding relationship from civil war tensions
(t) Advance Nigeria's interests in East African market access, ECOWAS-EAC cooperation and regional stability"
119009051,433. FOREIGN MISSION: KHARTOUM,"Nigeria's Foreign Mission in Khartoum, Sudan, is a diplomatic mission representing Federal Republic of Nigeria in Republic of Sudan (North Sudan post-2011 South Sudan independence). Located in Khartoum at confluence of Blue and White Nile rivers, operating under Federal Ministry of Foreign Affairs. The mission manages historically complex and occasionally hostile Nigeria-Sudan relations. Sudan under Omar al-Bashir regime (1989-2019) allegedly supported Boko Haram terrorism in Nigeria creating serious bilateral tensions. Bashir faced ICC indictment for Darfur genocide. Despite tensions, thousands of Nigerian students study in Sudanese universities particularly Al-Azhar University for Islamic education attracted by Arabic language and Islamic scholarship. Sudan's 2019 revolution ousted Bashir but 2021 military coup returned army control. Both countries are Organization of Islamic Cooperation members and oil producers. The mission protects large student population, navigates complex security relations, monitors Sudan's chronic instability and coordinates Islamic cooperation while addressing past Sudanese support for terrorism.

**Core Mandate:** To represent Nigeria's interests in Sudan, protect large student population, navigate complex security relations including past terrorism support, monitor instability and coordinate Islamic cooperation.

**Statutory Functions:**
(a) Represent Federal Republic of Nigeria maintaining cautious relations with Sudan
(b) Protect thousands of Nigerian students studying in Sudanese universities and Islamic institutions
(c) Address historical tensions from alleged Sudanese support for Boko Haram terrorism
(d) Monitor Sudan's chronic political instability including 2019 revolution and 2021 military coup
(e) Report to Federal Ministry of Foreign Affairs on Sudan developments and security threats
(f) Coordinate Nigeria-Sudan cooperation in Organization of Islamic Cooperation despite bilateral tensions
(g) Provide extensive consular services to large Nigerian student population
(h) Facilitate Nigerian students' education particularly Islamic studies at Al-Azhar University
(i) Monitor Darfur crisis and humanitarian situation in western Sudan
(j) Address past allegations of Sudan harboring terrorists and weapons flow to Boko Haram
(k) Coordinate on counter-terrorism cooperation and intelligence sharing
(l) Provide assistance to Nigerian students facing financial, academic or security difficulties
(m) Issue emergency travel documents to Nigerians
(n) Monitor Nile basin water politics affecting downstream countries
(o) Navigate Sudan's isolation following Bashir ICC indictment and sanctions
(p) Liaise with Sudan military government on bilateral issues and student welfare
(q) Coordinate with international organizations and remaining diplomatic missions in Khartoum
(r) Facilitate limited trade despite political tensions and economic sanctions
(s) Monitor humanitarian crisis, refugee flows and regional security implications
(t) Advance Nigeria's interests in Islamic cooperation, student protection and regional security while addressing past terrorism support"
119009052,434. FOREIGN MISSION: KIEV (KYIV),"Nigeria's Foreign Mission in Kiev (Kyiv), Ukraine, is a diplomatic mission representing Federal Republic of Nigeria in Ukraine. Located in Kyiv, Ukraine's capital, operating under Federal Ministry of Foreign Affairs. The mission faced extraordinary challenges following Russia's full-scale invasion of Ukraine in February 2022. Significant Nigerian student population studying in Ukrainian universities, particularly medical schools attracted by affordable quality education, became trapped in war zone. The mission coordinated emergency evacuation of Nigerian students amid Russian bombardment, requiring unprecedented crisis response. Many Nigerian students faced racism at border crossings while fleeing to Poland and other neighbors. Ukraine pre-war was emerging Eastern European democracy and EU association candidate. Mission previously focused on educational cooperation and potential agricultural partnerships. Post-invasion, mission operates under extreme wartime conditions requiring coordination with Nigerian embassy in Poland and neighboring countries for continued student support and evacuation operations.

**Core Mandate:** To represent Nigeria's interests in Ukraine, protect Nigerian students in active war zone, coordinate emergency evacuations, manage war crisis and maintain diplomatic presence during Russian invasion.

**Statutory Functions:**
(a) Represent Federal Republic of Nigeria maintaining diplomatic presence during Russian invasion of Ukraine
(b) Protect Nigerian students trapped in active war zone across Ukrainian cities
(c) Coordinate emergency evacuation of Nigerian nationals from combat zones to safe countries
(d) Provide emergency consular services under wartime conditions and bombardment
(e) Facilitate Nigerian students' evacuation to Poland, Romania, Hungary and Moldova
(f) Address racism and discrimination faced by Nigerian students at Ukrainian border crossings
(g) Monitor war developments affecting Nigerian citizens' safety and evacuation routes
(h) Report to Federal Ministry of Foreign Affairs on war situation and student welfare
(i) Coordinate with neighboring missions on evacuation logistics and student reception
(j) Issue emergency travel documents to Nigerian students who lost documentation fleeing war
(k) Facilitate communication between students in Ukraine and families in Nigeria
(l) Provide financial assistance and humanitarian support to stranded students
(m) Operate mission under extreme security constraints during Russian attacks on Kyiv
(n) Coordinate with Ukrainian government on evacuation corridors and safe passage
(o) Liaise with international organizations, humanitarian agencies and evacuation coordinators
(p) Address casualties, injuries and deaths of Nigerian students from Russian bombardment
(q) Facilitate repatriation of Nigerian students to Nigeria via land routes and refugee processing
(r) Monitor educational continuity for Nigerian students whose studies were disrupted
(s) Support Nigerian students relocated to other European countries for study continuation
(t) Advance Nigeria's interests in protecting citizens in conflict zones and managing unprecedented war-time evacuation crisis"
119009053,435. FOREIGN MISSION: KIGALI,"Nigeria's Foreign Mission in Kigali, Rwanda, is a diplomatic mission representing Federal Republic of Nigeria in Republic of Rwanda. Located in Kigali, Rwanda's capital and cleanest African city, operating under Federal Ministry of Foreign Affairs. The mission engages Rwanda's remarkable post-genocide transformation under President Paul Kagame's authoritarian but developmental leadership. Rwanda's 1994 genocide against Tutsi killed 800,000 people in 100 days making it world's most intensive killing. Under Kagame since 2000, Rwanda achieved rapid economic growth, technological advancement, governance improvements and security despite authoritarian politics and human rights concerns. Nigeria and Rwanda have growing partnership with Lagos-Kigali direct flights launched. Rwanda positions itself as East African tech hub with innovation ambitions. Limited Nigerian community includes businesspeople and students. Both countries contribute to AU peacekeeping. Rwanda's controversial deal with UK to accept asylum seekers affects migration discussions. The mission promotes bilateral cooperation, learns from Rwanda's development model while noting governance concerns, and coordinates African Union partnership.

**Core Mandate:** To represent Nigeria's interests in Rwanda, promote bilateral cooperation, learn from Rwanda's development model, coordinate AU peacekeeping partnership and facilitate East African engagement.

**Statutory Functions:**
(a) Represent Federal Republic of Nigeria maintaining increasingly warm relations with Rwanda
(b) Learn from Rwanda's remarkable post-genocide recovery and economic transformation
(c) Study Rwanda's technology sector development as African innovation hub model
(d) Protect limited Nigerian community including business people and students
(e) Provide consular services to Nigerians in Rwanda
(f) Promote bilateral trade and investment leveraging Lagos-Kigali direct flights
(g) Facilitate Nigerian business expansion into Rwanda and East African Community
(h) Coordinate Nigeria-Rwanda cooperation in African Union peacekeeping operations
(i) Monitor Rwanda's authoritarian governance model balancing development with rights concerns
(j) Report to Federal Ministry of Foreign Affairs on Rwanda development lessons for Nigeria
(k) Engage Rwanda's ambitious Vision 2050 development strategy
(l) Facilitate technology sector partnerships in fintech, innovation and digital services
(m) Issue emergency travel documents to Nigerians
(n) Study Rwanda's governance reforms including anti-corruption measures for Nigerian context
(o) Monitor Rwanda's controversial UK asylum deal and migration implications
(p) Assess Rwanda's regional security role and military interventions in DRC and CAR
(q) Liaise with Rwanda government on bilateral cooperation and investment opportunities
(r) Coordinate with East African Community and African Union in Kigali
(s) Facilitate high-level visits between Nigerian and Rwandan leadership
(t) Advance Nigeria's interests in learning from African development success stories, AU cooperation and East African market access"
119009054,436. FOREIGN MISSION: KINGSTON,"Nigeria's Foreign Mission in Kingston, Jamaica, is a diplomatic mission representing Federal Republic of Nigeria in Jamaica with concurrent accreditation to several Caribbean nations. Located in Kingston, Jamaica's capital and Caribbean cultural center, operating under Federal Ministry of Foreign Affairs. The mission manages Nigeria's Caribbean engagement where historical connections through transatlantic slave trade created African diaspora populations. Jamaica's cultural influence through reggae music, Rastafarianism and Bob Marley connects to African heritage. Some Jamaicans trace ancestry to Nigeria particularly Yoruba influences. However, practical bilateral engagement remains limited despite cultural affinity. Small Nigerian community in Jamaica includes students, traders and professionals. Both countries are Commonwealth members. Jamaica faces economic challenges but has tourism expertise. Nigeria seeks to deepen Caribbean Community (CARICOM) relations. The mission promotes cultural ties, maintains Commonwealth connections and coordinates limited trade despite geographic distance limiting substantial bilateral engagement.

**Core Mandate:** To represent Nigeria's interests in Jamaica and Caribbean, promote cultural and historical ties, coordinate CARICOM engagement, maintain Commonwealth relations and serve limited diaspora.

**Statutory Functions:**
(a) Represent Federal Republic of Nigeria in Jamaica with concurrent accreditation to Caribbean nations
(b) Promote Nigeria-Caribbean cultural and historical connections through African diaspora heritage
(c) Leverage Jamaica's African cultural influences including reggae and Rastafarianism
(d) Protect limited Nigerian community including students and business people in Jamaica
(e) Provide consular services to Nigerians across Jamaica and concurrent accreditation countries
(f) Coordinate Nigeria's engagement with Caribbean Community (CARICOM) regional organization
(g) Promote bilateral trade from current minimal levels despite geographic distance
(h) Facilitate educational cooperation and student exchanges with West Indies universities
(i) Monitor Jamaica's political and economic developments
(j) Report to Federal Ministry of Foreign Affairs on Caribbean and CARICOM matters
(k) Coordinate Commonwealth relations through Jamaica as prominent Commonwealth member
(l) Facilitate Nigerian participation in Caribbean cultural festivals and diaspora events
(m) Issue emergency travel documents to Nigerians in Jamaica and region
(n) Learn from Jamaica's tourism development for Nigerian tourism sector
(o) Address limited migration issues and protect Nigerian citizens' rights
(p) Promote Jamaica-Nigeria trade opportunities in agriculture and cultural products
(q) Liaise with Jamaica government on bilateral cooperation
(r) Coordinate with CARICOM secretariat and Caribbean diplomatic missions
(s) Facilitate limited high-level diplomatic exchanges when opportunities arise
(t) Advance Nigeria's interests in Caribbean-Africa cooperation, cultural diplomacy and Commonwealth engagement"
119009055,437. FOREIGN MISSION: KINSHASA,"Nigeria's Foreign Mission in Kinshasa, Democratic Republic of Congo, is a diplomatic mission representing Federal Republic of Nigeria in DRC, Africa's second-largest and most resource-rich country plagued by chronic conflict. Located in Kinshasa on Congo River across from Brazzaville, operating under Federal Ministry of Foreign Affairs. DRC possesses vast mineral wealth (cobalt, copper, gold, diamonds, coltan) but remains desperately poor amid decades of war killing millions. Nigeria provides significant peacekeeping troops to UN mission MONUSCO since 1999 making mission critical for coordination. DRC's eastern regions face persistent conflict from dozens of armed groups including M23 rebels allegedly backed by Rwanda. Nigerian traders operate in DRC despite severe insecurity and poor governance. French-speaking DRC in Central Africa presents linguistic challenges. Mobutu dictatorship (1965-1997) followed by Congolese wars and Kabila dynasty created state failure. The mission coordinates peacekeeping, protects Nigerians despite insecurity and monitors conflict threatening regional stability.

**Core Mandate:** To represent Nigeria's interests in DRC, coordinate peacekeeping operations, protect Nigerians in insecure environment, monitor conflicts and facilitate trade despite chronic instability.

**Statutory Functions:**
(a) Represent Federal Republic of Nigeria in Democratic Republic of Congo
(b) Coordinate Nigeria's substantial peacekeeping troop contributions to UN mission MONUSCO
(c) Protect Nigerian peacekeepers deployed across dangerous DRC eastern conflict zones
(d) Monitor DRC's multiple armed conflicts, rebel groups and humanitarian catastrophe
(e) Report to Federal Ministry of Foreign Affairs on DRC instability and Great Lakes security
(f) Protect Nigerian traders operating despite severe insecurity and governance failure
(g) Provide consular services to Nigerians amid DRC's vast size and infrastructure collapse
(h) Coordinate with MONUSCO Force Headquarters on Nigerian troops' operations and welfare
(i) Monitor DRC's massive mineral sector including cobalt, copper and conflict minerals
(j) Address casualties and deaths of Nigerian peacekeepers in DRC combat operations
(k) Monitor Great Lakes regional conflicts including Rwanda-DRC tensions over M23 rebels
(l) Navigate French language barrier in conducting diplomatic and commercial business
(m) Issue emergency travel documents under difficult operational conditions
(n) Monitor mineral smuggling networks and illegal exploitation benefiting armed groups
(o) Facilitate humanitarian assistance delivery to conflict-affected Congolese populations
(p) Operate mission under challenging security environment across massive country
(q) Liaise with weak DRC government on peacekeeping, security and bilateral issues
(r) Coordinate with UN agencies, humanitarian organizations and diplomatic missions
(s) Monitor Ebola outbreaks and public health crises in eastern DRC
(t) Advance Nigeria's peacekeeping mission, regional stability interests and protection of citizens in one of Africa's most challenging environments"
119009056,438. FOREIGN MISSION: KUALA LUMPUR,"Nigeria's Foreign Mission in Kuala Lumpur, Malaysia, is a diplomatic mission representing Federal Republic of Nigeria in Malaysia. Located in Kuala Lumpur, Malaysia's federal capital and Southeast Asian business center, operating under Federal Ministry of Foreign Affairs. The mission manages Nigeria's relationship with predominantly Muslim Southeast Asian newly industrialized country. Growing numbers of Nigerian students study in Malaysian universities attracted by scholarships, Islamic environment and affordable quality education. Both countries are Organization of Islamic Cooperation members and palm oil producers creating cooperation opportunities but also competition. Malaysia transformed from developing to middle-income country through successful industrialization, ethnic management (Malay-Chinese-Indian) and economic policies interesting to Nigeria. Malaysian companies invest in Nigerian telecommunications and infrastructure. Some Nigerian traders operate in Malaysia. Both countries cooperate in ASEAN-Nigeria dialogue and South-South development. The mission promotes Islamic cooperation, manages palm oil competition, protects students and facilitates learning from Malaysia's development success.

**Core Mandate:** To represent Nigeria's interests in Malaysia, protect students, coordinate Islamic cooperation, address palm oil competition, learn from Malaysian development and facilitate ASEAN engagement.

**Statutory Functions:**
(a) Represent Federal Republic of Nigeria maintaining friendly relations with Malaysia
(b) Protect growing Nigerian student population in Malaysian universities and Islamic institutions
(c) Coordinate Nigeria-Malaysia cooperation in Organization of Islamic Cooperation forums
(d) Address palm oil production and trade competition between two major producers
(e) Learn from Malaysia's successful industrialization and transformation to middle-income status
(f) Promote Malaysian investment in Nigerian telecommunications, infrastructure and manufacturing
(g) Facilitate Nigerian access to ASEAN markets through Malaysia
(h) Implement Nigeria's Southeast Asian and Islamic world engagement strategy
(i) Monitor Malaysian political and economic developments under diverse ethnic governance
(j) Report to Federal Ministry of Foreign Affairs on Malaysia and lessons for Nigerian development
(k) Study Malaysia's ethnic management balancing Malay, Chinese and Indian communities
(l) Provide consular services and welfare support to Nigerian students
(m) Issue emergency travel documents to Nigerians
(n) Promote Islamic banking and finance cooperation leveraging Malaysia's Islamic finance expertise
(o) Facilitate educational partnerships with Malaysian universities offering scholarships
(p) Address trade imbalance and promote Nigerian exports to Malaysia
(q) Liaise with Malaysian government on bilateral cooperation and student welfare
(r) Coordinate with OIC secretariat and ASEAN missions on multilateral engagement
(s) Facilitate high-level visits and business delegations between both countries
(t) Advance Nigeria's interests in Islamic cooperation, learning from successful development models and ASEAN market access"
119009057,439. FOREIGN MISSION: KUWAIT,"Nigeria's Foreign Mission in Kuwait, State of Kuwait, is a diplomatic mission representing Federal Republic of Nigeria in wealthy Gulf oil state. Located in Kuwait City, Kuwait's capital rebuilt after 1990 Iraqi invasion, operating under Federal Ministry of Foreign Affairs. The mission manages Nigeria's relationship with small but extremely wealthy OPEC member sitting on massive oil reserves. Kuwait Investment Authority is one of world's largest sovereign wealth funds with over $700 billion assets potentially investing in Nigeria. Small Nigerian community includes workers, students and professionals. Both countries cooperate in OPEC on oil production policies and pricing. Kuwait provides Islamic humanitarian assistance to Nigeria through Kuwaiti charities. Some Nigerian Muslims perform Hajj through Kuwaiti connections. Kuwait's experience with Iraqi invasion and reconstruction offers lessons. The mission coordinates OPEC cooperation, attracts Kuwaiti investment from sovereign wealth fund, facilitates Islamic cooperation and protects limited Nigerian diaspora in Gulf context.

**Core Mandate:** To represent Nigeria's interests in Kuwait, coordinate OPEC cooperation, attract Kuwaiti sovereign wealth fund investment, facilitate Islamic cooperation and protect Nigerian citizens.

**Statutory Functions:**
(a) Represent Federal Republic of Nigeria maintaining diplomatic relations with Kuwait
(b) Coordinate Nigeria-Kuwait cooperation in OPEC on oil production, pricing and policies
(c) Attract Kuwait Investment Authority sovereign wealth fund investments to Nigerian economy
(d) Protect rights and interests of limited Nigerian community including workers
(e) Provide consular services to Nigerians working, studying or visiting Kuwait
(f) Facilitate Islamic humanitarian assistance from Kuwaiti charities to Nigeria
(g) Coordinate Nigeria-Kuwait cooperation in Organization of Islamic Cooperation
(h) Promote oil sector technical cooperation and technology transfer
(i) Monitor Kuwait political developments and Gulf regional dynamics
(j) Report to Federal Ministry of Foreign Affairs on Kuwait, Gulf affairs and sovereign wealth investments
(k) Facilitate Nigerian participation in Kuwait-hosted Islamic conferences and events
(l) Learn from Kuwait's petroleum wealth management and sovereign fund operations
(m) Issue emergency travel documents to Nigerians in Kuwait
(n) Promote Kuwaiti investment in Nigerian infrastructure, oil services and development projects
(o) Address labor rights issues affecting Nigerian workers in Kuwait
(p) Study Kuwait's post-invasion reconstruction experience for conflict resolution insights
(q) Liaise with Kuwait government on bilateral investment and cooperation opportunities
(r) Coordinate with Gulf Cooperation Council countries' missions on regional issues
(s) Facilitate high-level visits between Nigerian leadership and Kuwaiti royal family
(t) Advance Nigeria's interests in OPEC coordination, Gulf investment attraction and Islamic development cooperation"
119009058,440. FOREIGN MISSION: LIBREVILLE,"Nigeria's Foreign Mission in Libreville, Gabon, is a diplomatic mission representing Federal Republic of Nigeria in Gabonese Republic. Located in Libreville, Gabon's capital and Atlantic coast city, operating under Federal Ministry of Foreign Affairs. The mission manages Nigeria's relationship with fellow oil-producing Central African state. Gabon's small population (2.3 million) but significant oil wealth creates high per capita income despite inequality. Nigerian traders operate in Gabonese markets contributing to commerce. Both countries are Gulf of Guinea partners cooperating on maritime security against piracy and oil theft. Gabon is OPEC member and ECCAS (Economic Community of Central African States) providing regional integration opportunities. Bongo family's dynastic rule since 1967 (Omar Bongo 1967-2009, Ali Bongo since 2009 until 2023 military coup) created stability but limited democracy. French-speaking Gabon requires navigation of francophone Central Africa context. The mission promotes bilateral trade, coordinates Gulf of Guinea security, facilitates oil sector cooperation and protects Nigerian commercial interests.

**Core Mandate:** To represent Nigeria's interests in Gabon, promote bilateral trade, coordinate Gulf of Guinea maritime security, facilitate oil sector cooperation and protect Nigerian traders.

**Statutory Functions:**
(a) Represent Federal Republic of Nigeria maintaining diplomatic relations with Gabon
(b) Protect Nigerian traders operating in Gabonese commercial markets
(c) Coordinate Gulf of Guinea maritime security cooperation against piracy and oil theft
(d) Promote oil producers cooperation between fellow petroleum exporters
(e) Facilitate bilateral trade leveraging geographic proximity and economic complementarity
(f) Monitor Gabon's political developments including 2023 military coup ending Bongo dynasty
(g) Report to Federal Ministry of Foreign Affairs on Gabon and Central African developments
(h) Provide consular services to Nigerian diaspora in Gabon
(i) Navigate French language requirements in diplomatic and commercial engagements
(j) Issue emergency travel documents to Nigerians
(k) Coordinate Nigeria-Gabon cooperation in Gulf of Guinea Commission on maritime issues
(l) Promote OPEC coordination on oil production and market policies
(m) Facilitate Nigerian investment in Gabonese economy and vice versa
(n) Monitor Gabon's oil sector operations and production levels
(o) Address commercial disputes involving Nigerian traders in Gabon
(p) Liaise with Gabonese government on bilateral and maritime security issues
(q) Coordinate with ECCAS and Gulf of Guinea Commission organizations
(r) Facilitate limited high-level diplomatic exchanges between oil-producing neighbors
(s) Promote regional integration through ECCAS linking Central and West Africa
(t) Advance Nigeria's interests in Gulf of Guinea security, oil cooperation and West-Central Africa economic integration"
119009111,"441. FOREIGN MISSION: LILONGWE, MALAWI","Nigeria's Foreign Mission in Lilongwe, Malawi, is a diplomatic mission representing Federal Republic of Nigeria in Republic of Malawi. Located in Lilongwe, Malawi's capital since 1975 (replacing Zomba), operating under Federal Ministry of Foreign Affairs. The mission manages Nigeria's relationship with small landlocked Southern African country. Malawi is one of world's least developed countries despite stable democracy and peaceful governance. Limited Nigerian community includes students, business people and professionals. Malawi's economy depends heavily on agriculture particularly tobacco production and Lake Malawi fishing. Both countries cooperate in African Union and SADC-ECOWAS partnerships. Malawi under Presidents Mutharika and Chakwera maintains democratic traditions unlike many neighbors. Lake Malawi (Lake Nyasa) is African Great Lake providing fishing, tourism and hydropower. The mission promotes bilateral trade from minimal current levels, coordinates SADC-ECOWAS regional integration, protects limited diaspora and maintains diplomatic presence in peaceful Southern African democracy.

**Core Mandate:** To represent Nigeria's interests in Malawi, protect limited diaspora, promote bilateral trade, coordinate SADC engagement and maintain presence in stable Southern African democracy.

**Statutory Functions:**
(a) Represent Federal Republic of Nigeria maintaining diplomatic relations with Malawi
(b) Protect limited Nigerian community including students and business people
(c) Promote bilateral trade and investment from current minimal levels
(d) Coordinate SADC-ECOWAS cooperation on regional integration between West and Southern Africa
(e) Provide consular services to small Nigerian diaspora in Malawi
(f) Facilitate educational cooperation with Malawian universities
(g) Monitor Malawi's political and economic developments
(h) Report to Federal Ministry of Foreign Affairs on Malawi and Southern African issues
(i) Learn from Malawi's democratic stability despite extreme poverty
(j) Issue emergency travel documents to Nigerians
(k) Promote agricultural cooperation leveraging Malawi's farming expertise
(l) Study Malawi's tobacco sector for Nigerian agricultural diversification lessons
(m) Facilitate Nigerian access to Southern African markets through Malawi
(n) Assess Lake Malawi fisheries and water management for Nigerian application
(o) Liaise with Malawi government on bilateral cooperation opportunities
(p) Coordinate with SADC organizations on regional integration matters
(q) Facilitate limited high-level diplomatic visits when opportunities arise
(r) Promote South-South cooperation between African developing countries
(s) Address minimal commercial disputes given limited bilateral engagement
(t) Advance Nigeria's interests in Southern African regional presence, SADC-ECOWAS cooperation and maintaining diplomatic coverage across continent"
119009059,442. FOREIGN MISSION: LISBON,"Nigeria's Foreign Mission in Lisbon, Portugal, is a diplomatic mission representing Federal Republic of Nigeria in Portuguese Republic. Located in Lisbon, Portugal's capital and Atlantic port city, operating under Federal Ministry of Foreign Affairs. The mission manages Nigeria's relationship with former colonial power whose empire included lusophone (Portuguese-speaking) African countries Angola, Mozambique, Guinea-Bissau, São Tomé and Príncipe and Cape Verde. Portugal serves as gateway for Nigeria's engagement with lusophone Africa sharing colonial history, language and cultural ties. Growing Nigerian diaspora in Portugal includes students attracted by EU education, professionals and irregular migrants using Portugal as EU entry point. Portugal faced debt crisis but remains EU member with moderate economy. Portuguese companies invest in Nigeria while historical ties create cooperation opportunities. The mission protects diaspora rights, manages migration issues, facilitates engagement with lusophone Africa through Portugal's connections, coordinates EU relations and promotes bilateral trade despite Portugal's smaller economic size compared to major EU powers.

**Core Mandate:** To represent Nigeria's interests in Portugal, leverage lusophone Africa gateway, protect diaspora, manage migration, coordinate EU engagement and promote bilateral cooperation.

**Statutory Functions:**
(a) Represent Federal Republic of Nigeria maintaining diplomatic relations with Portugal
(b) Leverage Portugal as gateway for Nigeria's engagement with lusophone African countries
(c) Protect growing Nigerian diaspora including students, professionals and migrants
(d) Provide consular services to substantial Nigerian community in Portugal
(e) Manage irregular migration issues with Nigerian asylum seekers using Portugal as EU entry
(f) Coordinate Nigeria's engagement with EU institutions through Portuguese EU membership
(g) Facilitate educational cooperation with Portuguese universities attracting Nigerian students
(h) Promote Portuguese investment in Nigeria and bilateral trade expansion
(i) Monitor Portugal's political and economic developments post-debt crisis
(j) Report to Federal Ministry of Foreign Affairs on Portugal, EU and lusophone Africa matters
(k) Learn from Portugal's historical relationships with Angola, Mozambique and lusophone Africa
(l) Issue emergency travel documents to Nigerians
(m) Address trafficking in persons cases involving Nigerian victims transiting Portugal
(n) Navigate Portugal's connections with lusophone African countries for Nigerian diplomacy
(o) Facilitate Portuguese language training for Nigerian diplomats and officials
(p) Liaise with Portuguese government on migration management and bilateral cooperation
(q) Coordinate with Community of Portuguese Language Countries (CPLP) organizations
(r) Facilitate diplomatic visits and business delegations between both countries
(s) Promote cultural exchanges leveraging historical connections with Africa
(t) Advance Nigeria's interests in EU engagement, lusophone Africa gateway role and managing migration while promoting legitimate cooperation"
119009060,443. FOREIGN MISSION: LOMÉ,"Nigeria's Foreign Mission in Lomé, Togo, is one of Nigeria's most important diplomatic missions managing relationship with immediate eastern neighbor. Located in Lomé, Togo's capital and Atlantic port city, operating under Federal Ministry of Foreign Affairs. Nigeria and Togo share 1,645 km border with intense economic interdependence and complex relationship. Togo's economy depends heavily on transit trade to Nigeria with Port of Lomé serving as major conduit for Nigerian-bound cargo. Massive informal cross-border trade occurs including petroleum products smuggled from Nigeria and manufactured goods smuggled into Nigeria to avoid customs duties. Nigerian traders dominate Togolese markets creating economic dependence but also tensions. Nigeria periodically closes borders with Togo to combat smuggling, severely affecting Togo's economy demonstrating Nigerian leverage. Large Nigerian diaspora in Togo includes traders, students and residents. French-speaking Togo under Gnassingbé family rule (Gnassingbé Eyadéma 1967-2005, Faure Gnassingbé since 2005) maintains stability. The mission has critical importance given economic interdependence, border management challenges and need to coordinate on smuggling, customs cooperation and regional integration.

**Core Mandate:** To represent Nigeria's interests in Togo, manage critical border relations, combat smuggling, coordinate customs cooperation, protect large diaspora and advance regional integration.

**Statutory Functions:**
(a) Represent Federal Republic of Nigeria maintaining crucial relationship with immediate eastern neighbor Togo
(b) Manage extensive border relations across 1,645 km shared frontier
(c) Combat massive smuggling operations of petroleum products from Nigeria into Togo
(d) Coordinate Nigeria-Togo customs cooperation and border security measures
(e) Protect large Nigerian trading community dominating Togolese commercial sectors
(f) Provide extensive consular services to substantial Nigerian diaspora in Lomé and across Togo
(g) Negotiate during periodic Nigerian border closures severely impacting Togo's transit-dependent economy
(h) Monitor Port of Lomé operations handling significant Nigerian-bound cargo volumes
(i) Report to Federal Ministry of Foreign Affairs on border issues, smuggling and Togo developments
(j) Address smuggling of manufactured goods into Nigeria through Togo avoiding customs duties
(k) Promote legitimate bilateral trade beyond pervasive informal smuggling economy
(l) Navigate French language requirements in diplomatic and commercial engagements
(m) Issue emergency travel documents to Nigerians
(n) Coordinate on regional security including cross-border crime and terrorism threats
(o) Facilitate Nigerian students' education in Togolese institutions
(p) Monitor Togo's political developments under Gnassingbé family's dynastic rule
(q) Liaise closely with Togolese government on sensitive border and economic dependency issues
(r) Coordinate through ECOWAS on West African regional integration and customs harmonization
(s) Facilitate high-level visits addressing bilateral challenges and economic interdependence
(t) Advance Nigeria's interests in border security, combating smuggling, customs revenue protection and ECOWAS regional integration"
119009061,444. FOREIGN MISSION: LONDON,"Nigeria's Foreign Mission in London, United Kingdom, is one of Nigeria's most strategic and largest diplomatic missions representing Federal Republic of Nigeria in former colonial power. Located in London, UK's capital and global financial center, operating under Federal Ministry of Foreign Affairs. The mission manages Nigeria's most important bilateral relationship outside Africa. Massive Nigerian diaspora exceeding 200,000 makes UK home to largest Nigerian community outside Nigeria, including highly educated professionals, students, business people and families. Historical colonial relationship (1861-1960) creates complex legacy requiring sensitive navigation. UK is major trading partner, investor and development cooperation provider. Thousands of Nigerian students study in prestigious British universities. London's financial center handles significant Nigerian wealth and business. However, relations are strained by contentious migration issues including controversial deportation flights, negative media portrayal of Nigerians, and visa restrictions. Brexit created uncertainties affecting Nigerian interests. Commonwealth headquarters in London provides multilateral engagement platform. The mission's enormous scope includes protecting massive diaspora, managing colonial legacy, coordinating trade/investment, addressing migration disputes and leveraging Commonwealth connections.

**Core Mandate:** To represent Nigeria's interests in UK, protect massive diaspora of 200,000+, manage complex colonial legacy relationship, coordinate trade/investment, address migration contentions and leverage Commonwealth.

**Statutory Functions:**
(a) Represent Federal Republic of Nigeria maintaining crucial strategic partnership with United Kingdom
(b) Protect massive Nigerian diaspora exceeding 200,000 making UK largest Nigerian community outside Nigeria
(c) Navigate complex colonial legacy from British rule 1861-1960 while building modern partnership
(d) Promote substantial UK investment in Nigerian oil, gas, banking, telecommunications and infrastructure
(e) Coordinate bilateral trade addressing post-Brexit trade relationship and market access
(f) Provide extensive consular services including passport issuance to huge diaspora population
(g) Process thousands of UK visitor visa applications from Nigerians seeking to visit Britain
(h) Manage highly contentious irregular migration and deportation issues including chartered deportation flights
(i) Support thousands of Nigerian students in British universities including Oxford, Cambridge, LSE
(j) Coordinate Commonwealth engagement through headquarters in London
(k) Engage London's financial center on Nigerian investments, assets and capital flows
(l) Report to Federal Ministry of Foreign Affairs on UK developments, Brexit implications and bilateral matters
(m) Address negative media portrayal of Nigerians in British press and combat stereotypes
(n) Facilitate Nigerian diaspora remittances exceeding billions of dollars annually
(o) Coordinate on security cooperation including counter-terrorism, Boko Haram and intelligence sharing
(p) Protect Nigerian citizens facing discrimination, racial profiling or rights violations
(q) Issue emergency travel documents to Nigerians
(r) Address Nigerian asylum seekers' cases and deportation controversies
(s) Liaise extensively with UK government ministries on political, economic and migration issues
(t) Advance multifaceted Nigeria-UK strategic partnership spanning history, trade, diaspora, Commonwealth and global cooperation despite migration tensions"
119009062,445. FOREIGN MISSION: LUANDA,"Nigeria's Foreign Mission in Luanda, Angola, is a diplomatic mission representing Federal Republic of Nigeria in Republic of Angola. Located in Luanda, Angola's capital and one of world's most expensive cities, operating under Federal Ministry of Foreign Affairs. The mission manages Nigeria's relationship with Portuguese-speaking Southern African oil giant. Angola endured devastating civil war (1975-2002) killing over 500,000 people followed by post-war reconstruction boom. Both countries are major African oil producers, OPEC members and Gulf of Guinea partners. Nigerian traders operate in Angolan markets despite high living costs and corruption. Angola under MPLA party and dos Santos family (José Eduardo dos Santos 1979-2017) accumulated vast wealth including Isabel dos Santos' corruption empire. João Lourenço's presidency since 2017 pursues anti-corruption efforts. Lagos-Luanda connections exist but language barrier (Portuguese vs English) complicates engagement. Both countries cooperate on maritime security in Gulf of Guinea. The mission promotes oil sector cooperation, protects traders navigating expensive corrupt environment, coordinates maritime security and facilitates lusophone Africa engagement.

**Core Mandate:** To represent Nigeria's interests in Angola, coordinate oil sector cooperation, protect traders, facilitate Gulf of Guinea maritime security and engage Portuguese-speaking Southern Africa.

**Statutory Functions:**
(a) Represent Federal Republic of Nigeria maintaining relations with Portuguese-speaking Angola
(b) Coordinate oil producers cooperation between Africa's major petroleum exporters
(c) Protect Nigerian traders operating in world's most expensive city amid corruption
(d) Promote bilateral trade between oil giants despite language barriers
(e) Coordinate OPEC policies on oil production, pricing and market strategy
(f) Facilitate Gulf of Guinea maritime security cooperation against piracy and oil theft
(g) Monitor Angola's post-civil war reconstruction and economic development
(h) Report to Federal Ministry of Foreign Affairs on Angola and lusophone Africa
(i) Provide consular services to Nigerian diaspora navigating expensive Luanda
(j) Navigate Portuguese language requirements in diplomatic engagements
(k) Issue emergency travel documents to Nigerians
(l) Address corruption affecting Nigerian businesses in Angolan markets
(m) Monitor Angola's anti-corruption campaign under President Lourenço
(n) Facilitate oil sector technical cooperation and petroleum technology exchange
(o) Promote Nigerian investment in post-war Angola reconstruction
(p) Study Angola's oil wealth management and sovereign fund operations
(q) Liaise with Angolan government on bilateral cooperation and commercial issues
(r) Coordinate through Gulf of Guinea Commission on maritime boundary management
(s) Facilitate high-level visits between oil sector officials and political leadership
(t) Advance Nigeria's interests in oil cooperation, Gulf of Guinea security and lusophone Africa engagement"
119009063,446. FOREIGN MISSION: LUSAKA,"Nigeria's Foreign Mission in Lusaka, Zambia, is a diplomatic mission representing Federal Republic of Nigeria in Republic of Zambia. Located in Lusaka, Zambia's capital since 1935, operating under Federal Ministry of Foreign Affairs. The mission manages Nigeria's relationship with landlocked Southern African copper producer. Zambia under founding President Kenneth Kaunda (1964-1991) strongly supported African liberation movements including helping Nigeria during civil war creating positive historical ties. Nigerian traders operate in Zambian markets. Zambia faces chronic economic challenges, debt crisis and currency instability despite copper wealth. Both countries cooperate in African Union and SADC-ECOWAS partnerships. Zambia maintained democratic traditions with peaceful power transfers unlike many African states. Victoria Falls tourism and Zambezi River provide development opportunities. Zambia's Chinese debt burden reached unsustainable levels requiring restructuring. The mission leverages liberation-era solidarity, promotes trade, coordinates SADC engagement, protects traders and learns from Zambia's debt challenges for Nigerian economic policy.

**Core Mandate:** To represent Nigeria's interests in Zambia, leverage historical solidarity, protect traders, promote trade, coordinate SADC engagement and learn from Zambia's economic challenges.

**Statutory Functions:**
(a) Represent Federal Republic of Nigeria maintaining friendly relations with Zambia
(b) Leverage historical solidarity from Kaunda-era support for Nigeria during civil war
(c) Protect Nigerian trading community operating in Zambian markets
(d) Promote bilateral trade and investment between Nigeria and Zambia
(e) Coordinate SADC-ECOWAS cooperation on regional integration linking Southern and West Africa
(f) Monitor Zambia's chronic economic challenges including debt crisis and currency instability
(g) Report to Federal Ministry of Foreign Affairs on Zambia and lessons from debt management failures
(h) Provide consular services to Nigerian diaspora including traders and students
(i) Study Zambia's copper sector operations for Nigerian mining development
(j) Learn from Zambia's Chinese debt trap as cautionary tale for Nigerian borrowing
(k) Issue emergency travel documents to Nigerians
(l) Facilitate cooperation in mining sector linking Zambian copper and Nigerian minerals
(m) Promote Zambian investment opportunities to Nigerian businesses
(n) Monitor Zambia's democratic traditions and peaceful power transfers
(o) Assess Victoria Falls tourism development for Nigerian tourism sector application
(p) Liaise with Zambian government on bilateral cooperation and commercial matters
(q) Coordinate with SADC organizations on Southern African regional integration
(r) Facilitate educational cooperation with Zambian universities
(s) Address commercial disputes involving Nigerian traders
(t) Advance Nigeria's interests in Southern African engagement, SADC-ECOWAS cooperation and learning from Zambia's economic policy mistakes"
119009064,447. FOREIGN MISSION: MADRID,"Nigeria's Foreign Mission in Madrid, Spain, is a diplomatic mission representing Federal Republic of Nigeria in Kingdom of Spain. Located in Madrid, Spain's capital and European cultural center, operating under Federal Ministry of Foreign Affairs. The mission manages Nigeria's relationship with major EU power serving as gateway to Latin America and North Africa. Growing Nigerian diaspora includes students, professionals, irregular migrants and workers. Spain's geographic position bordering Morocco makes it irregular migration route with many Nigerians attempting entry through North Africa. Spanish unemployment challenges limit employment opportunities. Spanish companies invest in Nigerian energy and telecommunications. Spain's historical colonial role in Equatorial Guinea provides African connections. Madrid hosts major international organizations and businesses. Both countries cooperate through EU-Africa frameworks. The mission protects diaspora facing economic challenges, manages contentious irregular migration, promotes Spanish investment, coordinates EU engagement and leverages Spain's Latin American connections for broader diplomatic reach.

**Core Mandate:** To represent Nigeria's interests in Spain, protect diaspora, manage irregular migration challenges, promote trade/investment, coordinate EU engagement and leverage Spain's Latin America/Africa gateway role.

**Statutory Functions:**
(a) Represent Federal Republic of Nigeria maintaining diplomatic relations with Spain
(b) Protect growing Nigerian diaspora including students, workers and professionals
(c) Manage contentious irregular migration with Nigerians attempting entry through Morocco
(d) Provide consular services to Nigerian community facing Spain's economic challenges
(e) Promote Spanish investment in Nigerian energy, telecommunications and infrastructure
(f) Coordinate Nigeria's engagement with EU institutions through Spanish EU membership
(g) Leverage Spain's special relationships with Latin American countries for Nigerian diplomacy
(h) Facilitate engagement with Morocco and North Africa through Spain's geographic proximity
(i) Monitor Spanish political and economic developments including unemployment affecting diaspora
(j) Report to Federal Ministry of Foreign Affairs on Spain, EU matters and migration issues
(k) Support Nigerian students in Spanish universities
(l) Address trafficking in persons cases with Nigerian victims in Spain
(m) Issue emergency travel documents to Nigerians
(n) Combat negative stereotypes about Nigerian migrants in Spanish media
(o) Facilitate educational cooperation and Spanish language training
(p) Promote bilateral trade expansion beyond current levels
(q) Liaise with Spanish government on migration management, deportations and bilateral cooperation
(r) Coordinate with EU agencies, Latin American missions and North African embassies
(s) Facilitate high-level diplomatic visits and business delegations
(t) Advance Nigeria's interests in EU-Africa relations, migration management and leveraging Spain as gateway to Latin America"
119009065,448. FOREIGN MISSION: MALABO,"Nigeria's Foreign Mission in Malabo, Equatorial Guinea, is a diplomatic mission representing Federal Republic of Nigeria in Equatorial Guinea's political capital. Located in Malabo on Bioko Island (distinct from Bata mission on mainland), operating under Federal Ministry of Foreign Affairs. Equatorial Guinea is small oil-rich Spanish/Portuguese-speaking Central African state under authoritarian Obiang dynasty since 1979 coup. Malabo serves as seat of government despite mainland's larger population. Oil wealth created extreme inequality with elite enrichment but widespread poverty. Some Nigerian oil workers and traders operate in Equatorial Guinea. Both countries are Gulf of Guinea partners and oil producers cooperating on maritime security. Equatorial Guinea's unique linguistic situation (Spanish, Portuguese, French) presents communication challenges. The mission coordinates with Nigerian embassy/consulate in Bata on mainland while engaging Malabo-based government, promotes oil sector cooperation, facilitates Gulf of Guinea security, protects Nigerian workers and navigates authoritarian governance and corruption.

**Core Mandate:** To represent Nigeria in Equatorial Guinea's capital Malabo, engage government, coordinate oil cooperation, protect workers, facilitate Gulf of Guinea security and manage island-mainland dynamics.

**Statutory Functions:**
(a) Represent Federal Republic of Nigeria in Malabo political capital on Bioko Island
(b) Engage Equatorial Guinea central government based in Malabo
(c) Coordinate oil sector cooperation between Gulf of Guinea petroleum producers
(d) Protect Nigerian oil workers and traders in Equatorial Guinea
(e) Facilitate Gulf of Guinea Commission work on maritime security and boundaries
(f) Monitor political developments under Obiang family's authoritarian rule since 1979
(g) Report to Federal Ministry of Foreign Affairs on Equatorial Guinea and oil sector
(h) Provide consular services to Nigerians on Bioko Island and coordinating mainland services
(i) Navigate Spanish and Portuguese language requirements distinct from anglophone/francophone Africa
(j) Issue emergency travel documents to Nigerians
(k) Coordinate maritime security cooperation in Gulf of Guinea against piracy
(l) Promote bilateral cooperation despite governance and corruption challenges
(m) Address irregular migration issues affecting both countries
(n) Monitor offshore oil development in shared Gulf of Guinea waters
(o) Facilitate oil industry partnerships between Nigerian and Equatoguinean companies
(p) Coordinate with Bata mission/consulate on mainland commercial and consular matters
(q) Liaise with Equatorial Guinea government ministries concentrated in Malabo
(r) Facilitate high-level government visits between oil-producing neighbors
(s) Promote maritime boundary cooperation and oil block development
(t) Advance Nigeria's interests in Gulf of Guinea security, oil cooperation and regional stability"
119009066,449. FOREIGN MISSION: MANILA,"Nigeria's Foreign Mission in Manila, Philippines, is a diplomatic mission representing Federal Republic of Nigeria in Republic of Philippines. Located in Manila, Philippines' capital and major Southeast Asian city, operating under Federal Ministry of Foreign Affairs. The mission manages limited bilateral engagement with archipelagic Asian country. Small Nigerian community includes students, business people and professionals. Philippines' experience managing massive global diaspora (over 10 million Overseas Filipino Workers worldwide) sending billions in remittances provides valuable lessons for Nigeria's diaspora policy development. Both countries face terrorism challenges - Nigeria with Boko Haram, Philippines with Abu Sayyaf and Mindanao insurgencies. Philippines is ASEAN member providing Nigeria potential gateway to Southeast Asian markets. Predominantly Catholic Philippines contrasts with Muslim-majority Southeast Asia. Duterte's controversial drug war (2016-2022) raised human rights concerns. The mission promotes learning from Philippines' diaspora management model, coordinates ASEAN engagement, protects limited diaspora and facilitates South-South cooperation.

**Core Mandate:** To represent Nigeria's interests in Philippines, learn from world-leading diaspora management model, coordinate ASEAN engagement, protect limited diaspora and promote cooperation.

**Statutory Functions:**
(a) Represent Federal Republic of Nigeria maintaining diplomatic relations with Philippines
(b) Learn from Philippines' highly successful Overseas Filipino Workers (OFW) diaspora management system
(c) Study Philippines' remittance facilitation mechanisms sending billions from diaspora annually
(d) Protect limited Nigerian community including students and business people
(e) Provide consular services to Nigerians in Philippines
(f) Coordinate Nigeria's engagement with ASEAN through Philippines membership
(g) Facilitate access to Philippine and Southeast Asian markets for Nigerian businesses
(h) Monitor Philippines' political developments including post-Duterte transitions
(i) Report to Federal Ministry of Foreign Affairs on Philippines, ASEAN and diaspora lessons
(j) Study Philippines' diaspora protection mechanisms and overseas worker welfare programs
(k) Learn from Bangko Sentral ng Pilipinas' remittance infrastructure for Nigerian application
(l) Issue emergency travel documents to Nigerians
(m) Monitor Philippines' terrorism challenges in Mindanao for counterinsurgency lessons
(n) Assess similarities between Boko Haram and Abu Sayyaf terrorist groups
(o) Promote bilateral trade despite geographic distance and limited current engagement
(p) Facilitate educational cooperation with Philippine universities
(q) Liaise with Philippines government on diaspora policy learning and bilateral cooperation
(r) Coordinate with ASEAN missions on Southeast Asian regional integration
(s) Facilitate limited high-level diplomatic exchanges when opportunities arise
(t) Advance Nigeria's interests in learning from world's best diaspora management practices, ASEAN engagement and South-South cooperation"
119009067,450. FOREIGN MISSION: MAPUTO,"Nigeria's Foreign Mission in Maputo, Mozambique, is a diplomatic mission representing Federal Republic of Nigeria in Republic of Mozambique. Located in Maputo, Mozambique's capital and Indian Ocean port city, operating under Federal Ministry of Foreign Affairs. The mission manages Nigeria's relationship with Portuguese-speaking Southern African country emerging from civil war devastation. Mozambique's brutal civil war (1977-1992) between FRELIMO government and RENAMO rebels killed nearly 1 million people. Massive natural gas discoveries in Cabo Delgado province created energy boom but also triggered Islamist insurgency since 2017 linked to Islamic State. Rwanda deployed peacekeepers to combat insurgency demonstrating regional security dynamics. Nigerian traders operate in Mozambique despite challenges. Both countries are coastal nations cooperating on maritime issues. Mozambique is SADC member. Language barrier (Portuguese) complicates engagement. The mission promotes gas sector cooperation given both countries' petroleum interests, protects traders, monitors insurgency with counterterrorism implications, coordinates SADC engagement and facilitates lusophone Africa relations.

**Core Mandate:** To represent Nigeria's interests in Mozambique, coordinate gas sector cooperation, protect traders, monitor Cabo Delgado insurgency, facilitate SADC engagement and engage lusophone Africa.

**Statutory Functions:**
(a) Represent Federal Republic of Nigeria maintaining relations with Portuguese-speaking Mozambique
(b) Coordinate natural gas sector cooperation given Mozambique's massive LNG discoveries
(c) Protect Nigerian traders operating in Mozambican markets
(d) Monitor Cabo Delgado Islamist insurgency with implications for Nigerian counterterrorism
(e) Report to Federal Ministry of Foreign Affairs on Mozambique insurgency and Southern Africa
(f) Promote bilateral trade between coastal nations despite language barriers
(g) Coordinate SADC-ECOWAS cooperation on regional integration
(h) Monitor Mozambique's post-civil war reconstruction and development
(i) Provide consular services to Nigerian diaspora in Mozambique
(j) Navigate Portuguese language requirements in diplomatic engagements
(k) Issue emergency travel documents to Nigerians
(l) Facilitate gas sector technical cooperation and LNG development partnerships
(m) Study Mozambique's gas boom for lessons on petroleum wealth management
(n) Monitor Rwanda's peacekeeping deployment against Cabo Delgado insurgency
(o) Address terrorism threat from Islamic State-linked militants in northern Mozambique
(p) Assess humanitarian crisis from insurgency displacing hundreds of thousands
(q) Liaise with Mozambique government on security cooperation and bilateral issues
(r) Coordinate with SADC and lusophone African countries on regional matters
(s) Facilitate limited high-level visits between gas-producing nations
(t) Advance Nigeria's interests in gas sector cooperation, counterterrorism learning and Southern African regional engagement"
256011001,# NIGERIAN FEDERAL AGENCY MANDATES: AGENCIES 541-560,"**MDA Code:** 256011001

Institute of Archaeology and Museums Studies Jos is specialized federal institution providing training, research and professional development in archaeology, museum management and cultural heritage preservation. Located in Jos, Plateau State, operating under National Commission for Museums and Monuments and Federal Ministry of Information and Culture. Established to train archaeologists, museum curators, conservators and cultural heritage professionals for Nigeria's museums and archaeological sites. Provides certificate, diploma and degree programs in archaeology, museum studies, cultural heritage management and conservation. Conducts archaeological research and excavations across Nigeria. Trains museum personnel on collection management, exhibition design, artifact conservation and visitor services. Provides professional development for curators working in Nigeria's network of national museums. Conducts research on Nigeria's archaeological heritage including Nok terracotta civilization, ancient Benin, Ife bronze works and other archaeological sites. Collaborates with universities, international archaeological institutes and UNESCO on heritage preservation. Addresses shortage of qualified museum professionals and archaeologists in Nigeria. Critical for preserving Nigeria's rich cultural heritage and operating national museums professionally.

**Core Mandate:** To train archaeologists and museum professionals, conduct archaeological research, provide museum studies education and support Nigeria's cultural heritage preservation and museum management.

**Statutory Functions:**
(a) Provide specialized training in archaeology and museum studies
(b) Train archaeologists for excavations and archaeological research
(c) Train museum curators, conservators and heritage managers
(d) Offer certificate, diploma and degree programs in archaeology
(e) Provide museum management and collection management training
(f) Train personnel in artifact conservation and preservation techniques
(g) Conduct archaeological research and excavations across Nigeria
(h) Research Nigeria's archaeological heritage including Nok civilization
(i) Study ancient Nigerian cultures (Benin, Ife, Igbo-Ukwu)
(j) Provide exhibition design and museum education training
(k) Train museum staff on visitor services and public engagement
(l) Conduct research on cultural heritage preservation methods
(m) Provide professional development for museum curators nationwide
(n) Train in archaeological site management and protection
(o) Conduct archaeological surveys identifying heritage sites
(p) Collaborate with National Commission for Museums and Monuments
(q) Coordinate with universities offering archaeology programs
(r) Engage international archaeological institutes and UNESCO
(s) Publish archaeological research and museum studies materials
(t) Advance Nigeria's cultural heritage preservation, archaeological knowledge and museum professionalism through specialized training addressing critical shortage of qualified heritage professionals"
521037001,542. INSTITUTE OF CHARTERED CHEMISTS OF NIGERIA (ICCON),"Institute of Chartered Chemists of Nigeria (ICCON) is professional regulatory body overseeing chemistry profession and chemical practitioners in Nigeria. Headquartered in Abuja, operating as statutory body established by ICCON Act. Regulates chemists, chemical engineers and related chemical science professionals ensuring professional standards and ethical practice. Registers qualified chemists who meet educational and experience requirements. Accredits chemistry degree programs in Nigerian universities ensuring quality training. Conducts professional qualifying examinations for chemists. Issues practicing licenses and enforces continuing professional development. Investigates professional misconduct and enforces disciplinary measures. Promotes chemistry profession development and public awareness. Provides technical advice on chemical safety, quality control and industrial chemistry. Collaborates with chemical industries, universities, research institutes and international chemistry organizations. Addresses challenges from inadequate enforcement, limited public awareness and competing regulatory frameworks. Critical for chemical safety, quality assurance in pharmaceuticals/foods and professional chemistry practice across industries.

**Core Mandate:** To regulate chemistry profession, register qualified chemists, ensure professional standards, promote chemical safety and advance chemistry practice in Nigeria.

**Statutory Functions:**
(a) Regulate chemistry profession and chemical practitioners in Nigeria
(b) Register qualified chemists meeting educational and professional requirements
(c) Accredit chemistry degree programs in Nigerian universities
(d) Conduct professional qualifying examinations for chemists
(e) Issue practicing licenses to registered chemists
(f) Enforce continuing professional development for chemists
(g) Investigate professional misconduct and unethical chemical practice
(h) Impose disciplinary sanctions including suspension or deregistration
(i) Promote professional ethics and conduct standards in chemistry
(j) Provide technical advice on chemical safety and hazardous materials
(k) Promote quality control in pharmaceutical and food industries
(l) Advance industrial chemistry and chemical manufacturing standards
(m) Promote public awareness of chemistry profession importance
(n) Develop guidelines for chemical laboratory practice
(o) Enforce chemical safety regulations in industries
(p) Collaborate with chemical industries on professional standards
(q) Coordinate with universities on chemistry curriculum development
(r) Engage international chemistry organizations and professional bodies
(s) Advocate for chemistry profession development and recognition
(t) Advance chemical safety, quality assurance and professional chemistry practice supporting pharmaceutical manufacturing, industrial chemistry and public health protection"
521030004,543. INSTITUTE OF CHILD HEALTH (ABUTH) ZARIA,"Institute of Child Health at Ahmadu Bello University Teaching Hospital (ABUTH) Zaria is specialized pediatric training and research institution. Located within ABUTH complex, Zaria, Kaduna State, operating under ABUTH and Federal Ministry of Health. Established to provide advanced pediatric training, conduct child health research and address northern Nigeria's high child mortality and morbidity. Offers postgraduate pediatric training for doctors pursuing Fellowships in Pediatrics. Conducts clinical pediatric research on malnutrition, infectious diseases, neonatal conditions and childhood illnesses prevalent in northern Nigeria. Provides specialized pediatric services including neonatology, pediatric surgery, pediatric cardiology and pediatric intensive care. Trains pediatric nurses, nutritionists and allied health professionals. Conducts community child health programs addressing malnutrition, immunization and child survival. Researches childhood malaria, diarrheal diseases, respiratory infections and vaccine-preventable diseases. Collaborates with WHO, UNICEF and international child health organizations. Addresses northern Nigeria's high under-5 mortality rates, malnutrition prevalence and inadequate pediatric specialists. Critical for improving child health outcomes in northern Nigeria.

**Core Mandate:** To provide advanced pediatric training, conduct child health research, deliver specialized pediatric care and improve child survival in northern Nigeria.

**Statutory Functions:**
(a) Provide postgraduate pediatric training for doctors at ABUTH Zaria
(b) Train pediatricians through Fellowship programs
(c) Conduct clinical pediatric research on child health issues
(d) Research childhood malnutrition including severe acute malnutrition
(e) Study infectious diseases affecting children (malaria, diarrhea, pneumonia)
(f) Research neonatal conditions and newborn survival
(g) Provide specialized neonatology services for sick newborns
(h) Deliver pediatric intensive care for critically ill children
(9) Provide pediatric surgery services
(j) Offer pediatric cardiology for children with heart conditions
(k) Train pediatric nurses and child health professionals
(l) Conduct community child health programs
(m) Address vaccine-preventable diseases through research
(n) Research child nutrition and feeding practices
(o) Provide growth monitoring and development assessments
(p) Conduct immunization advocacy and research
(q) Collaborate with WHO and UNICEF on child health initiatives
(r) Address northern Nigeria's high under-5 mortality rates
(s) Publish child health research findings
(t) Advance child survival, reduce malnutrition and improve pediatric care in northern Nigeria through specialized training, research and clinical services"
521030005,544. INSTITUTE OF CHILD HEALTH (UNTH) ENUGU,"Institute of Child Health at University of Nigeria Teaching Hospital (UNTH) Enugu is specialized pediatric training and research institution. Located within UNTH complex, Enugu, Enugu State, operating under UNTH and Federal Ministry of Health. Established to provide advanced pediatric training, conduct child health research and improve child health outcomes in southeastern Nigeria. Offers postgraduate training for pediatricians pursuing Fellowship qualifications. Conducts pediatric research on common childhood illnesses, malnutrition, infectious diseases and newborn conditions. Provides specialized pediatric services including neonatal care, pediatric surgery, pediatric cardiology and pediatric intensive care. Trains pediatric healthcare workers including nurses, nutritionists and allied professionals. Conducts community-based child health programs addressing immunization, nutrition and disease prevention. Researches childhood malaria, diarrheal diseases, pneumonia and sickle cell disease prevalent in southeastern populations. Collaborates with international child health organizations and research networks. Addresses child mortality, malnutrition and inadequate specialized pediatric care. Serves southeastern Nigeria's pediatric health needs.

**Core Mandate:** To provide advanced pediatric training, conduct child health research, deliver specialized pediatric care and improve child survival in southeastern Nigeria.

**Statutory Functions:**
(a) Provide postgraduate pediatric training at UNTH Enugu
(b) Train pediatricians through Fellowship programs
(c) Conduct clinical pediatric research on child health
(d) Research childhood malnutrition and feeding disorders
(e) Study infectious diseases in children (malaria, diarrhea, respiratory infections)
(f) Research sickle cell disease affecting southeastern populations
(g) Provide neonatal intensive care for sick newborns
(h) Deliver pediatric intensive care services
(i) Provide pediatric surgery for surgical childhood conditions
(j) Offer pediatric cardiology services
(k) Train pediatric nurses and child health workers
(l) Conduct community child health and nutrition programs
(m) Address vaccine-preventable diseases
(n) Research newborn care and neonatal survival
(o) Provide growth monitoring services
(p) Conduct immunization programs and research
(q) Collaborate with WHO, UNICEF and child health networks
(r) Address southeastern Nigeria's child health challenges
(s) Publish pediatric research findings
(t) Advance child health, reduce mortality and improve pediatric care in southeastern Nigeria through training, research and specialized clinical services"
521030002,545. INSTITUTE OF CHILD HEALTH (UBTH) BENIN,"Institute of Child Health at University of Benin Teaching Hospital (UBTH) Benin City is specialized pediatric training and research institution. Located within UBTH complex, Benin City, Edo State, operating under UBTH and Federal Ministry of Health. Established to provide advanced pediatric training, conduct child health research and improve child health outcomes in south-south Nigeria. Offers postgraduate training programs for doctors specializing in pediatrics. Conducts research on childhood diseases, malnutrition, neonatal conditions and pediatric health challenges. Provides specialized pediatric services including neonatal intensive care, pediatric surgery, pediatric nephrology and other subspecialties. Trains pediatric healthcare professionals. Conducts community child health interventions addressing immunization coverage, malnutrition and preventable childhood diseases. Researches common pediatric conditions in Niger Delta including malaria, diarrheal diseases, respiratory infections and nutritional disorders. Collaborates with international child health organizations. Addresses high child mortality rates and malnutrition in south-south region. Serves as pediatric referral center for Edo State and Niger Delta.

**Core Mandate:** To provide advanced pediatric training, conduct child health research, deliver specialized pediatric care and improve child survival in south-south Nigeria.

**Statutory Functions:**
(a) Provide postgraduate pediatric training at UBTH Benin City
(b) Train pediatricians through specialized Fellowship programs
(c) Conduct clinical and epidemiological pediatric research
(d) Research childhood malnutrition and micronutrient deficiencies
(e) Study infectious childhood diseases prevalent in Niger Delta
(f) Research neonatal conditions and preterm infant survival
(g) Provide neonatal intensive care unit services
(h) Deliver pediatric intensive care for critically ill children
(i) Provide pediatric surgery and surgical subspecialties
(j) Offer pediatric nephrology for kidney diseases
(k) Train pediatric nurses and allied health professionals
(l) Conduct community-based child health programs
(m) Address immunization gaps and vaccine-preventable diseases
(n) Research childhood malaria and sickle cell disease
(o) Provide nutritional rehabilitation for malnourished children
(p) Conduct growth and development monitoring
(q) Collaborate with WHO, UNICEF and research networks
(r) Address south-south Nigeria's child health challenges
(s) Publish research in pediatric journals
(t) Advance child survival, nutrition and pediatric care quality in Niger Delta through specialized training, research and clinical excellence"
521038001,"546. INSTITUTE OF FORENSIC SCIENCE LABORATORY, OSHODI","Institute of Forensic Science Laboratory Oshodi is specialized federal forensic science facility providing forensic analysis, training and criminal investigation support. Located in Oshodi, Lagos State, operating under Federal Ministry of Health or Justice. Established to provide scientific forensic services supporting criminal justice system. Conducts forensic examinations on evidence from crime scenes including DNA analysis, toxicology, ballistics, fingerprints and trace evidence. Provides autopsy and post-mortem examination services for suspicious deaths. Analyzes biological samples including blood, semen, saliva for criminal investigations. Conducts drug analysis identifying illegal substances. Provides forensic toxicology testing for poisons and drug-related deaths. Examines firearms and ballistics evidence. Analyzes document forensics for forgery cases. Trains forensic scientists, pathologists and crime scene investigators. Provides expert testimony in courts. Collaborates with police, security agencies and judiciary. Addresses inadequate forensic capacity nationwide. Faces challenges from equipment shortages, backlog of cases and insufficient forensic professionals. Critical for criminal justice, solving crimes and prosecuting offenders based on scientific evidence.

**Core Mandate:** To provide forensic science services, conduct forensic analysis for criminal investigations, train forensic professionals and support criminal justice system through scientific evidence.

**Statutory Functions:**
(a) Provide forensic science services for criminal investigations
(b) Conduct DNA analysis for identification and criminal cases
(c) Perform forensic toxicology testing on biological samples
(d) Analyze illegal drugs and controlled substances
(e) Conduct post-mortem examinations and autopsies for suspicious deaths
(f) Provide ballistics analysis on firearms and ammunition
(g) Examine fingerprints and palm prints for identification
(h) Analyze trace evidence (fibers, hair, glass, soil)
(i) Conduct blood pattern analysis from crime scenes
(j) Perform forensic serology on biological fluids
(k) Provide document examination for forgery and fraud cases
(l) Conduct forensic pathology determining cause of death
(m) Analyze poison and toxic substance cases
(n) Train forensic scientists and laboratory technicians
(o) Train crime scene investigators on evidence collection
(p) Provide expert witness testimony in criminal trials
(q) Collaborate with Nigeria Police Force on investigations
(r) Coordinate with judiciary on forensic evidence presentation
(s) Maintain forensic evidence chain of custody standards
(t) Advance criminal justice through scientific forensic analysis supporting investigations, prosecutions and convictions based on DNA, toxicology and evidence-based crime solving"
521033001,547. INSTITUTE OF PUBLIC ANALYSTS OF NIGERIA (IPAN),"Institute of Public Analysts of Nigeria (IPAN) is professional regulatory body overseeing public analysts and laboratory science practitioners. Headquartered in Nigeria, operating as statutory regulatory body. Established to regulate public analysts who conduct official analytical testing for government regulatory agencies. Public analysts examine samples for food quality, drug standards, environmental pollution, water quality and public health. IPAN registers qualified analysts meeting educational and professional requirements. Accredits analytical chemistry programs and laboratory science training. Conducts professional qualifying examinations. Issues practicing licenses to public analysts. Enforces professional conduct and analytical quality standards. Investigates professional misconduct. Provides technical guidance on analytical methods and quality control. Collaborates with NAFDAC, SON, environmental agencies and regulatory bodies. Addresses food safety, drug quality and environmental monitoring through professional analytical services. Promotes laboratory accreditation and good laboratory practices. Critical for consumer protection, public health and regulatory enforcement.

**Core Mandate:** To regulate public analysts profession, ensure analytical quality standards, register qualified analysts and support government regulatory testing and consumer protection.

**Statutory Functions:**
(a) Regulate public analysts and laboratory science practitioners
(b) Register qualified public analysts meeting professional requirements
(c) Accredit analytical chemistry and laboratory science programs
(d) Conduct professional qualifying examinations for analysts
(e) Issue practicing licenses to registered public analysts
(f) Enforce continuing professional development requirements
(g) Investigate professional misconduct in analytical practice
(h) Impose disciplinary sanctions for violations
(i) Develop analytical quality standards and good laboratory practices
(j) Provide technical guidance on analytical testing methods
(k) Promote laboratory accreditation and ISO compliance
(l) Support NAFDAC food and drug testing through qualified analysts
(m) Support SON standards compliance testing
(n) Provide analysts for environmental monitoring and pollution testing
(o) Support water quality testing for public health
(p) Promote quality control in analytical laboratories
(q) Collaborate with regulatory agencies on official testing
(r) Engage international analytical chemistry organizations
(s) Advocate for public analysts profession recognition
(t) Advance consumer protection, food safety and drug quality through professional analytical testing supporting regulatory enforcement and public health"
521027041,"548. INTERCOUNTRY CENTRE FOR ORAL HEALTH (ICOH), JOS","Intercountry Centre for Oral Health Jos is specialized regional training and research institution for oral health and dentistry. Located in Jos, Plateau State, operating under Federal Ministry of Health and WHO African Region. Established as West African regional center providing advanced dental training, oral health research and capacity building for multiple countries. Offers postgraduate dental training including orthodontics, oral surgery, periodontics and other specialties. Conducts oral health research on dental caries, periodontal diseases, oral cancer and oral health epidemiology. Provides specialized dental services including maxillofacial surgery, orthodontics and prosthodontics. Trains dentists, dental therapists and oral health workers from Nigeria and West African countries. Conducts community oral health programs promoting dental hygiene and preventive care. Researches traditional oral health practices and dental disease patterns in Africa. Develops oral health policies and guidelines for West African region. Collaborates with WHO, dental schools and international oral health organizations. Addresses inadequate dental specialists and poor oral health in region. Serves as WHO Collaborating Centre for Oral Health.

**Core Mandate:** To provide advanced dental training, conduct oral health research, deliver specialized dental care and build regional oral health capacity for West Africa.

**Statutory Functions:**
(a) Provide postgraduate dental training for West African dentists
(b) Train specialists in orthodontics, oral surgery and periodontics
(c) Conduct oral health research on dental diseases in Africa
(d) Research dental caries prevalence and prevention
(e) Study periodontal diseases and gum health
(f) Research oral cancer and precancerous conditions
(g) Provide maxillofacial surgery for complex dental conditions
(h) Deliver orthodontic services for dental alignment
(i) Provide prosthodontic services including dentures
(j) Train dental therapists and oral health workers
(k) Conduct community oral health education programs
(l) Promote dental hygiene and preventive oral care
(m) Research traditional oral health practices in Africa
(n) Develop oral health policies for West African countries
(o) Serve as WHO Collaborating Centre for Oral Health
(p) Collaborate with WHO African Region on oral health
(q) Coordinate with West African dental schools
(r) Engage international oral health organizations
(s) Address regional shortage of dental specialists
(t) Advance oral health, dental care quality and specialist training across West Africa through regional cooperation, research and capacity building"
517021043,"549. INTERNATIONAL CENTRE FOR BIOTECHNOLOGY, UNIVERSITY OF NIGERIA NSUKKA","International Centre for Biotechnology at University of Nigeria Nsukka (UNN) is specialized research and training center for biotechnology and genetic engineering. Located at UNN campus, Nsukka, Enugu State, operating under UNN and Federal Ministry of Education. Established to advance biotechnology research, train biotechnology professionals and support agricultural and medical applications. Conducts research on agricultural biotechnology including crop genetic improvement, disease-resistant varieties and climate-resilient crops. Researches medical biotechnology including vaccine development, diagnostics and therapeutic proteins. Conducts industrial biotechnology research on biofuels, bio-based products and enzyme technology. Provides postgraduate training in biotechnology, molecular biology and genetic engineering. Operates modern biotechnology laboratories with molecular biology equipment. Conducts genetic modification research following biosafety protocols. Researches indigenous Nigerian plants for biotechnology applications. Collaborates with international biotechnology centers, CGIAR institutes and biotech companies. Addresses food security, health challenges and industrial development through biotechnology. Promotes biosafety compliance and public understanding of biotechnology.

**Core Mandate:** To conduct biotechnology research, provide advanced biotechnology training, develop agricultural and medical biotechnology applications and advance Nigeria's biotechnology capacity.

**Statutory Functions:**
(a) Conduct agricultural biotechnology research for crop improvement
(b) Develop genetically modified crops with disease resistance
(c) Research drought-tolerant and climate-resilient crop varieties
(d) Conduct medical biotechnology research on vaccines and diagnostics
(e) Research therapeutic proteins and biopharmaceuticals
(f) Develop molecular diagnostic tools for diseases
(g) Conduct industrial biotechnology research on biofuels
(h) Research bio-based products and enzyme technology
(i) Provide postgraduate training in biotechnology and genetic engineering
(j) Train molecular biologists and biotechnology researchers
(k) Operate modern biotechnology laboratories
(l) Conduct genetic modification research following biosafety protocols
(m) Research indigenous Nigerian plants for biotech applications
(n) Develop tissue culture techniques for crop propagation
(o) Conduct biosafety assessments for GMO crops
(p) Promote public understanding of biotechnology
(q) Collaborate with international biotechnology centers
(r) Coordinate with CGIAR institutes on agricultural biotech
(s) Engage biotech companies on technology transfer
(t) Advance Nigeria's biotechnology capacity addressing food security, health and industrial development through genetic engineering research and innovation"
220006001,550. INVESTMENT AND SECURITIES TRIBUNAL (IST),"Investment and Securities Tribunal (IST) is specialized judicial tribunal adjudicating disputes in Nigeria's capital market and securities industry. Located in Abuja with Lagos and Port Harcourt divisions, operating under Investments and Securities Act as independent tribunal. Established to provide fast-track resolution of capital market disputes avoiding lengthy regular court proceedings. IST hears cases involving securities transactions, capital market operations, stockbrokers' conduct, insider trading, market manipulation and investment fraud. Adjudicates disputes between investors and stockbrokers, companies and shareholders, and regulatory compliance issues. Tribunal comprises judges with securities law expertise. Conducts hearings, examines evidence and issues judgments enforceable like High Court orders. Appeals go to Court of Appeal. Provides specialized expertise in complex securities matters. Addresses market abuse, investor protection and regulatory enforcement. Promotes investor confidence through effective dispute resolution. Faces challenges from limited public awareness, jurisdictional overlaps with regular courts and case backlogs. Complements Securities and Exchange Commission regulatory enforcement. Critical for capital market integrity and investor protection.

**Core Mandate:** To adjudicate capital market disputes, provide specialized securities litigation, protect investors and support Nigeria's capital market integrity through expert judicial resolution.

**Statutory Functions:**
(a) Adjudicate disputes arising from securities and capital market transactions
(b) Hear cases involving stockbrokers' professional misconduct
(c) Adjudicate insider trading and market manipulation cases
(d) Resolve investment fraud and Ponzi scheme disputes
(e) Hear disputes between investors and stockbrokers
(f) Adjudicate shareholders' rights and corporate governance disputes
(g) Resolve cases involving initial public offerings (IPOs)
(h) Hear disputes on securities regulation compliance
(i) Adjudicate unit trust and mutual fund disputes
(j) Conduct hearings on capital market cases
(k) Examine evidence, witness testimonies and expert opinions
(l) Issue judgments enforceable as High Court orders
(m) Provide fast-track resolution avoiding lengthy court proceedings
(n) Apply specialized securities law expertise to complex cases
(o) Protect investors from fraud and market abuse
(p) Enforce Securities and Exchange Commission regulations
(q) Address market manipulation damaging investor confidence
(r) Hear appeals from SEC administrative sanctions
(s) Collaborate with SEC on market integrity enforcement
(t) Advance capital market integrity, investor protection and efficient dispute resolution supporting Nigeria's securities industry and public confidence in stock market"
521027001,"551. IRRUA SPECIALIST TEACHING HOSPITAL (ISTH), IRRUA","Irrua Specialist Teaching Hospital (ISTH) Irrua is specialized federal tertiary hospital and teaching institution. Located in Irrua, Edo State in south-south Nigeria, operating under Federal Ministry of Health and affiliated with Ambrose Alli University. Established as specialist hospital focusing on infectious diseases, particularly Lassa fever for which it houses Nigeria's premier Lassa fever treatment center. ISTH is national reference center for viral hemorrhagic fevers including Lassa fever endemic in southern Nigeria. Provides specialized treatment for Lassa fever with isolation facilities and trained staff. Conducts research on Lassa fever epidemiology, treatment and prevention. Offers general tertiary healthcare services including surgery, internal medicine, obstetrics and pediatrics. Provides postgraduate medical training for doctors. Trains healthcare workers on Lassa fever management and infection control. Collaborates with WHO, CDC, NCDC and international partners on viral hemorrhagic fever response. Serves as epidemic response center during Lassa fever outbreaks. Operates virology laboratory conducting diagnostic testing. Critical for Nigeria's Lassa fever control and infectious disease preparedness. Addresses annual Lassa fever epidemics affecting southern Nigeria.

**Core Mandate:** To provide specialized Lassa fever treatment, conduct viral hemorrhagic fever research, deliver tertiary healthcare, train medical professionals and serve as national infectious disease reference center.

**Statutory Functions:**
(a) Provide specialized treatment for Lassa fever patients
(b) Operate national reference center for viral hemorrhagic fevers
(c) Maintain Lassa fever isolation and treatment facilities
(d) Conduct Lassa fever epidemiological research
(e) Research Lassa fever treatment protocols and outcomes
(f) Study Lassa fever prevention and control strategies
(g) Provide general tertiary healthcare services
(h) Deliver surgical, medical, obstetric and pediatric care
(i) Provide postgraduate medical training through residency programs
(j) Train healthcare workers on Lassa fever case management
(k) Train on infection prevention and control measures
(l) Conduct biosafety training for viral hemorrhagic fevers
(m) Operate virology laboratory for Lassa fever diagnosis
(n) Conduct diagnostic testing during Lassa fever outbreaks
(o) Serve as epidemic response center coordinating outbreak investigations
(p) Collaborate with NCDC on surveillance and outbreak response
(q) Coordinate with WHO and CDC on Lassa fever control
(r) Conduct community education on Lassa fever prevention
(s) Research other emerging infectious diseases
(t) Advance infectious disease control, Lassa fever treatment and epidemic preparedness protecting Nigeria from annual Lassa fever outbreaks endemic in southern regions"
517005001,552. JOINT ADMISSIONS AND MATRICULATION BOARD (JAMB),"Joint Admissions and Matriculation Board (JAMB) is federal examination body conducting entrance examinations and managing admissions into Nigerian tertiary institutions. Headquartered in Abuja with offices nationwide, operating under Federal Ministry of Education. Established to standardize admission requirements and conduct common entrance examination (UTME - Unified Tertiary Matriculation Examination) for universities, polytechnics and colleges of education. JAMB registers candidates for UTME annually with over 1.8 million candidates. Conducts computer-based UTME testing nationwide. Sets minimum admission requirements (cutoff marks) for tertiary institutions. Manages Central Admissions Processing System (CAPS) where institutions admit students. Conducts Direct Entry examinations for candidates with advanced qualifications. Regulates admission processes preventing illegal admissions. Promotes merit-based admissions. Introduces policies like uniform cutoff marks and CAPS transparency. Faces challenges from examination malpractice, technical glitches, admission racketeering and tertiary institutions' non-compliance. Remits proceeds to Federal Government. Critical gatekeeper determining tertiary education access for millions of Nigerian youths annually.

**Core Mandate:** To conduct entrance examinations for tertiary institutions, manage admissions processes, ensure merit-based selection and regulate tertiary education access in Nigeria.

**Statutory Functions:**
(a) Conduct Unified Tertiary Matriculation Examination (UTME) annually
(b) Register over 1.8 million candidates yearly for UTME
(c) Administer computer-based testing nationwide in CBT centers
(d) Set subjects and syllabi for UTME examinations
(e) Determine minimum admission requirements and cutoff marks
(f) Conduct Direct Entry examinations for advanced candidates
(g) Manage Central Admissions Processing System (CAPS) for transparent admissions
(h) Regulate admissions into universities, polytechnics and colleges of education
(9) Prevent illegal admissions and admission racketeering
(j) Enforce merit-based admissions policies
(k) Monitor tertiary institutions' admission compliance
(l) Combat examination malpractice and cheating
(m) Verify candidates' credentials and O'Level results
(n) Promote catchment area and Educationally Less Developed States (ELDS) quotas
(o) Enforce 45% merit, 35% catchment, 20% ELDS admission formula
(p) Provide admission statistics and data to government
(q) Remit examination proceeds to Federal Government
(r) Conduct policy research on admissions and access
(s) Collaborate with WAEC, NECO and examination bodies
(t) Advance tertiary education access, merit-based selection and transparent admissions managing gateway to higher education for millions of Nigerian youths annually"
521026008,553. JOS UNIVERSITY TEACHING HOSPITAL (JUTH),"Jos University Teaching Hospital (JUTH) is federal tertiary healthcare institution and teaching hospital. Located in Jos, Plateau State in north-central Nigeria, operating under Federal Ministry of Health and affiliated with University of Jos. Established to provide tertiary/quaternary healthcare services, train medical professionals and conduct clinical research serving Plateau State and wider middle belt region. Provides comprehensive specialist medical services including surgery, internal medicine, obstetrics/gynecology, pediatrics, orthopedics, oncology and subspecialties. Operates as referral center for middle belt states receiving complicated cases. Provides postgraduate medical training through residency programs for doctors pursuing specialist qualifications. Trains medical students from University of Jos during clinical rotations. Conducts clinical research on health challenges affecting northern/middle belt populations. Operates accident and emergency services. Provides specialized services including cancer treatment, renal dialysis and cardiac care. Faces challenges from inadequate funding, equipment shortages, healthcare worker strikes and patient load exceeding capacity. Serves diverse population including managing casualties from Plateau State's periodic ethno-religious conflicts.

**Core Mandate:** To provide tertiary healthcare services, train medical professionals, conduct clinical research and serve as referral hospital for Plateau State and north-central Nigeria.

**Statutory Functions:**
(a) Provide comprehensive tertiary healthcare services in Plateau State
(b) Deliver specialist medical care in surgery, medicine and subspecialties
(c) Operate as referral hospital for north-central Nigeria
(d) Provide accident and emergency services
(e) Deliver obstetric and gynecological care including high-risk pregnancies
(f) Provide pediatric services for children
(g) Operate orthopedic services for trauma and bone conditions
(h) Provide cancer treatment and oncology services
(i) Deliver renal dialysis for kidney failure patients
(j) Provide cardiac care and cardiology services
(k) Train resident doctors through postgraduate programs
(l) Provide clinical training for University of Jos medical students
(m) Train nurses, pharmacists and allied health professionals
(n) Conduct clinical research on regional health challenges
(o) Operate laboratories for diagnostic testing
(p) Provide radiology and imaging services
(q) Manage casualties from Plateau conflicts and emergencies
(r) Address maternal and child mortality through specialized care
(s) Collaborate with NHREC on research ethics
(t) Advance healthcare delivery, medical training and clinical research serving Plateau State's diverse population and north-central Nigeria's tertiary health needs"
535003001,554. KAINJI NATIONAL PARK,"Kainji National Park is federal protected area conserving biodiversity and wildlife in northwestern Nigeria. Located across Niger, Kwara and Kebbi States covering approximately 5,341 square kilometers in two sectors (Borgu and Zugurma), operating under Federal Ministry of Environment. Established in 1979 following creation of Kainji Dam and Lake Kainji requiring wildlife conservation. The park protects savanna ecosystems, woodland and grassland habitats. Houses significant wildlife including elephants, hippopotamus, buffalo, various antelopes (roan, kob, hartebeest), lions, leopards, baboons and over 350 bird species. Borgu sector adjoins Benin's W National Park forming transboundary conservation complex. Faces threats from poaching, cattle grazing, illegal fishing in park waters and human encroachment. Tourism infrastructure limited but includes game viewing and safari camps. Park management involves anti-poaching patrols, habitat conservation, community engagement and sustainable tourism. Collaborates with Benin and Niger on transboundary wildlife conservation. Critical for northwestern Nigeria biodiversity protection and eco-tourism potential.

**Core Mandate:** To protect and conserve wildlife and ecosystems, manage sustainable tourism, conduct conservation research and promote environmental education in northwestern Nigeria.

**Statutory Functions:**
(a) Protect and conserve biodiversity in 5,341 square kilometer national park
(b) Safeguard endangered wildlife including elephants, lions and buffalo
(c) Preserve savanna woodland and grassland ecosystems
(d) Conduct anti-poaching patrols preventing illegal hunting
(e) Protect hippopotamus populations in Kainji Lake waters
(f) Combat illegal fishing within park boundaries
(g) Manage human-wildlife conflict with surrounding communities
(h) Control illegal cattle grazing destroying park vegetation
(i) Maintain park boundaries preventing encroachment
(j) Conduct wildlife population surveys and ecological monitoring
(k) Manage Borgu and Zugurma park sectors
(l) Develop and manage eco-tourism infrastructure
(m) Provide game viewing and safari tourism services
(n) Conduct environmental education for schools and communities
(o) Engage local communities in conservation through participatory approaches
(p) Develop alternative livelihoods reducing pressure on park resources
(q) Collaborate with Benin on transboundary W-Kainji conservation complex
(r) Coordinate with Niger on cross-border wildlife protection
(s) Conduct conservation research on wildlife populations
(t) Advance northwestern Nigeria biodiversity conservation and eco-tourism supporting wildlife protection and sustainable development"
535008001,555. KAMUKU NATIONAL PARK,"Kamuku National Park is federal protected area conserving biodiversity and ecosystems in northwestern Nigeria. Located in Kaduna and Niger States covering approximately 1,121 square kilometers, operating under Federal Ministry of Environment. Established to protect forest and savanna ecosystems in northwestern Nigeria. The park preserves gallery forests, woodland savanna and grassland habitats. Houses wildlife including various antelopes, monkeys, baboons, hyenas and bird species. Protects water catchment areas for rivers feeding communities. Faces severe threats from illegal logging, charcoal production, poaching, farmland encroachment and gold mining activities destroying habitats. Mining activities particularly damaging with illegal miners operating within park. Park management severely constrained by limited resources, inadequate rangers and encroachment pressure from surrounding communities. Requires urgent intervention preventing total degradation. Collaborates with Kaduna and Niger State governments on conservation. Demonstrates challenges facing Nigerian national parks from human pressure and inadequate enforcement. Critical for remaining forest protection in northwestern Nigeria.

**Core Mandate:** To protect biodiversity and forest ecosystems, prevent illegal activities, manage conservation and preserve watersheds in northwestern Nigeria despite severe encroachment threats.

**Statutory Functions:**
(a) Protect biodiversity in 1,121 square kilometer national park
(b) Preserve gallery forest and woodland savanna ecosystems
(c) Safeguard remaining wildlife populations
(d) Protect water catchment areas for regional rivers
(e) Combat illegal logging destroying park forests
(f) Prevent charcoal production depleting tree cover
(g) Conduct anti-poaching patrols against illegal hunting
(h) Address illegal gold mining destroying park habitats
(i) Control farmland encroachment into park boundaries
(j) Maintain park boundaries against human pressure
(k) Conduct wildlife and vegetation surveys
(l) Monitor ecological degradation from mining and logging
(m) Engage communities on conservation awareness
(n) Develop alternative livelihoods reducing park pressure
(o) Coordinate with mining authorities on illegal mining control
(p) Collaborate with Kaduna and Niger State forestry departments
(q) Recruit and train rangers for enforcement
(r) Secure funding for park management and protection
(s) Conduct conservation research on threatened ecosystems
(t) Advance forest conservation and biodiversity protection in severely threatened northwestern Nigeria park requiring urgent intervention against illegal mining, logging and encroachment"
517026100,"556. KING'S COLLEGE, LAGOS","King's College Lagos is prestigious federal government college and unity school. Located on Lagos Island, Lagos State, operating under Federal Ministry of Education. Established in 1909 during colonial period, King's College is among Nigeria's oldest and most prestigious secondary schools. Provides JSS1-SS3 secondary education as Federal Government College (Unity School) admitting students nationally through Common Entrance Examination. Known for academic excellence, discipline and producing notable Nigerian leaders including presidents, governors, ministers, business leaders and professionals. School features strong academic tradition, extensive co-curricular programs and alumni network. Admits students using 60% merit and 40% geographical quota ensuring national representation. Provides boarding education promoting national integration. Prepares students for WAEC and NECO examinations with consistently high performance. Located in commercial Lagos but maintains tradition and standards. Alumni include Nnamdi Azikiwe (first President), numerous state governors and national leaders. Represents Federal Government Colleges' role in nation-building and elite education. Faces challenges from aging infrastructure despite historical prestige.

**Core Mandate:** To provide quality secondary education emphasizing academic excellence, promote national unity and produce future leaders through prestigious federal unity school tradition.

**Statutory Functions:**
(a) Provide JSS1-SS3 secondary education as Federal Government College
(b) Admit students nationally through Common Entrance using merit-quota system
(c) Maintain academic excellence tradition spanning over 110 years
(d) Prepare students for WAEC and NECO examinations
(e) Deliver federal government curriculum
(f) Provide boarding education promoting national integration
(g) Promote national unity among ethnically diverse students
(h) Develop leadership qualities in students
(i) Maintain discipline and character formation tradition
(j) Provide extensive co-curricular programs
(k) Offer sports, arts and cultural activities
(l) Maintain strong alumni association and network
(m) Preserve historical heritage as colonial-era institution
(n) Employ qualified teachers maintaining high standards
(o) Prepare students for tertiary education
(p) Compete in national academic and sports competitions
(q) Maintain King's College traditions and values
(r) Address infrastructure needs in historic buildings
(s) Produce future national leaders and professionals
(t) Advance quality education, national integration and leadership development through Nigeria's premier federal unity school with distinguished history producing presidents and national leaders"
222010001,557. LAGOS INTERNATIONAL TRADE FAIR COMPLEX MANAGEMENT BOARD,"Lagos International Trade Fair Complex Management Board manages Nigeria's premier trade fair venue and exhibition center. Located in Badagry Expressway, Lagos State, operating under Federal Ministry of Industry, Trade and Investment. Established to manage Lagos International Trade Fair Complex hosting annual Lagos International Trade Fair and commercial exhibitions. The Complex provides permanent exhibition halls, outdoor display areas and facilities for trade fairs, exhibitions and commercial events. Hosts annual Lagos International Trade Fair attracting thousands of exhibitors and visitors showcasing products, services and business opportunities. Provides venue for sectoral exhibitions (construction, agriculture, ICT, manufacturing). Manages permanent structures including pavilions, halls and infrastructure. Generates revenue from exhibition space rentals and event hosting. Promotes Nigerian products and ""Made in Nigeria"" campaigns. Facilitates business networking and trade connections. Attracts international exhibitors promoting Nigeria's commercial integration. Faces challenges from infrastructure maintenance, competition from private event centers and declining patronage requiring facility upgrades. Critical for trade promotion, industrial exhibitions and commercial sector engagement in Nigeria's commercial capital.

**Core Mandate:** To manage Lagos International Trade Fair Complex, host trade fairs and exhibitions, promote Nigerian products, facilitate business networking and support commerce and industry development.

**Statutory Functions:**
(a) Manage Lagos International Trade Fair Complex facilities and infrastructure
(b) Host annual Lagos International Trade Fair
(c) Organize sectoral trade exhibitions (manufacturing, agriculture, construction, ICT)
(d) Provide exhibition halls and display spaces for commercial events
(e) Manage outdoor exhibition areas and pavilions
(f) Promote Nigerian manufactured products and services
(g) Advance ""Made in Nigeria"" campaigns showcasing local industries
(h) Facilitate business-to-business networking and connections
(i) Attract international exhibitors and foreign buyers
(j) Generate revenue from exhibition space rentals
(k) Maintain trade fair infrastructure and facilities
(l) Provide utilities, security and services during events
(m) Market Complex for commercial exhibitions and events
(n) Upgrade facilities meeting international exhibition standards
(o) Promote Nigerian exports through exhibition exposure
(p) Support SMEs exhibiting products and services
(q) Facilitate trade information dissemination
(r) Collaborate with manufacturers associations and trade bodies
(s) Coordinate with Lagos State on trade fair logistics
(t) Advance trade promotion, industrial exhibition and business networking supporting Nigeria's commercial and manufacturing sectors through premier trade fair venue in commercial capital Lagos"
161004001,558. LAGOS LIAISON OFFICE (Federal Government),"Lagos Liaison Office is Federal Government's administrative office maintaining federal presence in Lagos, Nigeria's commercial capital. Located in Lagos State, operating under Office of Secretary to Government of the Federation or relevant federal ministry. Established to coordinate federal government activities in Lagos following capital relocation to Abuja in 1991. Serves as administrative link between Federal Government and Lagos operations. Coordinates federal agencies' Lagos operations and activities. Facilitates federal government business in commercial capital. Manages federal government properties and assets in Lagos. Provides liaison services for federal officials visiting Lagos. Coordinates with Lagos State Government on federal-state matters. Supports federal government events and programs in Lagos. Manages protocol for federal dignitaries. Facilitates federal government procurement and logistics in Lagos. Represents federal interests in commercial capital. Lagos remains Nigeria's commercial center despite Abuja being political capital, requiring federal coordination presence. Liaison office ensures federal government effectiveness in most economically important city.

**Core Mandate:** To coordinate federal government operations in Lagos, provide liaison services, manage federal assets and maintain federal presence in Nigeria's commercial capital.

**Statutory Functions:**
(a) Coordinate federal government operations and activities in Lagos
(b) Serve as administrative link between Federal Government and Lagos
(c) Manage federal government properties and assets in Lagos State
(d) Coordinate federal agencies' Lagos-based operations
(e) Facilitate federal government business in commercial capital
(f) Provide liaison services for federal officials visiting Lagos
(g) Coordinate protocol for federal dignitaries in Lagos
(h) Facilitate federal-state government coordination with Lagos
(i) Support federal government events and programs in Lagos
(j) Manage federal government offices in Lagos
(k) Coordinate federal government procurement in Lagos
(l) Facilitate logistics for federal operations
(m) Represent federal interests in commercial capital
(n) Monitor federal programs implementation in Lagos
(o) Coordinate federal agencies on Lagos-related matters
(p) Provide administrative support for federal operations
(q) Manage federal government's Lagos presence
(r) Facilitate federal business in Nigeria's economic hub
(s) Coordinate with commercial sector on federal matters
(t) Advance federal government effectiveness in Lagos commercial capital ensuring coordination and presence in Nigeria's most economically important city"
521026002,559. LAGOS UNIVERSITY TEACHING HOSPITAL (LUTH),"Lagos University Teaching Hospital (LUTH) is premier federal tertiary healthcare institution and teaching hospital. Located in Idi-Araba, Lagos State, operating under Federal Ministry of Health and affiliated with University of Lagos (UNILAG). Established in 1962, LUTH is one of Nigeria's oldest and largest teaching hospitals. Provides comprehensive tertiary/quaternary healthcare services including highly specialized medical care. Operates multiple specialties including surgery, internal medicine, obstetrics/gynecology, pediatrics, cardiology, oncology, neurosurgery, nephrology and others. Serves as major referral hospital for Lagos State (population ~20 million) and southwestern Nigeria. Provides postgraduate medical training through robust residency programs training specialists. Trains UNILAG medical students during clinical years. Conducts extensive clinical research. Operates one of Nigeria's busiest accident and emergency departments. Provides cancer treatment, cardiac surgery, kidney transplant and other advanced services. Faces challenges from overwhelming patient load, inadequate funding, aging infrastructure and periodic healthcare worker strikes. Despite challenges, remains critical tertiary healthcare provider for Africa's largest city.

**Core Mandate:** To provide tertiary/quaternary healthcare, train medical professionals, conduct clinical research and serve as premier referral hospital for Lagos State and southwestern Nigeria.

**Statutory Functions:**
(a) Provide comprehensive tertiary healthcare in Africa's largest city Lagos
(b) Deliver highly specialized medical care across multiple specialties
(c) Operate as major referral hospital for Lagos State (20+ million population)
(d) Provide advanced surgical services including neurosurgery and cardiac surgery
(e) Deliver internal medicine including cardiology, nephrology and gastroenterology
(f) Provide obstetric and gynecological care for high-risk cases
(g) Deliver comprehensive pediatric services
(h) Operate oncology services providing cancer treatment
(i) Provide kidney transplant and renal replacement therapy
(j) Operate one of Nigeria's busiest accident and emergency departments
(k) Train resident doctors through extensive postgraduate programs
(l) Provide clinical training for University of Lagos medical students
(m) Train nurses, pharmacists and allied health professionals
(n) Conduct clinical research on tropical diseases and health challenges
(o) Operate advanced diagnostic laboratories
(p) Provide radiology and medical imaging services
(q) Deliver intensive care and critical care services
(r) Address maternal mortality through specialized obstetric care
(s) Provide HIV/AIDS treatment and research
(t) Advance healthcare delivery, medical education and research serving Lagos metropolis and southwestern Nigeria despite overwhelming patient load and resource constraints"
215056001,"560. LAKE CHAD RESEARCH INSTITUTE (LCRI), MAIDUGURI","Lake Chad Research Institute (LCRI) Maiduguri is federal agricultural research institution conducting research on Lake Chad Basin agriculture, fisheries and natural resources. Located in Maiduguri, Borno State in northeastern Nigeria, operating under Agricultural Research Council of Nigeria and Federal Ministry of Agriculture. Established to address agricultural and environmental challenges in Lake Chad Basin agroecological zone. Conducts research on crops adapted to semi-arid Lake Chad region including sorghum, millet, cowpea, groundnut and wheat. Researches irrigation farming and water management for Lake Chad waters. Conducts fisheries research on Lake Chad fish species, fishing practices and aquaculture. Researches livestock production in pastoral communities. Studies Lake Chad shrinkage impacts on agriculture and livelihoods. Develops climate-resilient farming systems for Sahel environment. Researches flood recession agriculture practiced around Lake Chad. Provides technical advice on Lake Chad Basin management. Faces challenges from Boko Haram insurgency severely disrupting operations and access to research sites. Lake Chad shrinkage from ~25,000 km² to ~1,500 km² creates agricultural crisis requiring research interventions. Collaborates with Lake Chad Basin Commission and regional research centers.

**Core Mandate:** To conduct agricultural research for Lake Chad Basin, develop adapted crop varieties, research fisheries, address lake shrinkage impacts and support Sahel agriculture despite insurgency challenges.

**Statutory Functions:**
(a) Conduct agricultural research for Lake Chad Basin agroecological zone
(b) Develop improved sorghum, millet and cowpea varieties for semi-arid region
(c) Research groundnut, wheat and drought-tolerant crops
(d) Develop irrigation farming systems utilizing Lake Chad waters
(e) Conduct fisheries research on Lake Chad fish stocks and fishing
(f) Research aquaculture development for fish production
(g) Study Lake Chad shrinkage impacts on agriculture and communities
(h) Develop climate-resilient farming systems for Sahel
(i) Research flood recession agriculture around lake margins
(j) Conduct livestock production research for pastoral communities
(k) Research water management and irrigation technologies
(l) Study soil fertility in semi-arid Lake Chad environments
(m) Develop adaptive farming systems for changing lake levels
(n) Research traditional fishing practices and sustainability
(o) Provide technical advice on Lake Chad Basin agricultural development
(p) Train farmers on adapted agricultural practices
(q) Operate research stations despite insurgency constraints
(r) Collaborate with Lake Chad Basin Commission
(s) Coordinate with Chad, Niger and Cameroon research institutes
(t) Advance food security and sustainable agriculture in Lake Chad Basin addressing catastrophic lake shrinkage and Boko Haram disruptions threatening livelihoods of millions dependent on agriculture and fishing"
326003001,# NIGERIAN FEDERAL AGENCY MANDATES: AGENCIES 561-580,"**MDA Code:** 326003001

Legal Aid Council of Nigeria is federal agency providing free legal services to indigent citizens who cannot afford legal representation. Headquartered in Abuja with offices in all 36 states and FCT, operating under Federal Ministry of Justice per Legal Aid Act 2011. Established to ensure access to justice for poor and vulnerable Nigerians unable to pay for lawyers. Provides free legal representation in criminal and civil matters for eligible citizens. Operates Legal Aid clinics in courts, prisons and communities. Represents accused persons facing serious criminal charges who cannot afford lawyers. Provides legal services in civil matters including land disputes, family law, employment and consumer rights. Offers legal advice and counseling to indigent citizens. Conducts public legal education and awareness programs. Provides legal services to women, children, persons with disabilities and vulnerable groups. Operates paralegal training programs. Collaborates with NBA, law firms and pro bono lawyers. Means-tests applicants to determine eligibility based on income. Faces challenges from overwhelming demand, inadequate funding, limited lawyers and public awareness gaps. Critical for constitutional right to legal representation and access to justice.

**Core Mandate:** To provide free legal services to indigent citizens, ensure access to justice, represent poor Nigerians in courts and promote legal rights awareness.

**Statutory Functions:**
(a) Provide free legal representation to indigent citizens unable to afford lawyers
(b) Represent accused persons in criminal matters facing serious charges
(c) Provide legal services in civil matters including land and family disputes
(d) Operate Legal Aid clinics in courts nationwide
(e) Provide legal services in prisons for inmates
(f) Conduct means testing to determine eligibility based on income
(g) Offer free legal advice and counseling to poor citizens
(h) Represent women in domestic violence and family law cases
(i) Provide legal services for children in juvenile courts
(j) Represent persons with disabilities in legal matters
(k) Conduct public legal education and awareness campaigns
(l) Promote legal rights awareness in communities
(m) Train paralegals providing community legal assistance
(n) Collaborate with Nigerian Bar Association on pro bono services
(o) Coordinate with law firms volunteering legal aid
(p) Provide legal representation in employment disputes
(q) Address consumer rights violations for poor citizens
(r) Operate offices in all 36 states and FCT
(s) Monitor access to justice challenges for indigent populations
(t) Advance constitutional right to legal representation, access to justice and rule of law ensuring poor Nigerians receive legal protection regardless of ability to pay"
517027001,562. LIBRARIANS REGISTRATION COUNCIL OF NIGERIA (LRCN),"Librarians Registration Council of Nigeria (LRCN) is professional regulatory body overseeing library and information science profession. Headquartered in Abuja, operating as statutory body established by LRCN Act. Regulates librarians, information scientists and library professionals ensuring professional standards. Registers qualified librarians meeting educational requirements (minimum Bachelor's degree in Library Science from accredited programs). Accredits Library and Information Science degree programs in Nigerian universities. Conducts professional qualifying examinations. Issues practicing licenses to registered librarians. Enforces continuing professional development requirements. Investigates professional misconduct and enforces discipline. Promotes library profession development and public libraries. Provides guidelines for library management and information services. Collaborates with libraries, universities and international library associations. Addresses challenges from inadequate funding for public libraries, technology changes and professional recognition gaps. Critical for library services quality, information management and knowledge access in educational institutions, government and communities.

**Core Mandate:** To regulate library profession, register qualified librarians, ensure professional standards, promote library development and advance information services in Nigeria.

**Statutory Functions:**
(a) Regulate library and information science profession in Nigeria
(b) Register qualified librarians meeting educational requirements
(c) Accredit Library Science degree programs in Nigerian universities
(d) Conduct professional qualifying examinations for librarians
(e) Issue practicing licenses to registered librarians
(6) Enforce continuing professional development for librarians
(g) Investigate professional misconduct in library practice
(h) Impose disciplinary sanctions for violations
(i) Promote professional ethics in library services
(j) Develop standards for library management and operations
(k) Promote public libraries development across Nigeria
(l) Advance school libraries in primary and secondary schools
(m) Support academic libraries in tertiary institutions
(n) Promote digital libraries and information technology in libraries
(o) Develop guidelines for collection management and cataloging
(p) Promote reading culture and library utilization
(q) Collaborate with Nigerian Library Association
(r) Engage international library organizations (IFLA, Commonwealth)
(s) Advocate for library funding and infrastructure
(t) Advance library profession, information access and knowledge management supporting education, research and community development through professional library services"
252042001,563. LOWER BENUE RIVER BASIN DEVELOPMENT AUTHORITY (LBRBDA),"Lower Benue River Basin Development Authority (LBRBDA) is federal agency managing water resources, irrigation and agricultural development in Lower Benue River Basin. Headquartered in Makurdi covering Benue, Kogi, Nasarawa, Cross River, Ebonyi, Enugu and Anambra States, operating under Federal Ministry of Water Resources. Established as one of Nigeria's 12 River Basin Development Authorities. The basin includes Lower Benue River and tributaries. LBRBDA develops irrigation schemes supporting dry season farming. Constructs and operates small/medium dams for irrigation water supply. Manages water distribution to farmers and communities. Supports rice, vegetables and yam production through irrigation. Provides flood control infrastructure. Conducts hydrological studies and water resources assessment. Develops fadama (floodplain) irrigation exploiting seasonal water availability. Provides agricultural extension services to irrigated farmers. Faces challenges from flooding (Benue experiences major floods), inadequate infrastructure maintenance and farmer participation. Benue River's significant discharge creates both irrigation opportunities and flood risks requiring integrated management.

**Core Mandate:** To manage water resources, develop irrigation infrastructure, support agricultural production and provide flood control in Lower Benue River Basin covering seven states.

**Statutory Functions:**
(a) Manage water resources in Lower Benue River Basin across seven states
(b) Develop irrigation schemes for dry season farming
(c) Construct small and medium dams for water storage
(d) Operate irrigation infrastructure distributing water to farmers
(e) Support rice, vegetables and yam production through irrigation
(f) Develop fadama (floodplain) irrigation schemes
(g) Provide flood control and drainage infrastructure
(h) Conduct hydrological monitoring and water resources assessment
(i) Manage seasonal water distribution during dry and wet seasons
(j) Allocate water among competing agricultural and domestic uses
(k) Support fish farming in reservoirs and irrigation canals
(l) Provide agricultural extension services to irrigated farmers
(m) Maintain irrigation canals, drains and water distribution systems
(n) Conduct environmental impact assessments for water projects
(o) Engage communities in participatory water management
(p) Collaborate with Benue, Kogi and other state governments
(q) Address major flooding affecting Benue valley communities
(r) Monitor water quality in rivers and reservoirs
(s) Adapt to climate variability affecting water availability
(t) Advance irrigation agriculture, water security and flood management supporting food production and livelihoods across Lower Benue Basin in Nigeria's food basket region"
252043001,564. LOWER NIGER RIVER BASIN DEVELOPMENT AUTHORITY (LNRBDA),"Lower Niger River Basin Development Authority (LNRBDA) is federal agency managing water resources, irrigation and agricultural development in Lower Niger River Basin. Headquartered in Ilorin covering Kwara, Niger, Edo, Delta, Ondo, Ekiti and Kogi States, operating under Federal Ministry of Water Resources. Established as one of Nigeria's 12 River Basin Development Authorities. The basin includes Lower Niger River and tributaries in southwestern and north-central Nigeria. LNRBDA develops irrigation schemes for agricultural intensification. Constructs dams and water storage facilities. Manages irrigation water distribution. Supports rice, vegetables and sugarcane production. Provides flood control along Niger River. Conducts water resources assessment and hydrological monitoring. Develops small-scale irrigation for fadama farming. Operates demonstration farms. Provides extension services to farmers. Faces challenges from dry season water scarcity, flooding during rainy season, inadequate infrastructure and limited funding. Niger River's flow variability creates seasonal challenges requiring storage and distribution management. Serves agricultural communities across multiple states.

**Core Mandate:** To manage water resources, develop irrigation infrastructure, support agricultural production and provide flood control in Lower Niger River Basin covering seven states.

**Statutory Functions:**
(a) Manage water resources in Lower Niger River Basin across seven states
(b) Develop irrigation schemes for dry season agriculture
(c) Construct and operate dams for water storage and regulation
(d) Distribute irrigation water to farmers and agricultural schemes
(e) Support rice, vegetables and sugarcane cultivation through irrigation
(f) Develop fadama irrigation exploiting seasonal floodplains
(g) Provide flood control infrastructure along Niger River
(h) Conduct hydrological studies and river flow monitoring
(i) Manage seasonal water allocation balancing competing demands
(j) Allocate water for agriculture, domestic use and environmental flows
(k) Support fisheries in reservoirs and irrigation infrastructure
(l) Provide agricultural extension and training to farmers
(m) Maintain irrigation canals, pumps and distribution networks
(n) Operate demonstration farms showcasing irrigation farming
(o) Conduct environmental assessments for water projects
(p) Engage communities in water resources management
(q) Collaborate with Kwara, Niger, Edo, Delta and other states
(r) Address Niger River flooding and erosion challenges
(s) Monitor water quality and pollution control
(t) Advance irrigation development, agricultural productivity and water security supporting food production across Lower Niger Basin serving multiple states' farming communities"
254007001,"565. MARITIME ACADEMY OF NIGERIA, ORON","Maritime Academy of Nigeria Oron is premier federal maritime training institution providing education for seafarers and maritime professionals. Located in Oron, Akwa Ibom State in coastal south-south Nigeria, operating under Nigerian Maritime Administration and Safety Agency (NIMASA) and Federal Ministry of Transportation. Established in 1977 to train Nigerian seafarers, marine engineers, nautical officers and maritime professionals. Offers certificate, diploma and degree programs in nautical science, marine engineering, maritime transport and related fields. Provides Standards of Training, Certification and Watchkeeping (STCW) compliant training meeting International Maritime Organization (IMO) requirements. Trains deck officers (navigators), marine engineers, electro-technical officers and ratings. Operates training vessels for practical sea-going experience. Provides simulator training for navigation, engine room and ship handling. Offers specialized courses in ship security, survival at sea and marine operations. Trains for merchant navy careers. Collaborates with IMO, international maritime academies and shipping companies. Addresses shortage of qualified Nigerian seafarers in global shipping industry. Cabotage Act implementation increases demand for Nigerian seafarers. Faces challenges from inadequate vessels, equipment maintenance and international certification requirements.

**Core Mandate:** To train seafarers and maritime professionals, provide STCW-compliant education, develop Nigerian maritime workforce and support shipping industry manpower needs.

**Statutory Functions:**
(a) Train seafarers and maritime professionals for merchant navy and shipping industry
(b) Provide nautical science education for deck officers and navigators
(c) Train marine engineers for ship engine room operations
(d) Offer electro-technical officer training for ship electrical systems
(e) Provide STCW-compliant training meeting IMO international standards
(f) Conduct practical sea training on training vessels
(g) Operate navigation and ship handling simulators
(h) Provide engine room simulator training
(9) Train ratings and lower-level seafarers
(j) Offer ship security training and ISPS Code compliance
(k) Provide survival at sea and life-saving training
(l) Train in marine safety and emergency response
(m) Offer maritime transport and shipping management programs
(n) Provide continuing education for serving seafarers
(o) Conduct seafarer certification examinations
(p) Collaborate with NIMASA on certification and standards
(q) Engage international maritime academies on best practices
(r) Support Cabotage Act implementation requiring Nigerian seafarers
(s) Address shortage of qualified Nigerians in global shipping
(t) Advance Nigeria's maritime workforce development supporting shipping industry, Cabotage compliance and Nigerian seafarers' employment in international merchant navy"
521013001,566. MEDICAL AND DENTAL COUNCIL OF NIGERIA (MDCN),"Medical and Dental Council of Nigeria (MDCN) is statutory regulatory body overseeing medical and dental professions. Headquartered in Abuja, operating under MDCN Act as independent regulatory authority. Established to regulate medical doctors, dentists and ensure professional standards protecting public health. Registers qualified medical practitioners and dentists. Accredits medical and dental schools ensuring quality training. Conducts professional examinations for foreign-trained doctors. Issues practicing licenses and annual practicing certificates. Enforces medical ethics and professional conduct. Investigates professional misconduct, medical negligence and quackery. Imposes disciplinary sanctions including suspension or deregistration. Monitors continuing medical education for practitioners. Regulates medical practice advertising and professional behavior. Collaborates with health facilities, medical associations (NMA, NDA) and international medical councils. Addresses challenges from quack doctors practicing illegally, medical brain drain and inadequate enforcement capacity. Maintains register of over 90,000 medical doctors and thousands of dentists. Critical for healthcare quality, patient safety and public trust in medical profession.

**Core Mandate:** To regulate medical and dental professions, register practitioners, ensure professional standards, enforce medical ethics and protect public from quackery and negligence.

**Statutory Functions:**
(a) Regulate medical and dental professions in Nigeria
(b) Register qualified medical doctors meeting educational requirements
(c) Register qualified dentists and dental surgeons
(d) Accredit medical schools ensuring quality medical education
(e) Accredit dental schools and dentistry training programs
(f) Conduct assessment examinations for foreign-trained doctors
(g) Issue practicing licenses to qualified practitioners
(h) Issue annual practicing certificates to doctors and dentists
(i) Enforce medical ethics and professional conduct standards
(j) Investigate complaints of medical negligence and malpractice
(k) Investigate professional misconduct by doctors and dentists
(l) Combat quackery and illegal medical practice
(m) Impose disciplinary sanctions including suspension or permanent deregistration
(n) Monitor continuing medical education and professional development
(o) Regulate medical practice advertising and professional marketing
(p) Maintain register of medical and dental practitioners (90,000+ doctors)
(q) Collaborate with Nigerian Medical Association and Nigerian Dental Association
(r) Coordinate with health facilities on practitioner compliance
(s) Engage international medical regulatory bodies
(t) Advance healthcare quality, patient safety and public protection through professional medical regulation combating quackery and enforcing ethical standards"
521034001,"567. MEDICAL LABORATORY SCIENCE COUNCIL OF NIGERIA (MLSCN), YABA","Medical Laboratory Science Council of Nigeria (MLSCN) is statutory regulatory body overseeing medical laboratory science profession. Located in Yaba, Lagos State, operating under MLSCN Act. Established to regulate medical laboratory scientists, technologists and technicians ensuring quality laboratory services. Registers qualified medical laboratory scientists meeting educational requirements (minimum Bachelor's degree in Medical Laboratory Science). Accredits medical laboratory science programs in universities. Conducts professional qualifying examinations. Issues practicing licenses and annual practicing certificates. Enforces professional ethics in laboratory practice. Investigates professional misconduct and enforces discipline. Monitors continuing professional development. Regulates medical laboratories ensuring quality standards. Promotes laboratory safety and biosafety practices. Collaborates with teaching hospitals, diagnostic laboratories and Association of Medical Laboratory Scientists of Nigeria (AMLSN). Addresses challenges from quack laboratory operators, inadequate laboratory standards and limited enforcement. Critical for accurate disease diagnosis, patient safety and public health laboratory services quality.

**Core Mandate:** To regulate medical laboratory science profession, register qualified practitioners, ensure laboratory quality standards and protect public from diagnostic errors and quackery.

**Statutory Functions:**
(a) Regulate medical laboratory science profession in Nigeria
(b) Register qualified medical laboratory scientists meeting educational standards
(c) Register medical laboratory technologists and technicians
(d) Accredit Medical Laboratory Science degree programs in universities
(e) Conduct professional qualifying examinations
(f) Issue practicing licenses to registered laboratory scientists
(g) Issue annual practicing certificates for laboratory practice
(h) Enforce professional ethics and conduct in laboratory services
(i) Investigate professional misconduct in laboratory practice
(j) Combat quackery and illegal laboratory operations
(k) Impose disciplinary sanctions for violations
(l) Monitor continuing professional development for laboratory scientists
(m) Regulate medical laboratories ensuring quality standards
(n) Promote laboratory safety and biosafety practices
(o) Develop laboratory quality assurance guidelines
(p) Enforce infection control in diagnostic laboratories
(q) Promote accurate disease diagnosis and laboratory testing
(r) Collaborate with Association of Medical Laboratory Scientists (AMLSN)
(s) Coordinate with hospitals on laboratory quality control
(t) Advance laboratory services quality, accurate diagnosis and patient safety through professional regulation preventing diagnostic errors from unqualified practitioners"
521015001,568. MEDICAL REHABILITATION THERAPISTS BOARD (MRTB),"Medical Rehabilitation Therapists Board (MRTB) is statutory regulatory body overseeing physiotherapy, occupational therapy and other rehabilitation professions. Headquartered in Nigeria, operating under MRTB Act. Established to regulate physiotherapists, occupational therapists, prosthetists/orthotists and other rehabilitation professionals. Registers qualified rehabilitation therapists meeting educational requirements. Accredits physiotherapy, occupational therapy and rehabilitation training programs. Conducts professional qualifying examinations. Issues practicing licenses. Enforces professional conduct and ethics in rehabilitation services. Investigates professional misconduct. Imposes disciplinary sanctions. Monitors continuing professional development. Promotes quality rehabilitation services for patients with disabilities, injuries and chronic conditions. Collaborates with rehabilitation facilities, teaching hospitals and professional associations. Addresses challenges from inadequate rehabilitation services, limited trained therapists and public awareness gaps. Critical for disability management, post-surgery rehabilitation, stroke recovery and orthopedic care quality.

**Core Mandate:** To regulate medical rehabilitation professions, register qualified therapists, ensure rehabilitation quality standards and promote professional rehabilitation services for disability management.

**Statutory Functions:**
(a) Regulate medical rehabilitation therapy professions in Nigeria
(b) Register qualified physiotherapists meeting educational standards
(c) Register occupational therapists providing disability rehabilitation
(d) Register prosthetists and orthotists providing assistive devices
(e) Register other rehabilitation professionals including speech therapists
(f) Accredit physiotherapy degree programs in universities
(g) Accredit occupational therapy and rehabilitation training programs
(h) Conduct professional qualifying examinations for therapists
(i) Issue practicing licenses to registered rehabilitation therapists
(j) Enforce professional ethics in rehabilitation practice
(k) Investigate professional misconduct in therapy services
(l) Impose disciplinary sanctions for violations
(m) Monitor continuing professional development for therapists
(n) Promote quality rehabilitation services for disabilities
(o) Develop standards for physiotherapy and occupational therapy
(p) Promote rehabilitation for stroke, injuries and orthopedic conditions
(q) Advance disability management and assistive technology use
(r) Collaborate with rehabilitation facilities and teaching hospitals
(s) Engage professional associations (Physiotherapy, Occupational Therapy)
(t) Advance rehabilitation services quality supporting disability management, post-surgery recovery and improving quality of life for Nigerians with physical disabilities and injuries"
233006001,"569. METALLURGICAL TRAINING INSTITUTE, ONITSHA","Metallurgical Training Institute Onitsha is specialized federal technical training institution providing metallurgy and metal working skills education. Located in Onitsha, Anambra State in southeastern Nigeria, operating under Federal Ministry of Mines and Steel Development. Established to train metallurgists, welders, fabricators and metal workers supporting Nigeria's steel and metallurgical industries. Provides certificate and diploma programs in metallurgy, welding technology, metal fabrication and foundry practice. Trains welders in various welding techniques (arc, gas, TIG, MIG). Provides metal fabrication and sheet metal working training. Offers foundry technology and metal casting training. Teaches metallurgical testing, quality control and materials science. Provides practical hands-on training in workshops. Trains technicians for steel plants, fabrication workshops and manufacturing industries. Supports Ajaokuta Steel Company and steel industry manpower needs. Conducts skills training for artisans and technicians. Collaborates with steel companies, manufacturing firms and technical colleges. Faces challenges from limited equipment, inadequate funding and steel industry underdevelopment. Critical for steel sector development and metallurgical skills in southeastern Nigeria's industrial economy.

**Core Mandate:** To provide metallurgical and welding training, develop metal working skills, train technicians for steel industry and support Nigeria's metallurgical sector manpower development.

**Statutory Functions:**
(a) Provide specialized training in metallurgy and metal working
(b) Train welders in arc, gas, TIG and MIG welding techniques
(c) Provide metal fabrication and sheet metal working training
(d) Teach foundry technology and metal casting processes
(e) Train in metallurgical testing and quality control
(f) Provide materials science education for metallurgists
(g) Conduct practical workshop training in welding and fabrication
(h) Train technicians for steel plants and metallurgical industries
(i) Support Ajaokuta Steel Company manpower requirements
(j) Provide skills training for fabrication workshop artisans
(k) Teach metal heat treatment and material properties
(l) Train in welding inspection and non-destructive testing
(m) Provide occupational safety in welding and metal working
(n) Conduct continuing education for welders and fabricators
(o) Certify trainees in welding and metallurgical skills
(p) Collaborate with steel companies on workforce training
(q) Coordinate with manufacturing firms requiring metal workers
(r) Engage technical colleges on metallurgy curriculum
(s) Promote steel industry development through skilled workforce
(t) Advance Nigeria's metallurgical capacity and steel sector through specialized training producing welders, fabricators and technicians for manufacturing and steel industries"
227003001,570. MICHAEL IMODU INSTITUTE OF LABOUR STUDIES,"Michael Imodu Institute of Labour Studies is federal training and research institution for labor studies, industrial relations and trade unionism. Located in Nigeria, operating under Federal Ministry of Labour and Employment. Named after Michael Imoudu, prominent Nigerian labor leader. Established to provide training, research and capacity building for labor movement, trade unions and industrial relations practitioners. Conducts training programs for trade union leaders, shop stewards and labor organizers. Provides industrial relations education for employers, workers and government officials. Conducts research on labor issues, collective bargaining, workers' rights and employment relations. Offers certificate and diploma programs in labor studies. Trains labor inspectors and ministry of labour officials. Provides negotiation and conflict resolution skills training. Conducts workers' education promoting labor rights awareness. Researches Nigerian labor history and trade union movements. Collaborates with ILO, trade unions (NLC, TUC) and international labor education institutions. Addresses challenges from declining union membership, changing work patterns and labor movement fragmentation. Critical for industrial harmony, collective bargaining effectiveness and workers' rights protection.

**Core Mandate:** To provide labor education, train trade unionists, conduct labor research, build industrial relations capacity and support workers' rights and trade union effectiveness.

**Statutory Functions:**
(a) Provide specialized training in labor studies and industrial relations
(b) Train trade union leaders and shop stewards
(c) Provide education for labor organizers and union officials
(d) Train employers and managers in industrial relations
(e) Conduct training for Ministry of Labour officials
(f) Provide labor inspection and workplace compliance training
(g) Teach collective bargaining and negotiation skills
(h) Train in labor dispute resolution and conflict management
(i) Conduct workers' education on labor rights and responsibilities
(j) Provide occupational safety and health training
(k) Conduct research on Nigerian labor issues and employment
(l) Research collective bargaining trends and outcomes
(m) Study workers' rights, labor laws and employment relations
(n) Research trade union movements and labor history
(o) Offer certificate and diploma programs in labor studies
(p) Provide continuing education for labor practitioners
(q) Collaborate with ILO on labor education programs
(r) Coordinate with NLC, TUC and trade unions
(s) Engage international labor education institutions
(t) Advance industrial harmony, effective collective bargaining and workers' rights through labor education strengthening trade unions and industrial relations practice"
215012003,"571. MICHAEL OKPARA UNIVERSITY OF AGRICULTURE, UMUDIKE (MOUAU)","Michael Okpara University of Agriculture Umudike (MOUAU) is specialized federal university focusing on agricultural education, research and development. Located in Umudike, Abia State in southeastern Nigeria, operating under Federal Ministry of Education. Established in 1992 and named after Dr. Michael Okpara, former Premier of Eastern Nigeria and agricultural champion. MOUAU focuses exclusively on agriculture, agricultural sciences and related disciplines. Offers undergraduate and postgraduate programs in agronomy, animal science, soil science, agricultural economics, agricultural engineering, food science, forestry and fisheries. Conducts agricultural research on crop production, livestock, soil management and agricultural technologies. Operates teaching and research farms demonstrating improved agricultural practices. Focuses on southeastern Nigeria agroecological zone crops including cassava, yam, cocoa, oil palm and vegetables. Conducts extension services training farmers. Researches sustainable agriculture, climate-smart farming and agricultural mechanization. Collaborates with IITA, agricultural research institutes and international agricultural universities. Addresses food security, rural development and agricultural transformation. Produces agricultural graduates and expertise supporting Nigeria's agricultural sector development.

**Core Mandate:** To provide specialized agricultural education, conduct agricultural research, train agricultural professionals and support Nigeria's agricultural development and food security.

**Statutory Functions:**
(a) Provide specialized university education in agriculture and agricultural sciences
(b) Offer undergraduate degree programs in agronomy and crop production
(c) Provide animal science and livestock production education
(d) Teach soil science, soil fertility and land management
(e) Offer agricultural economics and agribusiness programs
(6) Provide agricultural engineering and mechanization education
(g) Teach food science, food technology and post-harvest management
(h) Offer forestry, fisheries and aquaculture programs
(i) Provide postgraduate programs (Masters and PhD) in agricultural sciences
(j) Conduct agricultural research on crop improvement and production
(k) Research livestock production systems and animal health
(l) Study soil management and soil conservation techniques
(m) Research agricultural technologies and innovation
(n) Operate teaching and research farms for practical training
(o) Conduct extension services training farmers on improved practices
(p) Research cassava, yam, oil palm and southeastern crops
(q) Study sustainable agriculture and climate-smart farming
(r) Collaborate with IITA, NRCRI and agricultural research institutes
(s) Engage international agricultural universities and CGIAR centers
(t) Advance agricultural education, research and innovation supporting food security, rural development and agricultural transformation through specialized university producing agricultural professionals and technologies"
116021001,572. MILITARY PENSION BOARD,"Military Pension Board is federal agency managing pensions and retirement benefits for Nigerian Armed Forces personnel. Located in Abuja, operating under Federal Ministry of Defence. Established to administer pension payments, gratuities and death benefits for retired military personnel, veterans and dependents of deceased service members. Processes retirement benefits for Army, Navy and Air Force retirees. Calculates pension entitlements based on rank, years of service and retirement conditions. Pays monthly pensions to retired military personnel. Processes gratuities (lump sum retirement benefits) upon discharge. Manages death benefits and pensions for widows/orphans of deceased soldiers. Addresses pension arrears and outstanding payments. Maintains database of military retirees and pensioners. Verifies pensioners through biometric registration preventing fraud. Collaborates with Defense Headquarters, service branches and PenCom. Faces challenges from pension arrears, inadequate funding, verification difficulties and delayed payments affecting veterans' welfare. Military pension is distinct from contributory pension applying to civilian workers. Critical for military morale, retirement security and honoring service to nation.

**Core Mandate:** To administer military pensions, pay retirement benefits, manage gratuities and death benefits, and ensure welfare of retired armed forces personnel and dependents.

**Statutory Functions:**
(a) Administer pension payments for retired Nigerian Armed Forces personnel
(b) Process retirement benefits for Army, Navy and Air Force retirees
(c) Calculate pension entitlements based on rank and service years
(d) Pay monthly pensions to military retirees and veterans
(e) Process gratuities (lump sum payments) upon military retirement
(f) Manage death benefits for families of deceased service members
(g) Pay pensions to widows and orphans of fallen soldiers
(h) Address pension arrears and outstanding payment backlogs
(i) Maintain comprehensive database of military pensioners
(j) Conduct biometric verification preventing pension fraud
(k) Verify identity of pensioners claiming monthly benefits
(l) Process disability pensions for medically discharged personnel
(m) Handle pension adjustments and increases
(n) Coordinate with Defense Headquarters on retiree data
(o) Collaborate with Army, Navy and Air Force on discharge processing
(p) Liaise with PenCom on pension regulatory compliance
(q) Address complaints from military retirees on delayed payments
(r) Manage budget allocation for military pension payments
(s) Promote digital payment systems for pension distribution
(t) Advance military veterans' welfare and retirement security honoring service to nation through timely pension payments despite funding and arrears challenges"
257003001,573. MINING CADASTRAL OFFICE (MCO),"Mining Cadastral Office (MCO) is federal agency managing mining rights, mineral titles and mining cadastre system. Located in Abuja, operating under Federal Ministry of Solid Minerals Development. Established to administer transparent allocation of mineral exploration and mining rights. MCO operates online Mining Cadastre Portal implementing ""first-come-first-served"" principle for mineral title applications. Issues mineral exploration licenses, mining leases, small-scale mining licenses and quarrying permits. Maintains comprehensive database of all mineral titles across Nigeria. Prevents overlapping claims through geographic information system (GIS) mapping. Processes applications for mineral rights electronically. Monitors compliance with mineral title conditions. Collects royalties and fees from mining license holders. Provides transparency in mineral rights allocation preventing corruption. Makes mineral title information publicly accessible. Collaborates with mining companies, artisanal miners and state governments. Addresses challenges from illegal mining, artisanal mining formalization and mineral revenue collection. Critical for mining sector regulation, investor confidence and transparent mineral resource governance. Supports Nigeria's solid minerals sector development beyond oil dependence.

**Core Mandate:** To administer mineral rights, issue mining licenses, manage mining cadastre, ensure transparent allocation and regulate mining title system in Nigeria.

**Statutory Functions:**
(a) Administer mining rights and mineral title allocation in Nigeria
(b) Operate online Mining Cadastre Portal for transparent applications
(c) Issue mineral exploration licenses for prospecting
(d) Grant mining leases for large-scale commercial mining
(e) Issue small-scale mining licenses for artisanal miners
(f) Grant quarrying permits for construction materials
(g) Process mineral title applications electronically
(h) Implement ""first-come-first-served"" principle for mineral rights
(i) Maintain comprehensive database of all mineral titles
(j) Prevent overlapping claims through GIS mapping
(k) Monitor compliance with mineral title terms and conditions
(l) Collect royalties and fees from license holders
(m) Renew mineral titles upon expiration
(n) Revoke licenses for non-compliance or violations
(o) Provide public access to mineral title information
(p) Promote transparency in mineral rights allocation
(q) Collaborate with mining companies on licensing
(r) Support artisanal miners formalization through licensing
(s) Coordinate with state governments on mining regulation
(t) Advance transparent mining governance, investor confidence and mineral sector development through professional cadastre management supporting Nigeria's economic diversification beyond oil"
116001001,574. MINISTRY OF DEFENCE HEADQUARTERS (MOD),"Federal Ministry of Defence Headquarters is apex civilian ministry overseeing Nigerian Armed Forces and defense policy. Located in Abuja, operating under executive branch with Minister of Defence appointed by President. Provides civilian oversight and political direction for military. Formulates national defense policy and military strategy. Coordinates Army, Navy, Air Force and Defense Intelligence Agency. Manages defense budget allocation across service branches. Oversees procurement of military equipment, weapons and platforms. Supervises military operations against Boko Haram, banditry and insurgency. Coordinates defense diplomacy and military cooperation with foreign countries. Manages defense industries and military production. Oversees military training institutions. Coordinates peacekeeping troop contributions to UN and AU missions. Supervises veterans' affairs and military welfare. Coordinates civil-military relations. Collaborates with National Security Adviser and security agencies. Addresses challenges from insurgency, limited defense budget, equipment obsolescence and inter-service coordination. Critical for national security, territorial defense and maintaining constitutional civilian control over military.

**Core Mandate:** To provide civilian oversight of armed forces, formulate defense policy, coordinate military services, manage defense budget and ensure national security and territorial integrity.

**Statutory Functions:**
(a) Provide civilian oversight and political direction for Nigerian Armed Forces
(b) Formulate national defense policy and military strategy
(c) Coordinate Nigerian Army, Navy, Air Force operations
(d) Oversee Defense Intelligence Agency and military intelligence
(e) Manage defense budget allocation across service branches
(f) Procure military equipment, weapons systems and platforms
(g) Supervise counter-insurgency operations against Boko Haram
(h) Coordinate military operations against banditry and kidnapping
(i) Oversee peacekeeping contributions to UN and AU missions
(j) Manage defense diplomacy and bilateral military cooperation
(k) Coordinate military training and professional military education
(l) Oversee defense industries and military production capabilities
(m) Manage veterans' affairs through Military Pension Board
(n) Coordinate civil-military relations and humanitarian operations
(o) Supervise military justice and discipline systems
(p) Manage defense infrastructure and military bases
(q) Coordinate with National Security Adviser on security strategy
(r) Collaborate with DSS, Police and security agencies
(s) Ensure constitutional civilian control over military
(t) Advance national security, territorial defense and military effectiveness through civilian oversight maintaining democratic governance while coordinating armed forces defending Nigeria against insurgency, terrorism and external threats"
119001001,575. MINISTRY OF FOREIGN AFFAIRS HEADQUARTERS,"Federal Ministry of Foreign Affairs Headquarters is apex ministry managing Nigeria's foreign policy, diplomacy and international relations. Located in Abuja, operating under executive branch with Minister of Foreign Affairs appointed by President. Formulates and implements Nigeria's foreign policy. Coordinates Nigeria's 120+ diplomatic missions worldwide. Manages bilateral relations with countries globally. Represents Nigeria in multilateral organizations (UN, AU, ECOWAS, Commonwealth). Conducts treaty negotiations and international agreements. Protects Nigerian citizens abroad through consular services. Promotes Nigeria's economic diplomacy and trade interests. Coordinates development cooperation and foreign aid. Manages diaspora engagement policies. Oversees protocol for foreign dignitaries visiting Nigeria. Coordinates presidential and ministerial foreign visits. Manages Nigeria's UN Security Council participation. Promotes Pan-Africanism and African integration. Addresses challenges from resource constraints, diaspora protection needs and complex international environment. Employs diplomats trained at Foreign Service Academy. Critical for Nigeria's global engagement, protecting national interests and advancing Africa's largest democracy's international agenda.

**Core Mandate:** To formulate foreign policy, manage diplomatic relations, coordinate missions abroad, protect citizens overseas and advance Nigeria's interests in international arena.

**Statutory Functions:**
(a) Formulate and implement Nigeria's foreign policy and international strategy
(b) Coordinate 120+ Nigerian diplomatic missions and consulates worldwide
(c) Manage bilateral relations with countries across all continents
(d) Represent Nigeria in United Nations and specialized agencies
(e) Coordinate Nigeria's African Union participation and Pan-African agenda
(f) Manage ECOWAS engagement and West African regional leadership
(g) Participate in Commonwealth, OIC and multilateral organizations
(h) Negotiate treaties, conventions and international agreements
(i) Protect Nigerian citizens abroad through consular services
(j) Coordinate diaspora engagement and diaspora remittances policy
(k) Promote economic diplomacy advancing trade and investment
(l) Manage development cooperation and foreign aid coordination
(m) Coordinate presidential state visits and foreign travel
(n) Manage protocol for foreign dignitaries visiting Nigeria
(o) Oversee Nigeria's UN Security Council participation
(p) Coordinate peacekeeping troop contributions policy
(q) Promote Nigeria's soft power and cultural diplomacy
(r) Address migration and irregular migration challenges
(s) Train diplomats through Foreign Service Academy
(t) Advance Nigeria's global interests, regional leadership and international influence through professional diplomacy protecting citizens abroad and engaging multilateral institutions"
124001001,576. MINISTRY OF INTERIOR HEADQUARTERS,"Federal Ministry of Interior is ministry overseeing internal security agencies, immigration, prisons and civil defense. Located in Abuja, operating under executive branch with Minister of Interior appointed by President. Supervises Nigeria Immigration Service controlling borders and immigration. Oversees Nigeria Prisons Service (now Nigerian Correctional Service) managing correctional facilities. Coordinates Nigeria Security and Civil Defence Corps providing infrastructure security. Manages Federal Fire Service for firefighting and emergency response. Formulates policies on internal security, immigration, corrections and civil protection. Coordinates border management and immigration control. Oversees prison reforms and correctional rehabilitation programs. Manages national identity cards and civil registration. Coordinates disaster management and emergency response. Supervises passport issuance and visa policies. Addresses challenges from porous borders, prison congestion, inadequate civil defense and security threats. Collaborates with Ministry of Defence, NSA and security architecture. Critical for internal security, border control, corrections and civil protection.

**Core Mandate:** To oversee internal security agencies, manage immigration and borders, supervise correctional services, coordinate civil defense and ensure internal security and civil protection.

**Statutory Functions:**
(a) Supervise Nigeria Immigration Service managing borders and immigration control
(b) Oversee Nigerian Correctional Service (formerly Prisons) and correctional facilities
(c) Coordinate Nigeria Security and Civil Defence Corps protecting infrastructure
(d) Manage Federal Fire Service providing firefighting and emergency response
(e) Formulate policies on internal security and civil protection
(f) Coordinate border management across land, air and sea entry points
(g) Oversee immigration policies, visa requirements and entry regulations
(h) Supervise passport issuance through immigration service
(i) Manage correctional reforms and prison decongestion initiatives
(j) Oversee rehabilitation and reintegration programs for inmates
(k) Coordinate civil defense and critical infrastructure protection
(l) Manage disaster response and emergency management coordination
(m) Supervise national identity card and civil registration systems
(n) Address prison congestion and awaiting trial detainees issues
(o) Combat human trafficking through immigration controls
(p) Prevent irregular migration and border infiltration
(q) Coordinate with customs on border management
(r) Collaborate with Ministry of Defence and NSA on security
(s) Engage neighboring countries on cross-border security
(t) Advance internal security, effective border control and correctional rehabilitation through coordinated management of immigration, prisons and civil defense agencies"
232001001,577. MINISTRY OF PETROLEUM RESOURCES HEADQUARTERS,"Federal Ministry of Petroleum Resources is apex ministry overseeing Nigeria's oil and gas industry and petroleum sector. Located in Abuja, operating under executive branch with Minister of Petroleum Resources (often held by President) and Minister of State. Formulates petroleum policies and regulations. Supervises NNPC Ltd (Nigerian National Petroleum Company Limited). Regulates upstream oil exploration and production. Oversees downstream petroleum refining and distribution. Manages gas sector development and domestic gas supply. Coordinates petroleum revenue collection and management. Issues oil blocks and petroleum licenses. Negotiates Production Sharing Contracts with international oil companies. Manages Nigeria's OPEC participation and oil production quotas. Oversees petroleum industry reforms including Petroleum Industry Act implementation. Addresses fuel subsidy policies and petroleum pricing. Supervises DPR/NUPRC (Nigerian Upstream Petroleum Regulatory Commission). Coordinates environmental remediation in oil-producing areas. Addresses oil theft, pipeline vandalism and crude oil losses. Faces challenges from oil theft ($billions lost annually), aging refineries, subsidy removal politics and Niger Delta conflicts. Critical for national revenue (oil provides ~80% export earnings) and energy security.

**Core Mandate:** To formulate petroleum policies, regulate oil and gas industry, manage petroleum revenues, oversee NNPC and ensure optimal exploitation of Nigeria's hydrocarbon resources.

**Statutory Functions:**
(a) Formulate national petroleum policies and industry regulations
(b) Supervise NNPC Ltd operations and petroleum assets management
(c) Regulate upstream oil exploration and production activities
(d) Oversee downstream petroleum refining, distribution and marketing
(e) Manage natural gas sector development and gas-to-power programs
(f) Coordinate petroleum revenue collection and remittances
(g) Issue oil prospecting licenses and petroleum mining leases
(h) Negotiate Production Sharing Contracts with international oil companies
(i) Allocate oil blocks for exploration and production
(j) Manage Nigeria's OPEC participation and production quota compliance
(k) Coordinate Petroleum Industry Act implementation and reforms
(l) Oversee petroleum pricing and fuel subsidy policies
(m) Supervise Nigerian Upstream Petroleum Regulatory Commission (NUPRC)
(n) Regulate Nigerian Midstream and Downstream Petroleum Regulatory Authority
(o) Address oil theft and pipeline vandalism losing billions in revenue
(p) Manage environmental remediation in oil-producing Niger Delta
(q) Coordinate local content development in petroleum industry
(r) Oversee refineries rehabilitation and new refineries development
(s) Collaborate with Ministry of Finance on petroleum revenues
(t) Advance petroleum sector optimization, revenue generation and energy security managing Nigeria's oil and gas resources providing ~80% export earnings despite oil theft and refinery challenges"
521026025,"578. MODIBBO ADAMA UNIVERSITY TEACHING HOSPITAL (MAUTH), YOLA","Modibbo Adama University Teaching Hospital Yola is federal tertiary healthcare institution and teaching hospital. Located in Yola, Adamawa State in northeastern Nigeria, operating under Federal Ministry of Health and affiliated with Modibbo Adama University (formerly Adamawa State University renamed federal university). Provides tertiary healthcare services for Adamawa State and northeastern Nigeria. Delivers specialist medical care including surgery, internal medicine, obstetrics/gynecology, pediatrics and other specialties. Operates as referral hospital for northeastern states. Provides postgraduate medical training for doctors pursuing specialist qualifications. Trains medical students from Modibbo Adama University during clinical rotations. Conducts clinical research on health challenges in northeastern Nigeria. Operates in region affected by Boko Haram insurgency managing conflict-related injuries and displaced populations' health needs. Provides maternal and child healthcare. Faces challenges from insurgency disruptions, inadequate infrastructure, healthcare worker shortages and overwhelming patient loads from Adamawa and neighboring states. Critical for northeastern Nigeria healthcare where insurgency destroyed health infrastructure.

**Core Mandate:** To provide tertiary healthcare, train medical professionals, conduct clinical research and serve as referral hospital for Adamawa State and northeastern Nigeria despite insurgency challenges.

**Statutory Functions:**
(a) Provide comprehensive tertiary healthcare services in Adamawa State
(b) Deliver specialist medical care in surgery, medicine and subspecialties
(c) Operate as referral hospital for northeastern Nigeria
(d) Provide emergency and trauma care including conflict-related injuries
(e) Manage health needs of populations displaced by Boko Haram insurgency
(f) Deliver obstetric and gynecological services for maternal health
(g) Provide pediatric care addressing child health in northeastern region
(h) Offer surgical services including emergency surgery
(i) Provide internal medicine including communicable disease management
(j) Train resident doctors through postgraduate medical programs
(k) Provide clinical training for Modibbo Adama University medical students
(l) Train nurses and allied health professionals
(m) Conduct clinical research on northeastern Nigeria health challenges
(n) Operate laboratories for diagnostic testing
(o) Provide radiology and imaging services
(p) Address malnutrition in conflict-affected populations
(q) Deliver mental health services for trauma and conflict-related disorders
(r) Operate despite insurgency security challenges
(s) Collaborate with humanitarian organizations on health interventions
(t) Advance healthcare delivery and medical training in insurgency-affected northeastern Nigeria providing critical tertiary services for Adamawa State and region"
517021019,"579. MODIBBO ADAMA UNIVERSITY OF TECHNOLOGY (MAUTECH), YOLA","Modibbo Adama University of Technology Yola is federal university focusing on technology, engineering and applied sciences. Located in Yola, Adamawa State in northeastern Nigeria, operating under Federal Ministry of Education. Originally established as Federal University of Technology Yola in 1981, renamed Modibbo Adama University of Technology honoring Modibbo Adama, founder of Adamawa Emirate. Focuses on technology, engineering, applied sciences and related disciplines. Offers undergraduate and postgraduate programs in engineering (civil, mechanical, electrical, chemical), computer science, applied sciences, agriculture, environmental sciences and management. Operates Schools of Engineering, Technology, Pure and Applied Sciences, Agriculture, Environmental Sciences, Management and Information Technology. Conducts research on engineering solutions, appropriate technology and regional development challenges. Provides practical training through workshops and laboratories. Serves northeastern Nigeria's technology and engineering education needs. Located in region affected by Boko Haram insurgency but maintains operations. Collaborates with industries on practical training and research. Produces engineering graduates and technologists for national development.

**Core Mandate:** To provide technology and engineering education, conduct applied research, train engineers and technologists, and support technological development in northeastern Nigeria.

**Statutory Functions:**
(a) Provide university education in technology, engineering and applied sciences
(b) Offer undergraduate degree programs in engineering disciplines
(c) Teach civil engineering including structures and construction
(d) Provide mechanical engineering education and automotive technology
(e) Offer electrical and electronics engineering programs
(f) Teach chemical engineering and process engineering
(g) Provide computer science and information technology education
(h) Offer applied sciences including physics, chemistry and mathematics
(i) Provide agricultural engineering and mechanization programs
(j) Teach environmental science and environmental engineering
(k) Offer management and entrepreneurship programs
(l) Provide postgraduate programs (Masters and PhD) in technology fields
(m) Conduct engineering research on regional development challenges
(n) Research appropriate technology for northeastern Nigeria
(o) Operate engineering laboratories and workshops for practical training
(p) Provide industrial training and attachments for students
(q) Collaborate with industries on applied research
(r) Operate despite northeastern insurgency challenges
(s) Engage international technology universities
(t) Advance technological education and engineering capacity in northeastern Nigeria producing engineers, technologists and applied scientists for national industrial and infrastructural development"
112001001,580. NATIONAL ASSEMBLY (NASS) MANAGEMENT,"National Assembly Management is administrative arm supporting Nigeria's bicameral legislature. Located in Abuja at National Assembly Complex, operating under National Assembly Service Commission. Provides administrative, financial and technical support for Senate (109 Senators) and House of Representatives (360 members). Manages National Assembly bureaucracy including legislative aides, committee staff and support personnel. Operates legislative library and research services. Manages National Assembly budget and finances. Provides secretariat services for committees. Facilitates plenary sessions and legislative proceedings. Manages National Assembly infrastructure and facilities. Coordinates legislative drafting support. Provides protocol services for legislators. Manages legislative documentation and records. Supports constituency projects oversight. Coordinates public engagement and legislative hearings. Provides security for National Assembly complex. Manages lawmakers' welfare and entitlements. Addresses challenges from bureaucratic inefficiency, perceived excessive expenditure and transparency concerns. Critical for legislative effectiveness, democratic governance and separation of powers enabling lawmakers to perform constitutional oversight and lawmaking functions.

**Core Mandate:** To provide administrative and technical support for National Assembly, facilitate legislative processes, manage National Assembly bureaucracy and enable effective lawmaking and oversight.

**Statutory Functions:**
(a) Provide administrative support for Senate and House of Representatives
(b) Manage National Assembly bureaucracy and civil service
(c) Support legislative committees with secretariat services
(d) Facilitate plenary sessions and legislative proceedings
(e) Operate legislative library and research services
(f) Provide legislative drafting and bill analysis support
(g) Manage National Assembly budget and financial administration
(h) Process lawmakers' salaries, allowances and entitlements
(i) Manage National Assembly infrastructure and facilities
(j) Provide security for National Assembly complex and legislators
(k) Coordinate protocol services for legislators and visitors
(l) Manage legislative documentation, records and archives
(m) Support constituency projects allocation and oversight
(n) Facilitate public hearings and stakeholder engagement
(o) Coordinate legislative training and capacity building
(p) Manage legislative aides recruitment and administration
(q) Provide ICT infrastructure for legislative operations
(r) Coordinate inter-parliamentary exchanges and cooperation
(s) Support constitutional oversight functions
(t) Advance legislative effectiveness and democratic governance through professional administrative support enabling National Assembly to perform lawmaking, appropriation and oversight functions"
517026093,# NIGERIAN FEDERAL AGENCY MANDATES: AGENCIES 521-540,"**MDA Code:** 517026093

Federal Technical College Otobi, Benue State, is a federal technical college providing technical and vocational secondary education. Located in Otobi, Benue State in north-central Nigeria, operating under Federal Ministry of Education. Benue State, known as ""Food Basket of the Nation,"" is major agricultural state producing yam, rice, cassava and soya beans. Otobi is community in Benue State. The college provides technical education including engineering trades, agricultural mechanization, business studies and vocational skills. Admits students through entrance examinations. Prepares students for NABTEB (National Business and Technical Examinations Board) technical examinations alongside WAEC and NECO. Features workshops for carpentry, metalwork, electrical installation, motor vehicle mechanics, building construction, agricultural machinery and other trades. Provides practical hands-on vocational training. Located in agricultural Benue State where farming dominates economy, agricultural mechanization skills are particularly relevant. Technical education supports agricultural processing, rural construction and mechanization needs.

**Core Mandate:** To provide technical and vocational secondary education, develop practical trade skills especially agricultural mechanization, and prepare students for technical careers supporting Benue State agriculture and north-central Nigeria development.

**Statutory Functions:**
(a) Provide technical and vocational secondary education in Benue State
(b) Admit students through entrance examinations for technical programs
(c) Emphasize engineering trades, agricultural mechanization and vocational skills
(d) Provide carpentry and woodwork training workshops
(e) Maintain metalwork, welding and fabrication facilities
(f) Teach electrical installation and electronics
(g) Provide motor vehicle mechanics and agricultural machinery training
(h) Teach building construction, masonry and plumbing
(i) Prepare students for NABTEB technical examinations
(j) Deliver practical hands-on vocational training
(k) Prepare students for polytechnic National Diploma programs
(l) Develop skilled tradesmen for agricultural mechanization
(m) Maintain workshop equipment and agricultural machinery
(n) Employ qualified technical instructors and trade masters
(o) Provide apprenticeship-style practical training
(p) Foster technical craftsmanship and agricultural technology skills
(q) Develop entrepreneurship skills for self-employment
(r) Prepare students for technical certifications
(s) Promote technical and agricultural mechanization careers
(t) Produce skilled technical workers supporting Benue State agricultural processing, mechanization and north-central Nigeria food production technical workforce"
517026094,522. FTC OTUKPO,"Federal Technical College Otukpo, Benue State, is a federal technical college providing technical and vocational secondary education. Located in Otukpo, major commercial town and Local Government headquarters in Benue State, operating under Federal Ministry of Education. Otukpo is significant Idoma ethnic group town in Benue State's Zone C. The college provides comprehensive technical education including engineering trades, business studies and vocational skills. Admits students through entrance examinations. Prepares students for NABTEB and WAEC/NECO technical examinations. Features extensive workshops for carpentry, metalwork, electrical work, motor mechanics, building construction, welding and other trades. Provides practical vocational training. Located in commercial Otukpo town with agricultural hinterland, technical skills support construction, agricultural processing and commercial activities. Benue's agricultural economy requires technical education for mechanization and agro-industrial development.

**Core Mandate:** To provide technical and vocational secondary education, develop practical trade skills and prepare students for technical careers supporting Otukpo commercial activities and Benue State development.

**Statutory Functions:**
(a) Provide technical and vocational secondary education in Otukpo, Benue State
(b) Admit students through entrance examinations
(c) Emphasize engineering trades, vocational skills and business studies
(d) Provide comprehensive carpentry and woodwork workshops
(e) Maintain metalwork, welding and fabrication facilities
(f) Teach electrical installation and wiring
(g) Provide motor vehicle mechanics and automotive technology
(h) Teach building construction and masonry trades
(i) Prepare students for NABTEB technical examinations
(j) Deliver practical hands-on vocational training
(k) Prepare students for polytechnic technical programs
(l) Develop skilled craftsmen for construction and agricultural sectors
(m) Maintain workshop equipment and machinery
(n) Employ qualified technical instructors
(o) Provide apprenticeship training
(p) Foster technical excellence and craftsmanship
(q) Develop entrepreneurship for self-employment in trades
(r) Prepare for technical certifications
(s) Promote technical career opportunities
(t) Produce skilled technical workers supporting Otukpo commercial activities, Benue State agricultural mechanization and north-central Nigeria technical workforce development"
517026095,523. FTC SHIRORO,"Federal Technical College Shiroro, Niger State, is a federal technical college providing technical and vocational secondary education. Located in Shiroro, Niger State in north-central Nigeria, operating under Federal Ministry of Education. Shiroro is area known for Shiroro Hydroelectric Dam on Kaduna River, one of Nigeria's major hydropower stations generating electricity. Niger State is large state with agricultural and hydropower potential. The college provides technical education including engineering trades, electrical/electronics (relevant given hydropower context), business studies and vocational skills. Admits students through entrance examinations. Prepares students for NABTEB and WAEC/NECO examinations. Features workshops for carpentry, metalwork, electrical installation, motor mechanics, building construction and other trades. Provides practical training. Located near hydropower infrastructure, electrical and electronics skills particularly relevant. Technical education supports energy sector, construction and agricultural mechanization needs.

**Core Mandate:** To provide technical and vocational secondary education, develop practical trade skills especially electrical/electronics, and prepare students for technical careers supporting Niger State hydropower, agriculture and development.

**Statutory Functions:**
(a) Provide technical and vocational secondary education in Shiroro, Niger State
(b) Admit students through entrance examinations
(c) Emphasize engineering trades, electrical/electronics and vocational skills
(d) Provide carpentry and woodwork training
(e) Maintain metalwork and welding workshops
(f) Teach electrical installation, wiring and power systems
(g) Provide electronics training relevant to hydropower context
(h) Teach motor vehicle mechanics
(i) Provide building construction and masonry training
(j) Prepare students for NABTEB examinations
(k) Deliver practical vocational training
(l) Prepare students for polytechnic electrical/electronics programs
(m) Develop skilled electrical workers for power sector
(n) Maintain workshop equipment
(o) Employ qualified technical instructors
(p) Provide hands-on training in electrical trades
(q) Foster technical expertise in power systems
(r) Develop entrepreneurship skills
(s) Prepare for electrical technical certifications
(t) Produce skilled workers supporting Shiroro hydropower operations, Niger State energy sector and north-central Nigeria electrical workforce"
517026096,524. FTC UROMI,"Federal Technical College Uromi, Edo State, is a federal technical college providing technical and vocational secondary education. Located in Uromi, Edo State in south-south Nigeria, operating under Federal Ministry of Education. Uromi is major town in Esan region of Edo State. Edo State has diverse economy including agriculture, manufacturing and services. The college provides technical education including engineering trades, business studies and vocational skills. Admits students through entrance examinations. Prepares students for NABTEB and WAEC/NECO technical examinations. Features workshops for various trades including carpentry, metalwork, electrical installation, motor mechanics, building construction, welding and other skills. Provides practical hands-on vocational training. Located in Edo State with manufacturing industries and construction activities creating demand for skilled technical workers.

**Core Mandate:** To provide technical and vocational secondary education, develop practical trade skills and prepare students for technical careers supporting Edo State manufacturing and south-south Nigeria development.

**Statutory Functions:**
(a) Provide technical and vocational secondary education in Uromi, Edo State
(b) Admit students through entrance examinations
(c) Emphasize engineering trades and vocational skills
(d) Provide carpentry and woodwork workshops
(e) Maintain metalwork and welding facilities
(f) Teach electrical installation and electronics
(g) Provide motor vehicle mechanics training
(h) Teach building construction and masonry
(i) Prepare students for NABTEB examinations
(j) Deliver practical vocational training
(k) Prepare students for polytechnic programs
(l) Develop skilled craftsmen for manufacturing sector
(m) Maintain workshop equipment
(n) Employ qualified technical instructors
(o) Provide apprenticeship training
(p) Foster technical craftsmanship
(q) Develop entrepreneurship skills
(r) Prepare for technical certifications
(s) Promote technical careers
(t) Produce skilled workers supporting Edo State manufacturing and south-south Nigeria technical workforce"
517026097,525. FTC UYO,"Federal Technical College Uyo, Akwa Ibom State, is a federal technical college providing technical and vocational secondary education. Located in Uyo, Akwa Ibom State capital in south-south Nigeria, operating under Federal Ministry of Education. Uyo is growing state capital in oil-producing Akwa Ibom State. Akwa Ibom has significant oil and gas industry alongside agriculture and fishing. The college provides technical education including engineering trades, petroleum-related technical skills, business studies and vocational training. Admits students through entrance examinations. Prepares students for NABTEB and WAEC/NECO examinations. Features workshops for carpentry, metalwork, electrical installation, motor mechanics, welding, building construction and other trades. Provides practical training. Located in oil-producing state capital, technical skills support petroleum services, construction boom and industrial development. Niger Delta requires skilled technical workforce for oil industry support services.

**Core Mandate:** To provide technical and vocational secondary education, develop practical trade skills supporting oil industry, and prepare students for technical careers in Akwa Ibom State and Niger Delta.

**Statutory Functions:**
(a) Provide technical and vocational secondary education in Akwa Ibom State capital
(b) Admit students through entrance examinations
(c) Emphasize engineering trades, petroleum services and vocational skills
(d) Provide carpentry and woodwork training
(e) Maintain metalwork, welding and fabrication workshops
(f) Teach electrical installation and industrial electronics
(g) Provide motor vehicle and industrial equipment mechanics
(h) Teach building construction for oil industry infrastructure
(i) Prepare students for NABTEB examinations
(j) Deliver practical vocational training
(k) Prepare students for polytechnic petroleum-related programs
(l) Develop skilled workers for oil services sector
(m) Maintain workshop equipment
(n) Employ qualified technical instructors
(o) Provide hands-on training relevant to oil industry
(p) Foster technical skills for petroleum support services
(q) Develop entrepreneurship in technical trades
(r) Prepare for technical certifications
(s) Promote technical careers in oil sector
(t) Produce skilled technical workers supporting Uyo construction boom, Akwa Ibom oil industry services and Niger Delta petroleum sector technical workforce"
517026098,526. FTC YABA,"Federal Technical College Yaba, Lagos State, is a federal technical college providing technical and vocational secondary education. Located in Yaba, Lagos State in southwestern Nigeria, operating under Federal Ministry of Education. Yaba is major Lagos neighborhood known as technology and education hub (""Yaba Tech"" area). Lagos is Nigeria's commercial capital and economic powerhouse. The college provides comprehensive technical education including engineering trades, electronics, computer technology, business studies and advanced vocational skills. Admits students through entrance examinations. Prepares students for NABTEB and WAEC/NECO examinations. Features well-equipped workshops for carpentry, metalwork, electrical/electronics, motor mechanics, building construction, computer technology and other trades. Provides practical training. Located in commercial Lagos with massive construction, manufacturing, technology and service sectors creating enormous demand for skilled technical workers. Yaba's tech hub status makes technology skills particularly relevant.

**Core Mandate:** To provide technical and vocational secondary education, develop practical trade and technology skills, and prepare students for technical careers in Lagos commercial and technology sectors.

**Statutory Functions:**
(a) Provide technical and vocational secondary education in Lagos commercial capital
(b) Admit students through competitive entrance examinations
(c) Emphasize engineering trades, technology and advanced vocational skills
(d) Provide comprehensive carpentry and woodwork workshops
(e) Maintain advanced metalwork, welding and fabrication facilities
(f) Teach electrical installation, electronics and computer technology
(g) Provide motor vehicle mechanics and automotive technology
(h) Teach building construction for Lagos construction boom
(i) Prepare students for NABTEB examinations
(j) Deliver practical vocational training with technology integration
(k) Prepare students for polytechnic and technology programs
(l) Develop skilled workers for Lagos manufacturing and technology sectors
(m) Maintain modern workshop equipment and technology labs
(n) Employ qualified technical instructors and technology specialists
(o) Provide hands-on training in Yaba tech hub environment
(p) Foster technical innovation and entrepreneurship
(q) Develop skills for technology startups and trades
(r) Prepare for technical and technology certifications
(s) Promote technical and technology careers
(t) Produce highly skilled technical workers supporting Lagos massive construction, manufacturing, technology sectors and serving as Nigeria's premier urban technical education institution"
517026099,527. FTC ZURU,"Federal Technical College Zuru, Kebbi State, is a federal technical college providing technical and vocational secondary education. Located in Zuru, Kebbi State in northwestern Nigeria, operating under Federal Ministry of Education. Zuru is town and Local Government headquarters in Kebbi State. Kebbi State is predominantly agricultural state known for rice production and fishing. The college provides technical education including engineering trades, agricultural mechanization, business studies and vocational skills. Admits students through entrance examinations. Prepares students for NABTEB and WAEC/NECO examinations. Features workshops for carpentry, metalwork, electrical work, motor mechanics, agricultural machinery, building construction and other trades. Provides practical training. Located in agricultural Kebbi State where rice farming dominates, agricultural mechanization and irrigation technology skills particularly relevant. Northwestern Nigeria requires technical education supporting agricultural development.

**Core Mandate:** To provide technical and vocational secondary education, develop practical trade and agricultural mechanization skills, and prepare students for technical careers supporting Kebbi State agriculture and northwestern Nigeria.

**Statutory Functions:**
(a) Provide technical and vocational secondary education in Zuru, Kebbi State
(b) Admit students through entrance examinations
(c) Emphasize engineering trades, agricultural mechanization and vocational skills
(d) Provide carpentry and woodwork training
(e) Maintain metalwork and welding workshops
(f) Teach electrical installation and irrigation systems
(g) Provide agricultural machinery and equipment mechanics
(h) Teach building construction and rural infrastructure
(i) Prepare students for NABTEB examinations
(j) Deliver practical vocational training
(k) Prepare students for agricultural and technical polytechnic programs
(l) Develop skilled workers for agricultural mechanization
(m) Maintain workshop and agricultural equipment
(n) Employ qualified technical instructors
(o) Provide hands-on training in agricultural technology
(p) Foster technical skills for rice farming mechanization
(q) Develop entrepreneurship in agricultural trades
(r) Prepare for technical certifications
(s) Promote agricultural mechanization careers
(t) Produce skilled workers supporting Kebbi State rice production mechanization, irrigation technology and northwestern Nigeria agricultural development"
535006001,528. GASHAKA GUMTI NATIONAL PARK,"Gashaka Gumti National Park is Nigeria's largest national park protecting biodiversity, wildlife and ecosystems. Located across Taraba and Adamawa States in northeastern Nigeria covering approximately 6,731 square kilometers, operating under Federal Ministry of Environment. Established in 1991 by merging Gashaka and Gumti Game Reserves creating Nigeria's premier wildlife conservation area. The park protects montane forests, savanna, grasslands and Nigeria's highest mountain peak (Chappal Waddi at 2,419 meters). Houses significant biodiversity including chimpanzees, elephants, buffalo, hippopotamus, various antelopes, lions (possibly), leopards and over 500 bird species. Provides critical watershed for Taraba and Benue Rivers. Faces threats from poaching, illegal logging, cattle grazing encroachment and human-wildlife conflict. Tourism potential largely undeveloped due to remoteness and infrastructure challenges. Park management involves conservation, anti-poaching patrols, research, community engagement and sustainable tourism development. Collaborates with local communities on conservation and livelihood programs.

**Core Mandate:** To protect and conserve Nigeria's biodiversity, wildlife and ecosystems; manage sustainable tourism; conduct conservation research; and promote environmental education in Nigeria's largest national park.

**Statutory Functions:**
(a) Protect and conserve biodiversity in Nigeria's largest national park covering 6,731 square kilometers
(b) Safeguard endangered and threatened wildlife species including chimpanzees and elephants
(c) Preserve montane forest, savanna and grassland ecosystems
(d) Conduct anti-poaching patrols and law enforcement against illegal hunting
(e) Combat illegal logging and forest destruction within park boundaries
(f) Manage human-wildlife conflict with surrounding communities
(g) Protect critical watershed for Taraba and Benue Rivers
(h) Conduct conservation research on wildlife populations and ecosystem health
(i) Monitor and track wildlife including chimpanzees, elephants and large mammals
(j) Develop and manage sustainable ecotourism infrastructure
(k) Provide environmental education programs for schools and communities
(l) Engage local communities in conservation through participatory approaches
(m) Develop alternative livelihoods reducing pressure on park resources
(n) Manage park infrastructure including ranger stations and tourist facilities
(o) Collaborate with international conservation organizations on biodiversity protection
(p) Control illegal cattle grazing encroachment destroying park vegetation
(q) Maintain park boundaries and prevent encroachment
(r) Conduct biodiversity surveys and ecological monitoring
(s) Promote Nigeria's natural heritage and environmental conservation
(t) Advance Nigeria's biodiversity conservation, protect critical ecosystems and support sustainable development in northeastern Nigeria through Africa's important Afromontane forest protection"
227006001,529. GENEVA LABOUR DESK OFFICE,"Geneva Labour Desk Office is specialized Nigerian government office representing Nigeria's labor interests at International Labour Organization (ILO) and UN agencies in Geneva, Switzerland. Located in Geneva, Switzerland alongside Nigeria's Foreign Mission to UN/international organizations, operating under Federal Ministry of Labour and Employment. Geneva hosts ILO headquarters, primary UN agency addressing labor standards, workers' rights, employment and social protection globally. The office coordinates Nigeria's participation in ILO activities including International Labour Conferences, technical meetings, standard-setting conventions and programs. Represents Nigerian workers, employers and government in tripartite ILO structure. Monitors international labor standards adoption and reports on Nigeria's compliance. Facilitates ILO technical assistance to Nigeria on employment policies, labor legislation, occupational safety and social security. Engages on child labor, forced labor, freedom of association and discrimination issues affecting Nigerian workers. Coordinates with Nigerian missions, labor unions and employers' organizations. Advocates Nigerian positions on global labor issues.

**Core Mandate:** To represent Nigeria's labor interests at International Labour Organization, coordinate ILO engagement, advocate workers' rights, facilitate technical assistance and advance Nigerian labor agenda in global labor governance.

**Statutory Functions:**
(a) Represent Nigeria's labor interests at International Labour Organization headquarters in Geneva
(b) Coordinate Nigeria's participation in International Labour Conference annual sessions
(c) Represent Nigerian government, workers and employers in ILO tripartite structure
(d) Monitor international labor standards, conventions and recommendations
(e) Report on Nigeria's compliance with ratified ILO conventions
(f) Facilitate ILO technical assistance programs to Nigeria on labor issues
(g) Engage ILO on employment policy development for Nigeria
(h) Coordinate technical cooperation on labor legislation modernization
(i) Address child labor issues affecting Nigerian children
(j) Engage on forced labor and trafficking concerns
(k) Advocate freedom of association and collective bargaining rights
(l) Address discrimination in employment affecting Nigerian workers
(m) Coordinate on occupational safety and health standards
(n) Facilitate social protection and social security program development
(o) Engage on youth employment and skills development initiatives
(p) Liaise with Nigerian missions in Geneva on labor matters
(q) Coordinate with Nigerian labor unions and employers' organizations
(r) Participate in ILO technical meetings and expert committees
(s) Advocate Nigerian positions on global labor governance
(t) Advance Nigeria's labor agenda in ILO promoting decent work, workers' rights and social justice globally"
257002001,530. GEOLOGICAL SURVEY OF NIGERIA (GSN),"Geological Survey of Nigeria (GSN) is premier federal geological research institution conducting geological surveys, mineral exploration, geoscience research and providing geological information. Headquartered in Abuja with offices nationwide, operating under Federal Ministry of Solid Minerals Development. Established to systematically map Nigeria's geology, identify mineral resources and provide geoscience data for national development. GSN conducts geological mapping at various scales, geochemical and geophysical surveys, mineral exploration and assessment. Maintains National Geoscience Data Repository holding geological maps, borehole data, geochemical samples and mineral information. Provides technical advice on mining, groundwater, engineering geology, environmental geology and natural hazards. Conducts research on earthquakes, landslides, erosion and geological hazards. Supports mining sector through pre-feasibility studies and mineral potential assessments. Collaborates with universities, international geological surveys and mining companies. Produces and distributes geological maps, reports and databases. Faces challenges from inadequate funding, equipment obsolescence and competition from private sector geological services.

**Core Mandate:** To conduct geological surveys and mapping, explore and assess mineral resources, provide geoscience information, and support mining sector development and national geological knowledge.

**Statutory Functions:**
(a) Conduct systematic geological mapping of Nigeria at various scales (1:50,000 to 1:1,000,000)
(b) Explore and assess Nigeria's mineral resources including metallic and industrial minerals
(c) Conduct geochemical surveys identifying mineralized zones and geochemical anomalies
(d) Perform geophysical surveys using magnetic, electromagnetic and seismic methods
(e) Maintain National Geoscience Data Repository and geological databases
(f) Provide technical advice to Federal Ministry on mining policies and regulations
(g) Conduct groundwater investigations for borehole siting and aquifer assessment
(h) Provide engineering geology services for infrastructure development
(i) Assess geological hazards including earthquakes, landslides and erosion
(j) Monitor seismic activity and earthquake risks across Nigeria
(k) Conduct environmental geology studies on pollution, waste disposal and land degradation
(l) Support mining companies through pre-feasibility mineral assessments
(m) Produce and distribute geological maps, reports and publications
(n) Maintain geochemical sample archive and mineral collections
(o) Conduct petroleum geology research supporting oil/gas exploration
(p) Provide hydrogeology expertise for water resources management
(q) Collaborate with State geological surveys on regional mapping
(r) Train geologists, geophysicists and mineral exploration professionals
(s) Coordinate with international geological surveys and geoscience organizations
(t) Advance Nigeria's geological knowledge, mineral resource base and geoscience capacity supporting mining sector development and evidence-based natural resource management"
252041001,531. HADEJIA-JAMA'ARE RIVER BASIN DEVELOPMENT AUTHORITY (HJRBDA),"Hadejia-Jama'are River Basin Development Authority (HJRBDA) is federal agency managing water resources, irrigation development and agricultural programs in Hadejia-Jama'are river basin. Headquartered in Kano covering Kano, Jigawa, Yobe and Bauchi States in northern Nigeria, operating under Federal Ministry of Water Resources. Established as one of Nigeria's 12 River Basin Development Authorities managing basin water resources. The basin includes Hadejia and Jama'are Rivers flowing into Lake Chad supporting extensive wetlands including Hadejia-Nguru wetlands. HJRBDA develops irrigation schemes, constructs dams, manages water distribution and supports dry season farming. Operates Tiga and Challawa Gorge Dams on Kano River providing irrigation water and flood control. Develops small and medium irrigation schemes for rice, wheat and vegetable production. Manages Hadejia-Nguru wetlands important for fishing, farming and biodiversity. Faces challenges from competing water uses, upstream dam impacts on downstream wetlands, climate variability and inadequate infrastructure maintenance. Supports rice production in Kano-Jigawa-Yobe irrigation schemes.

**Core Mandate:** To manage water resources, develop irrigation infrastructure, support agricultural production and protect wetlands in Hadejia-Jama'are river basin covering northern Nigeria states.

**Statutory Functions:**
(a) Manage water resources in Hadejia-Jama'are river basin across Kano, Jigawa, Yobe, Bauchi States
(b) Develop and operate irrigation schemes for dry season farming
(c) Construct, operate and maintain Tiga and Challawa Gorge Dams
(d) Distribute irrigation water to farmers and agricultural schemes
(e) Support rice, wheat and vegetable production through irrigation
(f) Develop small and medium irrigation infrastructure
(g) Manage Hadejia-Nguru wetlands conservation and sustainable use
(h) Provide flood control and water storage services
(i) Conduct hydrological monitoring and water resources assessment
(j) Allocate water among competing agricultural, domestic and environmental uses
(k) Support fisheries in reservoirs and wetlands
(l) Provide agricultural extension services to irrigated farmers
(m) Maintain irrigation canals, drains and water distribution infrastructure
(n) Conduct environmental impact assessments for water projects
(o) Engage communities in participatory water resources management
(p) Collaborate with State governments on irrigation development
(q) Address upstream-downstream water conflicts and wetland degradation
(r) Monitor water quality in rivers and reservoirs
(s) Adapt to climate variability affecting water availability
(t) Advance irrigation agriculture, water security and wetland conservation supporting rice production and livelihoods in northern Nigeria's critical agricultural basin"
521008001,532. HEALTH RECORDS REGISTRATION BOARD,"Health Records Registration Board is statutory regulatory body overseeing health records and health information management profession in Nigeria. Located in Abuja, operating under Federal Ministry of Health. Established to regulate health information management practitioners ensuring professional standards in medical records, health information systems and data management across healthcare facilities. The Board registers qualified health records officers, accredits health information management training programs and enforces professional conduct standards. Ensures hospitals, clinics and health facilities maintain accurate, confidential patient medical records. Promotes electronic health records adoption and health information technology. Conducts professional examinations and issues practicing licenses. Investigates professional misconduct and enforces disciplinary measures. Collaborates with hospitals, health training institutions and international health information management associations. Addresses challenges from inadequate awareness, paper-based records predominance and limited electronic health records implementation. Critical for healthcare quality, patient safety, medical research and health data management.

**Core Mandate:** To regulate health records and health information management profession, ensure professional standards, promote quality medical records and advance health information systems in Nigeria.

**Statutory Functions:**
(a) Regulate health records and health information management profession in Nigeria
(b) Register qualified health records officers and health information managers
(c) Accredit health information management training programs in universities and polytechnics
(d) Conduct professional qualifying examinations for health records practitioners
(e) Issue practicing licenses to registered health information professionals
(f) Enforce professional conduct and ethical standards in medical records management
(g) Investigate complaints and professional misconduct by health records officers
(h) Impose disciplinary sanctions including suspension or deregistration for violations
(i) Promote accurate, complete and confidential patient medical records
(j) Advance electronic health records (EHR) adoption in healthcare facilities
(k) Develop standards for medical records documentation and management
(l) Promote health information technology and digital health systems
(m) Ensure compliance with medical records regulations across hospitals
(n) Provide continuing professional development for health information managers
(o) Collaborate with hospitals on improving records management systems
(p) Promote patient data privacy and confidentiality standards
(q) Support health research through quality health data management
(r) Coordinate with international health information management associations
(s) Advocate for health information management profession development
(t) Advance healthcare quality, patient safety and evidence-based medicine through professional medical records management and modern health information systems"
341001001,533. INDEPENDENT CORRUPT PRACTICES AND RELATED OFFENCES COMMISSION (ICPC),"Independent Corrupt Practices and Related Offences Commission (ICPC) is federal anti-corruption agency investigating, preventing and prosecuting corruption in public sector. Headquartered in Abuja with zonal offices nationwide, operating as independent statutory body under ICPC Act 2000. Established to combat corruption complementing Economic and Financial Crimes Commission (EFCC). ICPC focuses on corruption prevention, public sector corruption, abuse of office, gratification and system reforms strengthening integrity. Investigates corruption allegations against public officials including bribery, fraud, abuse of office and illicit enrichment. Prosecutes corruption cases in courts. Conducts Corruption Risk Assessments and System Study Reviews identifying corruption vulnerabilities in MDAs. Promotes ethics, integrity and anti-corruption education. Monitors Constituency Projects and capital releases tracking implementation. Receives and investigates petitions from citizens. Operates independently though faces challenges from political interference, inadequate funding, lengthy prosecutions and weak conviction rates. Collaborates with EFCC, CCB, CCT and international anti-corruption agencies.

**Core Mandate:** To prevent, investigate and prosecute corruption in public sector; strengthen integrity systems; promote ethics; and advance anti-corruption reforms in Nigeria.

**Statutory Functions:**
(a) Investigate corruption, bribery and abuse of office allegations in public sector
(b) Prosecute corrupt public officials in courts for corruption offenses
(c) Prevent corruption through system reforms and integrity strengthening
(d) Conduct Corruption Risk Assessments in Ministries, Departments and Agencies
(e) Perform System Study Reviews identifying corruption vulnerabilities
(f) Monitor Constituency Projects and capital releases tracking fund utilization
(g) Receive, investigate and act on corruption petitions from citizens
(h) Investigate gratification, bribery and illicit enrichment by public officials
(i) Prosecute abuse of office, fraud and corruption in procurement
(j) Promote ethics, integrity and anti-corruption values in public service
(k) Conduct anti-corruption education in schools, MDAs and communities
(l) Enforce asset declaration requirements for public officials
(m) Collaborate with EFCC on joint anti-corruption operations
(n) Coordinate with Code of Conduct Bureau on asset verification
(o) Provide technical assistance to MDAs on corruption prevention
(p) Conduct public enlightenment campaigns on corruption reporting
(q) Collaborate with civil society organizations on anti-corruption advocacy
(r) Coordinate with international anti-corruption agencies and conventions
(s) Recommend policy and legislative reforms strengthening anti-corruption frameworks
(t) Advance Nigeria's anti-corruption fight through prevention, investigation, prosecution and systemic reforms reducing corruption in public institutions"
148001001,534. INDEPENDENT NATIONAL ELECTORAL COMMISSION (INEC),"Independent National Electoral Commission (INEC) is Nigeria's electoral management body conducting elections, voter registration and electoral processes. Headquartered in Abuja with offices in all 36 states and 774 Local Governments, operating as constitutionally established independent commission. Mandated by 1999 Constitution and Electoral Act to organize, conduct and supervise elections for President, National Assembly, Governors and State Assemblies. INEC registers voters through Continuous Voter Registration (CVR) maintaining national voter register. Conducts elections including presidential, gubernatorial, National Assembly, State Assembly and Area Council elections. Registers political parties and monitors party activities. Delimits constituencies for electoral purposes. Conducts voter education promoting electoral participation. Procures electoral materials including ballot papers, result sheets and Bimodal Voter Accreditation System (BVAS) technology. Recruits and trains ad hoc election staff. Announces election results and issues Certificates of Return to winners. Faces challenges from electoral violence, logistical difficulties, result manipulation allegations, voter apathy and political interference despite constitutional independence.

**Core Mandate:** To organize, conduct and supervise free, fair and credible elections; register voters and political parties; promote electoral participation; and strengthen Nigeria's democracy through professional electoral management.

**Statutory Functions:**
(a) Organize, conduct and supervise presidential elections every four years
(b) Conduct National Assembly elections for Senate and House of Representatives
(c) Organize gubernatorial elections in 36 states
(d) Conduct State Houses of Assembly elections across Nigeria
(e) Organize Area Council elections in Federal Capital Territory
(f) Register eligible Nigerian citizens as voters through Continuous Voter Registration
(g) Maintain and update National Register of Voters
(h) Register political parties meeting constitutional requirements
(i) Monitor political party activities and campaign finances
(j) Delimit constituencies for National Assembly and State Assemblies
(k) Conduct voter education and public enlightenment on electoral processes
(l) Procure electoral materials including ballot papers and result sheets
(m) Deploy Bimodal Voter Accreditation System (BVAS) for voter authentication
(n) Recruit, train and deploy ad hoc election staff including Presiding Officers
(o) Collate and announce election results at ward, LGA, state and national levels
(p) Issue Certificates of Return to elected officials
(q) Address electoral offenses including vote buying and ballot stuffing
(r) Conduct bye-elections and re-run elections as ordered by courts
(s) Collaborate with security agencies on election security
(t) Advance Nigeria's democracy through credible electoral processes, transparent result management and continuous electoral reforms strengthening public confidence in democratic governance"
227002001,535. INDUSTRIAL ARBITRATION PANEL (IAP),"Industrial Arbitration Panel (IAP) is specialized tribunal adjudicating industrial disputes between employers and workers in Nigeria. Located in Abuja, operating under Federal Ministry of Labour and Employment per Trade Disputes Act. Established to resolve industrial disputes through arbitration avoiding prolonged strikes disrupting economy. IAP hears trade disputes referred by Minister of Labour when conciliation fails. Adjudicates disputes on wages, conditions of employment, termination, unfair labor practices and collective bargaining disagreements. Panel comprises neutral arbitrators with labor law expertise. Conducts hearings, examines evidence, hears parties and issues binding awards. Awards are enforceable in National Industrial Court. Provides faster dispute resolution than courts. Addresses disputes in critical sectors including oil/gas, banking, aviation, health and education. Promotes industrial harmony and peaceful labor relations. Faces challenges from parties' non-compliance with awards, legal challenges to jurisdiction and limited enforcement mechanisms. Complements National Industrial Court and labor ministry conciliation services.

**Core Mandate:** To adjudicate industrial disputes through arbitration, issue binding awards, promote industrial harmony and resolve employer-worker conflicts in Nigerian labor market.

**Statutory Functions:**
(a) Adjudicate industrial disputes referred by Minister of Labour and Employment
(b) Hear trade disputes between employers and workers/unions
(c) Arbitrate disputes on wages, salaries and remuneration
(d) Resolve conflicts over conditions of employment and workplace rights
(e) Adjudicate wrongful termination and unfair dismissal disputes
(f) Address unfair labor practices by employers or unions
(g) Resolve collective bargaining disagreements
(h) Conduct arbitration hearings in industrial dispute cases
(i) Examine evidence, witness testimonies and parties' submissions
(j) Issue binding arbitration awards resolving disputes
(k) Enforce awards through National Industrial Court mechanisms
(l) Prevent or end strikes through binding dispute resolution
(m) Promote industrial peace and harmonious labor relations
(n) Address disputes in critical sectors (oil/gas, banking, aviation, health)
(o) Provide expedited alternative to lengthy court litigation
(p) Protect workers' rights while balancing employers' interests
(q) Interpret collective agreements and employment contracts
(r) Coordinate with Ministry of Labour on labor dispute management
(s) Collaborate with National Industrial Court on enforcement
(t) Advance industrial harmony, prevent disruptive strikes and resolve employer-worker conflicts protecting Nigeria's economic stability and workers' rights"
222005001,536. INDUSTRIAL TRAINING FUND (ITF),"Industrial Training Fund (ITF) is premier federal skills development agency providing vocational training, skills acquisition and human capital development for Nigerian workforce. Headquartered in Jos, Plateau State with Area Offices and Model Skills Training Centres nationwide, operating under Federal Ministry of Industry, Trade and Investment. Established by ITF Act 2011 to promote acquisition of skills in industry and commerce. ITF collects 1% levy from companies with 5+ employees (payroll ≥N50 million annually) financing training programs. Provides skills training in technical trades, industrial skills, entrepreneurship and modern technologies. Operates Model Skills Training Centres offering courses in welding, electrical, automotive, construction, ICT and other trades. Reimburses companies' training costs through levy rebate system. Conducts National Industrial Skills Development Programme (NISDP). Offers entrepreneurship training for unemployed youth. Provides Train-the-Trainer programs for instructors. Conducts apprenticeship programs linking trainees with employers. Addresses youth unemployment, skills mismatch and inadequate technical workforce. Collaborates with industries, training institutions and international skills development agencies.

**Core Mandate:** To promote skills acquisition, provide vocational training, develop industrial workforce, support entrepreneurship and reduce unemployment through comprehensive skills development programs.

**Statutory Functions:**
(a) Promote acquisition of industrial, technical and vocational skills across sectors
(b) Collect 1% training levy from companies with 5+ employees for training funding
(c) Administer levy rebate scheme reimbursing companies' approved training costs
(d) Operate Model Skills Training Centres providing practical vocational training
(e) Conduct National Industrial Skills Development Programme (NISDP)
(f) Provide skills training in welding, fabrication, electrical and mechanical trades
(g) Offer automotive mechanics, building construction and plumbing training
(h) Conduct ICT, computer and digital skills training programs
(i) Provide entrepreneurship training for unemployed youth and graduates
(j) Conduct Train-the-Trainer programs for vocational instructors
(k) Organize apprenticeship programs linking trainees with industries
(l) Provide on-the-job training and industrial attachments
(m) Conduct skills gap analyses identifying workforce training needs
(n) Develop training curricula and competency standards for trades
(o) Certify trainees completing ITF skills programs
(p) Collaborate with industries on customized workforce training
(q) Support women and persons with disabilities skills training
(r) Provide mobile training reaching rural and underserved areas
(s) Coordinate with TVETIs, polytechnics and technical colleges
(t) Advance Nigeria's human capital development, reduce unemployment and build skilled industrial workforce supporting manufacturing, construction and economic diversification"
159001001,537. INFRASTRUCTURE CONCESSION REGULATORY COMMISSION (ICRC),"Infrastructure Concession Regulatory Commission (ICRC) is federal regulatory agency overseeing Public-Private Partnerships (PPPs) and infrastructure concessions in Nigeria. Headquartered in Abuja, operating under Infrastructure Concession Regulatory Commission Act 2005 under Presidency. Established to regulate PPP projects ensuring value for money, fiscal sustainability and public interest protection. ICRC provides technical support to MDAs developing PPP projects. Conducts Outline Business Case (OBC) and Full Business Case (FBC) reviews approving projects. Issues Compliance Certificates for PPP projects meeting regulatory requirements. Monitors concession agreements implementation. Maintains PPP project database. Provides capacity building for MDAs on PPP procurement. Develops guidelines, regulations and standard templates for PPP contracts. Conducts Value for Money assessments ensuring taxpayers benefit from PPPs. Reviews unsolicited proposals from private sector. Addresses fiscal risks from government guarantees in PPPs. Promotes transparent, competitive PPP procurement. Has reviewed major projects including Lekki-Epe Expressway, Murtala Muhammed Airport Terminal 2 and others. Faces challenges from limited PPP financing, capacity gaps and slow project approvals.

**Core Mandate:** To regulate Public-Private Partnerships, ensure value for money, provide technical PPP support to MDAs, monitor concessions and promote sustainable infrastructure delivery through private sector participation.

**Statutory Functions:**
(a) Regulate Public-Private Partnership (PPP) projects across federal MDAs
(b) Review and approve Outline Business Cases (OBC) for PPP projects
(c) Review and approve Full Business Cases (FBC) before PPP procurement
(d) Issue Compliance Certificates to PPP projects meeting regulatory requirements
(e) Monitor implementation of concession agreements and PPP contracts
(f) Provide technical support to MDAs developing PPP projects
(g) Conduct Value for Money (VfM) assessments ensuring public benefits
(h) Review unsolicited proposals from private sector investors
(9) Develop PPP regulations, guidelines and policy frameworks
(j) Create standard PPP contract templates and model agreements
(k) Conduct capacity building training for MDAs on PPP procurement
(l) Assess fiscal risks from government guarantees in PPP projects
(m) Maintain PPP project database and disclosure portal
(n) Promote transparent, competitive PPP procurement processes
(o) Address Public Sector Comparator (PSC) analyses
(p) Review PPP project feasibility studies and financial models
(q) Coordinate with Infrastructure Bank on PPP project financing
(r) Collaborate with Debt Management Office on fiscal sustainability
(s) Engage private sector on improving PPP investment climate
(t) Advance sustainable infrastructure delivery, fiscal prudence and private sector participation in roads, airports, power and other critical infrastructure through professional PPP regulation"
119006001,538. INSTITUTE FOR PEACE AND CONFLICT RESOLUTION (IPCR),"Institute for Peace and Conflict Resolution (IPCR) is federal agency promoting peace, preventing conflicts and mediating disputes across Nigeria. Located in Abuja, operating under Office of Secretary to Government of the Federation. Established in 2000 to address Nigeria's numerous conflicts including ethnic, religious, communal, land and political disputes. IPCR conducts conflict early warning monitoring potential flashpoints. Provides mediation and dialogue facilitation in communal conflicts. Conducts peace education and training on conflict resolution. Develops National Policy on Peacebuilding and Conflict Management. Operates Peace and Conflict Review magazine. Trains security personnel, traditional rulers, religious leaders and youth in conflict prevention. Conducts research on conflict drivers and peace interventions. Mediates farmer-herder conflicts, communal clashes, electoral violence and boundary disputes. Collaborates with ECOWAS Early Warning System. Provides conflict assessments for government interventions. Organizes peace summits and dialogue forums. Faces challenges from proliferation of conflicts, limited resources, enforcement gaps and political interference in conflict mediation.

**Core Mandate:** To promote peace, prevent conflicts, provide mediation services, conduct peace education and support government conflict resolution efforts across Nigeria.

**Statutory Functions:**
(a) Promote peace, stability and conflict prevention across Nigeria
(b) Conduct conflict early warning monitoring potential crisis areas
(c) Provide mediation and dialogue facilitation in communal conflicts
(d) Conduct peace education and conflict resolution training
(e) Train security personnel on conflict-sensitive approaches
(f) Provide peace and conflict training for traditional and religious leaders
(g) Conduct conflict resolution training for youth and civil society
(h) Develop National Policy on Peacebuilding and Conflict Management
(i) Conduct research on conflict drivers, dynamics and peace interventions
(j) Mediate farmer-herder conflicts destroying livelihoods
(k) Address communal clashes and ethnic conflicts
(l) Prevent and mitigate electoral violence during elections
(m) Mediate boundary disputes between communities and states
(n) Coordinate Nigeria's participation in ECOWAS Early Warning System
(o) Provide conflict assessments informing government interventions
(p) Organize peace summits, dialogue forums and reconciliation programs
(q) Publish Peace and Conflict Review journal promoting knowledge
(r) Collaborate with civil society organizations on peacebuilding
(s) Monitor conflict-affected areas for peace process sustainability
(t) Advance peaceful coexistence, conflict prevention and sustainable peace supporting Nigeria's stability amid ethnic, religious and communal tensions"
215015001,"539. INSTITUTE OF AGRICULTURAL RESEARCH AND TRAINING (IAR&T), IBADAN","Institute of Agricultural Research and Training (IAR&T) Ibadan is federal agricultural research institution conducting research on tropical agriculture, crop production and agricultural technologies. Located at Moor Plantation, Ibadan, Oyo State, operating under Agricultural Research Council of Nigeria and Federal Ministry of Agriculture. Established in 1969 focusing on southwestern Nigeria agroecological zone. IAR&T conducts research on major crops including cassava, maize, yam, cocoa, oil palm, plantain, vegetables and tree crops. Develops improved crop varieties with higher yields, disease resistance and climate adaptation. Researches soil fertility management, integrated pest management and sustainable farming systems. Conducts agroforestry and soil conservation research. Develops agricultural technologies and farming practices. Trains farmers, extension agents and agricultural students. Multiplies and distributes improved seeds and planting materials. Operates demonstration farms showcasing research results. Publishes research findings and technical bulletins. Collaborates with IITA, universities and international agricultural research centers. Addresses food security, climate change adaptation and sustainable agriculture in southwestern Nigeria and beyond.

**Core Mandate:** To conduct agricultural research, develop improved crop varieties, generate agricultural technologies and provide training supporting food security and agricultural development in Nigeria.

**Statutory Functions:**
(a) Conduct agricultural research on tropical crop production and farming systems
(b) Develop improved varieties of cassava with higher yields and disease resistance
(c) Research maize, yam, cocoa, oil palm and plantain improvement
(d) Develop climate-resilient crop varieties adapting to changing conditions
(e) Conduct soil fertility management and soil conservation research
(f) Research integrated pest and disease management for major crops
(g) Develop sustainable farming systems and agroecological practices
(h) Conduct agroforestry research integrating trees with crops
(i) Research post-harvest handling, processing and value addition
(j) Develop agricultural mechanization technologies
(k) Multiply and distribute improved seeds and planting materials to farmers
(l) Train farmers on improved agricultural practices and technologies
(m) Provide training for agricultural extension agents
(n) Conduct farmer field schools and demonstration farms
(o) Publish research findings in scientific journals and extension bulletins
(p) Operate research farms across agroecological zones
(q) Collaborate with IITA, CGIAR centers and international research networks
(r) Conduct adaptive research tailoring technologies to local conditions
(s) Address climate change impacts on agriculture through research
(t) Advance food security, agricultural productivity and sustainable farming in southwestern Nigeria and nationally through scientific research and technology generation"
215009001,"540. INSTITUTE FOR AGRICULTURAL RESEARCH (IAR), ZARIA","Institute for Agricultural Research (IAR) Zaria is premier federal agricultural research institution conducting research on crops, livestock and agricultural systems in northern Nigeria. Located at Ahmadu Bello University, Samaru, Zaria, Kaduna State, operating under Agricultural Research Council of Nigeria and Federal Ministry of Agriculture. Established in 1922 (originally as research station), IAR is Nigeria's oldest agricultural research institute. Focuses on savanna agroecology covering northern Nigeria. Conducts research on sorghum, millet, groundnut, cowpea, rice, cotton, sesame and other dryland crops. Develops drought-tolerant crop varieties for semi-arid regions. Researches livestock production including cattle, small ruminants and poultry. Conducts integrated crop-livestock systems research. Develops farming systems for sustainable Sahel agriculture. Researches soil and water conservation for semi-arid environments. Provides technical advice on agricultural policies. Trains farmers, extension workers and students. Multiplies and distributes seeds of improved varieties. Collaborates with ICRISAT, IITA and international dryland agriculture research centers. Addresses food security, drought resilience and poverty in northern Nigeria's agricultural economy.

**Core Mandate:** To conduct agricultural research for savanna agroecology, develop drought-tolerant crop varieties, research livestock systems and support northern Nigeria's agricultural development and food security.

**Statutory Functions:**
(a) Conduct agricultural research for savanna and semi-arid agroecological zones
(b) Develop improved sorghum and millet varieties for dryland agriculture
(c) Research groundnut, cowpea, rice, cotton and sesame improvement
(d) Develop drought-tolerant crop varieties for semi-arid northern regions
(e) Conduct livestock research on cattle, goats, sheep and poultry production
(f) Research integrated crop-livestock farming systems
(g) Develop sustainable farming systems for Sahel agriculture
(h) Conduct soil fertility and water conservation research for drylands
(i) Research climate change adaptation for semi-arid agriculture
(j) Develop agricultural mechanization for savanna farming
(k) Research pest and disease management for dryland crops
(l) Multiply and distribute improved seeds to northern farmers
(m) Train farmers on drought-resilient agricultural practices
(n) Provide extension training for agricultural development workers
(o) Conduct adaptive research tailoring technologies to savanna conditions
(p) Operate research farms across northern agroecological zones
(q) Publish research findings and extension materials
(r) Collaborate with ICRISAT on dryland crops research
(s) Coordinate with IITA and CGIAR centers on agricultural research
(t) Advance food security, drought resilience and sustainable agriculture in northern Nigeria through scientific research addressing semi-arid farming challenges and supporting millions of smallholder farmers"
119009102,# NIGERIAN FEDERAL AGENCY MANDATES: AGENCIES 481-500,"**MDA Code:** 119009102

Nigeria's Foreign Mission in Tunis, Tunisia, is a diplomatic mission representing Federal Republic of Nigeria in Tunisian Republic. Located in Tunis, Tunisia's capital on Mediterranean coast and birthplace of Arab Spring uprisings, operating under Federal Ministry of Foreign Affairs. The mission manages Nigeria's relationship with North African moderate democracy. Tunisia's 2011 Jasmine Revolution sparked Arab Spring across Middle East and North Africa. Limited Nigerian community includes students attracted by Arab-African culture, traders and migrants using Tunisia as transit point attempting Mediterranean crossing to Europe. Tunisia maintained democracy better than other Arab Spring countries but faces severe economic challenges, youth unemployment and political instability. Nigerian migrants detained in Tunisia while attempting European entry. Both countries cooperate in African Union. Tunisia has agricultural expertise particularly olive production and tourism experience. Historic Carthage heritage provides cultural richness. The mission addresses irregular migration transit issues, promotes bilateral trade, coordinates AU engagement, protects limited diaspora and maintains North African presence while supporting Tunisia's fragile democratic experiment.

**Core Mandate:** To represent Nigeria's interests in Tunisia, manage migration transit issues, promote bilateral trade, support democratic transition, protect diaspora and maintain North African diplomatic presence.

**Statutory Functions:**
(a) Represent Federal Republic of Nigeria maintaining diplomatic relations with Tunisia
(b) Address irregular migration with Nigerians transiting Tunisia attempting Mediterranean European entry
(c) Protect Nigerian migrants detained or stranded in Tunisia en route to Europe
(d) Provide consular services to limited Nigerian community including students
(e) Promote bilateral trade and Tunisian investment in Nigerian economy
(f) Coordinate Nigeria-Tunisia cooperation in African Union on continental issues
(g) Support Tunisia's democratic transition as Arab Spring's only remaining success story
(h) Monitor Tunisia's political and economic challenges post-2011 revolution
(i) Report to Federal Ministry of Foreign Affairs on Tunisia and North African developments
(j) Issue emergency travel documents to Nigerians
(k) Facilitate educational cooperation with Tunisian universities
(l) Study Tunisia's agricultural sector particularly olive production for Nigerian application
(m) Address Nigerian migrants using Tunisia as Mediterranean crossing point to Italy/Europe
(n) Coordinate with IOM on voluntary return programs for stranded migrants
(o) Learn from Tunisia's democratic transition challenges and economic difficulties
(p) Liaise with Tunisian government on migration management and bilateral cooperation
(q) Coordinate with North African and European missions on migration issues
(r) Facilitate limited high-level diplomatic visits between both countries
(s) Promote Nigeria's positive image in North Africa and Arab world
(t) Advance Nigeria's interests in North African engagement, migration management and African Union cooperation"
119009116,482. FOREIGN MISSION: VATICAN,"Nigeria's Foreign Mission to Vatican City (Holy See) is a specialized diplomatic mission representing Federal Republic of Nigeria to Vatican City State and global Catholic Church. Located in Vatican City, world's smallest sovereign state within Rome, operating under Federal Ministry of Foreign Affairs. The mission manages Nigeria's religious diplomatic relationship with Catholic Church headquarters and Pope. Nigeria has Africa's largest Catholic population with approximately 30 million Catholics representing about 15% of Nigerian population concentrated in southern regions. Vatican exercises significant influence over Nigerian Catholics and provides humanitarian assistance to Nigeria. Nigerian Cardinals including Francis Arinze participate in Papal elections and Vatican leadership. Vatican addresses Nigerian religious conflicts, Boko Haram persecution of Christians and promotes inter-religious dialogue between Nigerian Christians and Muslims. Pope Francis has condemned Boko Haram attacks on Nigerian Christians. Vatican City hosts Nigerian Catholic pilgrims visiting St. Peter's Basilica. The mission coordinates religious diplomacy, addresses Christian persecution in northern Nigeria, facilitates Vatican humanitarian assistance, protects Nigerian pilgrims and represents Nigerian Catholic interests to global Church leadership.

**Core Mandate:** To represent Nigeria to Vatican/Holy See, coordinate religious diplomacy, address Christian persecution, facilitate Church humanitarian assistance and represent Africa's largest Catholic population to global Church.

**Statutory Functions:**
(a) Represent Federal Republic of Nigeria to Holy See and Vatican City State
(b) Coordinate diplomatic relations with global Catholic Church headquarters and Pope
(c) Represent Nigeria's 30 million Catholics, constituting Africa's largest Catholic population
(d) Address Boko Haram persecution and killing of Nigerian Christians with Vatican
(e) Facilitate Vatican humanitarian assistance and Catholic Church development aid to Nigeria
(f) Coordinate religious dialogue initiatives addressing Nigeria's Christian-Muslim tensions
(g) Support Nigerian Cardinals' participation in Papal elections, Conclaves and Church leadership
(h) Monitor Vatican positions on Nigerian conflicts, humanitarian crises and political developments
(i) Report to Federal Ministry of Foreign Affairs on Vatican diplomacy and religious matters
(j) Provide consular services to Nigerian Catholic pilgrims visiting Vatican City
(k) Facilitate Papal messages, statements and positions on Nigerian issues
(l) Address inter-religious violence affecting Nigerian Christian communities
(m) Issue emergency travel documents to Nigerian pilgrims in Vatican
(n) Coordinate Catholic Church development assistance programs operating in Nigeria
(o) Engage Vatican on Nigerian religious freedom concerns and Christian rights
(p) Support Nigerian Catholic institutions, dioceses and clergy
(q) Liaise with Vatican Secretariat of State and diplomatic service on bilateral issues
(r) Facilitate high-level religious visits including bishops and Papal audiences for Nigerian leaders
(s) Promote Nigerian Catholic interests in global Church policy and governance
(t) Advance Nigeria's religious diplomacy, inter-faith dialogue and Christian protection through Vatican engagement"
119009103,483. FOREIGN MISSION: VIENNA,"Nigeria's Foreign Mission in Vienna, Austria, is a diplomatic mission representing Federal Republic of Nigeria in Republic of Austria with accreditation to international organizations headquartered in Vienna. Located in Vienna, Austria's capital on Danube River hosting major UN agencies and international organizations, operating under Federal Ministry of Foreign Affairs. The mission manages limited Nigeria-Austria bilateral relations but holds strategic importance for international organization engagement. Vienna hosts UN Office (UNOV), International Atomic Energy Agency (IAEA), Organization of Petroleum Exporting Countries (OPEC) headquarters, Organization for Security and Cooperation in Europe (OSCE) and numerous other international bodies. Limited Nigerian diaspora includes students and professionals. Austria is wealthy EU member with strong economy and culture. Nigeria engages IAEA on peaceful nuclear energy development for electricity generation addressing power shortages. OPEC headquarters location makes Vienna absolutely critical for coordinating oil production policies and prices. The mission coordinates OPEC ministerial meetings, participates in IAEA nuclear cooperation programs, engages UN agencies, protects limited diaspora and maintains crucial presence in international organization hub city.

**Core Mandate:** To represent Nigeria in Austria, coordinate critical OPEC engagement at headquarters, participate in IAEA nuclear cooperation, engage international organizations and maintain Vienna diplomatic presence.

**Statutory Functions:**
(a) Represent Federal Republic of Nigeria in Austria with accreditation to Vienna international organizations
(b) Coordinate Nigeria's OPEC participation with organization headquarters permanently in Vienna
(c) Engage International Atomic Energy Agency on Nigerian nuclear energy development programs
(d) Participate in UN Office in Vienna and related specialized agencies
(e) Protect limited Nigerian community including students in Austria
(f) Provide consular services to Nigerians across Austria
(g) Coordinate OPEC ministerial conferences and oil policy discussions in Vienna
(h) Monitor Austria's political and economic developments
(i) Report to Federal Ministry of Foreign Affairs on Austria and international organization matters
(j) Facilitate Nigerian participation in IAEA technical cooperation programs for peaceful nuclear use
(k) Issue emergency travel documents to Nigerians
(l) Engage Organization for Security and Cooperation in Europe on security matters
(m) Promote limited Austrian investment in Nigerian economy
(n) Support Nigerian students in Austrian universities
(o) Coordinate through OPEC on oil production quotas, pricing strategies and market management
(p) Liaise with Austrian government on bilateral cooperation matters
(q) Coordinate with international organizations and diplomatic missions based in Vienna
(r) Facilitate limited high-level diplomatic and ministerial visits
(s) Engage Vienna-based agencies on development cooperation and technical assistance
(t) Advance Nigeria's critical interests in OPEC oil policy coordination, nuclear energy development and international organization engagement"
119009104,484. FOREIGN MISSION: WARSAW,"Nigeria's Foreign Mission in Warsaw, Poland, is a diplomatic mission representing Federal Republic of Nigeria in Republic of Poland. Located in Warsaw, Poland's capital rebuilt after WWII devastation, operating under Federal Ministry of Foreign Affairs. The mission manages limited bilateral engagement with Central European EU member experiencing rapid economic growth. Growing Nigerian community includes students attracted by affordable EU education quality and migrants. Poland played crucial unexpected role during Russia's February 2022 invasion of Ukraine, serving as primary evacuation route for thousands of Nigerian students fleeing Ukraine through Polish border crossings. Polish authorities and citizens provided humanitarian assistance to evacuating Nigerian students. Some Nigerian irregular migrants transit Poland attempting Western European entry. Poland's economic transformation from communism to emerging EU economy creates opportunities. However, Poland has conservative Law and Justice government and some anti-immigrant sentiment in society. Limited Polish investment in Nigeria. The mission protects growing diaspora, coordinates Ukraine border crossing support during evacuations, promotes educational cooperation, facilitates minimal trade and maintains Central European diplomatic presence despite limited bilateral engagement.

**Core Mandate:** To represent Nigeria's interests in Poland, protect diaspora, coordinate Ukraine border evacuation support, promote educational ties and maintain Central European diplomatic presence.

**Statutory Functions:**
(a) Represent Federal Republic of Nigeria maintaining diplomatic relations with Poland
(b) Protect growing Nigerian community including students and migrants
(c) Coordinate with Polish authorities on Ukrainian border crossings during Nigerian student evacuations from war
(d) Provide consular services to Nigerians across Poland
(e) Facilitate educational cooperation with Polish universities offering affordable EU education
(f) Address Nigerian students who fled Ukraine war through Poland requiring temporary support
(g) Monitor Poland's political and economic developments in post-communist context
(h) Report to Federal Ministry of Foreign Affairs on Poland and Central European matters
(i) Address irregular migration and asylum cases involving Nigerian nationals
(j) Issue emergency travel documents to Nigerians including Ukraine evacuees
(k) Promote limited bilateral trade and investment between Nigeria and Poland
(l) Navigate Poland's conservative politics and immigration policy debates
(m) Support Nigerian students enrolled in Polish universities
(n) Coordinate Nigeria's EU engagement through Polish membership
(o) Address anti-immigrant sentiment affecting Nigerian community
(p) Liaise with Polish government on migration management and bilateral issues
(q) Coordinate with Central European diplomatic missions on regional matters
(r) Facilitate limited diplomatic exchanges when opportunities arise
(s) Maintain Nigerian diplomatic presence in emerging Central European economy
(t) Advance Nigeria's interests in Central European engagement, educational cooperation and Ukraine crisis support"
119009105,485. FOREIGN MISSION: WASHINGTON,"Nigeria's Foreign Mission in Washington DC, United States, is one of Nigeria's most strategically critical diplomatic missions representing Federal Republic of Nigeria in United States of America. Located in Washington DC, US capital and global superpower headquarters, operating under Federal Ministry of Foreign Affairs. The mission manages Nigeria's single most important bilateral relationship outside Africa with world's only superpower and largest economy. Massive Nigerian diaspora exceeding 400,000 makes United States home to largest Nigerian community outside Nigeria, concentrated in Texas, Maryland, New York, California and Georgia. US is Nigeria's major trading partner, largest foreign investor and significant development assistance provider through USAID. Hundreds of thousands of Nigerian students study across American universities. US military cooperation includes equipment, training and intelligence support for Nigerian counter-Boko Haram operations. However, relations experience periodic strains from US human rights concerns about Nigerian security forces, visa restrictions affecting Nigerians, terrorism designation debates and President Trump's reported 2018 ""shithole countries"" comment including Nigeria. The mission coordinates vast bilateral relations spanning security cooperation, trade and investment, massive diaspora engagement, development assistance while addressing contentions and managing this crucial superpower relationship affecting Nigerian interests globally.

**Core Mandate:** To represent Nigeria in US superpower, protect massive diaspora exceeding 400,000, coordinate extensive security/trade/investment cooperation, manage human rights tensions and advance most crucial bilateral relationship.

**Statutory Functions:**
(a) Represent Federal Republic of Nigeria maintaining most strategically critical relationship with United States superpower
(b) Protect massive Nigerian diaspora exceeding 400,000 making US home to largest Nigerian community outside Nigeria
(c) Coordinate extensive US military assistance including equipment and training for Nigerian counter-Boko Haram operations
(d) Promote substantial US investment in Nigerian oil, gas, telecommunications, banking and infrastructure sectors
(e) Facilitate bilateral trade making United States Nigeria's major trading partner
(f) Coordinate US development assistance programs through USAID supporting Nigerian development
(g) Address contentious human rights criticisms from US State Department annual reports
(h) Navigate visa restrictions and travel bans periodically affecting Nigerians seeking US entry
(i) Support hundreds of thousands of Nigerian students across American universities nationwide
(j) Report to Federal Ministry of Foreign Affairs on US political developments and bilateral relations
(k) Coordinate with New York Consulate General on diaspora services in northeastern states
(l) Address terrorism designation debates affecting bilateral security cooperation and Nigeria's image
(m) Engage US Congress on Nigeria-related legislation, resolutions and appropriations
(n) Facilitate Nigerian diaspora remittances exceeding billions of dollars annually to Nigeria
(o) Coordinate US-Nigeria military training programs, joint exercises and equipment supplies
(p) Address negative media portrayal and stereotypes about Nigeria in American discourse
(q) Liaise extensively with White House, State Department, Pentagon, USAID and federal agencies
(r) Facilitate high-level presidential, vice-presidential and ministerial visits between both countries
(s) Promote Nigeria's democratic credentials, economic potential and strategic importance
(t) Advance multifaceted Nigeria-US strategic partnership spanning security, economy, democracy and global cooperation despite periodic human rights and policy tensions"
119009106,486. FOREIGN MISSION: WINDHOEK,"Nigeria's Foreign Mission in Windhoek, Namibia, is a diplomatic mission representing Federal Republic of Nigeria in Republic of Namibia. Located in Windhoek, Namibia's capital in Southern African plateau region, operating under Federal Ministry of Foreign Affairs. The mission manages limited bilateral engagement with sparsely populated Southern African country (population 2.5 million). Minimal Nigerian community present. Namibia is stable multi-party democracy with significant mineral wealth including uranium (world's third-largest producer), diamonds, zinc and copper, plus growing tourism sector. Both countries cooperate in African Union and SADC-ECOWAS partnerships linking West and Southern African regional organizations. Nigeria supported Namibia's liberation struggle against South African apartheid occupation during 1970s-1980s when South Africa illegally occupied territory. Namibia gained independence in 1990 following Nigerian diplomatic support in UN and African forums. Namibia demonstrates good governance, low corruption and democratic stability under SWAPO party. The mission leverages historical liberation-era solidarity, promotes minimal bilateral trade, coordinates SADC-ECOWAS regional integration, maintains Southern African diplomatic presence and facilitates limited cooperation with stable well-governed democracy.

**Core Mandate:** To represent Nigeria's interests in Namibia, leverage liberation support legacy, promote bilateral trade, coordinate SACD-ECOWAS integration and maintain Southern African diplomatic presence.

**Statutory Functions:**
(a) Represent Federal Republic of Nigeria maintaining diplomatic relations with Namibia
(b) Leverage Nigeria's historical support for Namibian liberation against South African occupation
(c) Protect minimal Nigerian community in Namibia
(d) Provide consular services to limited number of Nigerians
(e) Promote bilateral trade and investment from negligible current levels
(f) Coordinate SADC-ECOWAS cooperation on regional integration linking Southern and West Africa
(g) Monitor Namibia's political and economic developments
(h) Report to Federal Ministry of Foreign Affairs on Namibia and Southern African matters
(i) Study Namibia's good governance record as African success story
(j) Issue emergency travel documents to Nigerians when needed
(k) Facilitate cooperation in mining and mineral sectors given both countries' resources
(l) Promote Namibian investment opportunities to Nigerian businesses
(m) Assess Namibia's tourism development model for Nigerian tourism sector application
(n) Liaise with Namibian government on bilateral cooperation opportunities
(o) Coordinate with Southern African Development Community on regional integration
(p) Facilitate limited diplomatic visits when opportunities arise
(q) Maintain Nigerian diplomatic presence across Southern African region
(r) Learn from Namibia's anti-corruption successes and democratic stability
(s) Promote Africa-wide cooperation through African Union continental frameworks
(t) Advance Nigeria's interests in Southern African regional engagement and maintaining diplomatic coverage across continent"
119009107,487. FOREIGN MISSION: YAOUNDÉ,"Nigeria's Foreign Mission in Yaoundé, Cameroon, is Nigeria's primary diplomatic mission to Republic of Cameroon serving as embassy headquarters (note: separate consular offices may exist in Buea/Douala). Located in Yaoundé, Cameroon's political capital in central highlands, operating under Federal Ministry of Foreign Affairs. The mission manages absolutely crucial relationship with major eastern neighbor sharing Africa's sixth-longest international border at 1,690 km. Nigeria-Cameroon relations complicated by decades-long Bakassi Peninsula territorial dispute finally resolved by International Court of Justice in 2002 awarding oil-rich peninsula to Cameroon despite Nigerian occupation, creating painful territorial loss. Both countries cooperate extensively on Lake Chad Basin security operations against Boko Haram/ISWAP terrorism threatening both nations. Significant cross-border trade occurs given shared border. Substantial population movement between countries with cross-border ethnic communities. Nigerian refugees fled to Cameroon during 1967-1970 civil war; currently Cameroonian refugees flee anglophone crisis violence to Nigeria reversing flows. Cameroon's anglophone regions (Northwest and Southwest) face separatist armed conflict affecting border security. The mission coordinates vital security cooperation, manages post-Bakassi relations and resettlement, facilitates extensive cross-border trade, protects Nigerian diaspora and maintains crucial neighbor partnership despite complex historical tensions and ongoing challenges.

**Core Mandate:** To represent Nigeria in Cameroon political capital, coordinate security cooperation, manage post-Bakassi relations, facilitate trade, protect diaspora and maintain absolutely crucial eastern neighbor partnership.

**Statutory Functions:**
(a) Represent Federal Republic of Nigeria as primary embassy mission in Cameroon political capital Yaoundé
(b) Manage complex post-Bakassi Peninsula relations following painful ICJ territorial loss to Cameroon
(c) Coordinate extensive Nigeria-Cameroon security cooperation against Boko Haram terrorism in Lake Chad Basin
(d) Protect substantial Nigerian community across Cameroon coordinating with any consular offices in Buea/Douala
(e) Facilitate extensive cross-border trade and economic cooperation across 1,690 km shared border
(f) Monitor Cameroon's anglophone crisis and separatist violence affecting Nigerian border regions
(g) Report to Federal Ministry of Foreign Affairs on Cameroon political developments and border security
(h) Coordinate through Lake Chad Basin Commission and Multinational Joint Task Force on regional security
(i) Address sensitive Nigerian-Cameroonian border management issues and territorial disputes
(j) Provide consular services to substantial Nigerian diaspora throughout Cameroon
(k) Issue emergency travel documents to Nigerians
(l) Facilitate refugee protection and assistance in both directions across border
(m) Coordinate Nigerian-Cameroonian military and intelligence cooperation on counter-terrorism
(n) Promote bilateral trade leveraging extensive shared border and economic complementarities
(o) Monitor Bakassi Peninsula resettlement and rights of Nigerian populations in ceded territory
(p) Liaise closely with Cameroon government on complex bilateral security and political issues
(q) Coordinate with ECCAS (Economic Community of Central African States) and Lake Chad organizations
(r) Facilitate high-level presidential and ministerial visits addressing sensitive bilateral matters
(s) Promote border security, maritime boundary cooperation and offshore oil block development
(t) Advance Nigeria's critical interests in vital eastern neighbor security partnership, managing Bakassi legacy and Lake Chad Basin counterterrorism coordination"
119003001,488. FOREIGN SERVICE ACADEMY (FSA),"Foreign Service Academy (FSA) is Nigeria's premier diplomatic training institution responsible for preparing Nigerian diplomats, foreign service officers and international relations professionals for representing Nigeria globally. Located in Nigeria (specific location may be Abuja or Lagos), operating under Federal Ministry of Foreign Affairs. The Academy provides comprehensive professional training for career diplomats including diplomatic protocol, international law, diplomatic practice, multilateral and bilateral negotiation, consular services, trade and economic diplomacy, public diplomacy and specialized area studies. FSA trains entry-level foreign service officers fresh from recruitment, mid-career diplomats requiring professional development and senior officials preparing for ambassadorial postings across Nigeria's 120+ foreign missions worldwide. Curriculum covers UN system operations, African Union engagement, ECOWAS regional integration, crisis management, diaspora engagement, digital diplomacy and cultural representation. The Academy ensures Nigerian diplomats possess professional competence, ethical standards and skills necessary for effectively representing Nigeria's interests across diverse global contexts from Washington to Windhoek, Beijing to Bamako. Coordinates with international diplomatic training institutions and academies worldwide.

**Core Mandate:** To train Nigerian diplomats and foreign service officers, develop diplomatic skills, ensure professional competence and prepare officials for international representation across Nigeria's global diplomatic network.

**Statutory Functions:**
(a) Train entry-level Foreign Service Officers following recruitment for Nigerian diplomatic service
(b) Provide mid-career professional development courses for serving diplomats requiring skills upgrading
(c) Prepare senior officials for ambassadorial appointments and mission leadership positions
(d) Teach diplomatic protocol, etiquette and international ceremonial practices
(e) Train officers in international law, treaties, conventions and diplomatic legal frameworks
(f) Develop multilateral negotiation skills for UN, AU and international conferences
(g) Provide bilateral diplomacy training for embassy operations and host country relations
(h) Train comprehensively in consular services including passport issuance, visa processing and citizen protection
(i) Develop trade promotion and economic diplomacy capabilities
(j) Train in crisis management, emergency response and evacuation operations
(k) Provide specialized area studies on regions where Nigeria maintains diplomatic missions
(l) Train in public diplomacy, media relations and national image projection
(m) Develop cultural sensitivity, intercultural communication and adaptation skills
(n) Provide extensive language training in French, Arabic, Portuguese, Spanish, Chinese and other languages
(o) Train in diplomatic correspondence, report writing and cable communication
(p) Develop leadership, management and supervisory skills for mission management
(q) Provide training in emerging diplomatic areas including digital diplomacy and cyber issues
(r) Conduct research on Nigerian foreign policy evolution and diplomatic best practices
(s) Coordinate with international diplomatic training institutions for exchange programs
(t) Ensure Nigerian diplomats possess comprehensive competence for representing Nigeria professionally across 120+ missions spanning every continent and diverse political, cultural and economic contexts globally"
535014001,489. FORESTRY MECHANISATION COLLEGE AFAKA,"Forestry Mechanisation College Afaka is a specialized federal technical college providing forestry mechanization, forest engineering and sustainable forest management training. Located in Afaka area, Kaduna State in northern Nigeria, operating under Federal Ministry of Environment or Federal Ministry of Agriculture and Food Security depending on administrative structure. The college trains forestry technicians, forest engineers, forest mechanization specialists and sustainable forestry practitioners addressing Nigeria's critical forestry sector needs. Nigeria faces severe deforestation crisis losing approximately 3.5-4% of forest cover annually, among world's highest deforestation rates. Curriculum covers forestry mechanization equipment operation and maintenance, timber harvesting techniques, sustainable logging operations, forest road construction and engineering, sawmill operations and management, wood processing technology and forest product utilization. Provides practical hands-on training in operating chainsaws, forest tractors, log haulers, sawmills and other forest machinery. Addresses critical shortage of skilled forestry professionals needed for sustainable forest management, reforestation programs and forest conservation. Graduates work in State Forestry Departments, timber companies, environmental agencies, forest conservation NGOs and forest products industries.

**Core Mandate:** To provide specialized forestry mechanization training, develop forest engineering skills and prepare technicians for sustainable forest management, timber industry operations and forest conservation addressing deforestation crisis.

**Statutory Functions:**
(a) Provide specialized technical training in forestry mechanization and forest engineering
(b) Train students in forest machinery operation including chainsaws, tractors and harvesting equipment
(c) Develop skills in sustainable forest management practices and conservation techniques
(d) Teach timber harvesting methods balancing production with environmental sustainability
(e) Train comprehensively in logging operations, log extraction and timber transport
(f) Provide sawmill operations training including saw maintenance and wood processing
(g) Teach forest road construction, planning and engineering for timber access
(h) Develop competence in forest product utilization and value-added processing
(i) Train in forest mechanization equipment maintenance, repair and troubleshooting
(j) Provide practical hands-on training in actual forest operations and timber production
(k) Teach forest industry safety standards, occupational health and accident prevention
(l) Develop skills in reforestation techniques, tree planting and afforestation programs
(m) Train in forest nursery establishment, seedling production and plantation management
(n) Provide training in forest inventory methods, mensuration and resource assessment
(o) Teach woodworking, timber seasoning and wood preservation treatments
(p) Develop competence in forest economics, costing and forest business management
(q) Train in environmental conservation, biodiversity protection and sustainable forestry
(r) Provide education addressing Nigeria's severe deforestation crisis requiring urgent intervention
(s) Coordinate with Forestry Research Institute of Nigeria and State Forestry Departments
(t) Produce skilled forestry mechanization technicians for sustainable forest management, timber industry operations and environmental conservation combating Nigeria's alarming deforestation rates"
535013001,"490. FORESTRY RESEARCH INSTITUTE OF NIGERIA (FRIN), IBADAN","Forestry Research Institute of Nigeria (FRIN) is Nigeria's premier federal forestry research institution conducting comprehensive research on forest resources, forest ecology, conservation and sustainable management. Located in Ibadan, Oyo State in southwestern Nigeria, operating under Federal Ministry of Environment. FRIN conducts cutting-edge research on Nigerian forest ecosystems, indigenous tree species, forest genetics and breeding, forest products development, wildlife conservation and environmental protection. The Institute addresses Nigeria's catastrophic deforestation crisis with Nigeria losing approximately 350,000-400,000 hectares of forest cover annually representing 3.5-4% deforestation rate among world's highest. Research programs cover agroforestry systems integrating trees with agriculture, forest plantation establishment and management, non-timber forest products including mushrooms and honey, forest pests and diseases management, and climate change impacts on Nigerian forests. FRIN maintains valuable germplasm collections preserving endangered tree species, operates research forest stations across ecological zones and manages tree nurseries producing quality seedlings. Provides critical technical advice to Federal Ministry of Environment on national forest policy, legislation and conservation strategies. Trains forestry researchers, technicians and extension officers. Publishes research findings in scientific journals and technical bulletins disseminating forestry knowledge. Collaborates with international forestry organizations including FAO, IUCN and CIFOR.

**Core Mandate:** To conduct forestry research, develop sustainable forest management practices, conserve forest biodiversity, provide scientific basis for Nigeria's forest policy and address catastrophic deforestation crisis through research and innovation.

**Statutory Functions:**
(a) Conduct comprehensive forestry research on Nigerian forest ecosystems across ecological zones
(b) Research indigenous tree species characteristics, distribution, propagation and conservation
(c) Develop tree species improvement programs through genetics, breeding and selection
(4) Study forest ecology, forest dynamics, forest regeneration and succession patterns
(e) Research non-timber forest products including mushrooms, honey, fruits and medicinal plants
(f) Develop agroforestry systems integrating trees with crops for sustainable land use
(g) Research forest plantation establishment techniques, species selection and management practices
(h) Study forest pests and diseases developing integrated pest management strategies
(i) Research climate change impacts on Nigerian forests including carbon sequestration
(j) Develop sustainable forest management practices balancing conservation with utilization
(k) Maintain germplasm collections and gene banks preserving endangered Nigerian tree species
(l) Operate research forest stations across savanna, rainforest and montane ecological zones
(m) Research forest products processing, wood technology and value addition methods
(n) Study wildlife conservation, forest-wildlife interactions and habitat management
(o) Research forest soil science, forest nutrition and site productivity
(p) Provide technical advisory services to Federal Ministry of Environment on forest policy
(q) Train forestry researchers, technicians, extension officers and forestry students
(r) Publish scientific research findings, technical bulletins and forestry extension materials
(s) Disseminate forestry research knowledge to stakeholders including farmers and communities
(t) Collaborate with international forestry research organizations advancing scientific solutions to Nigeria's deforestation crisis threatening biodiversity, climate and livelihoods"
517021026,"491. FRENCH LANGUAGE VILLAGE BADAGRY, LAGOS","French Language Village Badagry is a specialized federal institution providing immersive French language education and francophone cultural training. Located in Badagry, Lagos State near Nigeria-Benin border approximately 60 km west of Lagos, operating under Federal Ministry of Education. The Village creates total immersion learning environment where students, trainees and participants live and learn French language through intensive instruction, cultural experiences and constant interaction with francophone culture and native speakers. Addresses critical need for French language proficiency given Nigeria's anglophone status completely surrounded by francophone neighbors: Benin Republic to west, Niger Republic to north, Chad to northeast and Cameroon (partially francophone) to east. ECOWAS regional integration agenda requires French-English bilingual capacity for Nigerian leadership. The Village provides intensive French language courses from beginner to advanced proficiency, francophone cultural immersion programs, French teacher training for Nigerian secondary schools and specialized French courses for diplomats, military officers, business people and government officials preparing for engagement with francophone Africa. Promotes Nigeria-francophone West Africa mutual understanding addressing language barriers limiting Nigerian regional influence. Badagry's strategic location near Benin border facilitates authentic francophone cultural exposure and cross-border educational exchanges.

**Core Mandate:** To provide immersive French language education, promote francophone cultural understanding, develop French-English bilingual Nigerians and support regional integration and francophone Africa engagement.

**Statutory Functions:**
(a) Provide immersive French language learning through scientifically-proven total immersion methodology
(b) Create authentic francophone cultural environment facilitating natural language acquisition
(c) Train students in French language proficiency from beginner (A1) to advanced (C2) CEFR levels
(d) Promote deep understanding of francophone African cultures, societies, history and traditions
(e) Prepare Nigerian diplomats for Foreign Ministry postings in francophone countries worldwide
(f) Train Nigerian military and security officers for operations in francophone Sahel and West Africa
(g) Develop French-English bilingual capacity essential for Nigerian ECOWAS regional leadership
(h) Provide comprehensive French teacher training for Nigerian secondary school French teachers
(i) Offer intensive cultural immersion programs exposing participants to francophone African life
(j) Teach French literature, francophone history, French civilization and cultural studies
(k) Facilitate student exchange programs with francophone African educational institutions
(l) Provide internationally-recognized French language certification including DELF/DALF testing
(m) Train Nigerian government officials for engagement with francophone neighbors and international organizations
(n) Organize French language competitions, cultural festivals and francophone celebration events
(o) Develop French language teaching materials, textbooks and pedagogical resources
(p) Provide short-term intensive French crash courses for business people and professionals
(q) Promote Nigeria-francophone West Africa relations through linguistic and cultural bridges
(r) Address critical language barriers severely hindering Nigeria's West African regional leadership aspirations
(s) Coordinate with francophone embassies, Alliance Française and francophone cultural centers
(t) Advance Nigeria's ECOWAS leadership effectiveness and francophone Africa diplomatic engagement through systematic French language capacity development addressing anglophone isolation"
517026080,492. FSTC AHOADA,"Federal Science and Technical College Ahoada, Rivers State, is a federal unity school providing science, technology and technical secondary education. Located in Ahoada, Rivers State capital of Ahoada West Local Government in Niger Delta oil-producing region, operating under Federal Ministry of Education. Established as Federal Science and Technical College emphasizing STEM (Science, Technology, Engineering, Mathematics) education and technical/vocational skills. Admits students nationally through National Common Entrance Examination using 60% merit-based and 40% geographical quota system ensuring national representation. Provides JSS1 to SS3 secondary education with enhanced focus on sciences (Biology, Chemistry, Physics), mathematics, technical subjects, computer studies and practical vocational training. Students receive boarding education promoting national integration among youth from diverse Nigerian ethnic, religious and regional backgrounds. Prepares students for WAEC (WASSCE) and NECO (SSCE) national examinations with emphasis on science/technical subjects. School features science laboratories, technical workshops, computer labs and vocational training facilities. Located in Niger Delta region where oil industry creates demand for technically skilled workforce in petroleum, engineering and industrial sectors.

**Core Mandate:** To provide science and technical secondary education emphasizing STEM skills, promote national unity and prepare students for science/engineering careers serving Rivers State and Niger Delta region.

**Statutory Functions:**
(a) Provide JSS1 to SS3 secondary education emphasizing sciences, technology and technical subjects
(b) Admit students nationally through Common Entrance Examination using 60% merit and 40% quota system
(c) Emphasize sciences (Biology, Chemistry, Physics), mathematics and technical subjects in curriculum
(d) Provide comprehensive technical workshops for practical vocational skills training
(e) Maintain well-equipped science laboratories for practical Biology, Chemistry and Physics experiments
(f) Prepare students thoroughly for WAEC (WASSCE) and NECO (SSCE) national examinations
(g) Deliver federal government STEM-focused curriculum preparing students for science/technology careers
(h) Provide boarding facilities for students promoting national integration and unity
(i) Develop vocational and technical skills including carpentry, metalwork, electrical installation
(j) Prepare students specifically for science and engineering tertiary education programs
(k) Promote national unity among students from diverse ethnic, religious and regional backgrounds
(l) Maintain high academic standards befitting Federal Unity School status
(m) Employ qualified science teachers, technical instructors and vocational trainers
(n) Provide practical hands-on technical training through workshop practice
(o) Foster innovation, creativity and technical problem-solving capabilities
(p) Develop analytical thinking and scientific inquiry skills through laboratory work
(q) Prepare students for JAMB/UTME entrance examinations for science/engineering university programs
(r) Promote technical career awareness and STEM field opportunities
(s) Provide character, moral and civic education alongside technical training
(t) Organize science competitions, technical exhibitions and innovation showcases producing technically skilled graduates for Niger Delta oil industry, engineering sectors and national technological development"
517026110,"493. FSTC AMUZU TOWN, EBONYI STATE","Federal Science and Technical College Amuzu Town, Ebonyi State, is a federal unity school providing science, technology and technical secondary education. Located in Amuzu Town, Ebonyi State in southeastern Nigeria, operating under Federal Ministry of Education. Established as Federal Science and Technical College emphasizing STEM education and technical skills development. Ebonyi State, created in 1996, is relatively young state known as ""Salt of the Nation"" for salt mining heritage. The college admits students nationally through Common Entrance using merit-quota system ensuring geographical diversity. Provides JSS1-SS3 education with strong emphasis on sciences, mathematics, technical subjects and vocational training. Students receive boarding education promoting national integration. Prepares students for WAEC and NECO examinations emphasizing science/technical performance. Features science laboratories, technical workshops and vocational training facilities. Located in Ebonyi State where agriculture dominates economy, technical skills support agricultural mechanization, processing and rural development needs.

**Core Mandate:** To provide science and technical secondary education emphasizing STEM skills, promote national unity and prepare technically skilled graduates for Ebonyi State and southeastern Nigeria development.

**Statutory Functions:**
(a) Provide JSS1-SS3 science-focused secondary education in Ebonyi State
(b) Admit students nationally through Common Entrance Examination ensuring state representation
(c) Emphasize STEM subjects including sciences, mathematics, computer studies and technology
(d) Provide technical training facilities including workshops for practical skills
(e) Prepare students thoroughly for WAEC and NECO national examinations
(f) Deliver technical curriculum developing vocational and practical skills
(g) Provide boarding facilities promoting integration among diverse Nigerian students
(h) Develop vocational skills supporting agricultural mechanization and rural development
(i) Prepare students for science and engineering tertiary education careers
(j) Promote national unity among students from different regions and ethnic groups
(k) Maintain Federal Unity School academic excellence standards
(l) Employ qualified science teachers and technical instructors
(m) Provide practical hands-on training through laboratory and workshop sessions
(n) Foster innovation and technical creativity among students
(o) Develop problem-solving and analytical thinking through scientific inquiry
(p) Prepare students for JAMB entrance to science/engineering university programs
(q) Promote awareness of technical careers and STEM opportunities
(r) Provide character education and moral development alongside technical training
(s) Organize science fairs, technical competitions and innovation exhibitions
(t) Produce technically skilled graduates supporting Ebonyi State agricultural development, southeastern Nigeria industrialization and national STEM workforce needs"
517026081,494. FSTC AWKA,"Federal Science and Technical College Awka, Anambra State, is a federal unity school providing science, technology and technical secondary education. Located in Awka, Anambra State capital in southeastern Nigeria, operating under Federal Ministry of Education. Established as Federal Science and Technical College with STEM education mandate. Awka serves as Anambra capital, state known for commercial entrepreneurship and high educational achievement. The college admits students nationally using Common Entrance merit-quota system. Provides JSS1-SS3 education emphasizing sciences, mathematics, technical subjects and vocational skills. Boarding education promotes national unity among students. Prepares students for WAEC and NECO examinations with science/technical focus. Features laboratories, workshops and technical training facilities. Located in educationally competitive Anambra State producing many Nigerian professionals, FSTC Awka contributes technical education to state's human capital development. Southeastern Nigeria's commercial and industrial activities create demand for technically skilled graduates.

**Core Mandate:** To provide science and technical secondary education emphasizing STEM, promote national unity and prepare technically skilled graduates for Anambra State capital and southeastern Nigeria.

**Statutory Functions:**
(a) Provide JSS1-SS3 science and technical secondary education in Anambra State capital
(b) Admit students nationally through Common Entrance using merit-quota system
(c) Emphasize sciences, mathematics, technology and technical subjects
(d) Provide technical workshops for practical vocational training
(e) Maintain science laboratories for practical experimental learning
(f) Prepare students for WAEC and NECO examinations emphasizing science performance
(g) Deliver STEM-focused federal curriculum
(h) Provide boarding facilities promoting national integration
(i) Develop vocational skills including technical trades
(j) Prepare students for science/engineering tertiary education
(k) Promote national unity among ethnically diverse students
(l) Maintain high academic standards in competitive Anambra educational environment
(m) Employ qualified science and technical teachers
(n) Provide hands-on practical technical training
(o) Foster innovation and technical problem-solving
(p) Develop analytical and scientific thinking skills
(q) Prepare students for JAMB science/engineering programs
(r) Promote technical career awareness
(s) Provide character and moral education
(t) Organize competitions and exhibitions producing technically competent graduates for southeastern Nigeria's commercial and industrial sectors"
517026104,495. FSTC DAYI,"Federal Science and Technical College Dayi is a federal unity school providing science, technology and technical secondary education. Located in Dayi (specific state location requires confirmation), operating under Federal Ministry of Education. Established as Federal Science and Technical College with STEM education mandate. The college admits students nationally through Common Entrance Examination using merit-quota system ensuring geographical diversity. Provides JSS1-SS3 secondary education with emphasis on sciences, mathematics, technical subjects and vocational training. Students receive boarding education promoting national unity and integration. Prepares students for WAEC and NECO examinations with focus on science/technical subjects. Features science laboratories, technical workshops and training facilities. FSTC Dayi contributes to national STEM education goals producing technically skilled graduates.

**Core Mandate:** To provide science and technical secondary education emphasizing STEM skills, promote national unity and prepare technically skilled graduates for national development.

**Statutory Functions:**
(a) Provide JSS1-SS3 science and technical secondary education
(b) Admit students nationally through Common Entrance merit-quota system
(c) Emphasize STEM subjects in curriculum delivery
(d) Provide technical workshops for vocational skills training
(e) Maintain science laboratories for practical learning
(f) Prepare students for WAEC and NECO examinations
(g) Deliver federal STEM-focused curriculum
(h) Provide boarding promoting national integration
(i) Develop vocational and technical skills
(j) Prepare students for science/engineering careers
(k) Promote national unity among diverse students
(l) Maintain Federal Unity School standards
(m) Employ qualified science and technical teachers
(n) Provide practical hands-on training
(o) Foster innovation and creativity
(p) Develop analytical thinking skills
(q) Prepare for JAMB science programs
(r) Promote technical career awareness
(s) Provide character education
(t) Produce technically skilled graduates for national STEM workforce"
517026109,"496. FSTC GANDUJE TOWN, KANO STATE","Federal Science and Technical College Ganduje Town, Kano State, is a federal unity school providing science, technology and technical secondary education. Located in Ganduje Town, Kano State in northern Nigeria, operating under Federal Ministry of Education. Established as Federal Science and Technical College emphasizing STEM education. Kano is Nigeria's second most populous state and major commercial center of northern Nigeria. The college admits students nationally through Common Entrance using merit-quota system. Provides JSS1-SS3 education emphasizing sciences, mathematics, technical subjects and vocational training. Boarding education promotes national unity bringing together students from across Nigeria. Prepares students for WAEC and NECO examinations with science/technical focus. Features laboratories, workshops and technical facilities. Located in Kano State where textile, tanning, manufacturing and commercial activities create demand for technically skilled workforce. FSTC Ganduve promotes STEM education in northern Nigeria addressing regional educational gaps.

**Core Mandate:** To provide science and technical secondary education emphasizing STEM, promote national unity and prepare technically skilled graduates for Kano State and northern Nigeria development.

**Statutory Functions:**
(a) Provide JSS1-SS3 science and technical education in Kano State
(b) Admit students nationally through Common Entrance ensuring national representation
(c) Emphasize sciences, mathematics and technical subjects
(d) Provide technical workshops for vocational skills
(e) Maintain science laboratories for practical experiments
(f) Prepare students for WAEC and NECO examinations
(g) Deliver STEM-focused federal curriculum
(h) Provide boarding promoting national integration
(i) Develop vocational skills supporting northern industries
(j) Prepare students for science/engineering tertiary education
(k) Promote national unity among diverse students
(l) Maintain Federal Unity School academic standards
(m) Employ qualified science and technical teachers
(n) Provide practical technical training
(o) Foster innovation and technical creativity
(p) Develop analytical and problem-solving skills
(q) Prepare students for JAMB science/engineering programs
(r) Promote technical career awareness in northern context
(s) Provide character and moral education
(t) Produce technically skilled graduates supporting Kano's commercial, textile and manufacturing sectors and northern Nigeria industrial development"
517026108,"497. FSTC IGANGAN TOWN, OYO STATE","Federal Science and Technical College Igangan Town, Oyo State, is a federal unity school providing science, technology and technical secondary education. Located in Igangan Town, Oyo State in southwestern Nigeria, operating under Federal Ministry of Education. Established as Federal Science and Technical College with STEM mandate. Igangan is agricultural town in Oyo State's Ibarapa region. The college admits students nationally through Common Entrance merit-quota system. Provides JSS1-SS3 education emphasizing sciences, mathematics, technical subjects and vocational skills. Boarding education promotes national unity. Prepares students for WAEC and NECO examinations with science/technical emphasis. Features laboratories, workshops and training facilities. Located in agricultural Oyo State region, technical skills support agricultural mechanization, processing and agro-industrial development.

**Core Mandate:** To provide science and technical secondary education emphasizing STEM, promote national unity and prepare technically skilled graduates for Oyo State agricultural and industrial development.

**Statutory Functions:**
(a) Provide JSS1-SS3 science and technical education in Oyo State
(b) Admit students nationally using Common Entrance merit-quota system
(c) Emphasize STEM subjects in curriculum
(d) Provide technical workshops for vocational training
(e) Maintain science laboratories for practical learning
(f) Prepare students for WAEC and NECO examinations
(g) Deliver federal STEM curriculum
(h) Provide boarding promoting national integration
(i) Develop vocational skills supporting agricultural mechanization
(j) Prepare students for science/engineering careers
(k) Promote national unity among diverse students
(l) Maintain Unity School academic standards
(m) Employ qualified science and technical teachers
(n) Provide practical technical training
(o) Foster innovation in agricultural technology
(p) Develop problem-solving skills
(q) Prepare for JAMB science programs
(r) Promote technical career awareness
(s) Provide character education
(t) Produce technically skilled graduates supporting Oyo State agricultural development and southwestern Nigeria industrialization"
517026082,498. FSTC JUBU-IMUSHIN,"Federal Science and Technical College Jubu-Imushin is a federal unity school providing science, technology and technical secondary education. Located in Jubu-Imushin (specific state requires confirmation), operating under Federal Ministry of Education. Established as Federal Science and Technical College emphasizing STEM education. The college admits students nationally through Common Entrance using merit-quota system ensuring geographical diversity. Provides JSS1-SS3 secondary education with emphasis on sciences, mathematics, technical subjects and vocational training. Students receive boarding education promoting national integration among diverse backgrounds. Prepares students for WAEC and NECO examinations focusing on science/technical performance. Features science laboratories, technical workshops and vocational training facilities.

**Core Mandate:** To provide science and technical secondary education emphasizing STEM skills, promote national unity and prepare technically competent graduates for national development.

**Statutory Functions:**
(a) Provide JSS1-SS3 science and technical secondary education
(b) Admit students nationally through Common Entrance merit-quota system
(c) Emphasize sciences, mathematics, technology and technical subjects
(d) Provide technical workshops for practical vocational training
(e) Maintain well-equipped science laboratories
(f) Prepare students for WAEC and NECO examinations
(g) Deliver federal STEM-focused curriculum
(h) Provide boarding facilities promoting national unity
(i) Develop vocational and technical skills
(j) Prepare students for science/engineering tertiary programs
(k) Promote national integration among diverse students
(l) Maintain Federal Unity School standards
(m) Employ qualified science and technical teachers
(n) Provide hands-on practical technical training
(o) Foster innovation and technical problem-solving
(p) Develop analytical and scientific thinking
(q) Prepare students for JAMB science/engineering entrance
(r) Promote technical career awareness
(s) Provide character and moral education
(t) Produce technically skilled graduates for national STEM workforce development"
517026083,499. FSTC MICHIKA,"Federal Science and Technical College Michika, Adamawa State, is a federal unity school providing science, technology and technical secondary education. Located in Michika, Adamawa State in northeastern Nigeria, operating under Federal Ministry of Education. Established as Federal Science and Technical College emphasizing STEM education. Michika has experienced significant impact from Boko Haram/ISWAP insurgency affecting northeastern Nigeria. The college demonstrates federal government commitment to maintaining education despite security challenges. Admits students nationally through Common Entrance merit-quota system. Provides JSS1-SS3 education emphasizing sciences, mathematics, technical subjects despite operational challenges. Boarding education promotes national unity. Prepares students for WAEC and NECO examinations. Features laboratories and workshops though security situation affects operations. FSTC Michika's continued operation represents resilience and federal commitment to education even in conflict-affected regions.

**Core Mandate:** To provide science and technical secondary education emphasizing STEM, promote national unity and maintain educational operations in conflict-affected northeastern Nigeria.

**Statutory Functions:**
(a) Provide JSS1-SS3 science and technical education despite regional security challenges
(b) Admit students nationally through Common Entrance ensuring access to education
(c) Emphasize STEM subjects maintaining educational quality despite constraints
(d) Provide technical workshops with enhanced security measures
(e) Maintain science laboratories for practical learning
(f) Prepare students for WAEC and NECO examinations
(g) Deliver federal curriculum despite operational disruptions
(h) Provide boarding with enhanced security protocols
(i) Develop vocational skills for post-conflict reconstruction
(j) Prepare students for science/engineering careers
(k) Promote national unity amid conflict
(l) Maintain standards under challenging circumstances
(m) Employ teachers willing to serve in conflict zone
(n) Provide practical training with security considerations
(o) Foster resilience and educational hope
(p) Develop skills for northeastern reconstruction
(q) Prepare for tertiary education
(r) Promote peace education
(s) Provide character education emphasizing resilience
(t) Demonstrate federal commitment to education in insurgency-affected northeastern Nigeria producing graduates contributing to regional recovery"
517026084,500. FSTC TUNGBO - YENAGOA,"Federal Science and Technical College Tungbo-Yenagoa, Bayelsa State, is a federal unity school providing science, technology and technical secondary education. Located in Tungbo area, Yenagoa, Bayelsa State capital in Niger Delta oil-producing region, operating under Federal Ministry of Education. Established as Federal Science and Technical College emphasizing STEM education. Bayelsa State, created in 1996, is small riverine state producing significant oil. The college admits students nationally through Common Entrance merit-quota system. Provides JSS1-SS3 education emphasizing sciences, mathematics, technical subjects and vocational training. Boarding education promotes national unity. Prepares students for WAEC and NECO examinations with science/technical focus. Features laboratories, workshops and technical facilities. Located in Niger Delta oil-producing region creating demand for technically skilled workforce in petroleum, engineering and maritime sectors. Addresses educational needs in riverine environment.

**Core Mandate:** To provide science and technical secondary education emphasizing STEM, promote national unity and prepare technically skilled graduates for Bayelsa State and Niger Delta oil industry.

**Statutory Functions:**
(a) Provide JSS1-SS3 science and technical education in Bayelsa State capital
(b) Admit students nationally through Common Entrance merit-quota system
(c) Emphasize sciences, mathematics and technical subjects preparing for oil industry
(d) Provide technical workshops for vocational skills training
(e) Maintain science laboratories for practical experiments
(f) Prepare students thoroughly for WAEC and NECO examinations
(g) Deliver federal STEM-focused curriculum
(h) Provide boarding facilities promoting national integration
(i) Develop vocational skills supporting Niger Delta petroleum and maritime industries
(j) Prepare students specifically for science/engineering tertiary education
(k) Promote national unity among students from diverse regions
(l) Maintain Federal Unity School academic excellence standards
(m) Employ qualified science teachers and technical instructors
(n) Provide practical technical training relevant to oil-producing region
(o) Foster innovation and technical problem-solving
(p) Develop analytical thinking through scientific inquiry
(q) Prepare students for JAMB entrance to petroleum engineering and related programs
(r) Promote technical career awareness in Niger Delta context
(s) Provide character education and moral development
(t) Produce technically skilled graduates supporting Bayelsa State development, Niger Delta oil and gas industry and national technological advancement in riverine environment"
517026107,# NIGERIAN FEDERAL AGENCY MANDATES: AGENCIES 501-520,"**MDA Code:** 517026107

Federal Science and Technical College Umuaka, Imo State, is a federal unity school providing science, technology and technical secondary education. Located in Umuaka, Imo State in southeastern Nigeria, operating under Federal Ministry of Education. Established as Federal Science and Technical College emphasizing STEM (Science, Technology, Engineering, Mathematics) education and technical skills development. Umuaka is town in Njaba Local Government Area of Imo State. Imo State, created in 1976, has strong educational traditions and commercial entrepreneurship. The college admits students nationally through National Common Entrance Examination using 60% merit-based and 40% geographical quota system ensuring representation from all Nigerian states. Provides JSS1 (Junior Secondary School 1) to SS3 (Senior Secondary 3) secondary education with enhanced focus on sciences including Biology, Chemistry, Physics, mathematics, technical subjects, computer studies and practical vocational training. Students receive boarding education in hostels promoting national integration among youth from diverse Nigerian ethnic, religious and regional backgrounds. Prepares students for WAEC (West African Examinations Council - WASSCE) and NECO (National Examinations Council - SSCE) national examinations with emphasis on science and technical subject performance. School features well-equipped science laboratories for practical experiments, technical workshops for vocational training and computer labs. Located in southeastern Nigeria where commercial activities and light manufacturing create demand for technically skilled workforce.

**Core Mandate:** To provide science and technical secondary education emphasizing STEM skills, promote national unity and integration, and prepare technically competent graduates for Imo State and southeastern Nigeria development.

**Statutory Functions:**
(a) Provide JSS1 to SS3 secondary education emphasizing sciences, mathematics, technology and technical subjects
(b) Admit students nationally through Common Entrance Examination using 60% merit and 40% geographical quota system
(c) Emphasize core sciences (Biology, Chemistry, Physics), mathematics and technical subjects in curriculum delivery
(d) Provide comprehensive technical workshops for practical vocational skills training in trades
(e) Maintain well-equipped science laboratories for practical Biology, Chemistry and Physics experiments
(f) Prepare students thoroughly for WAEC (WASSCE) and NECO (SSCE) national examinations
(g) Deliver federal government STEM-focused curriculum preparing students for science and technology careers
(h) Provide boarding facilities and hostels for students promoting national integration and unity
(i) Develop vocational and technical skills including carpentry, metalwork, electrical installation and other trades
(j) Prepare students specifically for science and engineering tertiary education programs at universities and polytechnics
(k) Promote national unity and integration among students from diverse ethnic, religious and regional backgrounds
(l) Maintain high academic standards befitting Federal Unity School status
(m) Employ qualified science teachers, mathematics teachers, technical instructors and vocational trainers
(n) Provide practical hands-on technical training through workshop practice and laboratory sessions
(o) Foster innovation, creativity and technical problem-solving capabilities among students
(p) Develop analytical thinking, scientific inquiry and research skills through laboratory work
(q) Prepare students for JAMB/UTME entrance examinations for science and engineering university programs
(r) Promote technical career awareness and expose students to STEM field opportunities
(s) Provide character, moral and civic education alongside academic and technical training
(t) Organize science competitions, technical exhibitions, innovation showcases and academic events producing technically skilled graduates for Imo State commercial sectors, southeastern Nigeria light manufacturing and national technological workforce development"
517026085,502. FSTC USI-EKITI,"Federal Science and Technical College Usi-Ekiti, Ekiti State, is a federal unity school providing science, technology and technical secondary education. Located in Usi-Ekiti town, Ekiti State in southwestern Nigeria, operating under Federal Ministry of Education. Established as Federal Science and Technical College emphasizing STEM education and technical competence. Ekiti State, created in 1996 from Ondo State, is known as ""Fountain of Knowledge"" for its strong educational culture and high literacy rates. Usi-Ekiti is community in Ekiti State. The college admits students nationally through Common Entrance Examination using merit-quota system ensuring geographical diversity. Provides JSS1-SS3 secondary education with enhanced focus on sciences, mathematics, technical subjects and vocational skills. Students receive boarding education promoting national integration among diverse Nigerian youth. Prepares students for WAEC and NECO examinations with emphasis on science and technical performance. Features science laboratories for practical experiments, technical workshops for vocational training and computer facilities. Located in educationally competitive Ekiti State known for producing many Nigerian professionals, academics and civil servants. Ekiti's agricultural economy creates demand for agricultural mechanization and agro-processing technical skills.

**Core Mandate:** To provide science and technical secondary education emphasizing STEM skills, promote national unity and prepare technically competent graduates for Ekiti State's educational advancement and southwestern Nigeria development.

**Statutory Functions:**
(a) Provide JSS1-SS3 science and technical secondary education in Ekiti State
(b) Admit students nationally through Common Entrance using 60% merit and 40% quota system
(c) Emphasize sciences, mathematics, technology and technical subjects in curriculum
(d) Provide technical workshops for practical vocational skills training
(e) Maintain science laboratories for hands-on experimental learning in Biology, Chemistry, Physics
(f) Prepare students thoroughly for WAEC and NECO national examinations
(g) Deliver federal STEM-focused curriculum
(h) Provide boarding facilities promoting national integration
(i) Develop vocational skills supporting agricultural mechanization and agro-processing
(j) Prepare students for science and engineering tertiary education
(k) Promote national unity among ethnically diverse students
(l) Maintain high academic standards in educationally competitive Ekiti environment
(m) Employ qualified science teachers and technical instructors
(n) Provide hands-on practical technical training
(o) Foster innovation and technical creativity
(p) Develop analytical and scientific thinking skills
(q) Prepare students for JAMB entrance to science/engineering university programs
(r) Promote technical career awareness
(s) Provide character and moral education
(t) Organize science competitions and technical exhibitions producing technically skilled graduates for Ekiti State agricultural development, southwestern Nigeria agro-industries and national STEM workforce"
517026117,"503. FSTC, EKE, ENUGU STATE","Federal Science and Technical College Eke, Enugu State, is a federal unity school providing science, technology and technical secondary education. Located in Eke, Enugu State in southeastern Nigeria, operating under Federal Ministry of Education. Established as Federal Science and Technical College emphasizing STEM education. Enugu State, created in 1991, is known as ""Coal City State"" for historical coal mining industry. Enugu served as former Eastern Region capital and has strong educational and commercial traditions. Eke is community in Enugu State. The college admits students nationally through Common Entrance merit-quota system ensuring national representation. Provides JSS1-SS3 education emphasizing sciences, mathematics, technical subjects and vocational training. Boarding education promotes national unity. Prepares students for WAEC and NECO examinations with science/technical focus. Features laboratories, workshops and technical training facilities. Located in Enugu State where coal mining heritage, manufacturing and commercial activities create demand for technically skilled workforce. Southeastern Nigeria's industrial and commercial development requires technical education.

**Core Mandate:** To provide science and technical secondary education emphasizing STEM skills, promote national unity and prepare technically competent graduates for Enugu State and southeastern Nigeria industrial development.

**Statutory Functions:**
(a) Provide JSS1-SS3 science and technical secondary education in Enugu State
(b) Admit students nationally through Common Entrance merit-quota system
(c) Emphasize STEM subjects including sciences, mathematics and technology
(d) Provide technical workshops for vocational skills training
(e) Maintain science laboratories for practical experimental learning
(f) Prepare students for WAEC and NECO national examinations
(g) Deliver federal STEM-focused curriculum
(h) Provide boarding facilities promoting national integration
(i) Develop vocational skills supporting manufacturing and industrial sectors
(j) Prepare students for science/engineering tertiary education
(k) Promote national unity among diverse students
(l) Maintain Federal Unity School academic standards
(m) Employ qualified science and technical teachers
(n) Provide practical hands-on technical training
(o) Foster innovation in industrial and manufacturing contexts
(p) Develop problem-solving and analytical skills
(q) Prepare students for JAMB science/engineering programs
(r) Promote technical career awareness
(s) Provide character education
(t) Produce technically skilled graduates supporting Enugu State industrial sectors and southeastern Nigeria manufacturing development"
517026112,"504. FSTC, GASHUA, YOBE STATE","Federal Science and Technical College Gashua, Yobe State, is a federal unity school providing science, technology and technical secondary education. Located in Gashua town, Yobe State in northeastern Nigeria, operating under Federal Ministry of Education. Established as Federal Science and Technical College emphasizing STEM education. Gashua is major town and Local Government headquarters in Yobe State. Yobe State, created in 1991, has experienced significant impact from Boko Haram/ISWAP insurgency affecting northeastern Nigeria security and education. The college demonstrates federal government commitment to maintaining education despite security challenges in insurgency-affected regions. Admits students nationally through Common Entrance merit-quota system. Provides JSS1-SS3 education emphasizing sciences, mathematics and technical subjects despite operational challenges from regional insecurity. Boarding education promotes national unity. Prepares students for WAEC and NECO examinations. Features laboratories and workshops though security situation affects normal operations. FSTC Gashua's continued operation represents educational resilience and federal commitment to northeastern Nigeria despite Boko Haram targeting schools.

**Core Mandate:** To provide science and technical secondary education emphasizing STEM skills, promote national unity and maintain educational operations in insurgency-affected northeastern Nigeria.

**Statutory Functions:**
(a) Provide JSS1-SS3 science and technical education despite northeastern regional security challenges
(b) Admit students nationally through Common Entrance ensuring educational access amid conflict
(c) Emphasize STEM subjects maintaining educational quality despite operational constraints
(d) Provide technical workshops with enhanced security measures
(e) Maintain science laboratories for practical learning
(f) Prepare students for WAEC and NECO examinations
(g) Deliver federal curriculum despite security-related disruptions
(h) Provide boarding with enhanced security protocols
(i) Develop vocational skills for post-conflict reconstruction needs
(j) Prepare students for science/engineering careers
(k) Promote national unity amid regional conflict
(l) Maintain academic standards under challenging security circumstances
(m) Employ teachers willing to serve in conflict-affected zone
(n) Provide practical training with security considerations
(o) Foster educational resilience and hope
(p) Develop skills contributing to northeastern reconstruction
(q) Prepare students for tertiary education
(r) Promote peace education
(s) Provide character education emphasizing resilience
(t) Demonstrate federal commitment to education in Boko Haram-affected Yobe State producing graduates contributing to northeastern Nigeria recovery and development"
517026115,"505. FSTC, GWANARA, KWARA STATE","Federal Science and Technical College Gwanara, Kwara State, is a federal unity school providing science, technology and technical secondary education. Located in Gwanara, Kwara State in north-central Nigeria, operating under Federal Ministry of Education. Established as Federal Science and Technical College emphasizing STEM education and technical skills. Kwara State, meaning ""State of Harmony,"" is middle belt state bridging northern and southern Nigeria with diverse ethnic composition. Gwanara is community in Kwara State. The college admits students nationally through Common Entrance merit-quota system ensuring geographical diversity. Provides JSS1-SS3 education emphasizing sciences, mathematics, technical subjects and vocational training. Boarding education promotes national unity among students from across Nigeria. Prepares students for WAEC and NECO examinations with science/technical focus. Features laboratories, workshops and technical facilities. Located in middle belt Kwara State where agriculture, trade and emerging industries create demand for technically skilled workforce. Kwara's strategic location linking northern and southern Nigeria makes technical education important for regional development.

**Core Mandate:** To provide science and technical secondary education emphasizing STEM skills, promote national unity and prepare technically competent graduates for Kwara State and north-central Nigeria development.

**Statutory Functions:**
(a) Provide JSS1-SS3 science and technical secondary education in Kwara State
(b) Admit students nationally through Common Entrance merit-quota system
(c) Emphasize sciences, mathematics and technical subjects
(d) Provide technical workshops for vocational skills training
(e) Maintain science laboratories for practical experiments
(f) Prepare students for WAEC and NECO examinations
(g) Deliver federal STEM curriculum
(h) Provide boarding promoting national integration
(i) Develop vocational skills supporting agriculture and emerging industries
(j) Prepare students for science/engineering tertiary education
(k) Promote national unity in middle belt diversity
(l) Maintain Federal Unity School standards
(m) Employ qualified science and technical teachers
(n) Provide practical technical training
(o) Foster innovation and technical problem-solving
(p) Develop analytical thinking skills
(q) Prepare students for JAMB science/engineering programs
(r) Promote technical career awareness
(s) Provide character education
(t) Produce technically skilled graduates supporting Kwara State development and north-central Nigeria agricultural and industrial advancement"
517026106,"506. FSTC, HADEJIA-KIRIKASAMMA ROAD, JIGAWA STATE","Federal Science and Technical College Hadejia-Kirikasamma Road, Jigawa State, is a federal unity school providing science, technology and technical secondary education. Located on Hadejia-Kirikasamma Road, Jigawa State in northwestern Nigeria, operating under Federal Ministry of Education. Established as Federal Science and Technical College emphasizing STEM education. Jigawa State, created in 1991 from Kano State, is predominantly agricultural state. Hadejia is major town and emirate headquarters in Jigawa with Hadejia-Nguru wetlands important for agriculture and fishing. The college admits students nationally through Common Entrance merit-quota system. Provides JSS1-SS3 education emphasizing sciences, mathematics, technical subjects and vocational training. Boarding education promotes national unity. Prepares students for WAEC and NECO examinations with science/technical focus. Features laboratories, workshops and technical facilities. Located in agricultural Jigawa State where irrigation farming, fishing and rural development create demand for agricultural mechanization and technical skills. Northern Nigeria requires technical education for agricultural and rural development.

**Core Mandate:** To provide science and technical secondary education emphasizing STEM skills, promote national unity and prepare technically competent graduates for Jigawa State agricultural development and northwestern Nigeria.

**Statutory Functions:**
(a) Provide JSS1-SS3 science and technical education in Jigawa State
(b) Admit students nationally through Common Entrance merit-quota system
(c) Emphasize sciences, mathematics and technical subjects
(d) Provide technical workshops for agricultural mechanization and vocational skills
(e) Maintain science laboratories for practical learning
(f) Prepare students for WAEC and NECO examinations
(g) Deliver federal STEM curriculum
(h) Provide boarding promoting national integration
(i) Develop vocational skills supporting irrigation agriculture and fishing
(j) Prepare students for science/engineering and agricultural tertiary education
(k) Promote national unity among diverse students
(l) Maintain Federal Unity School standards
(m) Employ qualified science and technical teachers
(n) Provide practical training in agricultural mechanization
(o) Foster innovation in agricultural technology
(p) Develop problem-solving skills for rural development
(q) Prepare students for JAMB science/agricultural programs
(r) Promote technical and agricultural career awareness
(s) Provide character education
(t) Produce technically skilled graduates supporting Jigawa State irrigation farming, Hadejia wetlands agriculture and northwestern Nigeria rural development"
517026116,"507. FSTC, MANGU, PLATEAU STATE","Federal Science and Technical College Mangu, Plateau State, is a federal unity school providing science, technology and technical secondary education. Located in Mangu, Plateau State in north-central Nigeria, operating under Federal Ministry of Education. Established as Federal Science and Technical College emphasizing STEM education. Plateau State, known as ""Home of Peace and Tourism,"" features Jos Plateau highland region with cooler climate and scenic landscapes. Mangu is Local Government Area in Plateau State. Plateau State has experienced ethno-religious conflicts requiring peace-building. The college admits students nationally through Common Entrance merit-quota system promoting integration. Provides JSS1-SS3 education emphasizing sciences, mathematics, technical subjects and vocational training. Boarding education particularly important for promoting national unity and peaceful coexistence. Prepares students for WAEC and NECO examinations. Features laboratories, workshops and technical facilities. Located in Plateau State where mining (tin historically), agriculture and tourism sectors create demand for technically skilled workforce. Peace education important given regional conflicts.

**Core Mandate:** To provide science and technical secondary education emphasizing STEM skills, promote national unity and peaceful coexistence, and prepare technically competent graduates for Plateau State development.

**Statutory Functions:**
(a) Provide JSS1-SS3 science and technical education in Plateau State
(b) Admit students nationally through Common Entrance promoting integration
(c) Emphasize sciences, mathematics and technical subjects
(d) Provide technical workshops for vocational training
(e) Maintain science laboratories for practical experiments
(f) Prepare students for WAEC and NECO examinations
(g) Deliver federal STEM curriculum
(h) Provide boarding promoting national unity and peaceful coexistence
(i) Develop vocational skills supporting mining, agriculture and tourism
(j) Prepare students for science/engineering tertiary education
(k) Promote national unity amid ethno-religious diversity
(l) Maintain Federal Unity School standards
(m) Employ qualified science and technical teachers
(n) Provide practical technical training
(o) Foster innovation and peace education
(p) Develop conflict resolution and analytical skills
(q) Prepare students for JAMB science programs
(r) Promote technical career awareness
(s) Provide character and peace education
(t) Produce technically skilled graduates supporting Plateau State mining, agriculture, tourism and contributing to peaceful coexistence in north-central Nigeria"
517026111,"508. FSTC, MISAU, BAUCHI STATE","Federal Science and Technical College Misau, Bauchi State, is a federal unity school providing science, technology and technical secondary education. Located in Misau, Bauchi State in northeastern Nigeria, operating under Federal Ministry of Education. Established as Federal Science and Technical College emphasizing STEM education. Bauchi State, created in 1976, is predominantly agricultural state in northeastern region. Misau is emirate town and Local Government headquarters in Bauchi State. The college admits students nationally through Common Entrance merit-quota system ensuring geographical representation. Provides JSS1-SS3 education emphasizing sciences, mathematics, technical subjects and vocational training. Boarding education promotes national unity among students. Prepares students for WAEC and NECO examinations with science/technical focus. Features laboratories, workshops and technical training facilities. Located in agricultural Bauchi State where farming, livestock and rural development create demand for agricultural mechanization technical skills. Northeastern Nigeria requires technical education for agricultural development and poverty reduction.

**Core Mandate:** To provide science and technical secondary education emphasizing STEM skills, promote national unity and prepare technically competent graduates for Bauchi State agricultural development and northeastern Nigeria.

**Statutory Functions:**
(a) Provide JSS1-SS3 science and technical education in Bauchi State
(b) Admit students nationally through Common Entrance merit-quota system
(c) Emphasize sciences, mathematics and technical subjects
(d) Provide technical workshops for agricultural mechanization and vocational training
(e) Maintain science laboratories for practical learning
(f) Prepare students for WAEC and NECO examinations
(g) Deliver federal STEM curriculum
(h) Provide boarding promoting national integration
(i) Develop vocational skills supporting agriculture and livestock
(j) Prepare students for science/engineering and agricultural tertiary education
(k) Promote national unity among diverse students
(l) Maintain Federal Unity School standards
(m) Employ qualified science and technical teachers
(n) Provide practical training in agricultural technology
(o) Foster innovation for rural development
(p) Develop problem-solving skills
(q) Prepare students for JAMB science/agricultural programs
(r) Promote technical and agricultural career awareness
(s) Provide character education
(t) Produce technically skilled graduates supporting Bauchi State agricultural development and northeastern Nigeria rural advancement"
517026118,"509. FSTC, OBUDU, CROSS RIVER STATE","Federal Science and Technical College Obudu, Cross River State, is a federal unity school providing science, technology and technical secondary education. Located in Obudu, Cross River State in southeastern Nigeria, operating under Federal Ministry of Education. Established as Federal Science and Technical College emphasizing STEM education. Cross River State is coastal state known for tourism including Obudu Mountain Resort (formerly Obudu Cattle Ranch) on plateau with cool climate attracting tourists. Obudu is Local Government headquarters and tourist destination. The college admits students nationally through Common Entrance merit-quota system. Provides JSS1-SS3 education emphasizing sciences, mathematics, technical subjects and vocational training. Boarding education promotes national unity. Prepares students for WAEC and NECO examinations with science/technical emphasis. Features laboratories, workshops and technical facilities. Located in Obudu tourist region where tourism, agriculture and hospitality industries create demand for technically skilled workforce. Cross River State's tourism potential requires technical education supporting hospitality and infrastructure development.

**Core Mandate:** To provide science and technical secondary education emphasizing STEM skills, promote national unity and prepare technically competent graduates for Cross River State tourism, agriculture and southeastern Nigeria development.

**Statutory Functions:**
(a) Provide JSS1-SS3 science and technical education in Cross River State
(b) Admit students nationally through Common Entrance merit-quota system
(c) Emphasize sciences, mathematics and technical subjects
(d) Provide technical workshops for hospitality and vocational training
(e) Maintain science laboratories for practical experiments
(f) Prepare students for WAEC and NECO examinations
(g) Deliver federal STEM curriculum
(h) Provide boarding promoting national integration
(i) Develop vocational skills supporting tourism and hospitality industries
(j) Prepare students for science/engineering and hospitality tertiary education
(k) Promote national unity among diverse students
(l) Maintain Federal Unity School standards
(m) Employ qualified science and technical teachers
(n) Provide practical training relevant to tourism sector
(o) Foster innovation in tourism and hospitality
(p) Develop technical problem-solving skills
(q) Prepare students for JAMB science programs
(r) Promote technical and hospitality career awareness
(s) Provide character education
(t) Produce technically skilled graduates supporting Obudu tourism, Cross River State hospitality industry and southeastern Nigeria development"
517026105,"510. FSTC, OGUGU TOWN, KOGI STATE","Federal Science and Technical College Ogugu Town, Kogi State, is a federal unity school providing science, technology and technical secondary education. Located in Ogugu Town, Kogi State in north-central Nigeria, operating under Federal Ministry of Education. Established as Federal Science and Technical College emphasizing STEM education. Kogi State, created in 1991, is confluence state where Niger and Benue rivers meet. Ogugu is town in Kogi State. The college admits students nationally through Common Entrance merit-quota system ensuring geographical diversity. Provides JSS1-SS3 education emphasizing sciences, mathematics, technical subjects and vocational training. Boarding education promotes national unity among students from across Nigeria. Prepares students for WAEC and NECO examinations with science/technical focus. Features laboratories, workshops and technical facilities. Located in middle belt Kogi State where agriculture, mining (iron ore, coal) and riverine economic activities create demand for technically skilled workforce. Kogi's strategic location and natural resources require technical education for development.

**Core Mandate:** To provide science and technical secondary education emphasizing STEM skills, promote national unity and prepare technically competent graduates for Kogi State mining, agriculture and north-central Nigeria development.

**Statutory Functions:**
(a) Provide JSS1-SS3 science and technical education in Kogi State
(b) Admit students nationally through Common Entrance merit-quota system
(c) Emphasize sciences, mathematics and technical subjects
(d) Provide technical workshops for mining and vocational training
(e) Maintain science laboratories for practical learning
(f) Prepare students for WAEC and NECO examinations
(g) Deliver federal STEM curriculum
(h) Provide boarding promoting national integration
(i) Develop vocational skills supporting mining and agriculture
(j) Prepare students for science/engineering and mining tertiary education
(k) Promote national unity in middle belt diversity
(l) Maintain Federal Unity School standards
(m) Employ qualified science and technical teachers
(n) Provide practical training in mining and agricultural technology
(o) Foster innovation for natural resource development
(p) Develop technical problem-solving skills
(q) Prepare students for JAMB science/engineering programs
(r) Promote technical and mining career awareness
(s) Provide character education
(t) Produce technically skilled graduates supporting Kogi State mining, confluence agriculture and north-central Nigeria natural resource development"
517026114,"511. FSTC, WURNO, SOKOTO STATE","Federal Science and Technical College Wurno, Sokoto State, is a federal unity school providing science, technology and technical secondary education. Located in Wurno, Sokoto State in northwestern Nigeria, operating under Federal Ministry of Education. Established as Federal Science and Technical College emphasizing STEM education. Sokoto State is seat of Sokoto Caliphate, important Islamic institution in northern Nigeria. Wurno is town in Sokoto State. The college admits students nationally through Common Entrance merit-quota system. Provides JSS1-SS3 education emphasizing sciences, mathematics, technical subjects and vocational training. Boarding education promotes national unity. Prepares students for WAEC and NECO examinations with science/technical emphasis. Features laboratories, workshops and technical facilities. Located in predominantly Muslim Sokoto State where agriculture, livestock (famous for leather) and traditional industries create demand for technical skills. Northwestern Nigeria requires technical education for agricultural and industrial development while respecting Islamic educational values.

**Core Mandate:** To provide science and technical secondary education emphasizing STEM skills, promote national unity and prepare technically competent graduates for Sokoto State agricultural/industrial development and northwestern Nigeria.

**Statutory Functions:**
(a) Provide JSS1-SS3 science and technical education in Sokoto State
(b) Admit students nationally through Common Entrance merit-quota system
(c) Emphasize sciences, mathematics and technical subjects
(d) Provide technical workshops for leather work and vocational training
(e) Maintain science laboratories for practical learning
(f) Prepare students for WAEC and NECO examinations
(g) Deliver federal STEM curriculum respecting Islamic values
(h) Provide boarding promoting national integration
(i) Develop vocational skills supporting livestock and leather industries
(j) Prepare students for science/engineering and agricultural tertiary education
(k) Promote national unity among diverse students
(l) Maintain Federal Unity School standards
(m) Employ qualified science and technical teachers
(n) Provide practical training in leather technology and agriculture
(o) Foster innovation in traditional industries
(p) Develop technical problem-solving skills
(q) Prepare students for JAMB science/agricultural programs
(r) Promote technical and agricultural career awareness
(s) Provide character and moral education
(t) Produce technically skilled graduates supporting Sokoto State leather industry, livestock development and northwestern Nigeria agricultural advancement"
517026113,"512. FSTC, ZAMBUK, GOMBE STATE","Federal Science and Technical College Zambuk, Gombe State, is a federal unity school providing science, technology and technical secondary education. Located in Zambuk, Gombe State in northeastern Nigeria, operating under Federal Ministry of Education. Established as Federal Science and Technical College emphasizing STEM education. Gombe State, created in 1996 from Bauchi State, is predominantly agricultural state. Zambuk is community in Gombe State. The college admits students nationally through Common Entrance merit-quota system ensuring national representation. Provides JSS1-SS3 education emphasizing sciences, mathematics, technical subjects and vocational training. Boarding education promotes national unity among students. Prepares students for WAEC and NECO examinations with science/technical focus. Features laboratories, workshops and technical training facilities. Located in agricultural Gombe State where farming, livestock and rural industries create demand for agricultural mechanization and technical skills. Northeastern Nigeria requires technical education for agricultural development, poverty reduction and economic advancement.

**Core Mandate:** To provide science and technical secondary education emphasizing STEM skills, promote national unity and prepare technically competent graduates for Gombe State agricultural development and northeastern Nigeria.

**Statutory Functions:**
(a) Provide JSS1-SS3 science and technical education in Gombe State
(b) Admit students nationally through Common Entrance merit-quota system
(c) Emphasize sciences, mathematics and technical subjects
(d) Provide technical workshops for agricultural mechanization and vocational training
(e) Maintain science laboratories for practical experiments
(f) Prepare students for WAEC and NECO examinations
(g) Deliver federal STEM curriculum
(h) Provide boarding promoting national integration
(i) Develop vocational skills supporting agriculture and livestock
(j) Prepare students for science/engineering and agricultural tertiary education
(k) Promote national unity among diverse students
(l) Maintain Federal Unity School standards
(m) Employ qualified science and technical teachers
(n) Provide practical training in agricultural technology
(o) Foster innovation for rural development
(p) Develop technical problem-solving skills
(q) Prepare students for JAMB science/agricultural programs
(r) Promote technical and agricultural career awareness
(s) Provide character education
(t) Produce technically skilled graduates supporting Gombe State agricultural development and northeastern Nigeria rural economic advancement"
517026103,"513. FSTC, DOMA","Federal Science and Technical College Doma is a federal unity school providing science, technology and technical secondary education. Located in Doma (specific state requires confirmation, likely Nasarawa State based on Doma Local Government in Nasarawa), operating under Federal Ministry of Education. Established as Federal Science and Technical College emphasizing STEM education. If located in Doma, Nasarawa State, it serves north-central Nigeria region. Nasarawa State, created in 1996, is agricultural state with mining potential. The college admits students nationally through Common Entrance merit-quota system. Provides JSS1-SS3 education emphasizing sciences, mathematics, technical subjects and vocational training. Boarding education promotes national unity. Prepares students for WAEC and NECO examinations with science/technical focus. Features laboratories, workshops and technical facilities. Technical education supports regional agricultural and mining development.

**Core Mandate:** To provide science and technical secondary education emphasizing STEM skills, promote national unity and prepare technically competent graduates for regional development.

**Statutory Functions:**
(a) Provide JSS1-SS3 science and technical secondary education
(b) Admit students nationally through Common Entrance merit-quota system
(c) Emphasize sciences, mathematics and technical subjects
(d) Provide technical workshops for vocational training
(e) Maintain science laboratories for practical learning
(f) Prepare students for WAEC and NECO examinations
(g) Deliver federal STEM curriculum
(h) Provide boarding promoting national integration
(i) Develop vocational skills supporting local economic activities
(j) Prepare students for science/engineering tertiary education
(k) Promote national unity among diverse students
(l) Maintain Federal Unity School standards
(m) Employ qualified science and technical teachers
(n) Provide practical technical training
(o) Foster innovation and technical problem-solving
(p) Develop analytical thinking skills
(q) Prepare students for JAMB science programs
(r) Promote technical career awareness
(s) Provide character education
(t) Produce technically skilled graduates for regional development and national STEM workforce"
517026086,514. FTC IKARE,"Federal Technical College Ikare, Ondo State, is a federal technical college providing technical and vocational secondary education. Located in Ikare, Ondo State in southwestern Nigeria, operating under Federal Ministry of Education. Different from Federal Science and Technical Colleges (FSTCs), Federal Technical Colleges (FTCs) focus more exclusively on technical/vocational education and trades. Ikare is major town and traditional headquarters in Akoko region of Ondo State. Ondo State has agricultural and industrial economy. The college provides technical education including engineering trades, business studies and vocational skills. Admits students through entrance examinations. Prepares students for technical examinations including NABTEB (National Business and Technical Examinations Board) alongside WAEC/NECO. Features workshops for carpentry, metalwork, electrical installation, motor vehicle mechanics, building construction and other trades. Provides practical hands-on vocational training. Graduates pursue further technical education at polytechnics or enter skilled workforce. Located in Akoko agricultural region supporting mechanization needs.

**Core Mandate:** To provide technical and vocational secondary education, develop practical trade skills and prepare students for technical careers and skilled workforce in Ondo State and southwestern Nigeria.

**Statutory Functions:**
(a) Provide technical and vocational secondary education focusing on practical trades
(b) Admit students through entrance examinations for technical programs
(c) Emphasize technical subjects including engineering trades and business studies
(d) Provide comprehensive workshops for carpentry, metalwork, welding and fabrication
(e) Maintain workshops for electrical installation and electronics
(f) Teach motor vehicle mechanics and automotive technology
(g) Provide building construction and masonry training
(h) Prepare students for NABTEB technical examinations alongside WAEC/NECO
(i) Deliver practical hands-on vocational training in trades
(j) Prepare students for National Diploma programs at polytechnics
(k) Develop skilled tradesmen for construction, manufacturing and service sectors
(l) Maintain technical workshop equipment and machinery
(m) Employ qualified technical instructors and trade masters
(n) Provide apprenticeship-style practical training
(o) Foster craftsmanship and technical excellence
(p) Develop entrepreneurship skills for self-employment
(q) Prepare students for City and Guilds technical certifications
(r) Promote technical career opportunities
(s) Provide character and workplace ethics education
(t) Produce skilled technical workers supporting Ondo State construction, Akoko agricultural mechanization and southwestern Nigeria technical workforce development"
517026087,515. FTC ILESA,"Federal Technical College Ilesa, Osun State, is a federal technical college providing technical and vocational secondary education. Located in Ilesa (Ijesha), Osun State in southwestern Nigeria, operating under Federal Ministry of Education. Ilesa is major commercial and industrial town in Osun State, traditional capital of Ijeshaland known for gold mining historically. Osun State has strong educational traditions and cultural heritage. The college provides technical education focusing on engineering trades, vocational skills and business studies. Admits students through entrance process. Prepares students for NABTEB technical examinations and WAEC/NECO. Features comprehensive workshops for various trades including carpentry, metalwork, electrical work, motor mechanics, building construction, welding and other technical skills. Provides practical hands-on training preparing students for skilled workforce or further technical education. Ilesa's industrial and commercial activities create demand for technical skills in manufacturing, construction and services.

**Core Mandate:** To provide technical and vocational secondary education, develop practical trade skills and prepare students for technical careers in Osun State and southwestern Nigeria.

**Statutory Functions:**
(a) Provide technical and vocational secondary education in Osun State
(b) Admit students through entrance examinations for technical programs
(c) Emphasize engineering trades, vocational skills and business studies
(d) Provide carpentry and woodwork workshops
(e) Maintain metalwork, welding and fabrication facilities
(f) Teach electrical installation and electronics
(g) Provide motor vehicle mechanics and automotive training
(h) Teach building construction, masonry and plumbing
(i) Prepare students for NABTEB, WAEC and NECO examinations
(j) Deliver practical vocational training
(k) Prepare students for polytechnic National Diploma programs
(l) Develop skilled craftsmen for construction and manufacturing
(m) Maintain workshop tools and equipment
(n) Employ qualified technical instructors
(o) Provide hands-on apprenticeship training
(p) Foster technical craftsmanship
(q) Develop entrepreneurship for self-employment
(r) Prepare for technical certifications
(s) Promote skilled trades careers
(t) Produce technical workers supporting Ilesa industries, Osun State manufacturing and southwestern Nigeria skilled workforce"
517026088,516. FTC JALINGO,"Federal Technical College Jalingo, Taraba State, is a federal technical college providing technical and vocational secondary education. Located in Jalingo, Taraba State capital in northeastern Nigeria, operating under Federal Ministry of Education. Established to provide technical education in Taraba State. Jalingo is state capital located in middle belt transitional zone. Taraba State, created in 1991, has diverse ethnic composition and agricultural economy. The college provides technical education including engineering trades, business studies and vocational skills. Admits students through entrance examinations. Prepares students for NABTEB and WAEC/NECO technical examinations. Features workshops for various trades including carpentry, metalwork, electrical work, motor mechanics, building construction and other skills. Provides practical vocational training. Located in agricultural Taraba State requiring agricultural mechanization and rural construction skills. Northeastern location requires technical education for regional development.

**Core Mandate:** To provide technical and vocational secondary education, develop practical trade skills and prepare students for technical careers in Taraba State and northeastern Nigeria.

**Statutory Functions:**
(a) Provide technical and vocational secondary education in Taraba State capital
(b) Admit students through entrance examinations
(c) Emphasize engineering trades and vocational skills
(d) Provide carpentry and woodwork training workshops
(e) Maintain metalwork and welding facilities
(f) Teach electrical installation and wiring
(g) Provide motor vehicle mechanics training
(h) Teach building construction and masonry
(i) Prepare students for NABTEB technical examinations
(j) Deliver practical hands-on training
(k) Prepare students for polytechnic programs
(l) Develop skilled tradesmen for construction sector
(m) Maintain workshop equipment
(n) Employ qualified technical instructors
(o) Provide apprenticeship-style training
(p) Foster technical excellence
(q) Develop entrepreneurship skills
(r) Prepare for technical certifications
(s) Promote technical careers
(t) Produce skilled workers supporting Taraba State agricultural mechanization and northeastern Nigeria technical workforce development"
517026089,517. FTC KAFANCHAN,"Federal Technical College Kafanchan, Kaduna State, is a federal technical college providing technical and vocational secondary education. Located in Kafanchan, Kaduna State in north-central Nigeria, operating under Federal Ministry of Education. Kafanchan is major commercial town in southern Kaduna State serving diverse ethnic communities. Kaduna State has significant industrial and manufacturing sectors. The college provides comprehensive technical education including engineering trades, business studies and vocational skills. Admits students through entrance examinations. Prepares students for NABTEB and WAEC/NECO technical examinations. Features extensive workshops for carpentry, metalwork, electrical installation, motor mechanics, building construction, welding, fabrication and other trades. Provides practical hands-on vocational training. Located in industrial Kaduna State with manufacturing, textiles and construction industries creating strong demand for skilled technical workers. Kafanchan's diverse community benefits from technical education promoting integration.

**Core Mandate:** To provide technical and vocational secondary education, develop practical trade skills and prepare students for technical careers in Kaduna State and northern Nigeria industrial sectors.

**Statutory Functions:**
(a) Provide comprehensive technical and vocational education in Kaduna State
(b) Admit students through entrance examinations
(c) Emphasize engineering trades, vocational skills and technical subjects
(d) Provide extensive carpentry and woodwork workshops
(e) Maintain metalwork, welding and fabrication facilities
(f) Teach electrical installation, wiring and electronics
(g) Provide motor vehicle mechanics and automotive technology
(h) Teach building construction, masonry and plumbing
(i) Prepare students for NABTEB technical examinations
(j) Deliver practical vocational training in industrial context
(k) Prepare students for polytechnic technical programs
(l) Develop skilled craftsmen for Kaduna manufacturing industries
(m) Maintain comprehensive workshop equipment
(n) Employ qualified technical instructors and trade masters
(o) Provide hands-on apprenticeship training
(p) Foster technical craftsmanship and excellence
(q) Develop entrepreneurship for self-employment
(r) Prepare for technical certifications
(s) Promote technical and industrial careers
(t) Produce skilled technical workers supporting Kaduna State manufacturing, textiles, construction and northern Nigeria industrial workforce development"
517026090,518. FTC LASSA,"Federal Technical College Lassa is a federal technical college providing technical and vocational secondary education. Located in Lassa (specific state requires confirmation), operating under Federal Ministry of Education. The college provides technical education focusing on engineering trades, vocational skills and business studies. Admits students through entrance examinations. Prepares students for NABTEB technical examinations alongside WAEC/NECO. Features workshops for various trades including carpentry, metalwork, electrical work, motor mechanics, building construction and other technical skills. Provides practical hands-on vocational training preparing students for skilled workforce or further technical education at polytechnics. Technical education supports regional development needs.

**Core Mandate:** To provide technical and vocational secondary education, develop practical trade skills and prepare students for technical careers and skilled workforce.

**Statutory Functions:**
(a) Provide technical and vocational secondary education
(b) Admit students through entrance examinations
(c) Emphasize engineering trades and vocational skills
(d) Provide carpentry and woodwork training
(e) Maintain metalwork and welding workshops
(f) Teach electrical installation
(g) Provide motor vehicle mechanics training
(h) Teach building construction trades
(i) Prepare students for NABTEB examinations
(j) Deliver practical hands-on training
(k) Prepare students for polytechnic programs
(l) Develop skilled tradesmen
(m) Maintain workshop equipment
(n) Employ qualified technical instructors
(o) Provide apprenticeship training
(p) Foster technical craftsmanship
(q) Develop entrepreneurship skills
(r) Prepare for technical certifications
(s) Promote technical careers
(t) Produce skilled technical workers for regional development"
517026091,519. FTC OHANSO,"Federal Technical College Ohanso is a federal technical college providing technical and vocational secondary education. Located in Ohanso (specific state requires confirmation), operating under Federal Ministry of Education. The college provides technical education including engineering trades, business studies and vocational skills. Admits students through entrance examinations. Prepares students for NABTEB technical examinations and WAEC/NECO. Features workshops for various trades including carpentry, metalwork, electrical installation, motor mechanics, building construction, welding and other technical skills. Provides practical hands-on vocational training. Graduates pursue further technical education at polytechnics or enter skilled workforce in construction, manufacturing and service sectors.

**Core Mandate:** To provide technical and vocational secondary education, develop practical trade skills and prepare students for technical careers and skilled workforce.

**Statutory Functions:**
(a) Provide technical and vocational secondary education
(b) Admit students through entrance examinations
(c) Emphasize engineering trades and vocational skills
(d) Provide carpentry and woodwork workshops
(e) Maintain metalwork and welding facilities
(f) Teach electrical installation and electronics
(g) Provide motor vehicle mechanics training
(h) Teach building construction and masonry
(i) Prepare students for NABTEB examinations
(j) Deliver practical vocational training
(k) Prepare students for polytechnic programs
(l) Develop skilled craftsmen
(m) Maintain workshop equipment and tools
(n) Employ qualified technical instructors
(o) Provide hands-on apprenticeship training
(p) Foster technical excellence
(q) Develop entrepreneurship skills
(r) Prepare for technical certifications
(s) Promote skilled trades careers
(t) Produce technical workers for construction, manufacturing and service sectors"
517026092,520. FTC OROZO,"Federal Technical College Orozo is a federal technical college providing technical and vocational secondary education. Located in Orozo (likely Orozo area near Abuja, FCT or Niger State), operating under Federal Ministry of Education. The college provides technical education focusing on engineering trades, vocational skills and business studies. Admits students through entrance examinations. Prepares students for NABTEB technical examinations alongside WAEC/NECO. Features comprehensive workshops for various trades including carpentry, metalwork, electrical installation, motor mechanics, building construction, welding, plumbing and other technical skills. Provides practical hands-on vocational training. If located near Abuja, benefits from proximity to capital city's construction and infrastructure development creating demand for skilled technical workers.

**Core Mandate:** To provide technical and vocational secondary education, develop practical trade skills and prepare students for technical careers supporting regional construction and infrastructure development.

**Statutory Functions:**
(a) Provide technical and vocational secondary education
(b) Admit students through entrance examinations for technical programs
(c) Emphasize engineering trades, vocational skills and technical subjects
(d) Provide comprehensive carpentry and woodwork workshops
(e) Maintain metalwork, welding and fabrication facilities
(f) Teach electrical installation, wiring and electronics
(g) Provide motor vehicle mechanics and automotive training
(h) Teach building construction, masonry and plumbing
(i) Prepare students for NABTEB technical examinations
(j) Deliver practical hands-on vocational training
(k) Prepare students for National Diploma polytechnic programs
(l) Develop skilled tradesmen for construction and infrastructure sectors
(m) Maintain comprehensive workshop equipment and machinery
(n) Employ qualified technical instructors and trade masters
(o) Provide apprenticeship-style practical training
(p) Foster craftsmanship and technical excellence
(q) Develop entrepreneurship skills for self-employment in trades
(r) Prepare students for technical certifications
(s) Promote technical and construction career opportunities
(t) Produce skilled technical workers supporting regional construction, infrastructure development and technical workforce needs"
